images/2361300.jpg,there is a woman that is sitting on a couch in the living room,0
images/2319260.jpg,there are four pictures of a kitchen and living room with a table and chairs,0
images/2398639.jpg,there is a black cat that is sitting on top of a bookshelf,0
images/2395193.jpg,there is a cat that is sleeping on a table with a clock in the,0
images/2399526.jpg,there is a cat that is laying on a bed in front of a book,0
images/2364074.jpg,there are two cats that are laying down together on a bed,0
images/2324064.jpg,there is a cat that is sitting on a bookshelf in the library,0
images/2364431.jpg,there is a cat that is standing on a table in the living room,0
images/2343780.jpg,there is a cat that is sitting on a couch watching a tv,0
images/2382390.jpg,there are two cats that are sitting on top of a desk,0
images/2392699.jpg,there is a cat that is laying on top of a piece of luggage,0
images/2355400.jpg,there is a black cat that is sitting on top of a bookshelf,0
images/2387323.jpg,there is a cat that is sitting in front of a television,0
images/2389179.jpg,there is a cat that is standing on top of a person's leg,0
images/2340179.jpg,there is a cat that is sitting on a couch in the living room,0
images/2339912.jpg,there is a man sitting on a couch with a cat on his lap,0
images/2408383.jpg,there is a dog that is sitting on a bed in front of a window,0
images/2406766.jpg,there is a cat that is sitting on a table in front of a tv,0
images/713492.jpg,"this is a living room with a couch, coffee table, television, and",0
images/2356497.jpg,there is a cat sitting in front of a flat screen tv in a living,0
images/2363570.jpg,there is a black cat sleeping on a persons lap next to a laptop,0
images/2410796.jpg,there is an owl figurine on top of a stove in a kitchen,0
images/2357484.jpg,there is a cat that is sitting on top of a laptop,0
images/2356120.jpg,there is a cat that is laying on the floor in front of a book,0
images/2376838.jpg,there is a black cat laying inside of a suitcase on the floor,0
images/2405710.jpg,there is a black cat that is sitting on a shelf in the bathroom,0
images/2416463.jpg,there is a cat laying on top of a laptop on a desk,0
images/2417434.jpg,"this is a living room with a couch, chair, coffee table, and",0
images/2329487.jpg,there is a dresser with a mirror on top of it in a room,0
images/2318872.jpg,there are two dogs and a cat standing on the floor in front of a,0
images/2395075.jpg,there is a woman that is playing a video game in the living room,0
images/2416400.jpg,this is an old photo of a dog and a cat sitting on a plate,0
images/2346772.jpg,there is a blurry photo of a cat and a dog in a living,0
images/2344881.jpg,there are two pictures of a dog and a cat sitting next to each other,0
images/2317705.jpg,there is a dog and a cat sitting on a pile of clothes,0
images/2359938.jpg,there is a collage of pictures of people and animals on the beach,0
images/2324062.jpg,there is a dog and a cat laying on the floor next to each other,0
images/2392688.jpg,there is a cat that is sitting on top of a tv,0
images/2327653.jpg,there is a cat that is sitting in front of a television,0
images/2394168.jpg,there is a dog that is sitting on a bed with a red comforter,0
images/2403329.jpg,there is a cat sitting in front of a television watching a dog on the,0
images/2402100.jpg,black and white photograph of a cat standing next to a fire hydrant,0
images/2397167.jpg,there is a woman sitting on a bed with a cat and a laptop,0
images/2322897.jpg,there is a woman laying on the floor next to a dog and a cat,0
images/2355278.jpg,there is a cat that is sitting under a blue and white umbrella,0
images/2339137.jpg,there is a dog and a cat that are laying in the grass,0
images/2330184.jpg,there are two dogs and a cat laying on a bed together,0
images/2359073.jpg,there is a cat sitting on top of a dog laying on the ground,0
images/2316968.jpg,someone sitting on a couch with a dog and a cat on the floor,0
images/2339511.jpg,there are three dogs and a cat laying on a dog bed,0
images/2400368.jpg,there are two cats and a dog laying next to each other on the floor,0
images/2336077.jpg,there are two cats and a dog on the floor playing with each other,0
images/2387315.jpg,there are two dogs that are laying on a bed together,0
images/2391586.jpg,there is a dog and a cat that are sitting in the grass,0
images/2344063.jpg,there is a dog that is looking up at a tree,0
images/2377255.jpg,there is a dog and a cat standing on a kitchen counter,0
images/2408383.jpg,there is a dog that is sitting on a bed in front of a window,0
images/2319449.jpg,there is a black and white cat standing in front of a mirror,0
images/2324518.jpg,there is a dog that is standing next to a chair in a living room,0
images/2396989.jpg,there are two dogs sleeping on a couch with a guitar in front of them,0
images/2367226.jpg,there is a dog and a cat laying on a blanket on the floor,0
images/2415206.jpg,there are two dogs that are laying on a bed together,0
images/2365600.jpg,there is a man that is sitting on a couch with a dog,0
images/2406003.jpg,there are three cats and a dog standing in a kitchen next to each other,0
images/2397277.jpg,there is a dog that is laying on the floor next to a couch,0
images/2320517.jpg,there is a black and white cat laying on a person's lap,0
images/2414023.jpg,there is a white cat and a black and white dog sitting next to each,0
images/2368563.jpg,there is a cat and a dog standing next to each other,0
images/2382789.jpg,there is a dog and a cat playing together in a room,0
images/2381433.jpg,there is a cat sitting on the back of a boat next to a dog,0
images/2353191.jpg,there is a plate with a picture of a group of dogs and cats on,0
images/2416435.jpg,there are two figurines of cats on the floor next to a bowl,0
images/2374046.jpg,there is a cat and a dog sleeping next to each other on a mouse,0
images/2353942.jpg,there is a dog that is standing on the street with a rat on its,0
images/2373581.jpg,there is a cat that is sitting in a sink in the kitchen,0
images/2395369.jpg,there is a dog and a cat on the floor playing with each other,0
images/2416465.jpg,there is a cat that is sitting in front of a glass door,0
images/2411533.jpg,there is a cat sitting on the back of a dog on the street,0
images/2344455.jpg,there is a man sleeping in bed with two cats and a dog,0
images/2361867.jpg,there is a dog standing next to a bicycle on a cobblestone street,0
images/2386317.jpg,there is a small dog sitting next to a cupcake with a candle on,0
images/2330673.jpg,there are many valentine's day chocolates on display in a store,0
images/2398449.jpg,there is a cat that is laying on a bed in a room,0
images/2318872.jpg,there are two dogs and a cat standing on the floor in front of a,0
images/2317863.jpg,there is a black cat sitting inside of a suitcase on a bed,0
images/3753.jpg,there is a cat and a dog standing on the floor next to each other,0
images/2371528.jpg,there is a black cat and a white dog laying on a couch,0
images/2320118.jpg,there is a woman that is holding a green umbrella over her head,0
images/2392720.jpg,there is a cat that is sitting in a bath tub,0
images/2327663.jpg,there is a cat that is standing on a toilet in a bathroom,0
images/2396073.jpg,there is a black cat standing in a bathroom next to a bathtub,0
images/2396599.jpg,there is a cat that is sitting on the toilet seat in the bathroom,0
images/2340505.jpg,there is a cat that is sitting in a bathtub next to a toilet,0
images/2372296.jpg,there is a cat that is standing on its hind legs next to a sink,0
images/2360751.jpg,there is a cat that is sitting in a bathtub looking at the camera,0
images/2403146.jpg,there is a cat that is standing on its hind legs in a bathroom,0
images/2354797.jpg,there is a cat that is drinking water out of a toilet,0
images/2391390.jpg,there is a cat drinking out of a toilet bowl in a bathroom,0
images/2324062.jpg,there is a dog and a cat laying on the floor next to each other,0
images/2407461.jpg,this is an image of a living room with a sliding glass door,0
images/2324465.jpg,there is a cat that is laying on a pillow on the couch,0
images/2364122.jpg,there is a black and white cat standing in front of a television,0
images/2406468.jpg,there are two cats that are sitting in front of a window,0
images/2354070.jpg,there is a couch and a chair in a small room,0
images/2365698.jpg,there are two children sitting on a couch with a cat on their lap,0
images/2323795.jpg,there are two laptops sitting on a desk in front of a window,0
images/2349617.jpg,there is a cat that is sitting on top of a tv,0
images/2332972.jpg,there is a black and white cat sitting on top of a window sill,0
images/2383626.jpg,there is a cat that is laying down on a laptop,0
images/2405998.jpg,people sitting on couches in a living room with a fish above them,0
images/2318737.jpg,there is a cat that is standing on a desk next to a laptop,0
images/2378915.jpg,this is a black and white photo of a cat sitting on a couch,0
images/2370815.jpg,several people sitting on couches in a living room with a coffee table,0
images/2330914.jpg,there is a cat that is sitting in the window sill of a house,0
images/2414520.jpg,there is a cat that is sitting on the floor by the door,0
images/2414437.jpg,black and white photograph of a woman laying on a bed with a cat,0
images/2396163.jpg,there are two cats that are sitting in the window sill,0
images/2320576.jpg,there is a black and white cat that is sitting on a chair,0
images/2385325.jpg,there is a cat that is sitting on a table in the living room,0
images/2356248.jpg,there is a cat that is sleeping in the window sill,0
images/2336151.jpg,there is a cat that is sitting in front of a window,0
images/2377255.jpg,there is a dog and a cat standing on a kitchen counter,0
images/2378620.jpg,there is a cat that is sitting on a desk next to a laptop,0
images/2323784.jpg,there is a black cat that is sitting in front of a door,0
images/2368874.jpg,there is a woman laying on a bed with a cat on top of her,0
images/2324103.jpg,there is a cat that is sitting on top of a bench,0
images/2405446.jpg,there is a dog that is laying on a bed in a room,0
images/2399043.jpg,there are two cats sitting on a window sill next to a fan,0
images/2346630.jpg,there is a black and white cat sitting in a bowl on a wooden table,0
images/2388477.jpg,there is a cat sleeping on a couch next to a man sleeping on a,0
images/2362337.jpg,there is a man that is sitting on a couch with a hat on,0
images/2399679.jpg,there is a black and white cat laying on a white plastic chair,0
images/2387465.jpg,there is a cat that is laying on top of a desk,0
images/2415288.jpg,there is a living room with a couch and a chair in it,0
images/2355990.jpg,"there is a living room with a couch, table, chairs and a television",0
images/2416463.jpg,there is a cat laying on top of a laptop on a desk,0
images/2316027.jpg,there is a cat that is sitting in the window sill of a house,0
images/2327526.jpg,there is a man that is sitting in a chair in front of a desk,0
images/2398449.jpg,there is a cat that is laying on a bed in a room,0
images/1592365.jpg,there is a black cat that is laying on top of a desk,0
images/2382529.jpg,there are two cats that are sitting in a bathroom sink,0
images/2347887.jpg,there is a cat that is laying in a sink with its head in the,0
images/2407754.jpg,there is a cat that is laying down in a bathroom sink,0
images/2378767.jpg,there is a white cat that is sitting in a bathroom sink,0
images/2337651.jpg,there is a cat that is sitting in a sink in the bathroom,0
images/2351235.jpg,there is a cat that is sitting in a sink in the bathroom,0
images/2352997.jpg,there is a black and white photo of a cat drinking water from a sink,0
images/2378387.jpg,there is a cat that is sitting in the sink in the bathroom,0
images/2358144.jpg,there is a black and white cat drinking water from a bathroom sink,0
images/2372296.jpg,there is a cat that is standing on its hind legs next to a sink,0
images/2345064.jpg,there is a cat that is laying in a bathroom sink,0
images/2405575.jpg,there is a cat that is sitting on a counter next to a sink,0
images/2338416.jpg,there is a black and white cat sitting in a bathroom sink,0
images/2372708.jpg,there is a cat that is laying in a sink by the faucet,0
images/2411012.jpg,this is a cat drinking water from a faucet in a bathroom sink,0
images/2335078.jpg,there is a black and white cat sitting in a sink next to a toilet,0
images/2369997.jpg,there is a black and white cat sitting on the floor in front of a,0
images/2365944.jpg,there is a black and white cat standing on a sink in a bathroom,0
images/2402707.jpg,there is a black cat drinking water from a faucet in a bathroom,0
images/2337686.jpg,there is a black cat that is standing in the kitchen sink,0
images/2401555.jpg,there is a black and white cat sitting in a bathroom sink,0
images/2377325.jpg,there is a cat that is laying in a sink with its head in the,0
images/2361670.jpg,there is a black cat that is drinking water from a bathroom sink,0
images/2408480.jpg,there are two cats that are sitting on a toilet in the bathroom,0
images/2317764.jpg,there is a black and white cat sitting in a bathroom sink,0
images/2340076.jpg,there is a cat that is sitting on a sink in a bathroom,0
images/2413166.jpg,there is a cat laying in a bathroom sink with a woman in the background,0
images/2333321.jpg,there is a cat sitting on a bathroom sink looking at himself in the mirror,0
images/2408324.jpg,there is a cat that is sitting on top of a microwave,0
images/2391390.jpg,there is a cat drinking out of a toilet bowl in a bathroom,0
images/2404757.jpg,there is a black and white cat sitting on a sink in a bathroom,0
images/2347198.jpg,there is a cat that is sitting in a sink with a box in it,0
images/2328258.jpg,there is a cat that is sitting in a sink in the bathroom,0
images/2349994.jpg,there is a cat that is standing on a sink in the bathroom,0
images/2406806.jpg,there is a black and white cat standing on top of a bathroom sink,0
images/2375097.jpg,there is a cat that is laying in a sink next to a bowl,0
images/2371082.jpg,there is a cat that is sitting in a sink in the bathroom,0
images/2359483.jpg,there is a cat that is sitting in a sink in the bathroom,0
images/2321677.jpg,there is a cat that is laying in a sink with it's head,0
images/2388878.jpg,there is a cat that is sitting on the toilet looking out the window,0
images/2390330.jpg,there is a black cat that is sitting in a bathroom sink,0
images/2337404.jpg,there is a cat that is sitting in the sink in the bathroom,0
images/2384243.jpg,there is a black and white cat sitting in a bathroom sink,0
images/2378477.jpg,this is a black cat drinking water from a faucet in a bathroom,0
images/2344649.jpg,there is a cat that is laying in a sink in the bathroom,0
images/2339958.jpg,there is a cat that is sitting in the sink in the bathroom,0
images/1159417.jpg,there is a cat that is sitting on top of a guitar,0
images/2387214.jpg,there is a cat that is sitting on a sink in front of a mirror,0
images/2369317.jpg,there is a black and white cat sitting on a sink in a bathroom,0
images/2328570.jpg,there is a black and white cat sitting on a sink in a bathroom,0
images/2403564.jpg,this is a cat drinking water from a faucet in a bathroom sink,0
images/2371695.jpg,there is a black and white cat sitting in a bathroom sink,0
images/2373581.jpg,there is a cat that is sitting in a sink in the kitchen,0
images/2366556.jpg,there are two cats that are standing in the bathroom sink,0
images/2326898.jpg,there is a cat that is standing in the sink looking at the camera,0
images/2348332.jpg,"there is a bathroom with a shower, sink, and mirror in it",0
images/2392720.jpg,there is a cat that is sitting in a bath tub,0
images/2382529.jpg,there are two cats that are sitting in a bathroom sink,0
images/2347887.jpg,there is a cat that is laying in a sink with its head in the,0
images/2407754.jpg,there is a cat that is laying down in a bathroom sink,0
images/2378767.jpg,there is a white cat that is sitting in a bathroom sink,0
images/2351235.jpg,there is a cat that is sitting in a sink in the bathroom,0
images/2352997.jpg,there is a black and white photo of a cat drinking water from a sink,0
images/2378387.jpg,there is a cat that is sitting in the sink in the bathroom,0
images/2358144.jpg,there is a black and white cat drinking water from a bathroom sink,0
images/2339878.jpg,there is a cat that is sitting in a bathtub next to a fa,0
images/2345064.jpg,there is a cat that is laying in a bathroom sink,0
images/2405575.jpg,there is a cat that is sitting on a counter next to a sink,0
images/2338416.jpg,there is a black and white cat sitting in a bathroom sink,0
images/2372708.jpg,there is a cat that is laying in a sink by the faucet,0
images/2411012.jpg,this is a cat drinking water from a faucet in a bathroom sink,0
images/2335078.jpg,there is a black and white cat sitting in a sink next to a toilet,0
images/2369997.jpg,there is a black and white cat sitting on the floor in front of a,0
images/2373613.jpg,there is a cat that is sitting in the sink in the bathroom,0
images/2402707.jpg,there is a black cat drinking water from a faucet in a bathroom,0
images/2337686.jpg,there is a black cat that is standing in the kitchen sink,0
images/2338762.jpg,"there is a bathroom with a toilet, sink, and shower curtain in it",0
images/2340505.jpg,there is a cat that is sitting in a bathtub next to a toilet,0
images/2401555.jpg,there is a black and white cat sitting in a bathroom sink,0
images/2377325.jpg,there is a cat that is laying in a sink with its head in the,0
images/2317764.jpg,there is a black and white cat sitting in a bathroom sink,0
images/2377255.jpg,there is a dog and a cat standing on a kitchen counter,0
images/2413166.jpg,there is a cat laying in a bathroom sink with a woman in the background,0
images/2333321.jpg,there is a cat sitting on a bathroom sink looking at himself in the mirror,0
images/2408324.jpg,there is a cat that is sitting on top of a microwave,0
images/2391390.jpg,there is a cat drinking out of a toilet bowl in a bathroom,0
images/2404757.jpg,there is a black and white cat sitting on a sink in a bathroom,0
images/2347198.jpg,there is a cat that is sitting in a sink with a box in it,0
images/2350900.jpg,there is a cat that is sitting in a sink in the bathroom,0
images/2369867.jpg,there is a cat that is sitting in the sink looking out the window,0
images/2328258.jpg,there is a cat that is sitting in a sink in the bathroom,0
images/2349994.jpg,there is a cat that is standing on a sink in the bathroom,0
images/2406806.jpg,there is a black and white cat standing on top of a bathroom sink,0
images/2375097.jpg,there is a cat that is laying in a sink next to a bowl,0
images/2371082.jpg,there is a cat that is sitting in a sink in the bathroom,0
images/2388878.jpg,there is a cat that is sitting on the toilet looking out the window,0
images/2410144.jpg,there is a man standing in a kitchen preparing food on a table,0
images/2337404.jpg,there is a cat that is sitting in the sink in the bathroom,0
images/2384243.jpg,there is a black and white cat sitting in a bathroom sink,0
images/2378477.jpg,this is a black cat drinking water from a faucet in a bathroom,0
images/2344649.jpg,there is a cat that is laying in a sink in the bathroom,0
images/2339958.jpg,there is a cat that is sitting in the sink in the bathroom,0
images/2387214.jpg,there is a cat that is sitting on a sink in front of a mirror,0
images/2328570.jpg,there is a black and white cat sitting on a sink in a bathroom,0
images/2403564.jpg,this is a cat drinking water from a faucet in a bathroom sink,0
images/2371695.jpg,there is a black and white cat sitting in a bathroom sink,0
images/2373581.jpg,there is a cat that is sitting in a sink in the kitchen,0
images/2366556.jpg,there are two cats that are standing in the bathroom sink,0
images/2326898.jpg,there is a cat that is standing in the sink looking at the camera,0
images/2381542.jpg,there is a cat that is standing on the edge of a bathroom sink,0
images/2359186.jpg,there is a man holding a black cat on his lap while using a laptop,0
images/2343843.jpg,there is a cat that is laying down on a chair next to a laptop,0
images/2347119.jpg,there is a black and white cat playing with a ball of yarn,0
images/2365930.jpg,there is a black and white cat standing on a table next to a laptop,0
images/2378178.jpg,there is a cat that is looking up at a computer screen,0
images/2382390.jpg,there are two cats that are sitting on top of a desk,0
images/2338098.jpg,there is a close up of a cat's paw on the keyboard of,0
images/2318737.jpg,there is a cat that is standing on a desk next to a laptop,0
images/2344622.jpg,there is a cat that is laying on a person's lap next to,0
images/2413065.jpg,there are two pictures of a woman laying on a couch with a cat on,0
images/2337548.jpg,there is a cat that is sitting on top of a laptop,0
images/2322420.jpg,there is a cat sitting in front of a laptop computer on a bed,0
images/2371747.jpg,there is a cat that is laying on a desk next to a laptop,0
images/2378620.jpg,there is a cat that is sitting on a desk next to a laptop,0
images/2336619.jpg,there is a cat that is sitting on a desk in front of a computer,0
images/2413062.jpg,there is a cat that is sleeping on top of a laptop,0
images/2323350.jpg,there is a cat with a cone on its head sitting on a computer keyboard,0
images/2347958.jpg,there is a cat that is sleeping on a chair in the room,0
images/2349067.jpg,there is a cat that is laying down next to a person using a laptop,0
images/2398618.jpg,there is a cat that is sitting on a chair in front of a computer,0
images/2376123.jpg,there is a cat that is standing on top of a laptop,0
images/2414031.jpg,there is a cat sitting on a desk with a laptop on it,0
images/2406171.jpg,black and white photo of a cat standing on top of a laptop computer,0
images/2323229.jpg,there is a black cat that is laying on top of a laptop,0
images/2387750.jpg,there are two pictures of a cat laying on a bed with a laptop,0
images/2376971.jpg,there is a man sitting at a table with a laptop and a black cat,0
images/2374442.jpg,there is a black and white cat laying on a desk next to a laptop,0
images/2405438.jpg,there is a cat that is sitting on a desk next to a keyboard,0
images/2356023.jpg,there is a cat that is sitting on a laptop on a couch,0
images/2390497.jpg,there is a cat that is sitting on a desk in front of a computer,0
images/2409848.jpg,there is a cat laying on a desk next to a keyboard and mouse,0
images/2416021.jpg,there is a black cat that is sitting on top of a computer keyboard,0
images/2326267.jpg,there is a black and white cat sitting on top of a computer keyboard,0
images/2381795.jpg,there is a black and white cat laying on top of a laptop computer,0
images/2404061.jpg,there is a black cat laying on a desk next to a computer,0
images/2377814.jpg,there is a black and white cat standing on top of a laptop computer,0
images/2366443.jpg,there is a cat that is sniffing a computer keyboard on the desk,0
images/2375840.jpg,there are two cats that are sitting on a desk next to a computer,0
images/2371381.jpg,there is a cat that is sitting on a desk next to a computer,0
images/2403785.jpg,there is a cat that is sitting on a piece of paper next to a,0
images/2318723.jpg,there is a cat that is laying on a laptop on a bed,0
images/2406732.jpg,there is a cat that is sitting on a desk in front of a computer,0
images/2352254.jpg,there is a cat sitting in front of a computer keyboard,0
images/2323389.jpg,there is a black cat that is sleeping on a laptop,0
images/150460.jpg,this is an image of a desk with a computer and a laptop on it,0
images/2348112.jpg,there is a cat that is sitting on a keyboard with its tongue sticking out,0
images/2383661.jpg,there is a cat that is laying down on the floor next to a laptop,0
images/2334972.jpg,there is a cat that is sitting on a mouse on a desk,0
images/2367153.jpg,there is a cat that is sitting on a laptop on the table,0
images/2382977.jpg,there is a cat that is sitting on top of a keyboard,0
images/2386737.jpg,there is a cat sitting in front of a laptop on a desk,0
images/2399916.jpg,there is a cat that is sitting on top of a desk,0
images/2375671.jpg,there is a cat that is sitting on top of a laptop,0
images/2409429.jpg,there is a man sitting at a desk with a cat on his lap,0
images/2402511.jpg,there is a cat that is sitting on a laptop on a desk,0
images/2334778.jpg,there is a cat that is laying on its back in front of a laptop,0
images/2363975.jpg,there is a black and white cat sitting on a woman's lap,0
images/2384728.jpg,there is a cat that is sitting on a laptop on the couch,0
images/2388034.jpg,there is a cat sitting on the floor next to a person's shoes,0
images/2320723.jpg,there is a black and white cat laying on top of a laptop,0
images/2396611.jpg,there is a cat that is laying on top of a laptop,0
images/2383626.jpg,there is a cat that is laying down on a laptop,0
images/2397167.jpg,there is a woman sitting on a bed with a cat and a laptop,0
images/2374156.jpg,there is a black cat that is laying on a desk next to a laptop,0
images/2347708.jpg,there is a cat that is laying on a keyboard with it's head,0
images/2384738.jpg,there is a cat that is sitting on a desk next to a computer,0
images/2334177.jpg,there is a cat that is standing on a table in front of a fireplace,0
images/2368296.jpg,there is a cat laying on top of a desk next to two computer monitors,0
images/2317678.jpg,there is a black cat that is laying on a bed next to a laptop,0
images/2391141.jpg,there is a cat that is sitting on top of a laptop,0
images/2377574.jpg,there is a black cat that is laying on a laptop,0
images/2351211.jpg,there is a computer desk with a keyboard and a monitor on it,0
images/2412685.jpg,this is an image of a desk with a computer monitor and keyboard,0
images/2326882.jpg,there is a cat that is laying on top of a book on a couch,0
images/2319723.jpg,there is a cat and a dog sitting in front of a laptop computer,0
images/2364975.jpg,there is a cat that is sitting on a bed with a collar around its,0
images/2403201.jpg,there is a white cat that is laying on top of a laptop,0
images/2395559.jpg,there is a cat that is laying on top of a towel on a desk,0
images/2362873.jpg,there is a cat that is laying on a desk in front of a computer,0
images/2398910.jpg,there is a black cat that is laying on top of a laptop,0
images/2316630.jpg,there is a cat that is sleeping on top of a laptop,0
images/2387465.jpg,there is a cat that is laying on top of a desk,0
images/2389522.jpg,there is a cat that is sitting on a ottoman in front of a television,0
images/2337399.jpg,there is a cat that is laying on a desk under a computer monitor,0
images/2347162.jpg,there is a computer desk with two monitors and a laptop on it,0
images/1159417.jpg,there is a cat that is sitting on top of a guitar,0
images/2354642.jpg,there is a black cat laying on a computer keyboard on a desk,0
images/2353009.jpg,there is a cat that is sitting on a desk in front of two computer,0
images/2402514.jpg,there is a cat that is sitting on a keyboard next to a laptop,0
images/2327194.jpg,there is a cat sitting next to a laptop computer on a table,0
images/2330048.jpg,there is a cat standing next to a laptop computer on a bed,0
images/2336090.jpg,there is a black cat sitting on top of a laptop on a desk,0
images/2385605.jpg,there is a cat that is sitting on top of a laptop,0
images/2341660.jpg,there is a cat that is sleeping on a blanket next to a laptop,0
images/2368458.jpg,there is a black cat sitting on a bed next to a laptop computer,0
images/2392829.jpg,there is a black and white cat laying on top of a laptop computer,0
images/2391719.jpg,there is a cat sitting on a person's lap next to a laptop,0
images/2320055.jpg,there is a cat sitting on a bed next to a laptop computer,0
images/2373601.jpg,there is a cat that is sleeping next to a computer mouse,0
images/2366326.jpg,there is a cat that is sitting on top of a laptop,0
images/2316439.jpg,there is a cat that is laying on a pillow in front of a laptop,0
images/2320069.jpg,there are two cats that are sitting on a chair together,0
images/2369411.jpg,there is a cat sitting on top of a laptop on a person's,0
images/2381181.jpg,there is a cat sitting in front of a laptop computer on a desk,0
images/2416656.jpg,there is a cat that is laying down next to a keyboard,0
images/2338574.jpg,there is a cat sitting on top of a laptop computer on a desk,0
images/2381617.jpg,there is a cat sitting on a desk next to a laptop computer,0
images/2337102.jpg,there is a cat laying on a bed next to a laptop computer,0
images/2386525.jpg,there is a cat that is sitting on top of a laptop,0
images/713936.jpg,there is a black and white cat laying on the floor in a living room,0
images/2394932.jpg,there is a black cat that is laying on a bed with a laptop,0
images/2390878.jpg,there is a cat that is sitting on top of a laptop,0
images/2340064.jpg,black and white photo of a man holding a cat in front of a laptop,0
images/2321805.jpg,there is a cat sitting next to a laptop computer on a desk,0
images/2381823.jpg,there is a cat laying next to a laptop computer on a woman's,0
images/2382757.jpg,there is a black cat that is sitting on a couch in front of a,0
images/2392850.jpg,there is a cat that is laying on top of a person's lap,0
images/2350463.jpg,there is a black cat laying on a desk next to a laptop computer,0
images/2359610.jpg,there is a cat that is sitting on top of a laptop,0
images/2392210.jpg,there is a black and white cat sitting on top of a suitcase next to,0
images/2366274.jpg,there is a black and white cat standing in front of a laptop computer,0
images/2343843.jpg,there is a cat that is laying down on a chair next to a laptop,0
images/713414.jpg,there is a cat that is sitting on a desk next to a laptop,0
images/2364122.jpg,there is a black and white cat standing in front of a television,0
images/2327653.jpg,there is a cat that is sitting in front of a television,0
images/2376421.jpg,there is a cat laying on top of a laptop on a desk,0
images/2356157.jpg,there is a cat that is sitting on top of a tv,0
images/2378882.jpg,there are two cats that are sitting on a table in front of a tv,0
images/2338098.jpg,there is a close up of a cat's paw on the keyboard of,0
images/2337548.jpg,there is a cat that is sitting on top of a laptop,0
images/2386371.jpg,there is a cat that is sitting on top of a television,0
images/2346231.jpg,there is a cat that is sitting on a laptop on the floor,0
images/2348719.jpg,there is a black cat that is sitting on top of a laptop,0
images/2315550.jpg,there is a cat that is sitting on a bed with a laptop,0
images/2339491.jpg,there is a man that is playing with a cat on the floor,0
images/2316330.jpg,there is a man laying on a couch with a cat on his lap,0
images/2319932.jpg,there is a cat that is sitting on top of a laptop,0
images/2391981.jpg,there is a cat that is laying on top of a laptop,0
images/2389921.jpg,there is a cat that is sitting on a chair in front of a tv,0
images/2357484.jpg,there is a cat that is sitting on top of a laptop,0
images/2323350.jpg,there is a cat with a cone on its head sitting on a computer keyboard,0
images/2343156.jpg,there is a cat sitting in front of a flat screen tv in the dark,0
images/2385836.jpg,this is an image of a living room with a fireplace and a television,0
images/2406171.jpg,black and white photo of a cat standing on top of a laptop computer,0
images/2394773.jpg,there is a black and white cat laying on a table next to a laptop,0
images/2323229.jpg,there is a black cat that is laying on top of a laptop,0
images/2322691.jpg,there is a cat that is sitting on top of a laptop,0
images/2387750.jpg,there are two pictures of a cat laying on a bed with a laptop,0
images/2374442.jpg,there is a black and white cat laying on a desk next to a laptop,0
images/2416021.jpg,there is a black cat that is sitting on top of a computer keyboard,0
images/2417255.jpg,there is a cat sitting in front of a tv watching a hockey game,0
images/2404061.jpg,there is a black cat laying on a desk next to a computer,0
images/2377814.jpg,there is a black and white cat standing on top of a laptop computer,0
images/2403329.jpg,there is a cat sitting in front of a television watching a dog on the,0
images/2343780.jpg,there is a cat that is sitting on a couch watching a tv,0
images/2375840.jpg,there are two cats that are sitting on a desk next to a computer,0
images/2388543.jpg,there is a cat that is sitting on a desk next to a laptop,0
images/2338660.jpg,there is a cat that is sitting on top of a tv,0
images/2399138.jpg,there is a cat sitting next to a laptop computer on a desk,0
images/2408324.jpg,there is a cat that is sitting on top of a microwave,0
images/2321990.jpg,there is a woman sitting in a chair with a laptop and a cat on,0
images/2391709.jpg,there is a cat that is laying on a couch with a laptop,0
images/2363570.jpg,there is a black cat sleeping on a persons lap next to a laptop,0
images/2383661.jpg,there is a cat that is laying down on the floor next to a laptop,0
images/2386737.jpg,there is a cat sitting in front of a laptop on a desk,0
images/2390873.jpg,there is a cat that is sitting on top of a laptop,0
images/2398995.jpg,there is a cat that is sleeping on top of a car,0
images/2357079.jpg,there is a black cat laying on top of a laptop computer,0
images/2369453.jpg,there is a cat sitting on top of a dresser in front of a television,0
images/2375671.jpg,there is a cat that is sitting on top of a laptop,0
images/2369607.jpg,there is a brown teddy bear wearing a green apron sitting in front of a,0
images/2338063.jpg,there is a cat that is sitting on top of a television,0
images/2371196.jpg,there is a cat that is sitting on top of a television,0
images/2319607.jpg,there is a cat laying next to a laptop computer on a bed,0
images/2384728.jpg,there is a cat that is sitting on a laptop on the couch,0
images/2396611.jpg,there is a cat that is laying on top of a laptop,0
images/2383626.jpg,there is a cat that is laying down on a laptop,0
images/2316594.jpg,there are four pictures of a laptop sitting on top of a bed,0
images/2386515.jpg,there is a cat that is standing in front of a tv,0
images/2384738.jpg,there is a cat that is sitting on a desk next to a computer,0
images/2337354.jpg,there is a cat that is laying on top of a tv,0
images/2334177.jpg,there is a cat that is standing on a table in front of a fireplace,0
images/2368296.jpg,there is a cat laying on top of a desk next to two computer monitors,0
images/2391141.jpg,there is a cat that is sitting on top of a laptop,0
images/2377574.jpg,there is a black cat that is laying on a laptop,0
images/2351211.jpg,there is a computer desk with a keyboard and a monitor on it,0
images/2360603.jpg,there is a cat that is laying on top of a television,0
images/2319723.jpg,there is a cat and a dog sitting in front of a laptop computer,0
images/2403201.jpg,there is a white cat that is laying on top of a laptop,0
images/2337662.jpg,there is a black and white cat sitting in front of a television,0
images/2362873.jpg,there is a cat that is laying on a desk in front of a computer,0
images/2316630.jpg,there is a cat that is sleeping on top of a laptop,0
images/2387912.jpg,there is a cat sitting on top of a tv in a living room,0
images/2398075.jpg,there is a black and white cat sitting on a desk next to a computer,0
images/2401526.jpg,black and white photo of a cat standing in front of a tv,0
images/2416463.jpg,there is a cat laying on top of a laptop on a desk,0
images/2368640.jpg,there is a cat that is sitting in front of a television,0
images/2379768.jpg,there is a black cat that is sitting on a desk next to a laptop,0
images/2353009.jpg,there is a cat that is sitting on a desk in front of two computer,0
images/2395075.jpg,there is a woman that is playing a video game in the living room,0
images/2326277.jpg,there is a cat laying next to a laptop computer on a desk,0
images/2330048.jpg,there is a cat standing next to a laptop computer on a bed,0
images/2338242.jpg,there is a cat that is sleeping on a desk next to a computer,0
images/2321840.jpg,there is a cat that is sitting in front of a television,0
images/2368458.jpg,there is a black cat sitting on a bed next to a laptop computer,0
images/2349617.jpg,there is a cat that is sitting on top of a tv,0
images/2320055.jpg,there is a cat sitting on a bed next to a laptop computer,0
images/2415590.jpg,there is a small kitten sitting on top of a laptop computer,0
images/2330581.jpg,there is a cat sitting in front of a television in a living room,0
images/2399787.jpg,there are two cats that are laying down on a desk next to a computer,0
images/2369411.jpg,there is a cat sitting on top of a laptop on a person's,0
images/2329019.jpg,there is a cat that is laying on top of a television,0
images/2349209.jpg,there is a cat sitting in front of a laptop computer on a desk,0
images/2330820.jpg,there is a man sitting on a couch with a cat on his lap,0
images/2381181.jpg,there is a cat sitting in front of a laptop computer on a desk,0
images/2416656.jpg,there is a cat that is laying down next to a keyboard,0
images/2338574.jpg,there is a cat sitting on top of a laptop computer on a desk,0
images/2383641.jpg,there is a cat that is laying on a bed in front of a tv,0
images/2337102.jpg,there is a cat laying on a bed next to a laptop computer,0
images/713936.jpg,there is a black and white cat laying on the floor in a living room,0
images/2399276.jpg,there is a cat sitting in front of a television watching a baseball game,0
images/2379821.jpg,there is a cat standing next to a laptop computer on a desk,0
images/2396479.jpg,there is a cat that is sitting in front of a tv,0
images/2370358.jpg,there are two women standing in a living room playing a video game,0
images/2377724.jpg,there is a cat that is sitting on top of a television,0
images/2321805.jpg,there is a cat sitting next to a laptop computer on a desk,0
images/2335548.jpg,there is a cat that is laying on top of a laptop,0
images/2372150.jpg,there is a cat sitting in front of a laptop computer on a bed,0
images/2379860.jpg,there is a cat that is playing a video game on the television,0
images/2359186.jpg,there is a man holding a black cat on his lap while using a laptop,0
images/2334778.jpg,there is a cat that is laying on its back in front of a laptop,0
images/2366274.jpg,there is a black and white cat standing in front of a laptop computer,0
images/2336090.jpg,there is a black cat sitting on top of a laptop on a desk,0
images/2319607.jpg,there is a cat laying next to a laptop computer on a bed,0
images/2351231.jpg,there is a cat that is sitting on top of a desk,0
images/2364431.jpg,there is a cat that is standing on a table in the living room,0
images/2383626.jpg,there is a cat that is laying down on a laptop,0
images/2382390.jpg,there are two cats that are sitting on top of a desk,0
images/2338098.jpg,there is a close up of a cat's paw on the keyboard of,0
images/2320055.jpg,there is a cat sitting on a bed next to a laptop computer,0
images/2318737.jpg,there is a cat that is standing on a desk next to a laptop,0
images/2366443.jpg,there is a cat that is sniffing a computer keyboard on the desk,0
images/2356168.jpg,there is a man and woman sitting on a couch with a laptop,0
images/2415590.jpg,there is a small kitten sitting on top of a laptop computer,0
images/2400096.jpg,there is a woman sitting on a couch with a laptop and a cat,0
images/2371381.jpg,there is a cat that is sitting on a desk next to a computer,0
images/2360468.jpg,there is a cat that is sitting on a table in front of a television,0
images/2348978.jpg,there is a cat that is sitting on top of a table,0
images/2399138.jpg,there is a cat sitting next to a laptop computer on a desk,0
images/2399787.jpg,there are two cats that are laying down on a desk next to a computer,0
images/2373601.jpg,there is a cat that is sleeping next to a computer mouse,0
images/2317678.jpg,there is a black cat that is laying on a bed next to a laptop,0
images/2368296.jpg,there is a cat laying on top of a desk next to two computer monitors,0
images/2322420.jpg,there is a cat sitting in front of a laptop computer on a bed,0
images/2372124.jpg,there is a cat that is sitting in front of a computer,0
images/2351211.jpg,there is a computer desk with a keyboard and a monitor on it,0
images/2412685.jpg,this is an image of a desk with a computer monitor and keyboard,0
images/2346231.jpg,there is a cat that is sitting on a laptop on the floor,0
images/2348719.jpg,there is a black cat that is sitting on top of a laptop,0
images/2374289.jpg,there is a woman sitting at a desk with a computer and a cat on,0
images/150460.jpg,this is an image of a desk with a computer and a laptop on it,0
images/2348112.jpg,there is a cat that is sitting on a keyboard with its tongue sticking out,0
images/2330820.jpg,there is a man sitting on a couch with a cat on his lap,0
images/2319723.jpg,there is a cat and a dog sitting in front of a laptop computer,0
images/2330905.jpg,there is a cat that is sitting on top of a laptop,0
images/2362873.jpg,there is a cat that is laying on a desk in front of a computer,0
images/2363570.jpg,there is a black cat sleeping on a persons lap next to a laptop,0
images/2334972.jpg,there is a cat that is sitting on a mouse on a desk,0
images/2336619.jpg,there is a cat that is sitting on a desk in front of a computer,0
images/2331812.jpg,there is a black cat sitting on top of a laptop on a desk,0
images/2387465.jpg,there is a cat that is laying on top of a desk,0
images/2337399.jpg,there is a cat that is laying on a desk under a computer monitor,0
images/2381617.jpg,there is a cat sitting on a desk next to a laptop computer,0
images/2413062.jpg,there is a cat that is sleeping on top of a laptop,0
images/2347162.jpg,there is a computer desk with two monitors and a laptop on it,0
images/2365724.jpg,there is a cat that is laying under a laptop on a desk,0
images/2337102.jpg,there is a cat laying on a bed next to a laptop computer,0
images/2347958.jpg,there is a cat that is sleeping on a chair in the room,0
images/713936.jpg,there is a black and white cat laying on the floor in a living room,0
images/2349067.jpg,there is a cat that is laying down next to a person using a laptop,0
images/2376123.jpg,there is a cat that is standing on top of a laptop,0
images/2400119.jpg,there is a laptop on a table with a bunch of toy animals on it,0
images/2322691.jpg,there is a cat that is sitting on top of a laptop,0
images/2323229.jpg,there is a black cat that is laying on top of a laptop,0
images/2379768.jpg,there is a black cat that is sitting on a desk next to a laptop,0
images/2364843.jpg,there is a cat sitting on top of a laptop on a bed,0
images/2348423.jpg,there is a cat that is laying on top of a laptop on a desk,0
images/2359725.jpg,there is a black cat sitting on top of a desk next to a computer,0
images/2368029.jpg,there is a cat that is sitting on top of a laptop,0
images/2387385.jpg,there is a cat that is laying on top of a laptop,0
images/2374615.jpg,there is a cat sitting on top of a desk next to a computer monitor,0
images/2336090.jpg,there is a black cat sitting on top of a laptop on a desk,0
images/2392120.jpg,there is a wooden table with four chairs and a bench in the corner,0
images/2324064.jpg,there is a cat that is sitting on a bookshelf in the library,0
images/2364617.jpg,there is a cat that is walking around in the living room,0
images/2378882.jpg,there are two cats that are sitting on a table in front of a tv,0
images/2382390.jpg,there are two cats that are sitting on top of a desk,0
images/713269.jpg,there is a cat that is sitting on the floor in front of a tv,0
images/2375840.jpg,there are two cats that are sitting on a desk next to a computer,0
images/2400096.jpg,there is a woman sitting on a couch with a laptop and a cat,0
images/2403785.jpg,there is a cat that is sitting on a piece of paper next to a,0
images/2348978.jpg,there is a cat that is sitting on top of a table,0
images/2338660.jpg,there is a cat that is sitting on top of a tv,0
images/2399787.jpg,there are two cats that are laying down on a desk next to a computer,0
images/2322420.jpg,there is a cat sitting in front of a laptop computer on a bed,0
images/2371747.jpg,there is a cat that is laying on a desk next to a laptop,0
images/2320069.jpg,there are two cats that are sitting on a chair together,0
images/2378620.jpg,there is a cat that is sitting on a desk next to a laptop,0
images/150460.jpg,this is an image of a desk with a computer and a laptop on it,0
images/2369280.jpg,there is a cat that is sleeping on a pillow in front of a computer,0
images/2378777.jpg,there is a black and white cat sitting on top of a laptop computer,0
images/2416656.jpg,there is a cat that is laying down next to a keyboard,0
images/2362873.jpg,there is a cat that is laying on a desk in front of a computer,0
images/2398910.jpg,there is a black cat that is laying on top of a laptop,0
images/2321952.jpg,"there is a living room with two couches, a coffee table and a",0
images/2336619.jpg,there is a cat that is sitting on a desk in front of a computer,0
images/2331812.jpg,there is a black cat sitting on top of a laptop on a desk,0
images/2337399.jpg,there is a cat that is laying on a desk under a computer monitor,0
images/2398075.jpg,there is a black and white cat sitting on a desk next to a computer,0
images/2389522.jpg,there is a cat that is sitting on a ottoman in front of a television,0
images/2347162.jpg,there is a computer desk with two monitors and a laptop on it,0
images/2349067.jpg,there is a cat that is laying down next to a person using a laptop,0
images/2390878.jpg,there is a cat that is sitting on top of a laptop,0
images/2417434.jpg,"this is a living room with a couch, chair, coffee table, and",0
images/2389607.jpg,there is a cat that is standing on top of a laptop,0
images/2390497.jpg,there is a cat that is sitting on a desk in front of a computer,0
images/2416021.jpg,there is a black cat that is sitting on top of a computer keyboard,0
images/2330607.jpg,there is a black cat sitting on top of a laptop computer,0
images/2367704.jpg,there is a cat that is laying on the floor next to a book shelf,0
images/2342361.jpg,there is a black and white cat sitting on top of a laptop computer,0
images/2355258.jpg,there is a cat that is laying on top of a couch,0
images/2357546.jpg,this is a black and white photo of a cat laying on a desk,0
images/2392120.jpg,there is a wooden table with four chairs and a bench in the corner,0
images/2354973.jpg,there is a cat sitting on a person's lap reading a book,0
images/2374156.jpg,there is a black cat that is laying on a desk next to a laptop,0
images/2394511.jpg,there is a cat that is sitting on a chair in front of a desk,0
images/2353340.jpg,there is a cat laying on a bed with a hat on top of it,0
images/2327337.jpg,there is a man standing in front of a couch with his arms spread out,0
images/2316968.jpg,someone sitting on a couch with a dog and a cat on the floor,0
images/2412539.jpg,there is a white cat laying on top of a desk next to a computer,0
images/2400368.jpg,there are two cats and a dog laying next to each other on the floor,0
images/2392574.jpg,there is a cat that is sitting on top of a refrigerator,0
images/2348529.jpg,there is a cat that is sleeping on a chair in front of a desk,0
images/713492.jpg,"this is a living room with a couch, coffee table, television, and",0
images/2389921.jpg,there is a cat that is sitting on a chair in front of a tv,0
images/2387465.jpg,there is a cat that is laying on top of a desk,0
images/2323828.jpg,there is a cat that is laying on a desk next to a laptop,0
images/2375327.jpg,there is a cat that is sitting on a couch in the living room,0
images/2360615.jpg,there is a black cat sitting inside of a suitcase on a bed,0
images/2409593.jpg,there are two cats eating food out of blue plates on the floor,0
images/2351222.jpg,there are two kittens playing with toilet paper on the floor,0
images/2406304.jpg,there is a black cat that is sitting under a red table,0
images/2378891.jpg,there is a cat that is laying on top of a laptop on a table,0
images/2366274.jpg,there is a black and white cat standing in front of a laptop computer,0
images/2372277.jpg,there is a cat that is sitting on top of a desk,0
images/2319260.jpg,there are four pictures of a kitchen and living room with a table and chairs,0
images/2326715.jpg,there is a cat that is sitting on a towel in the oven,0
images/2413460.jpg,there is a cat that is sleeping in a suitcase on the floor,0
images/2356449.jpg,there is a black cat sitting under a black umbrella on the floor,0
images/2378387.jpg,there is a cat that is sitting in the sink in the bathroom,0
images/2325123.jpg,"this is a living room with a couch, chair, coffee table, and",0
images/2345064.jpg,there is a cat that is laying in a bathroom sink,0
images/2382390.jpg,there are two cats that are sitting on top of a desk,0
images/2405575.jpg,there is a cat that is sitting on a counter next to a sink,0
images/2378205.jpg,there is a black and white cat sitting on top of a chair,0
images/2368323.jpg,there is a black and white cat sitting on top of a bathroom counter,0
images/2377325.jpg,there is a cat that is laying in a sink with its head in the,0
images/2340076.jpg,there is a cat that is sitting on a sink in a bathroom,0
images/2377255.jpg,there is a dog and a cat standing on a kitchen counter,0
images/2333321.jpg,there is a cat sitting on a bathroom sink looking at himself in the mirror,0
images/2408324.jpg,there is a cat that is sitting on top of a microwave,0
images/1593105.jpg,there is a woman blowing out candles on a cake on a table,0
images/2391390.jpg,there is a cat drinking out of a toilet bowl in a bathroom,0
images/2375948.jpg,there is a cat that is sitting on a counter next to a microwave,0
images/2375854.jpg,there is a cat that is standing in the kitchen looking out the window,0
images/2404980.jpg,there is a cat that is standing on a toilet in the bathroom,0
images/2329154.jpg,there is a cat that is laying on a bag on the floor,0
images/2406003.jpg,there are three cats and a dog standing in a kitchen next to each other,0
images/2342394.jpg,there is a cat that is sitting in front of a television in a kitchen,0
images/2410144.jpg,there is a man standing in a kitchen preparing food on a table,0
images/2378477.jpg,this is a black cat drinking water from a faucet in a bathroom,0
images/2409879.jpg,there is a cat that is sitting in a basket in the sink,0
images/2387214.jpg,there is a cat that is sitting on a sink in front of a mirror,0
images/2371695.jpg,there is a black and white cat sitting in a bathroom sink,0
images/2373581.jpg,there is a cat that is sitting in a sink in the kitchen,0
images/2320463.jpg,there are many pizzas that are being prepared in the kitchen,0
images/2408874.jpg,there is a cat that is sitting in a chair in the kitchen,0
images/2395075.jpg,there is a woman that is playing a video game in the living room,0
images/2317569.jpg,there is a cat that is standing on top of a kitchen counter,0
images/2369110.jpg,there is a cat that is sitting on top of a toilet in a bathroom,0
images/2365314.jpg,there is a cat that is standing on a toilet in the bathroom,0
images/2360309.jpg,there is a cat that is sitting on top of a toilet,0
images/2372296.jpg,there is a cat that is standing on its hind legs next to a sink,0
images/2332093.jpg,there is a cat sitting on top of a toilet in a bathroom,0
images/2403146.jpg,there is a cat that is standing on its hind legs in a bathroom,0
images/2417682.jpg,there is a cat sitting on top of a toilet in a bathroom,0
images/2356745.jpg,there is a cat that is standing on a toilet in the bathroom,0
images/2370237.jpg,there is a cat that is standing on a toilet seat in the bathroom,0
images/2393038.jpg,there is a cat that is sitting on top of a toilet,0
images/2335078.jpg,there is a black and white cat sitting in a sink next to a toilet,0
images/2365944.jpg,there is a black and white cat standing on a sink in a bathroom,0
images/2368323.jpg,there is a black and white cat sitting on top of a bathroom counter,0
images/107962.jpg,there is a cat that is drinking out of a toilet in the bathroom,0
images/2338762.jpg,"there is a bathroom with a toilet, sink, and shower curtain in it",0
images/2359998.jpg,there is a black and white cat that is standing on a toilet,0
images/2370817.jpg,there is a cat that is sitting on top of a pile of luggage,0
images/2373001.jpg,there is a black cat standing on a toilet seat next to a potted,0
images/2333321.jpg,there is a cat sitting on a bathroom sink looking at himself in the mirror,0
images/2354797.jpg,there is a cat that is drinking water out of a toilet,0
images/2391390.jpg,there is a cat drinking out of a toilet bowl in a bathroom,0
images/2362900.jpg,there is a cat that is standing on top of a toilet,0
images/2388878.jpg,there is a cat that is sitting on the toilet looking out the window,0
images/2332813.jpg,black and white photo of a cat standing on top of a toilet,0
images/2332523.jpg,there is a black cat sitting on top of a toilet in a bathroom,0
images/2334353.jpg,black and white photo of a cat standing on top of a toilet,0
images/2336954.jpg,there is a cat that is sitting on the toilet seat in the bathroom,0
images/2369317.jpg,there is a black and white cat sitting on a sink in a bathroom,0
images/2328570.jpg,there is a black and white cat sitting on a sink in a bathroom,0
images/2327663.jpg,there is a cat that is standing on a toilet in a bathroom,0
images/2396599.jpg,there is a cat that is sitting on the toilet seat in the bathroom,0
images/2345284.jpg,there is a black and white cat standing on a toilet seat in a bathroom,0
images/2396073.jpg,there is a black cat standing in a bathroom next to a bathtub,0
images/2340326.jpg,there is a cat sitting on top of a toilet seat in a bathroom,0
images/2387786.jpg,there is a cat sitting on top of a toilet in a bathroom,0
images/2344978.jpg,there are two cats that are sitting on a rug in the bathroom,0
images/2346380.jpg,there is a black and white cat sitting on top of a toilet,0
images/2387763.jpg,there is a cat that is sitting on top of a toilet,0
images/2370237.jpg,there is a cat that is standing on a toilet seat in the bathroom,0
images/2404980.jpg,there is a cat that is standing on a toilet in the bathroom,0
images/2328570.jpg,there is a black and white cat sitting on a sink in a bathroom,0
images/2368323.jpg,there is a black and white cat sitting on top of a bathroom counter,0
images/2405710.jpg,there is a black cat that is sitting on a shelf in the bathroom,0
images/2338997.jpg,there is a cat that is sitting on a toilet in the bathroom,0
images/2365314.jpg,there is a cat that is standing on a toilet in the bathroom,0
images/107962.jpg,there is a cat that is drinking out of a toilet in the bathroom,0
images/2331070.jpg,there is a cat that is sitting inside of a tent in the woods,0
images/2403146.jpg,there is a cat that is standing on its hind legs in a bathroom,0
images/2339958.jpg,there is a cat that is sitting in the sink in the bathroom,0
images/2351429.jpg,there are two black and white cats standing on a toilet,0
images/2344649.jpg,there is a cat that is laying in a sink in the bathroom,0
images/2326345.jpg,there is a cat that is sitting in a box on the floor,0
images/2325386.jpg,there is a box with a variety of decorated cakes in the shape of trains,0
images/713414.jpg,there is a cat that is sitting on a desk next to a laptop,0
images/2349445.jpg,there is a cat that is laying down on a wooden bench,0
images/2332588.jpg,there is a cat that is laying on the floor next to a bag,0
images/2376421.jpg,there is a cat laying on top of a laptop on a desk,0
images/2361058.jpg,there is a dog that is laying on a couch in the living room,0
images/2379491.jpg,there is a black and white cat sitting on a desk with a notepad,0
images/2330907.jpg,there is a cat that is sniffing a pizza box on the floor,0
images/713794.jpg,there are two cats that are standing on a desk with a pink feather,0
images/2368323.jpg,there is a black and white cat sitting on top of a bathroom counter,0
images/2387323.jpg,there is a cat that is sitting in front of a television,0
images/2321277.jpg,there is a cat that is sitting on top of a bag,0
images/2326030.jpg,this is a living room with two couches and a coffee table,0
images/2383236.jpg,there is a cat that is sitting on top of a car,0
images/2371747.jpg,there is a cat that is laying on a desk next to a laptop,0
images/2406766.jpg,there is a cat that is sitting on a table in front of a tv,0
images/2406003.jpg,there are three cats and a dog standing in a kitchen next to each other,0
images/2372339.jpg,there is a round bed with a white sheet on it in a room,0
images/2347958.jpg,there is a cat that is sleeping on a chair in the room,0
images/1159326.jpg,there are two cats that are sitting on a desk in the room,0
images/2347016.jpg,there is a cat that is sitting on top of a desk with a laptop,0
images/2336124.jpg,there is a cat that is standing on a table in front of a tv,0
images/2318502.jpg,there is a cat that is sitting on a toilet in the bathroom,0
images/2387741.jpg,there is a cat sitting on top of a refrigerator in a kitchen,0
images/2354973.jpg,there is a cat sitting on a person's lap reading a book,0
images/2389687.jpg,there is a cat that is laying on a bed with a book,0
images/2403785.jpg,there is a cat that is sitting on a piece of paper next to a,0
images/2406732.jpg,there is a cat that is sitting on a desk in front of a computer,0
images/2374289.jpg,there is a woman sitting at a desk with a computer and a cat on,0
images/150460.jpg,this is an image of a desk with a computer and a laptop on it,0
images/2359364.jpg,there is a cat that is sitting on the hood of a car,0
images/2378744.jpg,there is a cat that is sleeping on a table next to a laptop,0
images/2382977.jpg,there is a cat that is sitting on top of a keyboard,0
images/2338890.jpg,there is a man that is holding a cat in his arms,0
images/2399916.jpg,there is a cat that is sitting on top of a desk,0
images/2327526.jpg,there is a man that is sitting in a chair in front of a desk,0
images/2363536.jpg,there is a cat that is sitting on a pair of shoes,0
images/2375986.jpg,there is a cat that is laying in a suitcase on the floor,0
images/3753.jpg,there is a cat and a dog standing on the floor next to each other,0
images/2412724.jpg,there is a cat that is sitting on top of a bag on a desk,0
images/2338063.jpg,there is a cat that is sitting on top of a television,0
images/2384738.jpg,there is a cat that is sitting on a desk next to a computer,0
images/2402493.jpg,there is a cat that is laying on top of some papers on a desk,0
images/2368296.jpg,there is a cat laying on top of a desk next to two computer monitors,0
images/2367309.jpg,there are two cats sitting on a window sill looking out the window,0
images/2412841.jpg,there is a cat that is laying in a suitcase on the floor,0
images/2376106.jpg,there is a cat that is sitting on top of a table,0
images/2403201.jpg,there is a white cat that is laying on top of a laptop,0
images/2337662.jpg,there is a black and white cat sitting in front of a television,0
images/2404216.jpg,there is a cat that is sitting on a rug on the floor,0
images/2365359.jpg,there is a cat that is sitting in a suitcase on the floor,0
images/2354642.jpg,there is a black cat laying on a computer keyboard on a desk,0
images/2402514.jpg,there is a cat that is sitting on a keyboard next to a laptop,0
images/2416814.jpg,there is a cat sleeping on top of a pile of papers on a desk,0
images/2348953.jpg,there is a young boy laying in a bed with a cat on it,0
images/2406389.jpg,there is a cat that is sitting in a box on the floor,0
images/2345717.jpg,there is a black and white cat sitting on a porch next to a suitcase,0
images/2338242.jpg,there is a cat that is sleeping on a desk next to a computer,0
images/2373733.jpg,there is a cat that is sitting on top of a bag on a desk,0
images/2390033.jpg,there is a cat that is sitting in a box on the floor,0
images/2380920.jpg,there is a black cat sitting inside of a suitcase on a bed,0
images/2371101.jpg,there is a black and white cat sitting on a chair at a desk,0
images/2353340.jpg,there is a cat laying on a bed with a hat on top of it,0
images/2359073.jpg,there is a cat sitting on top of a dog laying on the ground,0
images/2399787.jpg,there are two cats that are laying down on a desk next to a computer,0
images/2408194.jpg,there is a cat that is sitting under a black and white umbrella,0
images/2390369.jpg,there is a white refrigerator with many magnets and pictures on it,0
images/2378469.jpg,there is a cat that is standing next to a bike,0
images/2375097.jpg,there is a cat that is laying in a sink next to a bowl,0
images/2337102.jpg,there is a cat laying on a bed next to a laptop computer,0
images/2399035.jpg,there is a black and white cat sitting on the floor next to a person,0
images/2406797.jpg,there is a cat that is sitting in a suitcase on the floor,0
images/2377724.jpg,there is a cat that is sitting on top of a television,0
images/2326609.jpg,there are two cats that are laying on a bed together,0
images/2382757.jpg,there is a black cat that is sitting on a couch in front of a,0
images/2350463.jpg,there is a black cat laying on a desk next to a laptop computer,0
images/2352506.jpg,there is a cat that is sitting in a box with tissue paper on it,0
images/2361300.jpg,there is a woman that is sitting on a couch in the living room,0
images/2416021.jpg,there is a black cat that is sitting on top of a computer keyboard,0
images/2393534.jpg,there is a little girl sitting at a table with a cup of tea and,0
images/2367295.jpg,there is a cat that is standing on a table with a glass of milk,0
images/2371963.jpg,there is a cat that is drinking from a glass on a table,0
images/2325123.jpg,"this is a living room with a couch, chair, coffee table, and",0
images/2337067.jpg,this is a painting of a cat looking at its reflection in a mirror,0
images/2359119.jpg,there is a cat that is sitting in the window sill of a house,0
images/2386734.jpg,there is a cat that is sitting in a suitcase on the floor,0
images/1593105.jpg,there is a woman blowing out candles on a cake on a table,0
images/713492.jpg,"this is a living room with a couch, coffee table, television, and",0
images/2350900.jpg,there is a cat that is sitting in a sink in the bathroom,0
images/2321952.jpg,"there is a living room with two couches, a coffee table and a",0
images/2334327.jpg,there is a black and white cat standing on a bed next to a nightstand,0
images/2359483.jpg,there is a cat that is sitting in a sink in the bathroom,0
images/2342644.jpg,there is a vase of flowers on a table with a cat figurine,0
images/2358235.jpg,there is a black and white cat playing with a pair of boots,0
images/2386169.jpg,there is a woman that is sitting in a chair in front of a television,0
images/2370358.jpg,there are two women standing in a living room playing a video game,0
images/2352397.jpg,there is a cat sitting on top of a bed next to a teddy bear,0
images/2351067.jpg,there is a cat that is looking at a cake with strawberries on it,0
images/2386317.jpg,there is a small dog sitting next to a cupcake with a candle on,0
images/2414309.jpg,there is a black and white cat standing on top of a bed next to,0
images/2363195.jpg,there is a cat that is sitting on the hood of a car,0
images/2337918.jpg,there is a cat that is sitting on the roof of a car,0
images/2353437.jpg,there is a cat that is laying on the hood of a jeep,0
images/2409821.jpg,there is a cat that is sitting on the steering wheel of a car,0
images/2372550.jpg,there is a blue car parked in front of a house with a cat on,0
images/2362306.jpg,there is a cat that is laying down on a window sill,0
images/2398751.jpg,there is a cat that is sitting on the hood of a car,0
images/2331234.jpg,there is a cat that is sitting in the window of a house,0
images/2373548.jpg,there is a cat sitting on top of a car in front of a house,0
images/2390255.jpg,there is a black and white photo of two cats sitting on a window si,0
images/2329389.jpg,there is a cat that is standing on top of a car,0
images/2343475.jpg,there is a cat that is sitting on the window sill of a building,0
images/4759.jpg,there is a cat that is laying on the ground in front of a house,0
images/2371952.jpg,this is a black and white photo of a cat sitting on top of a,0
images/2405231.jpg,there is a cat that is sitting in the window of a building at night,0
images/2351221.jpg,this is a black and white photo of a cat walking in a parking lot,0
images/2376198.jpg,there is a black and white cat laying on top of a car,0
images/2356503.jpg,there are many people that are walking around outside of a church,0
images/2374500.jpg,there is a cat that is laying on top of a car,0
images/2404899.jpg,there is a cat that is looking out the window of a car,0
images/2337490.jpg,there is a cat sitting on a window sill looking out the window,0
images/2362090.jpg,there are two cats sitting on a window sill looking out the window,0
images/2371015.jpg,there is a black clock tower with a statue on top of it,0
images/2408492.jpg,gray and white cat sleeping on top of a desk next to a computer monitor,0
images/2398234.jpg,there is a man holding a cat in his arms in front of a car,0
images/2320521.jpg,there is a cat that is sitting in a suitcase on the floor,0
images/2317705.jpg,there is a dog and a cat sitting on a pile of clothes,0
images/2407329.jpg,there is a cat that is laying on top of a piece of luggage,0
images/2351368.jpg,there is a cat that is sitting on top of a pink suitcase,0
images/2347541.jpg,there is a cat that is sitting in a suitcase on the floor,0
images/2398622.jpg,there is a cat that is laying on the floor next to a suitcase,0
images/2378853.jpg,there is a cat that is laying on top of a piece of luggage,0
images/2370817.jpg,there is a cat that is sitting on top of a pile of luggage,0
images/2335062.jpg,there is a cat that is laying on top of a piece of luggage,0
images/2318716.jpg,there is a cat that is sitting on top of a piece of luggage,0
images/2386483.jpg,there is a cat that is laying on top of a piece of luggage,0
images/2381118.jpg,there are two cats that are sitting in the back seat of a car,0
images/2362254.jpg,there is a cat that is laying on top of a piece of luggage,0
images/2354145.jpg,there is a black cat that is sitting inside of a suitcase,0
images/2350187.jpg,there is a black cat sitting on top of a suitcase in a living room,0
images/2393021.jpg,this is a black and white photo of a cat laying in a suitcase,0
images/2326868.jpg,there is a black and white cat sitting inside of a red suitcase,0
images/2386038.jpg,there is a zebra print rug on the floor with a stuffed animal on it,0
images/2338063.jpg,there is a cat that is sitting on top of a television,0
images/2383592.jpg,there is a cat sitting in front of a television watching a news program,0
images/2392688.jpg,there is a cat that is sitting on top of a tv,0
images/2351231.jpg,there is a cat that is sitting on top of a desk,0
images/2349617.jpg,there is a cat that is sitting on top of a tv,0
images/2403329.jpg,there is a cat sitting in front of a television watching a dog on the,0
images/2345671.jpg,there is a cat sitting in front of a flat screen tv,0
images/713269.jpg,there is a cat that is sitting on the floor in front of a tv,0
images/2374156.jpg,there is a black cat that is laying on a desk next to a laptop,0
images/2344622.jpg,there is a cat that is laying on a person's lap next to,0
images/2337354.jpg,there is a cat that is laying on top of a tv,0
images/2412539.jpg,there is a white cat laying on top of a desk next to a computer,0
images/2320763.jpg,there is a cat that is sitting on a chair in the living room,0
images/2399787.jpg,there are two cats that are laying down on a desk next to a computer,0
images/2335822.jpg,there is a cat that is sitting on a chair in front of a desk,0
images/2406732.jpg,there is a cat that is sitting on a desk in front of a computer,0
images/2412685.jpg,this is an image of a desk with a computer monitor and keyboard,0
images/2406766.jpg,there is a cat that is sitting on a table in front of a tv,0
images/2384565.jpg,there is a black and white cat sitting in front of a television,0
images/2348112.jpg,there is a cat that is sitting on a keyboard with its tongue sticking out,0
images/2340015.jpg,there is a black and white cat sitting on top of a television,0
images/2336619.jpg,there is a cat that is sitting on a desk in front of a computer,0
images/2387465.jpg,there is a cat that is laying on top of a desk,0
images/2383641.jpg,there is a cat that is laying on a bed in front of a tv,0
images/2389522.jpg,there is a cat that is sitting on a ottoman in front of a television,0
images/2386169.jpg,there is a woman that is sitting in a chair in front of a television,0
images/713936.jpg,there is a black and white cat laying on the floor in a living room,0
images/1159417.jpg,there is a cat that is sitting on top of a guitar,0
images/1592349.jpg,there is a black and white cat sitting on top of a shelf next to,0
images/2410326.jpg,there is a cat that is sitting on a chair in front of a computer,0
images/2356120.jpg,there is a cat that is laying on the floor in front of a book,0
images/2379768.jpg,there is a black cat that is sitting on a desk next to a laptop,0
images/2374442.jpg,there is a black and white cat laying on a desk next to a laptop,0
images/2405438.jpg,there is a cat that is sitting on a desk next to a keyboard,0
images/2339150.jpg,there is a cat that is standing next to a bbq in the grass,0
images/2400096.jpg,there is a woman sitting on a couch with a laptop and a cat,0
images/2375386.jpg,there is a cat that is sitting in a box on the floor,0
images/2400983.jpg,there is a cat that is sitting on a chair with a paper hat on,0
images/2337399.jpg,there is a cat that is laying on a desk under a computer monitor,0
images/2334327.jpg,there is a black and white cat standing on a bed next to a nightstand,0
images/2402514.jpg,there is a cat that is sitting on a keyboard next to a laptop,0
images/2414309.jpg,there is a black and white cat standing on top of a bed next to,0
images/2377574.jpg,there is a black cat that is laying on a laptop,0
images/1159344.jpg,there is a cat that is sitting on a chair at a table,0
images/2374615.jpg,there is a cat sitting on top of a desk next to a computer monitor,0
images/2365930.jpg,there is a black and white cat standing on a table next to a laptop,0
images/2336090.jpg,there is a black cat sitting on top of a laptop on a desk,0
images/2404061.jpg,there is a black cat laying on a desk next to a computer,0
images/2341660.jpg,there is a cat that is sleeping on a blanket next to a laptop,0
images/2361058.jpg,there is a dog that is laying on a couch in the living room,0
images/2318737.jpg,there is a cat that is standing on a desk next to a laptop,0
images/2375840.jpg,there are two cats that are sitting on a desk next to a computer,0
images/2340479.jpg,there is a cat laying on a mouse pad next to a computer mouse,0
images/2388543.jpg,there is a cat that is sitting on a desk next to a laptop,0
images/2384738.jpg,there is a cat that is sitting on a desk next to a computer,0
images/2371381.jpg,there is a cat that is sitting on a desk next to a computer,0
images/2359073.jpg,there is a cat sitting on top of a dog laying on the ground,0
images/2369743.jpg,there is a cat that is sitting on a desk next to a computer mouse,0
images/2373601.jpg,there is a cat that is sleeping next to a computer mouse,0
images/2351211.jpg,there is a computer desk with a keyboard and a monitor on it,0
images/2412685.jpg,this is an image of a desk with a computer monitor and keyboard,0
images/2378620.jpg,there is a cat that is sitting on a desk next to a laptop,0
images/2406863.jpg,there is a cat that is sitting next to a mouse on a bed,0
images/2342803.jpg,there is a cat that is sleeping next to a computer mouse,0
images/2399043.jpg,there are two cats sitting on a window sill next to a fan,0
images/2319932.jpg,there is a cat that is sitting on top of a laptop,0
images/2346371.jpg,there is a cat that is laying on a table with a laptop on it,0
images/2402810.jpg,there is a cat laying on a bed next to a computer mouse,0
images/2395559.jpg,there is a cat that is laying on top of a towel on a desk,0
images/2334972.jpg,there is a cat that is sitting on a mouse on a desk,0
images/2336619.jpg,there is a cat that is sitting on a desk in front of a computer,0
images/2367153.jpg,there is a cat that is sitting on a laptop on the table,0
images/2389522.jpg,there is a cat that is sitting on a ottoman in front of a television,0
images/2347162.jpg,there is a computer desk with two monitors and a laptop on it,0
images/2358235.jpg,there is a black and white cat playing with a pair of boots,0
images/713936.jpg,there is a black and white cat laying on the floor in a living room,0
images/2349067.jpg,there is a cat that is laying down next to a person using a laptop,0
images/2398618.jpg,there is a cat that is sitting on a chair in front of a computer,0
images/2386737.jpg,there is a cat sitting in front of a laptop on a desk,0
images/2374046.jpg,there is a cat and a dog sleeping next to each other on a mouse,0
images/2347016.jpg,there is a cat that is sitting on top of a desk with a laptop,0
images/2353942.jpg,there is a dog that is standing on the street with a rat on its,0
images/2390878.jpg,there is a cat that is sitting on top of a laptop,0
images/2373359.jpg,there is a cat that is sleeping next to a computer mouse,0
images/2411533.jpg,there is a cat sitting on the back of a dog on the street,0
images/2375671.jpg,there is a cat that is sitting on top of a laptop,0
images/2409429.jpg,there is a man sitting at a desk with a cat on his lap,0
images/2374442.jpg,there is a black and white cat laying on a desk next to a laptop,0
images/2405438.jpg,there is a cat that is sitting on a desk next to a keyboard,0
images/2327526.jpg,there is a man that is sitting in a chair in front of a desk,0
images/2356168.jpg,there is a man and woman sitting on a couch with a laptop,0
images/2382974.jpg,there is a pizza sitting on a table with a slice missing from it,0
images/2372277.jpg,there is a cat that is sitting on top of a desk,0
images/2325665.jpg,there is a plate of food on a table with a cup of coffee,0
images/2414530.jpg,there are many people sitting at a table with a cat on the table,0
images/2404280.jpg,there is a black and white cat sitting on a dining room table,0
images/2406304.jpg,there is a black cat that is sitting under a red table,0
images/2387451.jpg,there is a cat that is sitting on a bench in front of a restaurant,0
images/2385325.jpg,there is a cat that is sitting on a table in the living room,0
images/2412685.jpg,this is an image of a desk with a computer monitor and keyboard,0
images/1159344.jpg,there is a cat that is sitting on a chair at a table,0
images/2371118.jpg,there is a cat that is sleeping in a basket with a teddy bear,0
images/2409702.jpg,there is a cat that is sleeping next to a teddy bear,0
images/2413920.jpg,there is a cat sitting next to a yellow teddy bear on a bed,0
images/2371043.jpg,there is a woman in a purple dress posing next to a teddy bear,0
images/2378301.jpg,there is a cat that is sitting next to a teddy bear,0
images/2387912.jpg,there is a cat sitting on top of a tv in a living room,0
images/2364415.jpg,there is a cat playing with a teddy bear next to a christmas tree,0
images/2415546.jpg,there is a cat that is playing with a teddy bear on the floor,0
images/2330673.jpg,there are many valentine's day chocolates on display in a store,0
images/2315974.jpg,there is a cat that is sitting next to a pink teddy bear,0
images/2371162.jpg,there is a cat sitting next to a teddy bear on a bed,0
images/2399276.jpg,there is a cat sitting in front of a television watching a baseball game,0
images/2407780.jpg,there are two siamese cats playing with a toy in the living room,0
images/2320584.jpg,there is a cat that is laying on top of a dresser,0
images/2369453.jpg,there is a cat sitting on top of a dresser in front of a television,0
images/2340015.jpg,there is a black and white cat sitting on top of a television,0
images/2335822.jpg,there is a cat that is sitting on a chair in front of a desk,0
images/2364431.jpg,there is a cat that is standing on a table in the living room,0
images/713269.jpg,there is a cat that is sitting on the floor in front of a tv,0
images/2406766.jpg,there is a cat that is sitting on a table in front of a tv,0
images/1592349.jpg,there is a black and white cat sitting on top of a shelf next to,0
images/2368640.jpg,there is a cat that is sitting in front of a television,0
images/2337662.jpg,there is a black and white cat sitting in front of a television,0
images/2408809.jpg,there is a cat that is sitting on a shelf in front of a tv,0
images/2389921.jpg,there is a cat that is sitting on a chair in front of a tv,0
images/2369453.jpg,there is a cat sitting on top of a dresser in front of a television,0
images/2387912.jpg,there is a cat sitting on top of a tv in a living room,0
images/2342394.jpg,there is a cat that is sitting in front of a television in a kitchen,0
images/285682.jpg,there is a black and white cat sitting on top of a desk next to,0
images/2349617.jpg,there is a cat that is sitting on top of a tv,0
images/2378882.jpg,there are two cats that are sitting on a table in front of a tv,0
images/2345671.jpg,there is a cat sitting in front of a flat screen tv,0
images/2388884.jpg,there is a cat that is sleeping on a bookshelf full of books,0
images/2392176.jpg,there is a cat that is sleeping on top of a bookshelf,0
images/2356120.jpg,there is a cat that is laying on the floor in front of a book,0
images/2405446.jpg,there is a dog that is laying on a bed in a room,0
images/2407287.jpg,there is a cat that is wearing a hat on top of a bed,0
images/2390524.jpg,there is a cat that is looking at its reflection in the mirror,0
images/2321952.jpg,"there is a living room with two couches, a coffee table and a",0
images/285735.jpg,there is a cat that is laying on a couch with a laptop on it,0
images/2374041.jpg,there is a black and white cat sitting on a chair on the porch,0
images/2385325.jpg,there is a cat that is sitting on a table in the living room,0
images/2371528.jpg,there is a black cat and a white dog laying on a couch,0
images/2387395.jpg,there are three cats that are laying on a bed together,0
images/2359938.jpg,there is a collage of pictures of people and animals on the beach,1
images/2409697.jpg,there is a little girl that is standing in the grass with a kite,1
images/2316169.jpg,there is a woman sitting in a chair with a baby and a dog,1
images/2410817.jpg,there is a dog jumping up to catch a frisbee in the air,1
images/2335476.jpg,there is a woman walking a dog down the sidewalk with a skateboard,1
images/2318441.jpg,there is a woman and a dog sitting in the back seat of a car,1
images/2322259.jpg,there is a car that is parked on the side of the road,1
images/2374573.jpg,there is a man and a little girl flying a kite on the beach,1
images/2323804.jpg,there are two people and a dog on a dock by the water,1
images/2356619.jpg,there is a dog that is jumping in the air to catch a fris,1
images/2373351.jpg,there are two women and a dog on a boat on the water,1
images/2381417.jpg,there is a man flying a kite in a field with a dog,1
images/2384517.jpg,there is a woman walking a dog on a leash in a park,1
images/2375883.jpg,there is a woman walking a dog on a leash in a city square,1
images/2324546.jpg,there is a young baseball player pitching a ball on the field,1
images/2353501.jpg,there are two dogs sitting in a basket on the back of a bike,1
images/2402353.jpg,there are two women sitting on a bench talking to each other,1
images/1592181.jpg,there is a woman sitting on the floor with two dogs and a stuffed animal,1
images/2408562.jpg,there is a dog that is jumping up to catch a frisbee,1
images/2391492.jpg,there are two people riding in a horse drawn carriage on the street,1
images/2393362.jpg,they are playing frisbee in the park with a dog on the grass,1
images/2415617.jpg,there is a man and a woman sitting on a bench with a dog,1
images/2407227.jpg,there is a woman that is standing in the snow with two dogs,1
images/2379484.jpg,there are two people and a dog on a trail in the woods,1
images/2382042.jpg,there are two women and a dog sitting at a table with a birthday cake,1
images/2363530.jpg,there is a man flying a kite on the beach next to the ocean,1
images/2348412.jpg,there is a woman feeding a dog with a bottle of water,1
images/2343433.jpg,there are two people sitting at a picnic table with a dog in the background,1
images/2394449.jpg,black and white photo of a group of people standing around a dog on a,1
images/2368409.jpg,several people sitting at a table with a cake and a dog,1
images/2371032.jpg,there is a woman walking a dog down the sidewalk in front of a store,1
images/2376104.jpg,there is a woman sitting on a bed with two dogs on her lap,1
images/2355266.jpg,there is a woman holding a frisbee on a field with people watching,1
images/2347216.jpg,there is a woman that is sitting on a couch with a book,1
images/2387995.jpg,there is a woman and her dog waiting at a bus stop,1
images/2387140.jpg,there is a woman and a dog standing on the side of the street,1
images/2377704.jpg,there is a man and a woman petting a small dog on a bike,1
images/2370727.jpg,there is a man in red riding a horse with a bunch of dogs,1
images/498019.jpg,there is a group of people sitting on a couch with a dog,1
images/2320410.jpg,there are many people sitting under an umbrella in the park,1
images/2358897.jpg,there is a man standing in the water with a dog on a leash,1
images/2388985.jpg,there is a woman sitting on a bench on the side of the street,1
images/2315606.jpg,there is a man doing a handstand on a skateboard in front,1
images/2338488.jpg,there is a woman riding a bike with a man on the back of it,1
images/2360562.jpg,there are two people on skis on a snowy hill with a dog,1
images/2377429.jpg,this is a picture of a living room with a couch and a picture on,1
images/722.jpg,there is a man and a woman walking down the street with a dog,1
images/2414301.jpg,there are three people sitting on a couch with a dog and a cat,1
images/2413346.jpg,there are three women sitting on a couch with a teddy bear,1
images/2379730.jpg,there is a woman that is walking a dog on a leash in the water,1
images/2377018.jpg,there are a lot of people standing on the side of the street,1
images/2386795.jpg,there is a woman riding skis on a snowy trail with a dog,1
images/2417191.jpg,there is a man riding a skateboard down the street with a flag,1
images/2333478.jpg,there are many people swimming in the ocean with a dog on a surfboard,1
images/2334261.jpg,there is a dog that is jumping up to catch a frisbee,1
images/2368734.jpg,there is a man sitting in a lawn chair on the side of the street,1
images/2373754.jpg,blonde haired woman in a green truck with a white dog in her lap,1
images/2320636.jpg,they are riding horses in a parade on a city street,1
images/2350677.jpg,there is a woman standing in front of a table with a cake on it,1
images/2328869.jpg,there is a dog that is standing on the sidewalk with a hat on it,1
images/2361529.jpg,there is a man kneeling down with a dog and a herd of sheep,1
images/2361415.jpg,this is an old photo of a family with a dog and tennis rackets,1
images/2382399.jpg,there is a dog that is jumping in the air to catch a fris,1
images/2346200.jpg,there is a woman that is sitting on a bench with a dog,1
images/2379063.jpg,there is a man and a dog on a paddle board in the water,1
images/2392123.jpg,there is a man that is throwing a frisbee in the air,1
images/2329292.jpg,there are people walking on the sidewalk in front of a building with a sign,1
images/2394272.jpg,there is a woman playing frisbee with a dog on a field,1
images/2413880.jpg,there are people crossing the street in the city on a sunny day,1
images/1160042.jpg,there are a lot of bananas that are being sold at the market,1
images/2395104.jpg,there is a woman that is standing in the grass near a bench,1
images/2347070.jpg,there is a man and a woman flying a kite on the beach,1
images/2384455.jpg,there is a cow that is standing on the beach with people in the background,1
images/2383229.jpg,there are two people sitting on the grass in front of a building,1
images/2400986.jpg,there is a dog that is standing in the dirt with a frisbee,1
images/2341652.jpg,there is a man riding a motorcycle with a dog on the back of it,1
images/2376475.jpg,there is a man and a dog that are standing in the airport,1
images/2343137.jpg,there is a woman combing a dog's hair in a salon,1
images/2349888.jpg,there is a woman that is talking on a cell phone by the water,1
images/2387128.jpg,there is a woman walking two dogs on a leash down the street,1
images/2394611.jpg,there is a man riding a horse on the beach with a dog,1
images/2371922.jpg,there are people walking along the beach with surfboards in the water,1
images/588.jpg,several people walking dogs on a city street with tall buildings in the background,1
images/2404081.jpg,there is a young girl swinging a bat at a ball on the beach,1
images/2353948.jpg,there is a white dog wearing a white shirt on a skateboard,1
images/2331177.jpg,there is a woman that is cutting a cake on a table,1
images/2402346.jpg,there is a dog jumping to catch a frisbee in the air,1
images/2361824.jpg,there is a woman riding a bike down the street with a dog on a,1
images/1831.jpg,there are many people standing on the side of the road with their dogs,1
images/2383252.jpg,there is a woman feeding a dog a donut with a pink frosting,1
images/1592440.jpg,three women sitting at a table with a laptop and a dog in a kitchen,1
images/2332528.jpg,there is a man that is holding a teddy bear in his arms,1
images/2364444.jpg,there is a man playing frisbee with a dog in a field,1
images/2385453.jpg,there is a woman sitting at a desk with a dog in her lap,1
images/2365847.jpg,there is a man and a dog playing frisbee in a field,1
images/2397601.jpg,there is a woman that is holding a dog in front of a mirror,1
images/2329347.jpg,there is a woman and a dog in a boat on the water,1
images/2414471.jpg,there is a woman sitting on a couch with two dogs on it,1
images/2399233.jpg,black and white photograph of two people and a dog in the snow,1
images/2366841.jpg,several people are riding horses in a fenced in area with a dog,1
images/2343165.jpg,they are playing frisbee with a dog on the grass in front of,1
images/2415707.jpg,there is a woman sitting on a couch with two dogs on her lap,1
images/2359950.jpg,there is a man riding a bike down a path next to a body of,1
images/1159610.jpg,there are people walking with umbrellas and a dog on the sidewalk,1
images/2334223.jpg,there are three people walking on the beach with a dog on a leash,1
images/2367351.jpg,there is a woman walking a dog on a leash on the sidewalk,1
images/2414764.jpg,there is a woman sitting in the grass with a cell phone in her hand,1
images/2375612.jpg,there is a dog that is jumping in the air with a frisbee,1
images/2404537.jpg,there are people and a dog on the beach with a mountain in the background,1
images/2331500.jpg,there are many people that are flying kites in the field,1
images/2318308.jpg,there is a woman holding a dog in her arms in the kitchen,1
images/2415470.jpg,woman sitting on a bed with a laptop and a dog laying on the bed,1
images/2392197.jpg,there is a man and woman riding a motorcycle with a dog on the back,1
images/2412423.jpg,there is a woman that is standing in the grass with some cows,1
images/2379225.jpg,there is a woman walking a small white dog on a leash,1
images/2322106.jpg,several people on a boat with a dog and a man in a cowboy hat,1
images/2415110.jpg,there is a white horse and a black dog standing next to a building,1
images/2400135.jpg,there is a woman that is holding a small dog on a table,1
images/2381402.jpg,there are three people and two dogs skiing in the snow,1
images/2392036.jpg,there is a man that is sitting on a surfboard in the water,1
images/2398619.jpg,there are three surfers walking out of the water with their surfboards,1
images/2411533.jpg,there is a cat sitting on the back of a dog on the street,1
images/2363812.jpg,there is a dog that is laying on a person's lap in front,1
images/2406866.jpg,cars parked in a parking lot with a giant yellow fire hydrant in the,1
images/2325485.jpg,there is a woman that is sitting on the ground with a horse,1
images/2356123.jpg,there are many people that are flying kites in the park,1
images/2379667.jpg,black and white photo of a man sitting on a bench next to a tree,1
images/2357995.jpg,there is a train that is going over a bridge on the road,1
images/2368944.jpg,surfers and their dogs riding a wave on a surfboard in the ocean,1
images/2413820.jpg,there is a woman sitting on a bench with a dog on her lap,1
images/2389504.jpg,there is a woman that is standing in front of a mirror,1
images/2325387.jpg,there is a woman laying on the floor with a dog on her lap,1
images/3424.jpg,there is a tree that is in the middle of the street,1
images/2315716.jpg,there is a motorcycle parked in the grass with people and dogs in the background,1
images/2348342.jpg,there is a dog that is catching a frisbee in the air,1
images/2407435.jpg,there is a woman that is walking a bike with a dog on the leash,1
images/2388687.jpg,there is a woman sitting on the beach with two cows and a dog,1
images/2405419.jpg,there are two women sitting on the beach with their dogs,1
images/2382121.jpg,there are many people walking their dogs down the sidewalk together,1
images/2389127.jpg,there is a woman standing next to a bench with a dog on it,1
images/2354002.jpg,there are people walking down the street with an elephant in the middle of the,1
images/2326167.jpg,there is a black and white dog catching a frisbee in the air,1
images/2402665.jpg,there is a black and white dog jumping to catch a frisbee,1
images/2337421.jpg,there are two women walking down the sidewalk with a dog in their arms,1
images/2342900.jpg,there is a group of people that are walking down the street with a dog,1
images/2324234.jpg,there is a woman that is riding a bike with a basket on the back,1
images/2352286.jpg,there is a woman laying on a couch with a laptop on her lap,1
images/2414053.jpg,there are two people and a dog riding skateboards in a courtyard,1
images/2406798.jpg,there is a lot of people that are walking and riding bikes on the street,1
images/2369147.jpg,there are two men playing a video game together in the living room,1
images/2361561.jpg,there are two people and a dog on skis in the snow,1
images/2329428.jpg,there is a woman that is riding a bike with a dog in a basket,1
images/2391621.jpg,there is a black dog that is being petted by a woman at a,1
images/2319334.jpg,there is a man riding a bike down the street with a backpack on his,1
images/2376077.jpg,there is a train that is pulling into the station in the snow,1
images/2360774.jpg,there are many people standing in a parking lot with motorcycles,1
images/2393911.jpg,several people sitting on a couch playing a video game with remote controllers,1
images/2345905.jpg,there is a man standing next to a woman and a dog on a leash,1
images/2385023.jpg,there is a woman that is sitting at a desk with an orange in her,1
images/2329691.jpg,there is a woman sitting on a couch in a living room with a dog,1
images/2407878.jpg,there is a dog that is sitting on a bus with its head on the,1
images/2360221.jpg,there is a woman playing frisbee with a dog on the green carpet,1
images/2321557.jpg,there is a man riding a motorcycle down the street in front of a crowd,1
images/2348551.jpg,there are two women playing frisbee with a dog in the yard,1
images/2414629.jpg,there is a woman standing next to a red truck with its hood open,1
images/2393935.jpg,there is a small dog that is laying on a pile of books,1
images/2403710.jpg,there are many dogs riding on a surfboard in the water,1
images/2402737.jpg,there are a lot of people that are riding motorcycles in the parking lot,1
images/2377469.jpg,there is a man and a woman on a surfboard riding a wave,1
images/2400408.jpg,black and white photograph of a woman sitting on a bench next to a dog,1
images/2364719.jpg,there is a dog that is standing next to a motorcycle,1
images/2400642.jpg,there is a man playing frisbee with a dog in the park,1
images/2322354.jpg,blond woman in a bikini walking a dog on a leash on the beach,1
images/2356624.jpg,black and white photograph of a woman sitting on a chair with a dog,1
images/2397167.jpg,there is a woman sitting on a bed with a cat and a laptop,1
images/2344647.jpg,there are four women sitting in chairs playing a video game,1
images/2416114.jpg,there is a woman walking a dog with an umbrella on a leash,1
images/2378582.jpg,there is a man flying a kite in a field with trees in the background,1
images/1592252.jpg,there is a dog that is standing next to a person with a stroller,1
images/2365964.jpg,there are many people standing on the beach with their surfboards,1
images/2416279.jpg,they are sitting on a bench on the side of the street,1
images/2379154.jpg,there is a dog that is jumping over a ramp with a ball in its,1
images/2365164.jpg,there are many dogs that are standing on the steps of a building,1
images/285650.jpg,there is a woman that is holding a cake in front of a microwave,1
images/2396988.jpg,there is a man and a woman sitting on a bench with a dog,1
images/2371647.jpg,black and white photograph of a woman walking down a sidewalk with a dog,1
images/2356036.jpg,there is a woman walking a dog on a leash down the street,1
images/2318384.jpg,there is a woman in a pink shirt holding a dog in a hair salon,1
images/2318049.jpg,there is a dog that is jumping in the air with a frisbee,1
images/2359181.jpg,black and white photo of a person with a hoodie standing next to a,1
images/2388411.jpg,black and white photograph of a small white dog being pet by a group of,1
images/2409094.jpg,there is a dog that is standing on a leash in the street,1
images/2330481.jpg,there are two people and two dogs posing for a picture in the snow,1
images/2322764.jpg,there are two dogs sitting on the back of a motor scooter,1
images/2403205.jpg,there is a woman riding a motorcycle with a dog on the back of it,1
images/2383170.jpg,there are many motorcycles that are parked in the dirt,1
images/2316789.jpg,there are two dogs that are tied to a pole on the sidewalk,1
images/2340178.jpg,there is a woman playing frisbee with two dogs in the yard,1
images/2362530.jpg,there is a woman and a dog playing with a frisbee in the,1
images/2399443.jpg,there is a woman and a dog on the beach with a moon in the,1
images/2376697.jpg,there are two women walking down the street with a dog on a leash,1
images/2402984.jpg,several surfboards are lined up on the beach with a man walking a dog,1
images/2330759.jpg,several people sitting in a living room with a dog and a coffee table,1
images/2395632.jpg,there is a dog that is swimming in a pool of water,1
images/2349696.jpg,several people walking down a dirt road with umbrellas over their heads,1
images/2416234.jpg,there are many people and a dog on the shore of a river,1
images/2380921.jpg,there is a man and a dog that are playing frisbee in the,1
images/2353644.jpg,this is an image of a box of chocolates with the words hello and,1
images/2363971.jpg,there is a man and a woman sitting on a couch with a dog,1
images/2395166.jpg,there are many people standing on a field watching a dog in the air,1
images/2393573.jpg,there is a woman sitting on a couch playing a video game with a dog,1
images/2352906.jpg,there is a woman walking a dog on a leash in front of a store,1
images/2397787.jpg,there is a dog that is jumping in the air to catch a fris,1
images/2336458.jpg,there are many people in the water with their dogs on a raft,1
images/2406821.jpg,there is a red and blue bus that is parked on the side of the,1
images/2367512.jpg,there is a dog that is standing in the middle of the street with people,1
images/2393152.jpg,there are many people on the beach flying kites on a clear day,1
images/2323367.jpg,there is a woman in a bathing suit and a dog on a surfboard,1
images/2370877.jpg,there is a dog that is standing on a skateboard on the street,1
images/2316030.jpg,there is a dog that is standing on a surfboard in the water,1
images/2356877.jpg,there is a dog that is jumping in the air to catch a fris,1
images/2391849.jpg,there are many people walking in the rain with umbrellas on a rainy day,1
images/2315875.jpg,there are three people that are sitting on a bench with a dog,1
images/2401902.jpg,there is a woman walking a dog on a leash down the sidewalk,1
images/2335375.jpg,there are many people flying kites in the park on a cloudy day,1
images/2341368.jpg,there are people walking down the street in the city on a sunny day,1
images/2404245.jpg,several people and a dog are sitting in chairs in a garage,1
images/2417119.jpg,there are many people that are riding motorcycles down the street,1
images/2323280.jpg,several people sitting at tables with red umbrellas and a dog on a leash,1
images/2316688.jpg,there is a person walking down a dirt road with an umbrella,1
images/2413945.jpg,there is a woman sitting on a bench with a dog on a leash,1
images/2355519.jpg,there is a dog that is playing with a frisbee in his mouth,1
images/2365507.jpg,there is a man sitting on the ground with a dog on his lap,1
images/2407605.jpg,there is a man that is doing a trick on a bike on a bench,1
images/308.jpg,there are people walking on the sidewalk next to the water,1
images/2320118.jpg,there is a woman that is holding a green umbrella over her head,1
images/2412325.jpg,there are many people standing in a field with umbrellas in the rain,1
images/2338677.jpg,there are two people standing in a living room playing a video game,1
images/2406272.jpg,this is an old photo of a woman and her dog in front of a,1
images/2413856.jpg,there is a man playing frisbee with a dog on the grass,1
images/2359038.jpg,there is a dog that is jumping in the air with a frisbee,1
images/713048.jpg,there are many people on a boat with a dog on the back of it,1
images/1592560.jpg,there is a woman playing with a dog in the living room,1
images/2362800.jpg,there is a white refrigerator with magnets on it in front of a painting,1
images/2355121.jpg,there is a woman that is holding a small dog in her arms,1
images/2416836.jpg,there is a man playing frisbee with two dogs in a field,1
images/2372773.jpg,there is a man sitting on a park bench reading a book,1
images/2380863.jpg,there are many food trucks that are parked on the side of the street,1
images/2399755.jpg,there are many people walking down the street talking on their cell phones,1
images/2372332.jpg,several people petting a sheep in a grassy field with other people in the,1
images/2395207.jpg,there is a woman that is sitting at a table with some food on it,1
images/2377106.jpg,there is a woman standing in a living room with a dog on the floor,1
images/2395806.jpg,there are three women standing in the grass with a dog on a leash,1
images/2371249.jpg,there is a woman that is holding a dog and wearing a hat,1
images/2334244.jpg,there are many people that are standing in the grass with frisbees,1
images/2353942.jpg,there is a dog that is standing on the street with a rat on its,1
images/2377474.jpg,there is a woman that is riding a surfboard in the water,1
images/2355579.jpg,there are a lot of people that are skiing in the snow,1
images/2317093.jpg,there is a man and woman sitting next to a dog on a bench,1
images/2347727.jpg,there is a woman standing in a kitchen with a dog in the kitchen,1
images/2353381.jpg,there is a woman sitting on a couch with a cone on her head,1
images/2348791.jpg,there is a woman standing on the sidewalk with a dog on a leash,1
images/2394647.jpg,there is a woman that is sitting on a bed brushing her teeth,1
images/2386134.jpg,there is a woman that is riding a bike with a dog in the basket,1
images/2380064.jpg,several people sitting in a living room watching television and a dog laying on the,1
images/2382466.jpg,there is a woman standing next to a parked motorcycle on a cobblestone,1
images/2324193.jpg,smiling woman holding a brown dog in her arms in front of a refrigerator,1
images/2377946.jpg,there is a woman laying in bed with a dog on the bed,1
images/2411557.jpg,they are playing frisbee in a park with a crowd of people watching,1
images/2318369.jpg,there is a man taking a picture of himself in the mirror of a tree,1
images/2407734.jpg,they are playing frisbee with a dog in a field with people watching,1
images/2318692.jpg,there is a dog jumping over a man on the ground with a fris,1
images/2335936.jpg,there is a woman holding a large white dog in a kitchen,1
images/2348065.jpg,there is a woman that is standing next to a bench with a dog on,1
images/2328085.jpg,there are two women and a dog walking down a path with a cow,1
images/2329456.jpg,there is a black and white dog laying on the ground in front of a,1
images/2387472.jpg,there is a woman taking a picture of a dog in the rear view mirror,1
images/2412794.jpg,there is a man and a woman walking on the beach with a dog,1
images/713479.jpg,there is a man and a woman sitting at a table with a dog,1
images/2386512.jpg,there is a woman riding a scooter with a dog on the back,1
images/2366052.jpg,there is a man selling oranges from a cart on the street,1
images/2360443.jpg,there is a woman walking two dogs in a field with a frisbee,1
images/2339221.jpg,there is a woman walking a dog on the sidewalk with a handbag,1
images/2409740.jpg,there are two men riding bikes down the street with surfboards on their backs,1
images/2411786.jpg,they are playing frisbee in the park with their dogs,1
images/2335189.jpg,there is a man and a woman walking a dog down the street,1
images/2386435.jpg,there is a dog that is jumping in the air to catch a fris,1
images/2406283.jpg,there are two women sitting at a table with plates of food and a dog,1
images/2367636.jpg,there are many kites that are being flown in the sky,1
images/2347373.jpg,several people are flying kites in a park with a bus in the background,1
images/2347725.jpg,there is a small dog that is sitting in the back of a red bag,1
images/2370001.jpg,black and white photo of a woman sitting on a porch with a dog,1
images/2413586.jpg,several people and a dog are sitting at a table in a kitchen,1
images/2397768.jpg,there are a lot of dogs that are standing in the water,1
images/2416883.jpg,there is a woman standing in the grass with a dog and a fris,1
images/2393173.jpg,there is a man walking a dog with an umbrella on a leash,1
images/2358659.jpg,there is a woman that is holding a dog in her arms,1
images/2326052.jpg,there is a woman and a dog on a surfboard in the water,1
images/2333137.jpg,there is a woman that is flying a kite in the grass,1
images/2333690.jpg,there is a woman and a dog in a bathroom looking at a toilet,1
images/2389743.jpg,there is a man and a woman standing next to a truck with a dog,1
images/2404163.jpg,there is a black and white dog wearing a red scarf and red shoes,1
images/2352844.jpg,there is a hot dog and a drink on a red table,1
images/2328709.jpg,someone is holding a hot dog with cheese and sprouts on it,1
images/2409292.jpg,there is a hot dog on a bun with onions and mustard on it,1
images/2357329.jpg,there is a plate with a hot dog and french fries next to a bowl,1
images/2350300.jpg,there is a person holding a hot dog with mustard and ketchup on,1
images/2344997.jpg,there is a hot dog on a bun with cheese and ketchup on,1
images/2341651.jpg,there is a young boy that is sitting in a chair eating a hot dog,1
images/2354029.jpg,there is a hot dog on a bun with toppings on it,1
images/2400968.jpg,there are two hotdogs on a plate with chips on the side,1
images/2380470.jpg,there is a man sitting on the floor with a dog eating a hot dog,1
images/2377691.jpg,there is a person holding a hot dog with ketchup and potato chips,1
images/2399755.jpg,there are many people walking down the street talking on their cell phones,1
images/2417730.jpg,there are two hotdogs on a plate with a side of fruit salad,1
images/2335451.jpg,there are two hot dogs on buns with toppings on a yellow table,1
images/2334564.jpg,there is a man and a dog on a surfboard in the water,1
images/2359938.jpg,there is a collage of pictures of people and animals on the beach,1
images/2316169.jpg,there is a woman sitting in a chair with a baby and a dog,1
images/2403391.jpg,there are many people that are out in the water on the beach,1
images/2374573.jpg,there is a man and a little girl flying a kite on the beach,1
images/2323804.jpg,there are two people and a dog on a dock by the water,1
images/2356619.jpg,there is a dog that is jumping in the air to catch a fris,1
images/2373351.jpg,there are two women and a dog on a boat on the water,1
images/2374386.jpg,there is a woman with a pink umbrella walking down the street,1
images/2384339.jpg,there is a man and a woman standing on the edge of a concrete wall,1
images/2324546.jpg,there is a young baseball player pitching a ball on the field,1
images/2366961.jpg,this is a black and white photo of a group of men and a dog,1
images/2408562.jpg,there is a dog that is jumping up to catch a frisbee,1
images/2366353.jpg,several people and a dog in a grassy area with tents in the background,1
images/2380237.jpg,there is a dog that is running with a frisbee in its mouth,1
images/2361930.jpg,there is a man holding a dog on his shoulders in front of a building,1
images/2348946.jpg,there is a dog that is standing on a surfboard in the water,1
images/2415617.jpg,there is a man and a woman sitting on a bench with a dog,1
images/2317995.jpg,there are many pictures of goats and sheep in a fenced in area,1
images/2393765.jpg,there are two men sitting on a bed with a dog on the bed,1
images/2358614.jpg,there is a man that is sitting at a desk with his arms crossed,1
images/2324236.jpg,there is a woman riding a skateboard with a dog on a leash,1
images/2360057.jpg,there is a man and a dog on the beach flying a kite,1
images/2371420.jpg,there is a woman standing in a living room with two children and a dog,1
images/2352484.jpg,there is a group of people riding in a boat on a river,1
images/2348412.jpg,there is a woman feeding a dog with a bottle of water,1
images/2343433.jpg,there are two people sitting at a picnic table with a dog in the background,1
images/2330356.jpg,there is a man that is standing in the grass with a surfboard,1
images/2368409.jpg,several people sitting at a table with a cake and a dog,1
images/2357994.jpg,there is a dog that is sitting on a workbench in a workshop,1
images/2371032.jpg,there is a woman walking a dog down the sidewalk in front of a store,1
images/1593164.jpg,there are two men and two dogs sitting at a table with plates of food,1
images/286019.jpg,there is a man and a woman sitting on a bench in the park,1
images/2317781.jpg,there are many people that are flying kites in the parking lot,1
images/2377704.jpg,there is a man and a woman petting a small dog on a bike,1
images/2394992.jpg,there is a man that is standing in the grass with a dog,1
images/2377932.jpg,there is a man sitting on a bench with a dog and a cell phone,1
images/498019.jpg,there is a group of people sitting on a couch with a dog,1
images/2370415.jpg,there is a dog wearing a life jacket on a surfboard in the water,1
images/2320410.jpg,there are many people sitting under an umbrella in the park,1
images/2358897.jpg,there is a man standing in the water with a dog on a leash,1
images/2358221.jpg,they are playing frisbee with a dog in the yard,1
images/2332586.jpg,there is a little girl that is sitting next to a big dog,1
images/713188.jpg,there is a woman and a dog on a surfboard in the water,1
images/2388985.jpg,there is a woman sitting on a bench on the side of the street,1
images/2382504.jpg,there is a woman that is playing with a dog in the grass,1
images/2315606.jpg,there is a man doing a handstand on a skateboard in front,1
images/2407510.jpg,there is a man riding a skateboard next to a dog on the street,1
images/2338488.jpg,there is a woman riding a bike with a man on the back of it,1
images/2330218.jpg,there is a dog that is standing on a leash in the woods,1
images/2382139.jpg,there are two young boys sitting on a bunk bed reading a book,1
images/2325354.jpg,there is a man riding a sled pulled by two dogs in the snow,1
images/2414301.jpg,there are three people sitting on a couch with a dog and a cat,1
images/2413346.jpg,there are three women sitting on a couch with a teddy bear,1
images/2323635.jpg,there is a man that is standing on the side of the road,1
images/1592139.jpg,there is a man and a dog that are sitting in a boat,1
images/2385923.jpg,there is a young boy holding a baseball bat on a baseball field,1
images/2376794.jpg,there is a young boy that is standing in front of a body of water,1
images/2377018.jpg,there are a lot of people standing on the side of the street,1
images/2405157.jpg,there is a boy jumping in the air with a tennis racket and a,1
images/2393332.jpg,there is a man and two dogs standing in the water at the beach,1
images/2382301.jpg,there is a dog that is walking in the snow with a person in the,1
images/2412687.jpg,there is a man and a dog playing with a frisbee in the,1
images/2337026.jpg,there is a man and a dog on a boat in the water,1
images/2351814.jpg,there is a woman holding a baby and a dog that is sitting next to,1
images/2409245.jpg,there is a car with a bike on top of it in a parking lot,1
images/2368734.jpg,there is a man sitting in a lawn chair on the side of the street,1
images/2414515.jpg,there is a man riding a skateboard up the side of a ramp,1
images/2320636.jpg,they are riding horses in a parade on a city street,1
images/2377157.jpg,there is a man and a dog playing with a frisbee in the,1
images/2350677.jpg,there is a woman standing in front of a table with a cake on it,1
images/2361415.jpg,this is an old photo of a family with a dog and tennis rackets,1
images/2382399.jpg,there is a dog that is jumping in the air to catch a fris,1
images/2363708.jpg,there are two men sitting on the edge of a skateboard ramp,1
images/2357723.jpg,there is a cake that has a man and a dog on it,1
images/2368834.jpg,there is a man that is holding a dog in his lap,1
images/2398862.jpg,there is a young boy sitting on a boat with a dog in his lap,1
images/2392123.jpg,there is a man that is throwing a frisbee in the air,1
images/2403124.jpg,there are two dogs that are laying down in the grass,1
images/2394272.jpg,there is a woman playing frisbee with a dog on a field,1
images/2414707.jpg,there are many dogs riding on a surfboard in the water,1
images/2367331.jpg,there is a man riding a skateboard with a dog on it,1
images/2377375.jpg,there is a woman sitting on a bench with a dog on her lap,1
images/2337084.jpg,there are four people standing in a living room playing a video game,1
images/2413880.jpg,there are people crossing the street in the city on a sunny day,1
images/1160042.jpg,there are a lot of bananas that are being sold at the market,1
images/1592176.jpg,there is a dog that is standing on a leash in front of a book,1
images/2341651.jpg,there is a young boy that is sitting in a chair eating a hot dog,1
images/2381352.jpg,they are playing frisbee in the park with their dog,1
images/2391800.jpg,there is a man playing frisbee with a dog on the field,1
images/2364372.jpg,there is a man riding a horse with a dog on the side of the,1
images/2395104.jpg,there is a woman that is standing in the grass near a bench,1
images/2347070.jpg,there is a man and a woman flying a kite on the beach,1
images/2344629.jpg,there is a man riding a bike with a dog in a basket on the,1
images/2316075.jpg,there is a man driving a utility vehicle with a dog on the back,1
images/2383229.jpg,there are two people sitting on the grass in front of a building,1
images/713406.jpg,there is a woman sitting in the back seat of a car with a dog,1
images/2400986.jpg,there is a dog that is standing in the dirt with a frisbee,1
images/2329565.jpg,there is a man sitting on a couch holding a dog and smoking a cigarette,1
images/2356473.jpg,painting of a woman leading a herd of cows across a field,1
images/2391053.jpg,there is a man and a woman sitting on a bench with a dog,1
images/2358354.jpg,there is a man sitting on a bench with a dog next to him,1
images/2325645.jpg,there is a dog that is running with a frisbee in its mouth,1
images/2390441.jpg,there is a man sitting on a bench wearing headphones and a green shirt,1
images/2417574.jpg,black and white photo of a man with a dog herding sheep in a,1
images/2386443.jpg,there are many people on the beach with umbrellas in the sand,1
images/2343137.jpg,there is a woman combing a dog's hair in a salon,1
images/2342016.jpg,there is a man and a dog on a surfboard in the water,1
images/2367813.jpg,there is a man and a dog playing with a frisbee in a,1
images/2372770.jpg,there is a man sitting on a bench reading a newspaper next to a woman,1
images/2345520.jpg,there is a group of people standing around a table with a cake on it,1
images/2337303.jpg,there are two people that are sitting on a bench talking on their cell phones,1
images/2394611.jpg,there is a man riding a horse on the beach with a dog,1
images/723.jpg,there is a bus that is driving down the street in front of a building,1
images/2329720.jpg,there is a man that is sitting on the floor with a dog,1
images/2328709.jpg,someone is holding a hot dog with cheese and sprouts on it,1
images/2404081.jpg,there is a young girl swinging a bat at a ball on the beach,1
images/2354494.jpg,there is a woman laying on a couch with a dog on her lap,1
images/2333590.jpg,there is a group of children and a dog posing for a picture,1
images/1831.jpg,there are many people standing on the side of the road with their dogs,1
images/2320476.jpg,this is a black and white photo of a dog and a person on a,1
images/2351380.jpg,there are two dogs that are standing in the grass with a frisbee,1
images/2383252.jpg,there is a woman feeding a dog a donut with a pink frosting,1
images/2415422.jpg,there is a woman that is sitting on a bed with a dog,1
images/2332528.jpg,there is a man that is holding a teddy bear in his arms,1
images/2364444.jpg,there is a man playing frisbee with a dog in a field,1
images/2387897.jpg,there is a dog that is looking out of the window of a building,1
images/2395217.jpg,there is a man walking a group of dogs on a leash by the water,1
images/2411201.jpg,there is a dog that is sitting on the back of a scooter,1
images/2387137.jpg,there is a woman and two dogs on a boat on the water,1
images/2342372.jpg,there is a man that is sitting on a couch with a dog and a,1
images/2320868.jpg,there are many people walking on the beach with kites in the air,1
images/2412671.jpg,they are playing frisbee with a dog in a field of green grass,1
images/2372046.jpg,there is a man sitting in a chair with a dog on his lap,1
images/2320655.jpg,there is a man riding a bike with a dog in a basket on the,1
images/2378475.jpg,there is a man playing frisbee with his dog in the park,1
images/2369591.jpg,there is a young boy sitting on a bench holding a small dog,1
images/2318934.jpg,there is a small white dog wearing a blue shirt and a hat,1
images/2336234.jpg,there are two people standing in a living room with a dog on a leash,1
images/2408745.jpg,there are a lot of stuffed animals on the shelves in the room,1
images/2335060.jpg,there is a bike leaning against a wall on the beach next to the water,1
images/2366841.jpg,several people are riding horses in a fenced in area with a dog,1
images/2401124.jpg,there is a dog that is looking out of the window of a truck,1
images/2327346.jpg,there is a man standing in a kitchen holding a tray of food,1
images/2343165.jpg,they are playing frisbee with a dog on the grass in front of,1
images/2384081.jpg,there is a man riding a bike with a dog on the back of it,1
images/2359950.jpg,there is a man riding a bike down a path next to a body of,1
images/2376639.jpg,there are two people riding horses in the water with a dog on the beach,1
images/2329647.jpg,there is a little girl that is playing with a red fire hydrant,1
images/2366946.jpg,there is a man that is flying a kite on the beach,1
images/2326452.jpg,there is a dog jumping into the air to catch a frisbee,1
images/2334223.jpg,there are three people walking on the beach with a dog on a leash,1
images/2414764.jpg,there is a woman sitting in the grass with a cell phone in her hand,1
images/285822.jpg,there is a woman standing next to a bike with a dog on it,1
images/2370344.jpg,there is a white fire hydrant sitting on the side of the street,1
images/2331500.jpg,there are many people that are flying kites in the field,1
images/2403149.jpg,there is a small dog standing on top of a desk next to a computer,1
images/2392197.jpg,there is a man and woman riding a motorcycle with a dog on the back,1
images/2382281.jpg,there is a herd of sheep that are standing in the water,1
images/2414354.jpg,there is a man that is holding a dog on a skateboard,1
images/2372856.jpg,there are two men walking down a path with a dog and frisbee,1
images/2345532.jpg,there is a man sitting on a boat with a dog standing on it,1
images/2360542.jpg,there is a small dog that is sitting inside of a bag,1
images/2412423.jpg,there is a woman that is standing in the grass with some cows,1
images/2358778.jpg,there is a dog that is jumping in the air to catch a fris,1
images/2359049.jpg,there is a group of people in pink shirts posing for a picture,1
images/2350312.jpg,there is a man riding a motorcycle with a dog on the back of it,1
images/2374930.jpg,there is a baby and a dog laying on the floor next to a christmas,1
images/2415110.jpg,there is a white horse and a black dog standing next to a building,1
images/2344769.jpg,there is a man riding a skateboard with a dog on a leash,1
images/285707.jpg,there is a man and a dog on a boat in the water,1
images/2381402.jpg,there are three people and two dogs skiing in the snow,1
images/2392036.jpg,there is a man that is sitting on a surfboard in the water,1
images/2357556.jpg,there are two people riding horses and a dog on the grass,1
images/2406866.jpg,cars parked in a parking lot with a giant yellow fire hydrant in the,1
images/2334958.jpg,there is a man that is riding a bike with a dog in a cart,1
images/2317257.jpg,there is a woman and two children sitting on a bed with a dog,1
images/2358936.jpg,there are two women sitting on a boat with a dog on a leash,1
images/2336716.jpg,there is a dog that is jumping in the air to catch a fris,1
images/2319335.jpg,there is a dog that is laying down on a person's lap,1
images/2342517.jpg,there is a man sitting on a couch with a dog on his shoulder,1
images/2363026.jpg,there is a man laying on a bed with a dog sleeping next to him,1
images/2350609.jpg,there is a dog that is wearing a yellow and blue shirt,1
images/2331525.jpg,there is a man sitting on a bus with a dog in his back pack,1
images/2367272.jpg,there is a woman standing next to a bike with a dog on it,1
images/2345593.jpg,there is a man sitting on a couch with a dog on his lap,1
images/2417801.jpg,there is a man riding a surfboard with a dog on it,1
images/2351210.jpg,there is a little boy that is holding a teddy bear in his lap,1
images/2317573.jpg,there is a woman that is playing tennis on the court,1
images/2356330.jpg,there is a man and a little girl petting a dog on a bench,1
images/2370145.jpg,there is a dog that is laying down in a puddle of water,1
images/2385858.jpg,there are two men standing in a kitchen holding a plate of food,1
images/2315716.jpg,there is a motorcycle parked in the grass with people and dogs in the background,1
images/2396549.jpg,there are two chili dogs with onions on a plate next to a cup of,1
images/2404956.jpg,there is a cow that is standing in the street next to a building,1
images/2360637.jpg,there is a woman that is swinging a bat at a ball on the beach,1
images/2348342.jpg,there is a dog that is catching a frisbee in the air,1
images/2342359.jpg,there is a man that is laying down with a dog in his lap,1
images/2388743.jpg,black and white photo of a man standing on a boat with a dog on,1
images/2368196.jpg,there is a man with a backpack and a dog on his back,1
images/2319521.jpg,there is a man in a suit and tie with a dog in front of,1
images/2333895.jpg,there is a man petting a sheep in a field with a dog,1
images/2348603.jpg,herd of sheep being herded by a man and a dog in a field,1
images/2350150.jpg,there is a man riding a bike down a road with a dog on the,1
images/2371995.jpg,there is a man in a top hat talking on a cell phone next to,1
images/2405419.jpg,there are two women sitting on the beach with their dogs,1
images/2354002.jpg,there are people walking down the street with an elephant in the middle of the,1
images/2368426.jpg,there is a man sitting on a bench in the middle of a field with,1
images/2401877.jpg,there is a woman sitting on a bench with a dog in front of her,1
images/2326167.jpg,there is a black and white dog catching a frisbee in the air,1
images/2351824.jpg,there is a bike leaning up against a train on the tracks,1
images/2402665.jpg,there is a black and white dog jumping to catch a frisbee,1
images/2321841.jpg,there is a woman standing in a living room playing a video game,1
images/2361091.jpg,there is a man standing next to a street sign on the side of the,1
images/2342900.jpg,there is a group of people that are walking down the street with a dog,1
images/2330214.jpg,there is a dog jumping in the air to catch a frisbee,1
images/2383516.jpg,there is a man sitting on a couch with a dog and a plate of,1
images/2352286.jpg,there is a woman laying on a couch with a laptop on her lap,1
images/2406301.jpg,there is a man walking down a dirt road with a kite in the air,1
images/2361103.jpg,there is a man and two dogs on a boat in the water,1
images/2351186.jpg,there is a dog that is carrying a frisbee in it's,1
images/2406798.jpg,there is a lot of people that are walking and riding bikes on the street,1
images/2369147.jpg,there are two men playing a video game together in the living room,1
images/2377194.jpg,they are walking down the sidewalk with their dogs and a man on a bike,1
images/2361561.jpg,there are two people and a dog on skis in the snow,1
images/2319334.jpg,there is a man riding a bike down the street with a backpack on his,1
images/2360774.jpg,there are many people standing in a parking lot with motorcycles,1
images/2404862.jpg,black and white photo of a man sitting on a couch with a dog watching,1
images/2393911.jpg,several people sitting on a couch playing a video game with remote controllers,1
images/2365471.jpg,there is a black dog that is laying on the floor with a stuffed animal,1
images/2413539.jpg,there are two boys riding skateboards down the street with a dog on a,1
images/2385023.jpg,there is a woman that is sitting at a desk with an orange in her,1
images/2329885.jpg,there is a little boy laying on a couch with a toothbrush in his,1
images/2387430.jpg,there is a man riding a horse next to a dog on a dirt road,1
images/2360221.jpg,there is a woman playing frisbee with a dog on the green carpet,1
images/2405624.jpg,there is a man sitting on the back of a couch with a dog on,1
images/2380760.jpg,there is a man riding a bike with a dog on the back of it,1
images/2346390.jpg,there is a man holding a dog in a kitchen with pots and pans,1
images/2380687.jpg,there is a man riding a skateboard with a dog on it,1
images/2394065.jpg,there is a pug dog that is standing next to a water bottle,1
images/497973.jpg,there is a group of people that are standing around with a dog,1
images/2364866.jpg,there is a dog that is jumping in the air to catch a fris,1
images/2331774.jpg,there is a man and a dog playing in the water at the beach,1
images/2379912.jpg,there is a dog that is sitting in the middle of the street,1
images/2351477.jpg,there are many sheep in a fenced in area with a crowd of people,1
images/2369860.jpg,there is a man and a woman riding in a carriage pulled by a horse,1
images/2402737.jpg,there are a lot of people that are riding motorcycles in the parking lot,1
images/2375053.jpg,there is a man riding a skateboard up the side of a ramp,1
images/2330673.jpg,there are many valentine's day chocolates on display in a store,1
images/2352588.jpg,there is a dog that is laying on a bed in a room,1
images/2391488.jpg,there is a man walking a dog on a leash next to a fire hydra,1
images/2333861.jpg,there is a woman that is flying a kite on the beach,1
images/1592658.jpg,there is a woman that is walking a dog in the grass,1
images/2361800.jpg,there is a small white dog sitting on the sidewalk in front of a restaurant,1
images/2390652.jpg,there is a man sitting on a bed with a dog on it,1
images/2318179.jpg,they are walking on the beach with their kites and a dog,1
images/2321342.jpg,there is a man playing frisbee with a dog in a field,1
images/2344647.jpg,there are four women sitting in chairs playing a video game,1
images/2416114.jpg,there is a woman walking a dog with an umbrella on a leash,1
images/2364424.jpg,there are two young boys riding skateboards on the sidewalk by the water,1
images/2392115.jpg,there are two women playing frisbee with a dog in the park,1
images/2416279.jpg,they are sitting on a bench on the side of the street,1
images/2405708.jpg,there is a dog sitting in front of a table with cupcakes on,1
images/2394882.jpg,there is a man standing in a living room with a dog,1
images/2365164.jpg,there are many dogs that are standing on the steps of a building,1
images/2394890.jpg,there is a man sitting at a desk with a keyboard and a cell phone,1
images/2396988.jpg,there is a man and a woman sitting on a bench with a dog,1
images/2403048.jpg,there is a man sitting on a bench with two dogs next to him,1
images/2348134.jpg,there is a man and a little girl sitting in the grass with a dog,1
images/2340498.jpg,there is a man that is standing in the yard with two dogs,1
images/2371647.jpg,black and white photograph of a woman walking down a sidewalk with a dog,1
images/2318384.jpg,there is a woman in a pink shirt holding a dog in a hair salon,1
images/2316723.jpg,there is a man with a hat and a dog with a cigar in his,1
images/2318049.jpg,there is a dog that is jumping in the air with a frisbee,1
images/2380409.jpg,there is a dog that is standing on the side of the road,1
images/2359181.jpg,black and white photo of a person with a hoodie standing next to a,1
images/2388411.jpg,black and white photograph of a small white dog being pet by a group of,1
images/2321511.jpg,there is a man that is feeding a horse on the porch,1
images/2350109.jpg,there is a man playing frisbee with his dog in the park,1
images/2359753.jpg,there is a man riding a skateboard at a skate park with a dog,1
images/2355727.jpg,there is a dog that is jumping in the air to catch a fris,1
images/2367186.jpg,black and white photograph of a man sitting on a park bench with two dogs,1
images/2374739.jpg,there is a man riding a horse on the beach with two dogs,1
images/2340353.jpg,there is a dog that is sitting in the back of a truck,1
images/2322764.jpg,there are two dogs sitting on the back of a motor scooter,1
images/2366617.jpg,there are two men standing in a living room with a dog,1
images/2316789.jpg,there are two dogs that are tied to a pole on the sidewalk,1
images/2333842.jpg,there are three people and two dogs posing for a picture with their backpacks,1
images/2322281.jpg,there is a man playing frisbee with a dog on a field,1
images/2395632.jpg,there is a dog that is swimming in a pool of water,1
images/2373955.jpg,there is a man sitting on a couch with a dog and a hat on,1
images/2318999.jpg,there is a young boy sitting on a wooden bench next to a dog,1
images/2405853.jpg,there is a man sitting on a couch with a dog and a stuffed animal,1
images/2388607.jpg,there is a little girl holding an orange umbrella in the rain,1
images/2373751.jpg,there is a man holding a frisbee with a dog on his back,1
images/2363971.jpg,there is a man and a woman sitting on a couch with a dog,1
images/2364024.jpg,there is a man and a dog riding in a boat on the water,1
images/2359576.jpg,there is a woman walking a dog on a skateboard down the street,1
images/2317661.jpg,there is a man riding a surfboard with a dog on it,1
images/2395166.jpg,there are many people standing on a field watching a dog in the air,1
images/2393573.jpg,there is a woman sitting on a couch playing a video game with a dog,1
images/2352906.jpg,there is a woman walking a dog on a leash in front of a store,1
images/2397787.jpg,there is a dog that is jumping in the air to catch a fris,1
images/2373696.jpg,there is a man holding a sign and a small dog on a leash,1
images/2400991.jpg,there is a man sitting on a bench with a dog next to a boat,1
images/2390235.jpg,there is a woman in a pink dress and a man in a yellow shirt,1
images/2353356.jpg,there is a woman sitting in a blue chair with a dog on her lap,1
images/2406821.jpg,there is a red and blue bus that is parked on the side of the,1
images/2364515.jpg,there is a man that is sitting in the back of a car with a,1
images/2346157.jpg,there is a woman sitting outside of a mud hut with a basket of bananas,1
images/2367512.jpg,there is a dog that is standing in the middle of the street with people,1
images/2382814.jpg,there is a man playing frisbee with two dogs on the beach,1
images/2370.jpg,there is a man walking down the street with a dog on a leash,1
images/2341577.jpg,there are two men sitting in the back of a bus with a dog,1
images/2356877.jpg,there is a dog that is jumping in the air to catch a fris,1
images/2391849.jpg,there are many people walking in the rain with umbrellas on a rainy day,1
images/2396164.jpg,there is a woman holding an umbrella and a dog on a leash,1
images/2388197.jpg,there is a group of people on the beach flying kites,1
images/2345151.jpg,there is a group of people standing in the rain with umbrellas,1
images/2335375.jpg,there are many people flying kites in the park on a cloudy day,1
images/2329537.jpg,several people walking down a sidewalk next to a motorcycle on a city street,1
images/2341368.jpg,there are people walking down the street in the city on a sunny day,1
images/2417119.jpg,there are many people that are riding motorcycles down the street,1
images/2359224.jpg,there is a young boy holding a piece of food in his hands,1
images/2362620.jpg,there is a man riding a surfboard with two dogs on it,1
images/1592443.jpg,there are many cows on the beach with people walking in the background,1
images/2344149.jpg,several people and a dog are standing on the sidewalk in front of a del,1
images/2375426.jpg,there is a man walking a dog on a leash down the sidewalk,1
images/2365507.jpg,there is a man sitting on the ground with a dog on his lap,1
images/2339803.jpg,there is a dog that is looking in the side mirror of a car,1
images/2407605.jpg,there is a man that is doing a trick on a bike on a bench,1
images/2398532.jpg,there are a lot of horses that are running together in the dirt,1
images/2377573.jpg,there is a dog that is jumping in the air to catch a fris,1
images/2320118.jpg,there is a woman that is holding a green umbrella over her head,1
images/2338677.jpg,there are two people standing in a living room playing a video game,1
images/2350300.jpg,there is a person holding a hot dog with mustard and ketchup on,1
images/2413856.jpg,there is a man playing frisbee with a dog on the grass,1
images/2359038.jpg,there is a dog that is jumping in the air with a frisbee,1
images/2371440.jpg,there is a small white dog sitting on top of a skateboard,1
images/2344110.jpg,there is a man sitting on a bench with two dogs next to him,1
images/2340500.jpg,there is a man sitting in a boat with dogs on the water,1
images/2324914.jpg,there is a man laying in a bed with a dog on his lap,1
images/2368671.jpg,there are people walking across the street in front of a white building,1
images/2416475.jpg,there is a man that is throwing a frisbee in the park,1
images/2390039.jpg,there is a dog that is laying down on a bed with a laptop,1
images/2355121.jpg,there is a woman that is holding a small dog in her arms,1
images/2380863.jpg,there are many food trucks that are parked on the side of the street,1
images/2324410.jpg,there is a group of people riding skis down a snow covered slope,1
images/4592.jpg,there is a black car that is parked on the side of the road,1
images/2365030.jpg,there is a brown and white dog riding a skateboard down the street,1
images/2326497.jpg,there is a man wearing a hat and holding a dog in his arms,1
images/2409092.jpg,there is a man sitting on a bench with a dog on his lap,1
images/2373458.jpg,there is a man and a dog that are laying on a bed,1
images/2339336.jpg,there is a black and white photo of a person on skis in the,1
images/2380985.jpg,there is a man riding a skateboard down the street with a dog on,1
images/2395520.jpg,there is a man standing next to a boat on the beach with a dog,1
images/2408755.jpg,there is a man laying in bed with a dog under a blanket,1
images/2394647.jpg,there is a woman that is sitting on a bed brushing her teeth,1
images/2331644.jpg,there are three people sitting on a bench with a dog,1
images/2369450.jpg,there is a dog that is jumping in the air with a frisbee,1
images/2324536.jpg,there is a man that is flying a kite on the beach,1
images/2318635.jpg,there are many parking meters on the side of the street with graffiti on them,1
images/2400563.jpg,there is a man that is standing in the grass with a dog,1
images/2318369.jpg,there is a man taking a picture of himself in the mirror of a tree,1
images/2407734.jpg,they are playing frisbee with a dog in a field with people watching,1
images/2318692.jpg,there is a dog jumping over a man on the ground with a fris,1
images/2379710.jpg,there is a dog that is riding a surfboard in the water,1
images/2374798.jpg,there is a man sitting on a couch with a dog wearing a cone on,1
images/2335936.jpg,there is a woman holding a large white dog in a kitchen,1
images/2396422.jpg,there are two dogs that are laying on a bed together,1
images/2338103.jpg,there is a black and white photo of a man and a dog,1
images/2339367.jpg,there are many people sitting in a circle with a dog on the floor,1
images/2396753.jpg,there is a man riding a bike with a dog in a cart,1
images/2383956.jpg,there is a woman taking a picture of herself in a mirror,1
images/2339890.jpg,there is a woman walking a dog on a leash down the sidewalk,1
images/2385897.jpg,there is a dog that is jumping in the air with a frisbee,1
images/2374913.jpg,there is a man that is standing next to a dog on a leash,1
images/2417150.jpg,there is a man and a dog riding in a pontoon on the water,1
images/2386512.jpg,there is a woman riding a scooter with a dog on the back,1
images/2406155.jpg,there are two small dogs that are sitting in the back seat of a car,1
images/2350595.jpg,there is a dog that is laying down on a blanket on the beach,1
images/2366052.jpg,there is a man selling oranges from a cart on the street,1
images/2360443.jpg,there is a woman walking two dogs in a field with a frisbee,1
images/2409740.jpg,there are two men riding bikes down the street with surfboards on their backs,1
images/2347526.jpg,there are two women sitting on a couch with their feet on the couch,1
images/2411786.jpg,they are playing frisbee in the park with their dogs,1
images/2335189.jpg,there is a man and a woman walking a dog down the street,1
images/2406283.jpg,there are two women sitting at a table with plates of food and a dog,1
images/2367636.jpg,there are many kites that are being flown in the sky,1
images/2347373.jpg,several people are flying kites in a park with a bus in the background,1
images/2363267.jpg,there are two men sitting on a bench with a dog on a leash,1
images/2333871.jpg,there is a woman that is holding a stuffed animal and a dog that is,1
images/2345544.jpg,there are many people in the park with skateboards and skateboards,1
images/2361973.jpg,there is a cow that is standing in the middle of the street,1
images/2370001.jpg,black and white photo of a woman sitting on a porch with a dog,1
images/2413586.jpg,several people and a dog are sitting at a table in a kitchen,1
images/2397768.jpg,there are a lot of dogs that are standing in the water,1
images/2341743.jpg,there is a man playing frisbee with a dog in a field,1
images/2416883.jpg,there is a woman standing in the grass with a dog and a fris,1
images/2344583.jpg,there is a man and a dog that are playing with a frisbee,1
images/2324192.jpg,there is a plane that is sitting on the runway at the beach,1
images/2380091.jpg,there is a man standing in a field with a herd of cows,1
images/2358659.jpg,there is a woman that is holding a dog in her arms,1
images/2392586.jpg,there is a dog that is standing next to a backpack on the sidewalk,1
images/2362928.jpg,several people are serving hot dogs with cheese and mustard on buns,1
images/2325492.jpg,there is a man and a dog on the beach playing frisbee,1
images/2333690.jpg,there is a woman and a dog in a bathroom looking at a toilet,1
images/2389743.jpg,there is a man and a woman standing next to a truck with a dog,1
images/2370923.jpg,there is a dog riding a surfboard on a wave in the ocean,1
images/2367842.jpg,black and white photo of a person riding a bike with a dog on a,1
images/2392123.jpg,there is a man that is throwing a frisbee in the air,1
images/2390732.jpg,there is a truck that is driving down a dirt road in the woods,1
images/2316038.jpg,there is a man standing on the side of the road next to a dog,1
images/2416855.jpg,there is a dog that is sitting in the back of a truck,1
images/2379667.jpg,black and white photo of a man sitting on a bench next to a tree,1
images/2339453.jpg,there is a man riding a bike with a dog on the back of it,1
images/107967.jpg,there is a dog that is sitting in the back of a truck,1
images/2338012.jpg,there are two dogs that are sitting in the back of a truck,1
images/2388171.jpg,there are two dogs that are standing on the back of a truck,1
images/2408746.jpg,there is a young boy sitting at a table with a plate of food,1
images/2393918.jpg,there is a dog that is sitting in the back of a truck,1
images/2369089.jpg,there is a dog that is sitting in the back of a truck,1
images/2346902.jpg,there is a dog that is standing in front of a car on a trailer,1
images/285822.jpg,there is a woman standing next to a bike with a dog on it,1
images/2354523.jpg,there is a dog that is sitting in the back of a pick up truck,1
images/2371675.jpg,there is a dog sitting in the back of a pick up truck,1
images/2357815.jpg,there is a dog that is sitting in the back of a truck,1
images/2372493.jpg,there is a fire truck that is parked in a parking lot,1
images/2352782.jpg,there is a black dog standing in front of a television in a living room,1
images/2329912.jpg,there are two dogs sitting in the back of a red pickup truck,1
images/2399755.jpg,there are many people walking down the street talking on their cell phones,1
images/2351550.jpg,herd of sheep and a dog in a fenced in area,1
images/2380863.jpg,there are many food trucks that are parked on the side of the street,1
images/2417890.jpg,there is a truck that is driving down the road with other trucks behind it,1
images/2362606.jpg,there are four puppies sitting on a bench with a man in the background,1
images/2414629.jpg,there is a woman standing next to a red truck with its hood open,1
images/2398047.jpg,there is a reflection of a dog in the side view mirror of a car,1
images/2399207.jpg,there is a dog sitting in the driver's seat of a car,1
images/2370660.jpg,there is a dog sitting in the back of a truck looking out the window,1
images/1592385.jpg,there is a man taking a picture of a white dog on the street,1
images/2378872.jpg,there are two dogs that are sitting in the back of a truck,1
images/2402433.jpg,there is a dog that is sitting in the bed of a truck,1
images/2337684.jpg,there is a dog standing in front of a truck with its hood open,1
images/2351815.jpg,there is a dog that is sitting in the back of a truck,1
images/2373754.jpg,blonde haired woman in a green truck with a white dog in her lap,1
images/2359911.jpg,there is a dog sitting in the back of a truck in a parking lot,1
images/2370819.jpg,there is a dog that is sitting in the back seat of a car,1
images/2349742.jpg,there is a dalmatian dog sitting in the driver's seat of,1
images/2337628.jpg,there is a truck that has some dogs on the back of it,1
images/2321113.jpg,there is a white truck with a dog sitting in the driver's seat,1
images/2369.jpg,several people walking a dog on a leash across a city street,1
images/2394687.jpg,black and white photograph of a dog in the back of a pickup truck,1
images/2332339.jpg,this is an image of a truck with a dog in the driver's,1
images/2334244.jpg,there are many people that are standing in the grass with frisbees,1
images/2402597.jpg,several people sitting in the back of a truck with a dog in the bed,1
images/2389743.jpg,there is a man and a woman standing next to a truck with a dog,1
images/2374749.jpg,there is a man and a dog standing on the back of a truck,1
images/2381618.jpg,there is a dog that is standing in the bed of a pick up truck,1
images/2373696.jpg,there is a man holding a sign and a small dog on a leash,1
images/2339161.jpg,three men standing on a beach with a dog and a frisbee,1
images/2401124.jpg,there is a dog that is looking out of the window of a truck,1
images/2360436.jpg,there is a dog sitting in the bed of a green truck,1
images/2319880.jpg,there is a man that is standing next to a truck with a dog,1
images/2411487.jpg,there are two elephants that are walking down the street in front of a building,1
images/2414213.jpg,there is a dog that is sitting in the back of a truck,1
images/2343433.jpg,there are two people sitting at a picnic table with a dog in the background,1
images/2383550.jpg,there is a dog that is standing in the water at the beach,1
images/2388687.jpg,there is a woman sitting on the beach with two cows and a dog,1
images/2405419.jpg,there are two women sitting on the beach with their dogs,1
images/2331063.jpg,there is a dog that is standing on a surfboard on the beach,1
images/2386443.jpg,there are many people on the beach with umbrellas in the sand,1
images/2393152.jpg,there are many people on the beach flying kites on a clear day,1
images/2323367.jpg,there is a woman in a bathing suit and a dog on a surfboard,1
images/2382082.jpg,there is a dog that is walking in the water at the beach,1
images/2372721.jpg,there is a dog running on the beach with seagulls flying in the,1
images/2345384.jpg,several white fire hydrants in a parking lot with a dog on a leash,1
images/2372037.jpg,there is a dog that is walking on the beach near the water,1
images/2316030.jpg,there is a dog that is standing on a surfboard in the water,1
images/2346815.jpg,there are many people on the beach flying kites on a sunny day,1
images/2400608.jpg,there are two dogs that are playing with each other on the beach,1
images/2404081.jpg,there is a young girl swinging a bat at a ball on the beach,1
images/2376950.jpg,there is a truck that is parked on the beach with people in the background,1
images/2340388.jpg,there is a dog that is laying down in the dirt,1
images/2381777.jpg,there is a small white dog wearing a life jacket on a leash,1
images/2363530.jpg,there is a man flying a kite on the beach next to the ocean,1
images/2352573.jpg,there are two people and a dog on the beach with a surfboard,1
images/2354475.jpg,there are two people on the beach flying a kite with a dog on the,1
images/2350468.jpg,there is a dog that is jumping in the air to catch a fris,1
images/2368057.jpg,this is a computer desk with two monitors and a laptop on top of it,1
images/2345635.jpg,there is a cat sitting on the sand with a dog in the background,1
images/2380760.jpg,there is a man riding a bike with a dog on the back of it,1
images/2406607.jpg,there is a man sitting on the sidewalk with a surfboard on his head,1
images/2377113.jpg,several people walking on the beach with surfboards and a dog,1
images/2348253.jpg,there is a woman walking on the beach with a surfboard and a dog,1
images/2339341.jpg,there is a cow and a dog on the beach by the water,1
images/2339770.jpg,there is a small white dog running with a frisbee in its mouth,1
images/2409721.jpg,there is a man and a dog on the beach flying kites,1
images/2344234.jpg,there is a close up of a pair of shoes in the sand,1
images/2354569.jpg,there is a man walking a dog on the beach with a surfboard,1
images/2357485.jpg,there is a dog that is walking on the beach with a frisbee,1
images/2349288.jpg,there is a woman walking a dog on the beach by the water,1
images/2336027.jpg,there is a man walking on the beach with a surfboard in his hand,1
images/2348502.jpg,there is a dog that is laying down on the sand at the beach,1
images/2417487.jpg,herd of sheep being herded by a dog in a fenced in area,1
images/2335060.jpg,there is a bike leaning against a wall on the beach next to the water,1
images/2324403.jpg,there is a dog that is walking on the beach near the water,1
images/2354471.jpg,there is a bench that is sitting on the side of the boardwalk,1
images/2346637.jpg,there is a man and a dog walking in the water with a surfboard,1
images/2392565.jpg,there is a dog that is sitting on the back of a boat,1
images/2379730.jpg,there is a woman that is walking a dog on a leash in the water,1
images/2343526.jpg,there is a man that is standing on a surfboard in the water,1
images/2334223.jpg,there are three people walking on the beach with a dog on a leash,1
images/2368054.jpg,there are two dogs that are standing on a boat in the water,1
images/2366676.jpg,there is a dog that is jumping up to catch a frisbee,1
images/2318179.jpg,they are walking on the beach with their kites and a dog,1
images/2392202.jpg,there are three people and two dogs on the beach by the water,1
images/2388726.jpg,there is a dog that is standing in the sand on the beach,1
images/2332607.jpg,there is a black dog that is standing in the sand,1
images/2407612.jpg,there is a dog that is laying down in the sand at the beach,1
images/2404537.jpg,there are people and a dog on the beach with a mountain in the background,1
images/2393332.jpg,there is a man and two dogs standing in the water at the beach,1
images/2371402.jpg,there are two people that are sitting on a bed in front of a mirror,1
images/2320542.jpg,there is a woman sitting on a bench looking out at the beach,1
images/2412342.jpg,there is a man walking on the beach with a surfboard in his hand,1
images/2416731.jpg,there is a black dog that is running in the grass with a fris,1
images/2356259.jpg,there are two people that are riding horses on the beach,1
images/2403048.jpg,there is a man sitting on a bench with two dogs next to him,1
images/2355172.jpg,there is a black dog running on the beach with a ball in its mouth,1
images/2392036.jpg,there is a man that is sitting on a surfboard in the water,1
images/2362161.jpg,surfers walking on the beach carrying their surfboards under a cloudy sky,1
images/2335823.jpg,there are two people and a dog on the beach with a fishing rod,1
images/2364766.jpg,there are two boats that are sitting on the sand by the water,1
images/2368610.jpg,there is a man playing frisbee with a dog on the beach,1
images/2323342.jpg,there is a young boy that is on a swing in the park,1
images/2412794.jpg,there is a man and a woman walking on the beach with a dog,1
images/713680.jpg,there is a brown dog holding a purple frisbee in its mouth,1
images/2410221.jpg,there is a bird that is walking on the beach by the water,1
images/2397204.jpg,there are many people on the beach at the water's edge,1
images/2388263.jpg,there is a dog that is running with a frisbee in its mouth,1
images/2322764.jpg,there are two dogs sitting on the back of a motor scooter,1
images/2350325.jpg,there is a dog chasing a cow behind a fence in a field,1
images/2350595.jpg,there is a dog that is laying down on a blanket on the beach,1
images/2327364.jpg,there is a dog that is holding a frisbee in its mouth,1
images/2384455.jpg,there is a cow that is standing on the beach with people in the background,1
images/2368925.jpg,there is a man walking on the beach next to a large log,1
images/2339561.jpg,there is a person walking on the beach with a dog on a foggy,1
images/2345931.jpg,there are people on the beach flying a kite on a clear day,1
images/2397768.jpg,there are a lot of dogs that are standing in the water,1
images/2365285.jpg,there are three horses that are standing on the beach by the water,1
images/2324192.jpg,there is a plane that is sitting on the runway at the beach,1
images/2340709.jpg,there are two men sitting on a bench on the beach with a dog,1
images/2381223.jpg,there is a dog that is standing in the sand by the water,1
images/2342008.jpg,there are two umbrellas on the beach at sunset with a boat in the,1
images/2339161.jpg,three men standing on a beach with a dog and a frisbee,1
images/2392675.jpg,there are people and a dog in the water at the beach,1
images/2334564.jpg,there is a man and a dog on a surfboard in the water,1
images/2315539.jpg,there is a man sitting on a park bench reading a book with his dog,1
images/2359938.jpg,there is a collage of pictures of people and animals on the beach,1
images/2336712.jpg,herd of sheep being herded down the road by a man on a horse,1
images/2409697.jpg,there is a little girl that is standing in the grass with a kite,1
images/2410817.jpg,there is a dog jumping up to catch a frisbee in the air,1
images/2350336.jpg,there is a man throwing a frisbee in a field with a dog,1
images/2395684.jpg,there is a person riding a skateboard down the street with a dog,1
images/2417732.jpg,there is a man holding a dog on a boat in the water,1
images/2326960.jpg,there is a man riding a bike with a dog in a trailer attached to,1
images/2350995.jpg,there is a man taking a picture of a dog in the rear view mirror,1
images/2381417.jpg,there is a man flying a kite in a field with a dog,1
images/2341071.jpg,there is a man riding a skateboard up the side of a ramp,1
images/2384517.jpg,there is a woman walking a dog on a leash in a park,1
images/2397585.jpg,there is a little boy that is flying a kite in the park,1
images/2375883.jpg,there is a woman walking a dog on a leash in a city square,1
images/2382688.jpg,there is a woman walking in the rain through a window with a red umbrella,1
images/2384339.jpg,there is a man and a woman standing on the edge of a concrete wall,1
images/2324546.jpg,there is a young baseball player pitching a ball on the field,1
images/2366961.jpg,this is a black and white photo of a group of men and a dog,1
images/2376950.jpg,there is a truck that is parked on the beach with people in the background,1
images/2361930.jpg,there is a man holding a dog on his shoulders in front of a building,1
images/2351205.jpg,there are two dogs that are playing with a frisbee in the grass,1
images/2409085.jpg,there is a man riding a motorcycle with a side car with a side car,1
images/2415617.jpg,there is a man and a woman sitting on a bench with a dog,1
images/2393765.jpg,there are two men sitting on a bed with a dog on the bed,1
images/2381209.jpg,they are playing frisbee with the dogs in the park,1
images/2358614.jpg,there is a man that is sitting at a desk with his arms crossed,1
images/2324236.jpg,there is a woman riding a skateboard with a dog on a leash,1
images/2379484.jpg,there are two people and a dog on a trail in the woods,1
images/2344455.jpg,there is a man sleeping in bed with two cats and a dog,1
images/2386513.jpg,there is a man and a dog on a surfboard in the ocean,1
images/2413278.jpg,there is a dog that is sitting on the back of a motorcycle,1
images/2412702.jpg,yellow pedestrian crossing sign on sidewalk next to sidewalk with cars parked on both sides,1
images/2352484.jpg,there is a group of people riding in a boat on a river,1
images/2343433.jpg,there are two people sitting at a picnic table with a dog in the background,1
images/2394449.jpg,black and white photo of a group of people standing around a dog on a,1
images/2330356.jpg,there is a man that is standing in the grass with a surfboard,1
images/2357994.jpg,there is a dog that is sitting on a workbench in a workshop,1
images/2371032.jpg,there is a woman walking a dog down the sidewalk in front of a store,1
images/2404933.jpg,black and white photo of a man walking a herd of sheep down a dirt,1
images/2345831.jpg,there is a man getting his foot examined by a doctor,1
images/2355266.jpg,there is a woman holding a frisbee on a field with people watching,1
images/2370203.jpg,there is a dog that is laying under a desk with its head on the,1
images/1593164.jpg,there are two men and two dogs sitting at a table with plates of food,1
images/286019.jpg,there is a man and a woman sitting on a bench in the park,1
images/2380834.jpg,there is a dog herding a flock of sheep on a dirt road,1
images/2377704.jpg,there is a man and a woman petting a small dog on a bike,1
images/2400374.jpg,there is a man and a dog playing in the snow in the woods,1
images/2377932.jpg,there is a man sitting on a bench with a dog and a cell phone,1
images/498019.jpg,there is a group of people sitting on a couch with a dog,1
images/2351550.jpg,herd of sheep and a dog in a fenced in area,1
images/2320410.jpg,there are many people sitting under an umbrella in the park,1
images/2358221.jpg,they are playing frisbee with a dog in the yard,1
images/2414534.jpg,there are two people sitting on the side of a hill with a dog,1
images/2324645.jpg,there is a man sitting on a bench with a dog next to him,1
images/2331066.jpg,there is a man and a little girl sitting at a table with a dog,1
images/2315606.jpg,there is a man doing a handstand on a skateboard in front,1
images/2407510.jpg,there is a man riding a skateboard next to a dog on the street,1
images/2316809.jpg,there is a man sitting on a red and white motorcycle in front of a,1
images/2360562.jpg,there are two people on skis on a snowy hill with a dog,1
images/2362379.jpg,there are people sitting on a bench in the middle of a field,1
images/1591917.jpg,there is a man standing in a kitchen with a dog in front of him,1
images/2346637.jpg,there is a man and a dog walking in the water with a surfboard,1
images/2325354.jpg,there is a man riding a sled pulled by two dogs in the snow,1
images/722.jpg,there is a man and a woman walking down the street with a dog,1
images/2414301.jpg,there are three people sitting on a couch with a dog and a cat,1
images/2413346.jpg,there are three women sitting on a couch with a teddy bear,1
images/2323635.jpg,there is a man that is standing on the side of the road,1
images/2343526.jpg,there is a man that is standing on a surfboard in the water,1
images/2392202.jpg,there are three people and two dogs on the beach by the water,1
images/2385923.jpg,there is a young boy holding a baseball bat on a baseball field,1
images/2380115.jpg,there is a man riding a horse with a herd of sheep in the desert,1
images/2377018.jpg,there are a lot of people standing on the side of the street,1
images/2393332.jpg,there is a man and two dogs standing in the water at the beach,1
images/2375589.jpg,there is a painting of a man laying on a bed with a cat,1
images/2417191.jpg,there is a man riding a skateboard down the street with a flag,1
images/2412687.jpg,there is a man and a dog playing with a frisbee in the,1
images/2317067.jpg,this is an image of a man and his dog walking in front of a,1
images/2351814.jpg,there is a woman holding a baby and a dog that is sitting next to,1
images/2409245.jpg,there is a car with a bike on top of it in a parking lot,1
images/2334261.jpg,there is a dog that is jumping up to catch a frisbee,1
images/2330764.jpg,there is a man walking a dog with an umbrella on a leash,1
images/2368734.jpg,there is a man sitting in a lawn chair on the side of the street,1
images/2339756.jpg,there is a man sitting on a couch with a dog in front of him,1
images/1592385.jpg,there is a man taking a picture of a white dog on the street,1
images/2373754.jpg,blonde haired woman in a green truck with a white dog in her lap,1
images/2320636.jpg,they are riding horses in a parade on a city street,1
images/2362554.jpg,there are two dogs sitting on a couch with a man standing next to them,1
images/2321661.jpg,there is a man playing frisbee with a dog on the field,1
images/2318372.jpg,there is a man on a horse that is herding a group of dogs,1
images/2356259.jpg,there are two people that are riding horses on the beach,1
images/2369.jpg,several people walking a dog on a leash across a city street,1
images/2395889.jpg,there are two people playing frisbee in a field with trees in the,1
images/2380298.jpg,there is a horse that is laying on the grass in the middle of the,1
images/2384849.jpg,there is a man standing next to a bus with a dog on a leash,1
images/2350677.jpg,there is a woman standing in front of a table with a cake on it,1
images/2416796.jpg,there is a dog that is laying on a bed under a blanket,1
images/2316952.jpg,there is a man riding a motorcycle with a dog on the back of it,1
images/2382399.jpg,there is a dog that is jumping in the air to catch a fris,1
images/713943.jpg,several people and a dog sitting at a picnic table with plates of food and,1
images/2328869.jpg,there is a dog that is standing on the sidewalk with a hat on it,1
images/2375910.jpg,people standing on top of a blue double decker bus on a city street,1
images/2368834.jpg,there is a man that is holding a dog in his lap,1
images/2379063.jpg,there is a man and a dog on a paddle board in the water,1
images/2329292.jpg,there are people walking on the sidewalk in front of a building with a sign,1
images/713723.jpg,there is a man sitting in a chair with a dog on his lap,1
images/2414707.jpg,there are many dogs riding on a surfboard in the water,1
images/2397149.jpg,there is a man sitting in the snow with a dog in front of him,1
images/2367331.jpg,there is a man riding a skateboard with a dog on it,1
images/2341324.jpg,there is a blue bus that is stopped at a bus stop,1
images/2337084.jpg,there are four people standing in a living room playing a video game,1
images/2413880.jpg,there are people crossing the street in the city on a sunny day,1
images/2319295.jpg,there is a man on a paddle board with a dog in the water,1
images/1160042.jpg,there are a lot of bananas that are being sold at the market,1
images/1592176.jpg,there is a dog that is standing on a leash in front of a book,1
images/2401769.jpg,there is a woman sitting on a bed with a dog and a laptop,1
images/2391800.jpg,there is a man playing frisbee with a dog on the field,1
images/2347070.jpg,there is a man and a woman flying a kite on the beach,1
images/2344629.jpg,there is a man riding a bike with a dog in a basket on the,1
images/2384455.jpg,there is a cow that is standing on the beach with people in the background,1
images/2387900.jpg,there is a man sitting on a couch next to a dog and a pool,1
images/2416953.jpg,there are two pictures of a person laying on a bed with two dogs,1
images/2339561.jpg,there is a person walking on the beach with a dog on a foggy,1
images/2316075.jpg,there is a man driving a utility vehicle with a dog on the back,1
images/2382138.jpg,there is a man standing next to a large dog in a costume,1
images/2400986.jpg,there is a dog that is standing in the dirt with a frisbee,1
images/2324106.jpg,there are many people that are standing in the water at the beach,1
images/2387862.jpg,there is a woman that is riding a horse in the water,1
images/2341652.jpg,there is a man riding a motorcycle with a dog on the back of it,1
images/2329565.jpg,there is a man sitting on a couch holding a dog and smoking a cigarette,1
images/2356473.jpg,painting of a woman leading a herd of cows across a field,1
images/2411951.jpg,there is a man sitting on a bench with a dog on a leash,1
images/2346197.jpg,there is a dog that is standing on the side of the street,1
images/2339698.jpg,black and white photo of a man riding a motorcycle on a city street,1
images/2358354.jpg,there is a man sitting on a bench with a dog next to him,1
images/2325645.jpg,there is a dog that is running with a frisbee in its mouth,1
images/2390441.jpg,there is a man sitting on a bench wearing headphones and a green shirt,1
images/2384596.jpg,there is a man walking down the sidewalk with a dog on a leash,1
images/2417574.jpg,black and white photo of a man with a dog herding sheep in a,1
images/2360206.jpg,horses pulling a carriage down a city street with people riding in it,1
images/2342016.jpg,there is a man and a dog on a surfboard in the water,1
images/2407359.jpg,there are two people that are standing on the beach with their surfboards,1
images/2316968.jpg,someone sitting on a couch with a dog and a cat on the floor,1
images/2372493.jpg,there is a fire truck that is parked in a parking lot,1
images/2367813.jpg,there is a man and a dog playing with a frisbee in a,1
images/2372770.jpg,there is a man sitting on a bench reading a newspaper next to a woman,1
images/2345520.jpg,there is a group of people standing around a table with a cake on it,1
images/2337303.jpg,there are two people that are sitting on a bench talking on their cell phones,1
images/2329720.jpg,there is a man that is sitting on the floor with a dog,1
images/723.jpg,there is a bus that is driving down the street in front of a building,1
images/2394611.jpg,there is a man riding a horse on the beach with a dog,1
images/2342226.jpg,there is a man laying on a couch with a dog on his lap,1
images/2371922.jpg,there are people walking along the beach with surfboards in the water,1
images/2357646.jpg,there is a dog that is looking out the window of a car,1
images/2328709.jpg,someone is holding a hot dog with cheese and sprouts on it,1
images/2346815.jpg,there are many people on the beach flying kites on a sunny day,1
images/2358851.jpg,there is a man that is sitting on the ground with a guitar,1
images/588.jpg,several people walking dogs on a city street with tall buildings in the background,1
images/1831.jpg,there are many people standing on the side of the road with their dogs,1
images/2320476.jpg,this is a black and white photo of a dog and a person on a,1
images/2374749.jpg,there is a man and a dog standing on the back of a truck,1
images/2351380.jpg,there are two dogs that are standing in the grass with a frisbee,1
images/2352355.jpg,there is a dog that is looking at a television in the living room,1
images/2332528.jpg,there is a man that is holding a teddy bear in his arms,1
images/2373141.jpg,there is a man that is shearing a sheep on the ground,1
images/2385539.jpg,there are two men playing frisbee in a field of green grass,1
images/2354681.jpg,there is a man playing frisbee with a dog on his shoulders,1
images/2361109.jpg,sheep being herded by a man on a small cart down a muddy road,1
images/2383945.jpg,there are many people standing under red umbrellas at an outdoor market,1
images/2318448.jpg,there is a man standing in a kitchen with a dog in front of him,1
images/2364444.jpg,there is a man playing frisbee with a dog in a field,1
images/2395217.jpg,there is a man walking a group of dogs on a leash by the water,1
images/2342372.jpg,there is a man that is sitting on a couch with a dog and a,1
images/2320868.jpg,there are many people walking on the beach with kites in the air,1
images/2412671.jpg,they are playing frisbee with a dog in a field of green grass,1
images/2318154.jpg,there is a small white dog in a red backpack on the back of a,1
images/2352946.jpg,black and white photo of a man walking a dog with a herd of cows,1
images/2323242.jpg,there is a man sleeping in bed with a dog on his lap,1
images/2372046.jpg,there is a man sitting in a chair with a dog on his lap,1
images/2320655.jpg,there is a man riding a bike with a dog in a basket on the,1
images/2378475.jpg,there is a man playing frisbee with his dog in the park,1
images/2337775.jpg,there is a dog sticking its head out of the window of a car,1
images/2387231.jpg,there is a group of people that are flying kites in the snow,1
images/2365847.jpg,there is a man and a dog playing frisbee in a field,1
images/2354569.jpg,there is a man walking a dog on the beach with a surfboard,1
images/2366872.jpg,there is a green car driving down the street with a dog in the back,1
images/2336234.jpg,there are two people standing in a living room with a dog on a leash,1
images/2357696.jpg,there is a man that is riding on the back of an elephant,1
images/2366841.jpg,several people are riding horses in a fenced in area with a dog,1
images/2401124.jpg,there is a dog that is looking out of the window of a truck,1
images/2327346.jpg,there is a man standing in a kitchen holding a tray of food,1
images/2396209.jpg,black and white photo of a man standing next to a car with a dog,1
images/2338125.jpg,there is a dog that is playing with a frisbee in the water,1
images/2384081.jpg,there is a man riding a bike with a dog on the back of it,1
images/2359950.jpg,there is a man riding a bike down a path next to a body of,1
images/1159610.jpg,there are people walking with umbrellas and a dog on the sidewalk,1
images/2366946.jpg,there is a man that is flying a kite on the beach,1
images/2326452.jpg,there is a dog jumping into the air to catch a frisbee,1
images/2334223.jpg,there are three people walking on the beach with a dog on a leash,1
images/2414764.jpg,there is a woman sitting in the grass with a cell phone in her hand,1
images/2375612.jpg,there is a dog that is jumping in the air with a frisbee,1
images/2402211.jpg,there is a black and white photo of a man walking a dog in a,1
images/2361821.jpg,there are two people that are standing on surfboards in the water,1
images/2331500.jpg,there are many people that are flying kites in the field,1
images/2371467.jpg,there is an elephant that is walking with a dog on a leash,1
images/2404193.jpg,there is a man sitting on a bench with a dog on a leash,1
images/2414354.jpg,there is a man that is holding a dog on a skateboard,1
images/107926.jpg,there is a man riding on the back of a horse next to a herd,1
images/2342959.jpg,there is a man that is standing in the kitchen with a bottle of wine,1
images/2345532.jpg,there is a man sitting on a boat with a dog standing on it,1
images/2360542.jpg,there is a small dog that is sitting inside of a bag,1
images/2349742.jpg,there is a dalmatian dog sitting in the driver's seat of,1
images/2359049.jpg,there is a group of people in pink shirts posing for a picture,1
images/2350312.jpg,there is a man riding a motorcycle with a dog on the back of it,1
images/2355950.jpg,there is a man standing next to a fire hydrant on the side of,1
images/2373502.jpg,horses pulling a wagon full of hay with people on top of it,1
images/2322106.jpg,several people on a boat with a dog and a man in a cowboy hat,1
images/2344769.jpg,there is a man riding a skateboard with a dog on a leash,1
images/2320693.jpg,there is a dog that is playing with a frisbee in the grass,1
images/285707.jpg,there is a man and a dog on a boat in the water,1
images/2398619.jpg,there are three surfers walking out of the water with their surfboards,1
images/2411533.jpg,there is a cat sitting on the back of a dog on the street,1
images/2409618.jpg,there is a woman riding a pink bike with a dog in a basket,1
images/2335823.jpg,there are two people and a dog on the beach with a fishing rod,1
images/2321145.jpg,there is a person feeding a dog with a frisbee in the grass,1
images/2334958.jpg,there is a man that is riding a bike with a dog in a cart,1
images/2358192.jpg,there is a man sitting at a table with a glass of wine and a,1
images/2356123.jpg,there are many people that are flying kites in the park,1
images/2342517.jpg,there is a man sitting on a couch with a dog on his shoulder,1
images/2331525.jpg,there is a man sitting on a bus with a dog in his back pack,1
images/2398189.jpg,there is a man that is riding a horse in a field with cows,1
images/2327325.jpg,there is a man riding a bike with a dog on the back of it,1
images/2317615.jpg,there is a man and his dog playing frisbee in the park,1
images/2317126.jpg,there is a boat that is going down the river in front of a building,1
images/2417801.jpg,there is a man riding a surfboard with a dog on it,1
images/1159281.jpg,there is a man on a boat with a dog in the water,1
images/2351991.jpg,there is a man that is standing in the grass with some sheep,1
images/2368925.jpg,there is a man walking on the beach next to a large log,1
images/2337125.jpg,there is a man and a dog playing frisbee in the snow,1
images/2356330.jpg,there is a man and a little girl petting a dog on a bench,1
images/2370145.jpg,there is a dog that is laying down in a puddle of water,1
images/2388468.jpg,there is a group of people that are riding bikes in the dark,1
images/2403560.jpg,there is a man sitting at a table with a dog in front of him,1
images/2372091.jpg,there is a dog that is sitting on top of a wooden bench,1
images/3424.jpg,there is a tree that is in the middle of the street,1
images/2351872.jpg,there is a man that is taking a picture of himself in the park,1
images/2330479.jpg,there is a man that is riding a horse in a field with a dog,1
images/2384109.jpg,there is a man riding a bike with a dog in the snow,1
images/2353922.jpg,there are two people standing in the snow with skis and a sled,1
images/2340709.jpg,there are two men sitting on a bench on the beach with a dog,1
images/2385858.jpg,there are two men standing in a kitchen holding a plate of food,1
images/2315716.jpg,there is a motorcycle parked in the grass with people and dogs in the background,1
images/2360637.jpg,there is a woman that is swinging a bat at a ball on the beach,1
images/2348342.jpg,there is a dog that is catching a frisbee in the air,1
images/2388743.jpg,black and white photo of a man standing on a boat with a dog on,1
images/2368196.jpg,there is a man with a backpack and a dog on his back,1
images/2369174.jpg,there is a man sitting on a toilet in a bathroom with a small dog,1
images/2342359.jpg,there is a man that is laying down with a dog in his lap,1
images/2319521.jpg,there is a man in a suit and tie with a dog in front of,1
images/2333895.jpg,there is a man petting a sheep in a field with a dog,1
images/2407435.jpg,there is a woman that is walking a bike with a dog on the leash,1
images/2383550.jpg,there is a dog that is standing in the water at the beach,1
images/2392688.jpg,there is a cat that is sitting on top of a tv,1
images/2348603.jpg,herd of sheep being herded by a man and a dog in a field,1
images/2410503.jpg,there is a man carrying skis and a dog walking up a snowy hill,1
images/2344528.jpg,there is a man riding a motorcycle down a dirt road next to a river,1
images/2350150.jpg,there is a man riding a bike down a road with a dog on the,1
images/2371995.jpg,there is a man in a top hat talking on a cell phone next to,1
images/285910.jpg,three men in wetsuits holding surfboards on a beach near the ocean,1
images/2382121.jpg,there are many people walking their dogs down the sidewalk together,1
images/2354589.jpg,black and white photograph of a man standing in a kitchen next to a dog,1
images/2401877.jpg,there is a woman sitting on a bench with a dog in front of her,1
images/713697.jpg,there are many people riding horses in the snow on skis,1
images/2345272.jpg,there are two dogs that are standing on the back of a boat,1
images/2360194.jpg,there is a man driving a car with a dog in the driver's,1
images/2342900.jpg,there is a group of people that are walking down the street with a dog,1
images/2337414.jpg,there is a man laying in bed with two dogs under a blanket,1
images/2330214.jpg,there is a dog jumping in the air to catch a frisbee,1
images/2407463.jpg,black and white photo of a horse drawn carriage in front of a brick building,1
images/2324234.jpg,there is a woman that is riding a bike with a basket on the back,1
images/2383516.jpg,there is a man sitting on a couch with a dog and a plate of,1
images/2365600.jpg,there is a man that is sitting on a couch with a dog,1
images/2361103.jpg,there is a man and two dogs on a boat in the water,1
images/2353702.jpg,there is a man and a dog that are walking in the snow,1
images/2370216.jpg,there is a dog being groomed by a woman at a dog show,1
images/2351186.jpg,there is a dog that is carrying a frisbee in it's,1
images/2406798.jpg,there is a lot of people that are walking and riding bikes on the street,1
images/2369147.jpg,there are two men playing a video game together in the living room,1
images/2377194.jpg,they are walking down the sidewalk with their dogs and a man on a bike,1
images/2391621.jpg,there is a black dog that is being petted by a woman at a,1
images/2319334.jpg,there is a man riding a bike down the street with a backpack on his,1
images/2377531.jpg,there is a man sitting at a table with a dog in front of him,1
images/2376077.jpg,there is a train that is pulling into the station in the snow,1
images/2324942.jpg,pedestrian crossing sign on a city street with a dog on a leash,1
images/2360774.jpg,there are many people standing in a parking lot with motorcycles,1
images/2404862.jpg,black and white photo of a man sitting on a couch with a dog watching,1
images/2345905.jpg,there is a man standing next to a woman and a dog on a leash,1
images/2339172.jpg,there is a man that is eating a hot dog in a restaurant,1
images/2387430.jpg,there is a man riding a horse next to a dog on a dirt road,1
images/2407878.jpg,there is a dog that is sitting on a bus with its head on the,1
images/2376812.jpg,there is a man standing next to a dog on a motor scooter,1
images/2321557.jpg,there is a man riding a motorcycle down the street in front of a crowd,1
images/2380760.jpg,there is a man riding a bike with a dog on the back of it,1
images/2377113.jpg,several people walking on the beach with surfboards and a dog,1
images/2346869.jpg,there is a dog that is jumping in the air to catch a fris,1
images/2346390.jpg,there is a man holding a dog in a kitchen with pots and pans,1
images/2341726.jpg,there is a man that is playing the drums in a room,1
images/2391307.jpg,there is a man and a dog on a surfboard in the water,1
images/2380687.jpg,there is a man riding a skateboard with a dog on it,1
images/497973.jpg,there is a group of people that are standing around with a dog,1
images/2364866.jpg,there is a dog that is jumping in the air to catch a fris,1
images/2334398.jpg,there is a person walking a dog in the snow with an umbrella,1
images/2348310.jpg,there are two people and a dog standing in front of a produce stand,1
images/2379912.jpg,there is a dog that is sitting in the middle of the street,1
images/2351477.jpg,there are many sheep in a fenced in area with a crowd of people,1
images/2403537.jpg,there is a dog that is playing with a ball in the grass,1
images/2369860.jpg,there is a man and a woman riding in a carriage pulled by a horse,1
images/2403710.jpg,there are many dogs riding on a surfboard in the water,1
images/2357190.jpg,black and white photograph of a man and two dogs laying on a bed,1
images/1159355.jpg,there is a man that is standing next to a bike with a dog on,1
images/2413397.jpg,there is a man that is holding a sign in front of a school bus,1
images/2377469.jpg,there is a man and a woman on a surfboard riding a wave,1
images/2333171.jpg,there are three baseball players and a dog in the dugout,1
images/2397739.jpg,dalmatian dog standing in front of a parked motorcycle and a man on,1
images/2391488.jpg,there is a man walking a dog on a leash next to a fire hydra,1
images/2362525.jpg,black and white photo of a dog in a backpack being carried by a man,1
images/2316038.jpg,there is a man standing on the side of the road next to a dog,1
images/2383376.jpg,there is a man taking a picture of a dog in the rear view mirror,1
images/2372581.jpg,there are many dogs that are riding the waves on a surfboard,1
images/2361800.jpg,there is a small white dog sitting on the sidewalk in front of a restaurant,1
images/2400642.jpg,there is a man playing frisbee with a dog in the park,1
images/2390652.jpg,there is a man sitting on a bed with a dog on it,1
images/2318179.jpg,they are walking on the beach with their kites and a dog,1
images/2369464.jpg,there is a man on a horse leading a group of horses down the street,1
images/2365964.jpg,there are many people standing on the beach with their surfboards,1
images/2335788.jpg,there is a man that is sitting on a motorcycle with a dog in his,1
images/2338721.jpg,man on a red motorcycle with a dog sitting on the back of it,1
images/2417556.jpg,there is a car that is driving down the street in front of a building,1
images/2394882.jpg,there is a man standing in a living room with a dog,1
images/2379154.jpg,there is a dog that is jumping over a ramp with a ball in its,1
images/2365164.jpg,there are many dogs that are standing on the steps of a building,1
images/713715.jpg,herd of sheep being herded by a dog in a large grassy field,1
images/2328838.jpg,there is a man that is riding a horse in the field with a dog,1
images/2394890.jpg,there is a man sitting at a desk with a keyboard and a cell phone,1
images/2396988.jpg,there is a man and a woman sitting on a bench with a dog,1
images/2316215.jpg,there is a dog that is standing on a surfboard in the water,1
images/2415276.jpg,there is a dog sled being pulled by a man on a sled,1
images/2403048.jpg,there is a man sitting on a bench with two dogs next to him,1
images/2353801.jpg,black and white photograph of a boat traveling on a body of water,1
images/2348134.jpg,there is a man and a little girl sitting in the grass with a dog,1
images/2340498.jpg,there is a man that is standing in the yard with two dogs,1
images/2402904.jpg,there is a man that is playing tennis with a dog in the background,1
images/2316723.jpg,there is a man with a hat and a dog with a cigar in his,1
images/2347508.jpg,there is a man standing next to two horses in a field with a dog,1
images/2380409.jpg,there is a dog that is standing on the side of the road,1
images/2388411.jpg,black and white photograph of a small white dog being pet by a group of,1
images/2321511.jpg,there is a man that is feeding a horse on the porch,1
images/2409094.jpg,there is a dog that is standing on a leash in the street,1
images/2377830.jpg,there is a man sitting on a bed with a dog on his lap,1
images/2350109.jpg,there is a man playing frisbee with his dog in the park,1
images/2367186.jpg,black and white photograph of a man sitting on a park bench with two dogs,1
images/2355727.jpg,there is a dog that is jumping in the air to catch a fris,1
images/2330481.jpg,there are two people and two dogs posing for a picture in the snow,1
images/2374739.jpg,there is a man riding a horse on the beach with two dogs,1
images/2366617.jpg,there are two men standing in a living room with a dog,1
images/497940.jpg,there is a man walking down a path with an umbrella over his head,1
images/2383170.jpg,there are many motorcycles that are parked in the dirt,1
images/2316789.jpg,there are two dogs that are tied to a pole on the sidewalk,1
images/2322281.jpg,there is a man playing frisbee with a dog on a field,1
images/2328885.jpg,there is a dog that is running with a frisbee in its mouth,1
images/2357063.jpg,there is a man standing in a kitchen with a dog in front of him,1
images/2343283.jpg,there are two men walking a dog on a leash down the street,1
images/2330759.jpg,several people sitting in a living room with a dog and a coffee table,1
images/2338674.jpg,there is a man and his dog playing in the snow,1
images/2317981.jpg,there is a man riding a bike with a dog on the back of it,1
images/2349696.jpg,several people walking down a dirt road with umbrellas over their heads,1
images/2391456.jpg,black and white photo of a man riding a bike with a dog on the,1
images/2416234.jpg,there are many people and a dog on the shore of a river,1
images/2388780.jpg,there is a man that is standing in the grass with a herd of sheep,1
images/2405853.jpg,there is a man sitting on a couch with a dog and a stuffed animal,1
images/2373751.jpg,there is a man holding a frisbee with a dog on his back,1
images/2353644.jpg,this is an image of a box of chocolates with the words hello and,1
images/2410152.jpg,there is a man and a dog standing in the water next to a jet,1
images/2356904.jpg,there are three people sitting on a stone bench with a dog on a leash,1
images/2363971.jpg,there is a man and a woman sitting on a couch with a dog,1
images/2398939.jpg,there is a dog that is sitting in front of a window,1
images/2360497.jpg,there is a dog sitting on the floor next to a person in the kitchen,1
images/1591911.jpg,there are many people standing under red umbrellas at an outdoor market,1
images/2364024.jpg,there is a man and a dog riding in a boat on the water,1
images/2408348.jpg,there is a man laying on the floor in a living room watching tv,1
images/2395166.jpg,there are many people standing on a field watching a dog in the air,1
images/2416340.jpg,there are many cows standing in a fenced in field next to a dog,1
images/2392675.jpg,there are people and a dog in the water at the beach,1
images/2397787.jpg,there is a dog that is jumping in the air to catch a fris,1
images/2339161.jpg,three men standing on a beach with a dog and a frisbee,1
images/2373696.jpg,there is a man holding a sign and a small dog on a leash,1
images/2400991.jpg,there is a man sitting on a bench with a dog next to a boat,1
images/2336458.jpg,there are many people in the water with their dogs on a raft,1
images/2390235.jpg,there is a woman in a pink dress and a man in a yellow shirt,1
images/2355547.jpg,there is a man that is petting a dog in the living room,1
images/2390506.jpg,there is a woman walking with an umbrella and a dog on the side of,1
images/2406821.jpg,there is a red and blue bus that is parked on the side of the,1
images/2399674.jpg,there is a man in a wheel chair with a dog on a leash,1
images/2364515.jpg,there is a man that is sitting in the back of a car with a,1
images/2316469.jpg,there is a dog that is sitting on a bike by the water,1
images/2346157.jpg,there is a woman sitting outside of a mud hut with a basket of bananas,1
images/2339453.jpg,there is a man riding a bike with a dog on the back of it,1
images/2397138.jpg,there is a man and a dog sitting in a boat on the water,1
images/2367512.jpg,there is a dog that is standing in the middle of the street with people,1
images/2391328.jpg,there is a man that is sitting on a motorcycle in the street,1
images/2370.jpg,there is a man walking down the street with a dog on a leash,1
images/2356084.jpg,there is a man holding an umbrella in a room with a dog,1
images/2357191.jpg,there is a man riding a surfboard with a dog on his back,1
images/2406584.jpg,there is a man sitting on a rock next to a dog,1
images/2367018.jpg,there is a man riding a skateboard up the side of a ramp,1
images/2341577.jpg,there are two men sitting in the back of a bus with a dog,1
images/2356877.jpg,there is a dog that is jumping in the air to catch a fris,1
images/2391849.jpg,there are many people walking in the rain with umbrellas on a rainy day,1
images/2315875.jpg,there are three people that are sitting on a bench with a dog,1
images/2345151.jpg,there is a group of people standing in the rain with umbrellas,1
images/2335375.jpg,there are many people flying kites in the park on a cloudy day,1
images/2329537.jpg,several people walking down a sidewalk next to a motorcycle on a city street,1
images/2341368.jpg,there are people walking down the street in the city on a sunny day,1
images/2404245.jpg,several people and a dog are sitting in chairs in a garage,1
images/2417119.jpg,there are many people that are riding motorcycles down the street,1
images/2356920.jpg,there is a man and a dog in a red canoe on the water,1
images/2404534.jpg,there is a man that is riding on a horse that is pulling a cart,1
images/2323280.jpg,several people sitting at tables with red umbrellas and a dog on a leash,1
images/2372176.jpg,there is a woman sitting on a couch in a living room with a dog,1
images/2316688.jpg,there is a person walking down a dirt road with an umbrella,1
images/2380470.jpg,there is a man sitting on the floor with a dog eating a hot dog,1
images/2363486.jpg,several men and a dog are standing in a room with a chalkboard,1
images/2382157.jpg,there is a dog that is standing on a boat in the water,1
images/2368914.jpg,there is a dog that is standing on a dock next to a boat,1
images/2344149.jpg,several people and a dog are standing on the sidewalk in front of a del,1
images/2365507.jpg,there is a man sitting on the ground with a dog on his lap,1
images/2339803.jpg,there is a dog that is looking in the side mirror of a car,1
images/2407605.jpg,there is a man that is doing a trick on a bike on a bench,1
images/2398449.jpg,there is a cat that is laying on a bed in a room,1
images/2377573.jpg,there is a dog that is jumping in the air to catch a fris,1
images/2359741.jpg,there is a man and a dog in the snow playing with a fris,1
images/2405103.jpg,there is a man that is sitting on a bench by the water,1
images/2378957.jpg,there is a woman sitting on a bench with a dog in the snow,1
images/2338677.jpg,there are two people standing in a living room playing a video game,1
images/2402324.jpg,there is a dog that is walking on a leash in a field of flowers,1
images/2328062.jpg,there is a man sitting on a bench with a dog on his lap,1
images/2413856.jpg,there is a man playing frisbee with a dog on the grass,1
images/2371440.jpg,there is a small white dog sitting on top of a skateboard,1
images/2337587.jpg,there is a man sitting on a bench with a dog on a leash,1
images/2320460.jpg,there is a man that is cutting up a turkey on a table,1
images/2344110.jpg,there is a man sitting on a bench with two dogs next to him,1
images/713048.jpg,there are many people on a boat with a dog on the back of it,1
images/2380825.jpg,there is a dog sitting in front of a red building next to a bicycle,1
images/2369749.jpg,there is a man that is laying on a couch in a room,1
images/2340500.jpg,there is a man sitting in a boat with dogs on the water,1
images/2324914.jpg,there is a man laying in a bed with a dog on his lap,1
images/2361883.jpg,there is a man and a woman riding a surfboard in the ocean,1
images/2416475.jpg,there is a man that is throwing a frisbee in the park,1
images/2372773.jpg,there is a man sitting on a park bench reading a book,1
images/2380863.jpg,there are many food trucks that are parked on the side of the street,1
images/2324410.jpg,there is a group of people riding skis down a snow covered slope,1
images/2409721.jpg,there is a man and a dog on the beach flying kites,1
images/2334964.jpg,there is a man sitting on a bench with a dog on his lap,1
images/2345442.jpg,there is a dog that is running with a baseball bat in its mouth,1
images/1592815.jpg,there is a man standing in a kitchen with two dogs in the kitchen,1
images/2365030.jpg,there is a brown and white dog riding a skateboard down the street,1
images/2350157.jpg,there is a man that is skiing down a hill in the snow,1
images/2334244.jpg,there are many people that are standing in the grass with frisbees,1
images/2417487.jpg,herd of sheep being herded by a dog in a fenced in area,1
images/2326497.jpg,there is a man wearing a hat and holding a dog in his arms,1
images/2318965.jpg,black and white photograph of a person walking a dog on a leash in the,1
images/2339336.jpg,there is a black and white photo of a person on skis in the,1
images/2380985.jpg,there is a man riding a skateboard down the street with a dog on,1
images/2321730.jpg,there is a man and a dog on a surfboard in the water,1
images/2317093.jpg,there is a man and woman sitting next to a dog on a bench,1
images/2412854.jpg,there are two people standing in a living room playing a video game,1
images/2330686.jpg,there is a man riding a skateboard with two dogs on a leash,1
images/2336848.jpg,there is a man and a dog playing with a frisbee on a,1
images/2408755.jpg,there is a man laying in bed with a dog under a blanket,1
images/713331.jpg,there are many people flying kites in the park on a cloudy day,1
images/2400563.jpg,there is a man that is standing in the grass with a dog,1
images/1592944.jpg,there is a man with a dog in a backpack and a woman with a,1
images/2411557.jpg,they are playing frisbee in a park with a crowd of people watching,1
images/2366845.jpg,herd of sheep and sheepdogs in a fenced in area with people,1
images/2319723.jpg,there is a cat and a dog sitting in front of a laptop computer,1
images/2318369.jpg,there is a man taking a picture of himself in the mirror of a tree,1
images/2407734.jpg,they are playing frisbee with a dog in a field with people watching,1
images/2318692.jpg,there is a dog jumping over a man on the ground with a fris,1
images/2374798.jpg,there is a man sitting on a couch with a dog wearing a cone on,1
images/2342762.jpg,there is a dog that is sitting on a skateboard on the floor,1
images/2362093.jpg,there is a man and his dog skiing down a snowy hill,1
images/2338103.jpg,there is a black and white photo of a man and a dog,1
images/2339367.jpg,there are many people sitting in a circle with a dog on the floor,1
images/2328987.jpg,there is a man sitting on a bench with a dog in front of a,1
images/2396753.jpg,there is a man riding a bike with a dog in a cart,1
images/2411487.jpg,there are two elephants that are walking down the street in front of a building,1
images/2368610.jpg,there is a man playing frisbee with a dog on the beach,1
images/2385897.jpg,there is a dog that is jumping in the air with a frisbee,1
images/2316133.jpg,there is a woman sitting on a beach chair with a dog under an umbrella,1
images/2374913.jpg,there is a man that is standing next to a dog on a leash,1
images/713479.jpg,there is a man and a woman sitting at a table with a dog,1
images/2397204.jpg,there are many people on the beach at the water's edge,1
images/2394168.jpg,there is a dog that is sitting on a bed with a red comforter,1
images/2417150.jpg,there is a man and a dog riding in a pontoon on the water,1
images/2391620.jpg,there are two dogs on the beach with a frisbee in their mouth,1
images/2386512.jpg,there is a woman riding a scooter with a dog on the back,1
images/2316980.jpg,skiers and a dog in the snow with trees in the background,1
images/2406155.jpg,there are two small dogs that are sitting in the back seat of a car,1
images/2359073.jpg,there is a cat sitting on top of a dog laying on the ground,1
images/2316786.jpg,there is a man and a woman laying on a bed with a remote control,1
images/2358622.jpg,there is a man that is standing next to a cow and a dog,1
images/2366052.jpg,there is a man selling oranges from a cart on the street,1
images/2411786.jpg,they are playing frisbee in the park with their dogs,1
images/2335189.jpg,there is a man and a woman walking a dog down the street,1
images/2386435.jpg,there is a dog that is jumping in the air to catch a fris,1
images/2385853.jpg,there is a black dog wearing a hat and glasses on a sidewalk,1
images/2347373.jpg,several people are flying kites in a park with a bus in the background,1
images/2363267.jpg,there are two men sitting on a bench with a dog on a leash,1
images/2345544.jpg,there are many people in the park with skateboards and skateboards,1
images/2361973.jpg,there is a cow that is standing in the middle of the street,1
images/2345931.jpg,there are people on the beach flying a kite on a clear day,1
images/2413527.jpg,there are three dogs that are sitting on leashes under a tent,1
images/2413586.jpg,several people and a dog are sitting at a table in a kitchen,1
images/2368507.jpg,there is a woman that is riding a bike with a basket on the back,1
images/2363861.jpg,there is a man throwing a frisbee into the water with a dog,1
images/2397768.jpg,there are a lot of dogs that are standing in the water,1
images/2341743.jpg,there is a man playing frisbee with a dog in a field,1
images/2344583.jpg,there is a man and a dog that are playing with a frisbee,1
images/2416883.jpg,there is a woman standing in the grass with a dog and a fris,1
images/2332785.jpg,there is a dog that is laying on the ground next to a bench,1
images/2380091.jpg,there is a man standing in a field with a herd of cows,1
images/2375328.jpg,there are two dogs that are laying on a blanket in front of a tv,1
images/2392586.jpg,there is a dog that is standing next to a backpack on the sidewalk,1
images/2348263.jpg,there are people walking down the street at an intersection in the city,1
images/2372452.jpg,there is a man that is sitting on a motorcycle with a dog,1
images/2325492.jpg,there is a man and a dog on the beach playing frisbee,1
images/2373288.jpg,there are many people walking in the park on a sunny day,1
images/2389743.jpg,there is a man and a woman standing next to a truck with a dog,1
images/2371670.jpg,there is a dog riding a surfboard on a wave in the ocean,1
images/2334564.jpg,there is a man and a dog on a surfboard in the water,1
images/2316174.jpg,there is a bird that is sitting on top of a boat in the water,1
images/2317636.jpg,there is a dog that is running in the water with a ball in its,1
images/2404746.jpg,there is a dog that is standing in the grass with a herd of sheep,1
images/2391053.jpg,there is a man and a woman sitting on a bench with a dog,1
images/2383550.jpg,there is a dog that is standing in the water at the beach,1
images/2344881.jpg,there are two pictures of a dog and a cat sitting next to each other,1
images/2337205.jpg,there is a dog that is laying in the grass with a bottle of water,1
images/2316469.jpg,there is a dog that is sitting on a bike by the water,1
images/2316635.jpg,there is a dog that is playing in the water with a frisbee,1
images/2359938.jpg,there is a collage of pictures of people and animals on the beach,1
images/2378740.jpg,there is a man and a dog in the water with a ship in the,1
images/2358354.jpg,there is a man sitting on a bench with a dog next to him,1
images/2375263.jpg,there are two dogs that are playing in the water at the beach,1
images/2351390.jpg,there is a dog that is sitting in the doorway of a building,1
images/2405419.jpg,there are two women sitting on the beach with their dogs,1
images/2417732.jpg,there is a man holding a dog on a boat in the water,1
images/2403391.jpg,there are many people that are out in the water on the beach,1
images/2397138.jpg,there is a man and a dog sitting in a boat on the water,1
images/2323367.jpg,there is a woman in a bathing suit and a dog on a surfboard,1
images/2382814.jpg,there is a man playing frisbee with two dogs on the beach,1
images/2342016.jpg,there is a man and a dog on a surfboard in the water,1
images/2365881.jpg,there is a dog that is walking in the water with a frisbee,1
images/2372721.jpg,there is a dog running on the beach with seagulls flying in the,1
images/2372037.jpg,there is a dog that is walking on the beach near the water,1
images/2323804.jpg,there are two people and a dog on a dock by the water,1
images/2356084.jpg,there is a man holding an umbrella in a room with a dog,1
images/2393666.jpg,there is a large clock on the side of a building with a view of,1
images/2373351.jpg,there are two women and a dog on a boat on the water,1
images/2367120.jpg,there is a dog that is swimming in the water with a frisbee,1
images/2345272.jpg,there are two dogs that are standing on the back of a boat,1
images/2367813.jpg,there is a man and a dog playing with a frisbee in a,1
images/2345562.jpg,there is a man riding a surfboard in the ocean on a small wave,1
images/2339024.jpg,there is a dog that is sitting in the snow on the beach,1
images/2349888.jpg,there is a woman that is talking on a cell phone by the water,1
images/2382674.jpg,there is a brown and white dog sitting next to a bowl of water,1
images/2357191.jpg,there is a man riding a surfboard with a dog on his back,1
images/2417914.jpg,there is a dog that is standing in the water next to a boat,1
images/2406584.jpg,there is a man sitting on a rock next to a dog,1
images/2323850.jpg,there is a dog that is standing in the grass with a bunch of sheep,1
images/2384339.jpg,there is a man and a woman standing on the edge of a concrete wall,1
images/2371922.jpg,there are people walking along the beach with surfboards in the water,1
images/2334236.jpg,there is a dog standing next to a boat on the beach,1
images/2417422.jpg,there is a dog that is standing in the water with his tongue hanging out,1
images/2360314.jpg,there is a dog that is walking on the beach near the water,1
images/2333443.jpg,there is a dog that is standing in a bathtub with its tongue out,1
images/2400930.jpg,there is a young boy playing with two dogs on the deck of a boat,1
images/2350379.jpg,there is a boat that has a dog in it's seat on the,1
images/2346815.jpg,there are many people on the beach flying kites on a sunny day,1
images/2388197.jpg,there is a group of people on the beach flying kites,1
images/2400608.jpg,there are two dogs that are playing with each other on the beach,1
images/2356920.jpg,there is a man and a dog in a red canoe on the water,1
images/2339140.jpg,this is an image of a skateboard laying on the sand at the beach,1
images/2369402.jpg,there is a dog that is sitting on the floor with a vase of flowers,1
images/2358663.jpg,there is a dog that is standing in the water next to a toy boat,1
images/2362620.jpg,there is a man riding a surfboard with two dogs on it,1
images/2320932.jpg,there is a dog that is standing on top of a boat in the water,1
images/2372598.jpg,there is a dog that is standing in the dirt with a frisbee,1
images/2382157.jpg,there is a dog that is standing on a boat in the water,1
images/2381433.jpg,there is a cat sitting on the back of a boat next to a dog,1
images/2373155.jpg,there is a dog that is playing in the water with a frisbee,1
images/2362804.jpg,there is a dog that is sitting next to a body of water,1
images/2414304.jpg,there is a dog that is sitting on the beach looking at the water,1
images/2361492.jpg,there is a sailboat that is out in the ocean on a clear day,1
images/2317995.jpg,there are many pictures of goats and sheep in a fenced in area,1
images/2362957.jpg,there is a dog that is drinking water out of a metal bowl,1
images/2320476.jpg,this is a black and white photo of a dog and a person on a,1
images/2347660.jpg,there is a small dog sitting on the floor next to a toilet,1
images/2368162.jpg,there is a dog that is running on the beach with a frisbee,1
images/2355865.jpg,there is a dog that is laying down on the back of a boat,1
images/2363530.jpg,there is a man flying a kite on the beach next to the ocean,1
images/2371137.jpg,there is a dog that is standing on top of a boat in the water,1
images/308.jpg,there are people walking on the sidewalk next to the water,1
images/2325567.jpg,there is a dog that is sitting on the edge of a cliff by the,1
images/2345765.jpg,there is a dog that is standing in the water at the beach,1
images/2348412.jpg,there is a woman feeding a dog with a bottle of water,1
images/2354475.jpg,there are two people on the beach flying a kite with a dog on the,1
images/2352484.jpg,there is a group of people riding in a boat on a river,1
images/2405103.jpg,there is a man that is sitting on a bench by the water,1
images/2403245.jpg,there is a dog that is laying down on the wooden floor,1
images/2399017.jpg,there is a dog wearing a life jacket on a surfboard in the water,1
images/2397203.jpg,there is a man riding a boat in the water with a dog on it,1
images/2401778.jpg,there is a dog that is standing in the water with a frisbee,1
images/2372988.jpg,there is a dog that is drinking water out of a bottle,1
images/2328720.jpg,there is a dog that is sitting in the back seat of a truck,1
images/2362394.jpg,there are two dogs that are playing in the water with a frisbee,1
images/2412108.jpg,there is a dog that is standing in the grass with a frisbee,1
images/2398506.jpg,there is a dog that is standing in the water with a horse in the,1
images/2391725.jpg,there is a small white dog sitting in a bathtub looking at the camera,1
images/2348253.jpg,there is a woman walking on the beach with a surfboard and a dog,1
images/2325500.jpg,there is a dog wearing a life jacket riding a surfboard in the water,1
images/2363272.jpg,there is a boat that is docked at the dock with a dog on the,1
images/2403975.jpg,there is a dog that is standing in the water with a kite in the,1
images/2395217.jpg,there is a man walking a group of dogs on a leash by the water,1
images/2349993.jpg,there is a dog wearing a life jacket riding a surfboard in the water,1
images/2317781.jpg,there are many people that are flying kites in the parking lot,1
images/2361883.jpg,there is a man and a woman riding a surfboard in the ocean,1
images/2365002.jpg,there is a dog that is drinking water out of a bottle,1
images/2339341.jpg,there is a cow and a dog on the beach by the water,1
images/2327519.jpg,there is a dog that is standing in the water with a frisbee,1
images/2391307.jpg,there is a man and a dog on a surfboard in the water,1
images/2404669.jpg,there is a dog that is eating from a bowl in front of a mirror,1
images/2387137.jpg,there is a woman and two dogs on a boat on the water,1
images/2377282.jpg,there is an elephant that is standing in the water under a tree,1
images/2351612.jpg,there is a dog that is standing by the water with ducks in the background,1
images/2389092.jpg,there is a dog in the water with a frisbee in its mouth,1
images/2391743.jpg,there is a dog that is sitting on a boat looking out at the water,1
images/2409721.jpg,there is a man and a dog on the beach flying kites,1
images/2370415.jpg,there is a dog wearing a life jacket on a surfboard in the water,1
images/2344234.jpg,there is a close up of a pair of shoes in the sand,1
images/2343149.jpg,there is a dog that is running in the water with a frisbee,1
images/2368853.jpg,three dogs running in the water at the beach with a ball in their mouth,1
images/2358897.jpg,there is a man standing in the water with a dog on a leash,1
images/2380787.jpg,there is a dog that is standing on a boat in the water,1
images/2331774.jpg,there is a man and a dog playing in the water at the beach,1
images/2354569.jpg,there is a man walking a dog on the beach with a surfboard,1
images/2331118.jpg,there is a dog that is standing on a surfboard in the water,1
images/2388648.jpg,there is a dog and a cat on the shore of a river,1
images/2381403.jpg,puppy wearing a life jacket standing on a surfboard in the water,1
images/2352435.jpg,there is a dog that is playing with a stick in the water,1
images/2341039.jpg,there is a dog in the water with a frisbee in its mouth,1
images/2357485.jpg,there is a dog that is walking on the beach with a frisbee,1
images/2366945.jpg,there is a polar bear that is playing with a ball in the water,1
images/2403710.jpg,there are many dogs riding on a surfboard in the water,1
images/2378073.jpg,there is a dog wearing a life jacket riding a surfboard in the water,1
images/2325642.jpg,black and white photo of a dog wading in the water in front of,1
images/713188.jpg,there is a woman and a dog on a surfboard in the water,1
images/2336027.jpg,there is a man walking on the beach with a surfboard in his hand,1
images/2334367.jpg,there is a dog that is standing on the bow of a boat,1
images/2348502.jpg,there is a dog that is laying down on the sand at the beach,1
images/2382950.jpg,there is a man that is fishing in a boat in the water,1
images/2381084.jpg,there is a dog that is standing on the back of a boat,1
images/2366640.jpg,there is a woman and a dog on a surfboard in the water,1
images/2363024.jpg,there is a man in a wet suit carrying a surfboard with a dog,1
images/2377474.jpg,there is a woman that is riding a surfboard in the water,1
images/2354471.jpg,there is a bench that is sitting on the side of the boardwalk,1
images/2358799.jpg,there is a dog that is playing with a ball in the water,1
images/2395395.jpg,there is a dog that is riding on a surfboard in the water,1
images/2346637.jpg,there is a man and a dog walking in the water with a surfboard,1
images/2347851.jpg,black and white photograph of a no dogs sign next to a fire hydrant,1
images/2349616.jpg,there is a dog that is laying down on the back of a boat,1
images/2412384.jpg,there is a dog that is sitting next to a boat in the water,1
images/2322792.jpg,there is a dog that is riding a surfboard in the water,1
images/2376639.jpg,there are two people riding horses in the water with a dog on the beach,1
images/2321114.jpg,there is a hot dog with mustard and ketchup in a box,1
images/2359950.jpg,there is a man riding a bike down a path next to a body of,1
images/2323635.jpg,there is a man that is standing on the side of the road,1
images/2342008.jpg,there are two umbrellas on the beach at sunset with a boat in the,1
images/2386802.jpg,there is a kite that is sitting on the beach near the water,1
images/2329647.jpg,there is a little girl that is playing with a red fire hydrant,1
images/2379730.jpg,there is a woman that is walking a dog on a leash in the water,1
images/2357991.jpg,there is a dog that is sitting in the back of a boat,1
images/2334223.jpg,there are three people walking on the beach with a dog on a leash,1
images/2400993.jpg,there is a black and white dog sitting at a red picnic table,1
images/2338165.jpg,there is a dog that is riding a surfboard in the water,1
images/2368054.jpg,there are two dogs that are standing on a boat in the water,1
images/2398702.jpg,there is a dog that is standing on a surfboard in the water,1
images/2392202.jpg,there are three people and two dogs on the beach by the water,1
images/2376794.jpg,there is a young boy that is standing in front of a body of water,1
images/2324536.jpg,there is a man that is flying a kite on the beach,1
images/2361821.jpg,there are two people that are standing on surfboards in the water,1
images/2404537.jpg,there are people and a dog on the beach with a mountain in the background,1
images/2364424.jpg,there are two young boys riding skateboards on the sidewalk by the water,1
images/2380064.jpg,several people sitting in a living room watching television and a dog laying on the,1
images/2404065.jpg,there are three surfers in the water with their boards in the water,1
images/2393332.jpg,there is a man and two dogs standing in the water at the beach,1
images/2333478.jpg,there are many people swimming in the ocean with a dog on a surfboard,1
images/2412342.jpg,there is a man walking on the beach with a surfboard in his hand,1
images/2320542.jpg,there is a woman sitting on a bench looking out at the beach,1
images/2327579.jpg,there is a dog that is jumping in the air to catch a fris,1
images/2342460.jpg,there is a woman kneeling down next to a black dog,1
images/2398047.jpg,there is a reflection of a dog in the side view mirror of a car,1
images/2355304.jpg,there are two dogs that are standing on the back of a boat,1
images/2356713.jpg,there are two dogs that are standing on a surfboard in the water,1
images/2345532.jpg,there is a man sitting on a boat with a dog standing on it,1
images/2351952.jpg,there is a black dog that is laying down on the kitchen floor,1
images/2363402.jpg,there is a dog that is swimming in the water with a frisbee,1
images/2389952.jpg,there is a dog that is swimming in the water with a frisbee,1
images/2356259.jpg,there are two people that are riding horses on the beach,1
images/1592064.jpg,there are two dogs that are sitting on a bench by the water,1
images/2316215.jpg,there is a dog that is standing on a surfboard in the water,1
images/2348065.jpg,there is a woman that is standing next to a bench with a dog on,1
images/2347131.jpg,there are a lot of dogs that are riding on a surfboard in the,1
images/2353801.jpg,black and white photograph of a boat traveling on a body of water,1
images/2355172.jpg,there is a black dog running on the beach with a ball in its mouth,1
images/2350371.jpg,there is a black and brown dog standing in the middle of a yard,1
images/2367136.jpg,there is a dog standing on a dock next to a statue of a dragon,1
images/2351028.jpg,there is a woman in the water with a dog on a surfboard,1
images/2392036.jpg,there is a man that is sitting on a surfboard in the water,1
images/2362161.jpg,surfers walking on the beach carrying their surfboards under a cloudy sky,1
images/2376547.jpg,there is a dog that is sitting under a tree in the grass,1
images/2360784.jpg,there are two dogs that are playing in the water with a frisbee,1
images/2342562.jpg,there are two dogs that are playing with a frisbee in the snow,1
images/2412794.jpg,there is a man and a woman walking on the beach with a dog,1
images/2414707.jpg,there are many dogs riding on a surfboard in the water,1
images/713680.jpg,there is a brown dog holding a purple frisbee in its mouth,1
images/2397204.jpg,there are many people on the beach at the water's edge,1
images/2417150.jpg,there is a man and a dog riding in a pontoon on the water,1
images/2322764.jpg,there are two dogs sitting on the back of a motor scooter,1
images/2368944.jpg,surfers and their dogs riding a wave on a surfboard in the ocean,1
images/2346789.jpg,there are two dogs that are running in the water on the beach,1
images/2386631.jpg,there is a man and a dog on a surfboard in the ocean,1
images/2403075.jpg,there are people on the beach flying kites on a sunny day,1
images/2399443.jpg,there is a woman and a dog on the beach with a moon in the,1
images/2319295.jpg,there is a man on a paddle board with a dog in the water,1
images/2363815.jpg,several people in a boat on a beach with a dog and a dog laying,1
images/2360443.jpg,there is a woman walking two dogs in a field with a frisbee,1
images/2392690.jpg,there is a dog that is drinking water out of a bottle,1
images/2327364.jpg,there is a dog that is holding a frisbee in its mouth,1
images/2317126.jpg,there is a boat that is going down the river in front of a building,1
images/2417801.jpg,there is a man riding a surfboard with a dog on it,1
images/2326800.jpg,there is a dog that is sitting on a boat in the water,1
images/2363292.jpg,there is a man and a dog on a surfboard in the water,1
images/2395632.jpg,there is a dog that is swimming in a pool of water,1
images/1159281.jpg,there is a man on a boat with a dog in the water,1
images/2349591.jpg,three people and a dog are paddling on surfboards in the water,1
images/2353398.jpg,there is a small white dog standing on a boat in the water,1
images/2345931.jpg,there are people on the beach flying a kite on a clear day,1
images/2416234.jpg,there are many people and a dog on the shore of a river,1
images/2353113.jpg,there is a bird that is standing in the water near a dog,1
images/2397768.jpg,there are a lot of dogs that are standing in the water,1
images/2388607.jpg,there is a little girl holding an orange umbrella in the rain,1
images/2341393.jpg,there is a dog that is standing on a rock in the water,1
images/2361552.jpg,there is a dog that is standing in the water by some rocks,1
images/2370845.jpg,there is a dog riding a surfboard on a wave in the ocean,1
images/2326242.jpg,there are two dogs that are standing on the back of a boat,1
images/2351872.jpg,there is a man that is taking a picture of himself in the park,1
images/2329206.jpg,there is a dog that is swimming in the water with a stick in its,1
images/2326052.jpg,there is a woman and a dog on a surfboard in the water,1
images/2393366.jpg,there is a black dog that is sitting on the deck of a boat,1
images/2317003.jpg,there is a black and white dog that is walking in the water,1
images/2324106.jpg,there are many people that are standing in the water at the beach,1
images/2387862.jpg,there is a woman that is riding a horse in the water,1
images/1160209.jpg,there is a dog that is standing on top of a boat in the water,1
images/2381223.jpg,there is a dog that is standing in the sand by the water,1
images/2364024.jpg,there is a man and a dog riding in a boat on the water,1
images/2396084.jpg,there are two men walking in the water with a surfboard and a dog,1
images/2409587.jpg,there is a dog that is standing in the water with a red collar,1
images/2346751.jpg,there is a polar bear that is laying down in a pool of water,1
images/2368415.jpg,there is a dog that is standing on a boat in the water,1
images/2319745.jpg,there is a man sitting on a bench next to a bike with a dog,1
images/2317661.jpg,there is a man riding a surfboard with a dog on it,1
images/2348342.jpg,there is a dog that is catching a frisbee in the air,1
images/2388743.jpg,black and white photo of a man standing on a boat with a dog on,1
images/2370923.jpg,there is a dog riding a surfboard on a wave in the ocean,1
images/2336458.jpg,there are many people in the water with their dogs on a raft,1
images/2371670.jpg,there is a dog riding a surfboard on a wave in the ocean,1
images/2413539.jpg,there are two boys riding skateboards down the street with a dog on a,1
images/2325037.jpg,there is a dog that is playing with a skateboard on the floor,1
images/2365207.jpg,there is a black and white photo of a man on a skateboard at,1
images/2359753.jpg,there is a man riding a skateboard at a skate park with a dog,1
images/2330686.jpg,there is a man riding a skateboard with two dogs on a leash,1
images/2335476.jpg,there is a woman walking a dog down the sidewalk with a skateboard,1
images/2367331.jpg,there is a man riding a skateboard with a dog on it,1
images/2395684.jpg,there is a person riding a skateboard down the street with a dog,1
images/2394927.jpg,there is a dog that is standing on a skateboard in the living room,1
images/2317457.jpg,there is a dog that is carrying a skateboard in it's mouth,1
images/2386233.jpg,there is a man riding a skateboard down the side of a ramp,1
images/2315773.jpg,there is a dog that is riding a skateboard down the street,1
images/2364424.jpg,there are two young boys riding skateboards on the sidewalk by the water,1
images/2341071.jpg,there is a man riding a skateboard up the side of a ramp,1
images/2380687.jpg,there is a man riding a skateboard with a dog on it,1
images/2327348.jpg,there is a dog that is standing on a skateboard on the ground,1
images/2343283.jpg,there are two men walking a dog on a leash down the street,1
images/2367018.jpg,there is a man riding a skateboard up the side of a ramp,1
images/2405623.jpg,there is a dog that is riding a skateboard down the street,1
images/2345544.jpg,there are many people in the park with skateboards and skateboards,1
images/2401273.jpg,there is a pug that is sitting on a skateboard on the floor,1
images/2414053.jpg,there are two people and a dog riding skateboards in a courtyard,1
images/2414515.jpg,there is a man riding a skateboard up the side of a ramp,1
images/2332720.jpg,there is a dog that is riding a skateboard on the street,1
images/2353948.jpg,there is a white dog wearing a white shirt on a skateboard,1
images/2342762.jpg,there is a dog that is sitting on a skateboard on the floor,1
images/2365030.jpg,there is a brown and white dog riding a skateboard down the street,1
images/2377194.jpg,they are walking down the sidewalk with their dogs and a man on a bike,1
images/2336458.jpg,there are many people in the water with their dogs on a raft,1
images/2344769.jpg,there is a man riding a skateboard with a dog on a leash,1
images/2324236.jpg,there is a woman riding a skateboard with a dog on a leash,1
images/2363708.jpg,there are two men sitting on the edge of a skateboard ramp,1
images/2359576.jpg,there is a woman walking a dog on a skateboard down the street,1
images/2315606.jpg,there is a man doing a handstand on a skateboard in front,1
images/2365507.jpg,there is a man sitting on the ground with a dog on his lap,1
images/2407510.jpg,there is a man riding a skateboard next to a dog on the street,1
images/2345947.jpg,there is a person riding a skateboard with a dog on a leash,1
images/2341204.jpg,there is a dog that is standing on a skateboard in the grass,1
images/2380409.jpg,there is a dog that is standing on the side of the road,1
images/2368409.jpg,several people sitting at a table with a cake and a dog,1
images/2359753.jpg,there is a man riding a skateboard at a skate park with a dog,1
images/2325645.jpg,there is a dog that is running with a frisbee in its mouth,1
images/2395520.jpg,there is a man standing next to a boat on the beach with a dog,1
images/2354002.jpg,there are people walking down the street with an elephant in the middle of the,1
images/2386631.jpg,there is a man and a dog on a surfboard in the ocean,1
images/2345593.jpg,there is a man sitting on a couch with a dog on his lap,1
images/2324536.jpg,there is a man that is flying a kite on the beach,1
images/2409740.jpg,there are two men riding bikes down the street with surfboards on their backs,1
images/2331500.jpg,there are many people that are flying kites in the field,1
images/2414082.jpg,there is a man carrying a dog in a backpack down a flight of stairs,1
images/2361091.jpg,there is a man standing next to a street sign on the side of the,1
images/2318692.jpg,there is a dog jumping over a man on the ground with a fris,1
images/2363425.jpg,there is a man that is sitting in a car with a dog,1
images/2373955.jpg,there is a man sitting on a couch with a dog and a hat on,1
images/2372856.jpg,there are two men walking down a path with a dog and frisbee,1
images/2358758.jpg,there is a man riding a skateboard with a dog on a leash,1
images/2339455.jpg,there is a man flying a kite on the beach with a dog,1
images/2368195.jpg,there is a man sitting on a couch with a dog in the background,1
images/2361824.jpg,there is a woman riding a bike down the street with a dog on a,1
images/2373458.jpg,there is a man and a dog that are laying on a bed,1
images/2375426.jpg,there is a man walking a dog on a leash down the sidewalk,1
images/2315606.jpg,there is a man doing a handstand on a skateboard in front,1
images/2363708.jpg,there are two men sitting on the edge of a skateboard ramp,1
images/2334564.jpg,there is a man and a dog on a surfboard in the water,1
images/2370647.jpg,there is a black dog wearing a white hat sitting in the back of a,1
images/2408376.jpg,there are three dogs that are dressed up for a halloween party,1
images/2355256.jpg,there is a dog that is wearing a party hat next to a plate of,1
images/2400991.jpg,there is a man sitting on a bench with a dog next to a boat,1
images/2322864.jpg,there is a small dog wearing a santa hat laying on a couch,1
images/2346157.jpg,there is a woman sitting outside of a mud hut with a basket of bananas,1
images/2358354.jpg,there is a man sitting on a bench with a dog next to him,1
images/2348603.jpg,herd of sheep being herded by a man and a dog in a field,1
images/2336712.jpg,herd of sheep being herded down the road by a man on a horse,1
images/2394499.jpg,there is a dog that is laying on a pillow with a hat on,1
images/2371995.jpg,there is a man in a top hat talking on a cell phone next to,1
images/2356804.jpg,there are two dogs sitting next to each other in the grass,1
images/2417574.jpg,black and white photo of a man with a dog herding sheep in a,1
images/2380827.jpg,there is a man with a snowboard and a dog on a snowy hill,1
images/2354002.jpg,there are people walking down the street with an elephant in the middle of the,1
images/1592123.jpg,there are a lot of stuffed animals that are sitting on a snow covered hill,1
images/2368426.jpg,there is a man sitting on a bench in the middle of a field with,1
images/2405343.jpg,there is a black and white dog wearing a santa hat,1
images/2387128.jpg,there is a woman walking two dogs on a leash down the street,1
images/2384517.jpg,there is a woman walking a dog on a leash in a park,1
images/2346042.jpg,there are many cows walking down a dirt road with people walking behind them,1
images/2324546.jpg,there is a young baseball player pitching a ball on the field,1
images/2393247.jpg,there is a man and a dog standing in the snow with skis,1
images/2330214.jpg,there is a dog jumping in the air to catch a frisbee,1
images/2341577.jpg,there are two men sitting in the back of a bus with a dog,1
images/2356877.jpg,there is a dog that is jumping in the air to catch a fris,1
images/2402353.jpg,there are two women sitting on a bench talking to each other,1
images/2324234.jpg,there is a woman that is riding a bike with a basket on the back,1
images/2356920.jpg,there is a man and a dog in a red canoe on the water,1
images/2382157.jpg,there is a dog that is standing on a boat in the water,1
images/2415617.jpg,there is a man and a woman sitting on a bench with a dog,1
images/2379484.jpg,there are two people and a dog on a trail in the woods,1
images/2375426.jpg,there is a man walking a dog on a leash down the sidewalk,1
images/2363530.jpg,there is a man flying a kite on the beach next to the ocean,1
images/2316242.jpg,there is a dog that is wearing a hat sitting on a person's,1
images/2329335.jpg,there is a dog that is laying on a bed with a red and white,1
images/2383252.jpg,there is a woman feeding a dog a donut with a pink frosting,1
images/2352484.jpg,there is a group of people riding in a boat on a river,1
images/2331395.jpg,there is a small dog that is sitting on a bed with a birthday cake,1
images/2373696.jpg,there is a man holding a sign and a small dog on a leash,1
images/2336182.jpg,there is a white dog wearing a sock monkey hat on top of a mountain,1
images/2373141.jpg,there is a man that is shearing a sheep on the ground,1
images/2365207.jpg,there is a black and white photo of a man on a skateboard at,1
images/2334611.jpg,there is a brown and white dog sitting in the snow wearing a santa hat,1
images/2328062.jpg,there is a man sitting on a bench with a dog on his lap,1
images/2337587.jpg,there is a man sitting on a bench with a dog on a leash,1
images/2404933.jpg,black and white photo of a man walking a herd of sheep down a dirt,1
images/713048.jpg,there are many people on a boat with a dog on the back of it,1
images/2334928.jpg,there are two dogs that are sitting at a table with a chair,1
images/286019.jpg,there is a man and a woman sitting on a bench in the park,1
images/2395217.jpg,there is a man walking a group of dogs on a leash by the water,1
images/2387140.jpg,there is a woman and a dog standing on the side of the street,1
images/2380834.jpg,there is a dog herding a flock of sheep on a dirt road,1
images/2320868.jpg,there are many people walking on the beach with kites in the air,1
images/1592975.jpg,there is a dog that is jumping in the air with a frisbee,1
images/2370727.jpg,there is a man in red riding a horse with a bunch of dogs,1
images/2377932.jpg,there is a man sitting on a bench with a dog and a cell phone,1
images/497973.jpg,there is a group of people that are standing around with a dog,1
images/2352946.jpg,black and white photo of a man walking a dog with a herd of cows,1
images/2324410.jpg,there is a group of people riding skis down a snow covered slope,1
images/2320410.jpg,there are many people sitting under an umbrella in the park,1
images/2340860.jpg,this is an old photo of a group of men standing in front of a,1
images/2318934.jpg,there is a small white dog wearing a blue shirt and a hat,1
images/2340687.jpg,skiers and snowboarders standing in the snow with a dog on a,1
images/2369860.jpg,there is a man and a woman riding in a carriage pulled by a horse,1
images/2414534.jpg,there are two people sitting on the side of a hill with a dog,1
images/2392606.jpg,there are two dogs that are wearing party hats on their heads,1
images/2386876.jpg,there is a man on a scooter with a dog and a horse,1
images/2350157.jpg,there is a man that is skiing down a hill in the snow,1
images/2371249.jpg,there is a woman that is holding a dog and wearing a hat,1
images/2324645.jpg,there is a man sitting on a bench with a dog next to him,1
images/2362815.jpg,there is a woman and two dogs riding a surfboard in the ocean,1
images/2396028.jpg,there is a man that is sitting on the floor with a dog,1
images/2334244.jpg,there are many people that are standing in the grass with frisbees,1
images/2326497.jpg,there is a man wearing a hat and holding a dog in his arms,1
images/2398065.jpg,there is a woman that is holding a cat in her arms,1
images/2382950.jpg,there is a man that is fishing in a boat in the water,1
images/2412112.jpg,there is a black and white photo of a boy and a dog,1
images/2413397.jpg,there is a man that is holding a sign in front of a school bus,1
images/2400114.jpg,there is a statue of a dog wearing a red hat,1
images/2315606.jpg,there is a man doing a handstand on a skateboard in front,1
images/2399233.jpg,black and white photograph of two people and a dog in the snow,1
images/2333171.jpg,there are three baseball players and a dog in the dugout,1
images/2316809.jpg,there is a man sitting on a red and white motorcycle in front of a,1
images/2391488.jpg,there is a man walking a dog on a leash next to a fire hydra,1
images/2341401.jpg,there is a dog that is jumping in the air to catch a fris,1
images/2355579.jpg,there are a lot of people that are skiing in the snow,1
images/2338488.jpg,there is a woman riding a bike with a man on the back of it,1
images/2415707.jpg,there is a woman sitting on a couch with two dogs on her lap,1
images/2362379.jpg,there are people sitting on a bench in the middle of a field,1
images/2343165.jpg,they are playing frisbee with a dog on the grass in front of,1
images/2325354.jpg,there is a man riding a sled pulled by two dogs in the snow,1
images/2376639.jpg,there are two people riding horses in the water with a dog on the beach,1
images/2376391.jpg,there is a dog that is laying on the sidewalk next to a bucket,1
images/2317093.jpg,there is a man and woman sitting next to a dog on a bench,1
images/2413346.jpg,there are three women sitting on a couch with a teddy bear,1
images/2323635.jpg,there is a man that is standing on the side of the road,1
images/2334891.jpg,there is a woman that is skiing with her dog in the snow,1
images/2356624.jpg,black and white photograph of a woman sitting on a chair with a dog,1
images/2326452.jpg,there is a dog jumping into the air to catch a frisbee,1
images/2375612.jpg,there is a dog that is jumping in the air with a frisbee,1
images/2414764.jpg,there is a woman sitting in the grass with a cell phone in her hand,1
images/285822.jpg,there is a woman standing next to a bike with a dog on it,1
images/2402933.jpg,there is a white dog wearing a party hat sitting next to a box of,1
images/2404537.jpg,there are people and a dog on the beach with a mountain in the background,1
images/2353034.jpg,this is a black and white photo of a dog sleeping on a bench,1
images/2417191.jpg,there is a man riding a skateboard down the street with a flag,1
images/1592252.jpg,there is a dog that is standing next to a person with a stroller,1
images/2400563.jpg,there is a man that is standing in the grass with a dog,1
images/2334261.jpg,there is a dog that is jumping up to catch a frisbee,1
images/2317067.jpg,this is an image of a man and his dog walking in front of a,1
images/2367771.jpg,there are people skiing in the snow on a hill with trees in the background,1
images/2409245.jpg,there is a car with a bike on top of it in a parking lot,1
images/2318692.jpg,there is a dog jumping over a man on the ground with a fris,1
images/2414515.jpg,there is a man riding a skateboard up the side of a ramp,1
images/2320636.jpg,they are riding horses in a parade on a city street,1
images/713715.jpg,herd of sheep being herded by a dog in a large grassy field,1
images/2328838.jpg,there is a man that is riding a horse in the field with a dog,1
images/2415276.jpg,there is a dog sled being pulled by a man on a sled,1
images/2355950.jpg,there is a man standing next to a fire hydrant on the side of,1
images/2374930.jpg,there is a baby and a dog laying on the floor next to a christmas,1
images/2384849.jpg,there is a man standing next to a bus with a dog on a leash,1
images/2367662.jpg,there is a woman walking a dog on a leash in the snow,1
images/2328869.jpg,there is a dog that is standing on the sidewalk with a hat on it,1
images/2361415.jpg,this is an old photo of a family with a dog and tennis rackets,1
images/2393779.jpg,there is a person on skis and a dog walking in the snow,1
images/2382399.jpg,there is a dog that is jumping in the air to catch a fris,1
images/2381402.jpg,there are three people and two dogs skiing in the snow,1
images/285707.jpg,there is a man and a dog on a boat in the water,1
images/2411487.jpg,there are two elephants that are walking down the street in front of a building,1
images/2402597.jpg,several people sitting in the back of a truck with a dog in the bed,1
images/2379063.jpg,there is a man and a dog on a paddle board in the water,1
images/2345976.jpg,they are playing frisbee in the snow with their dog,1
images/2397787.jpg,there is a dog that is jumping in the air to catch a fris,1
images/2412794.jpg,there is a man and a woman walking on the beach with a dog,1
images/2325485.jpg,there is a woman that is sitting on the ground with a horse,1
images/2358650.jpg,there is a woman walking a dog in the snow with a coat on,1
images/2374913.jpg,there is a man that is standing next to a dog on a leash,1
images/2414707.jpg,there are many dogs riding on a surfboard in the water,1
images/2353822.jpg,there is a man walking a dog on a leash next to a fire hydra,1
images/2388411.jpg,black and white photograph of a small white dog being pet by a group of,1
images/713479.jpg,there is a man and a woman sitting at a table with a dog,1
images/2397204.jpg,there are many people on the beach at the water's edge,1
images/2330481.jpg,there are two people and two dogs posing for a picture in the snow,1
images/2367186.jpg,black and white photograph of a man sitting on a park bench with two dogs,1
images/713615.jpg,skiers and their dogs pose for a picture in the snow,1
images/2341219.jpg,there is a bed with a pink comforter and a teddy bear on it,1
images/2341324.jpg,there is a blue bus that is stopped at a bus stop,1
images/2347300.jpg,there are two people riding horses down a dirt road in the woods,1
images/2316980.jpg,skiers and a dog in the snow with trees in the background,1
images/2350609.jpg,there is a dog that is wearing a yellow and blue shirt,1
images/2367272.jpg,there is a woman standing next to a bike with a dog on it,1
images/2318030.jpg,there is a little boy riding on a motorcycle with a dog on the back,1
images/2358622.jpg,there is a man that is standing next to a cow and a dog,1
images/2366052.jpg,there is a man selling oranges from a cart on the street,1
images/2343283.jpg,there are two men walking a dog on a leash down the street,1
images/2364372.jpg,there is a man riding a horse with a dog on the side of the,1
images/2416699.jpg,this is an old photo of a man with a bicycle and a dog,1
images/2367636.jpg,there are many kites that are being flown in the sky,1
images/2338674.jpg,there is a man and his dog playing in the snow,1
images/2349591.jpg,three people and a dog are paddling on surfboards in the water,1
images/2365888.jpg,black and white photo of a man in uniform on a horse with a dog,1
images/2391456.jpg,black and white photo of a man riding a bike with a dog on the,1
images/2337125.jpg,there is a man and a dog playing frisbee in the snow,1
images/2360290.jpg,there is a woman that is walking a dog in front of a book store,1
images/2373955.jpg,there is a man sitting on a couch with a dog and a hat on,1
images/2336115.jpg,there are a lot of stuffed animals that are on top of a bed,1
images/2397768.jpg,there are a lot of dogs that are standing in the water,1
images/2373751.jpg,there is a man holding a frisbee with a dog on his back,1
images/2409626.jpg,there is a pug dog wearing a pirate hat on a couch,1
images/2370711.jpg,there is a statue of a dog wearing a red hat and sunglasses,1
images/2351872.jpg,there is a man that is taking a picture of himself in the park,1
images/2400986.jpg,there is a dog that is standing in the dirt with a frisbee,1
images/2398018.jpg,this is an old black and white photo of a family with a horse and,1
images/2353922.jpg,there are two people standing in the snow with skis and a sled,1
images/2384109.jpg,there is a man riding a bike with a dog in the snow,1
images/2385858.jpg,there are two men standing in a kitchen holding a plate of food,1
images/2329565.jpg,there is a man sitting on a couch holding a dog and smoking a cigarette,1
images/2325492.jpg,there is a man and a dog on the beach playing frisbee,1
images/2395166.jpg,there are many people standing on a field watching a dog in the air,1
images/2416340.jpg,there are many cows standing in a fenced in field next to a dog,1
images/2348342.jpg,there is a dog that is catching a frisbee in the air,1
images/2352906.jpg,there is a woman walking a dog on a leash in front of a store,1
images/2339161.jpg,three men standing on a beach with a dog and a frisbee,1
images/2414213.jpg,there is a dog that is sitting in the back of a truck,1
images/2360407.jpg,this is a black and white photo of a man in a suit and tie,1
images/2416178.jpg,there is a small black and white dog wearing a red bow tie,1
images/2371995.jpg,there is a man in a top hat talking on a cell phone next to,1
images/2390652.jpg,there is a man sitting on a bed with a dog on it,1
images/2389773.jpg,there is a dog that is wearing a tie in a room,1
images/2324993.jpg,brown and white dog wearing a red and white tie on a leash,1
images/2357667.jpg,there is a pug dog wearing a red and white tie on a couch,1
images/2341726.jpg,there is a man that is playing the drums in a room,1
images/2324914.jpg,there is a man laying in a bed with a dog on his lap,1
images/2346821.jpg,there is a dog that is sitting next to a bottle of champagne,1
images/498019.jpg,there is a group of people sitting on a couch with a dog,1
images/2404707.jpg,there is a dog that is sitting on the stairs wearing a red bow tie,1
images/2318934.jpg,there is a small white dog wearing a blue shirt and a hat,1
images/2339238.jpg,there is a pug dog wearing a red and white polka dot tie,1
images/2338103.jpg,there is a black and white photo of a man and a dog,1
images/2348065.jpg,there is a woman that is standing next to a bench with a dog on,1
images/2402059.jpg,there is a black and brown dog wearing a tie sitting on the floor,1
images/2391621.jpg,there is a black dog that is being petted by a woman at a,1
images/2383771.jpg,there are two children standing next to each other in front of a mosaic wall,1
images/2368621.jpg,there is a woman sitting on a couch with a dog and a baseball bat,1
images/2358614.jpg,there is a man that is sitting at a desk with his arms crossed,1
images/2356554.jpg,there is a dog that is wearing goggles sitting on a motorcycle,1
images/2376077.jpg,there is a train that is pulling into the station in the snow,1
images/2319521.jpg,there is a man in a suit and tie with a dog in front of,1
images/2368834.jpg,there is a man that is holding a dog in his lap,1
images/2407435.jpg,there is a woman that is walking a bike with a dog on the leash,1
images/2400991.jpg,there is a man sitting on a bench with a dog next to a boat,1
images/2339453.jpg,there is a man riding a bike with a dog on the back of it,1
images/2410503.jpg,there is a man carrying skis and a dog walking up a snowy hill,1
images/2409697.jpg,there is a little girl that is standing in the grass with a kite,1
images/2371995.jpg,there is a man in a top hat talking on a cell phone next to,1
images/2410817.jpg,there is a dog jumping up to catch a frisbee in the air,1
images/2384596.jpg,there is a man walking down the sidewalk with a dog on a leash,1
images/2397138.jpg,there is a man and a dog sitting in a boat on the water,1
images/2345272.jpg,there are two dogs that are standing on the back of a boat,1
images/2387128.jpg,there is a woman walking two dogs on a leash down the street,1
images/2384517.jpg,there is a woman walking a dog on a leash in a park,1
images/2393247.jpg,there is a man and a dog standing in the snow with skis,1
images/2376054.jpg,there is a man walking a dog in the snow with a snowboard,1
images/2406100.jpg,there is a small child sleeping on a couch with a pug on it,1
images/2408331.jpg,they are playing frisbee in the grass in front of a row of,1
images/2345151.jpg,there is a group of people standing in the rain with umbrellas,1
images/2350379.jpg,there is a boat that has a dog in it's seat on the,1
images/2414053.jpg,there are two people and a dog riding skateboards in a courtyard,1
images/2358851.jpg,there is a man that is sitting on the ground with a guitar,1
images/2366433.jpg,there is a woman sitting on a park bench with two dogs,1
images/2341368.jpg,there are people walking down the street in the city on a sunny day,1
images/2361930.jpg,there is a man holding a dog on his shoulders in front of a building,1
images/2393339.jpg,there is a dog that is sitting in the snow with a frisbee,1
images/2409085.jpg,there is a man riding a motorcycle with a side car with a side car,1
images/2377194.jpg,they are walking down the sidewalk with their dogs and a man on a bike,1
images/2329428.jpg,there is a woman that is riding a bike with a dog in a basket,1
images/2368621.jpg,there is a woman sitting on a couch with a dog and a baseball bat,1
images/2407227.jpg,there is a woman that is standing in the snow with two dogs,1
images/1831.jpg,there are many people standing on the side of the road with their dogs,1
images/2381777.jpg,there is a small white dog wearing a life jacket on a leash,1
images/2324942.jpg,pedestrian crossing sign on a city street with a dog on a leash,1
images/2413278.jpg,there is a dog that is sitting on the back of a motorcycle,1
images/2383252.jpg,there is a woman feeding a dog a donut with a pink frosting,1
images/2343433.jpg,there are two people sitting at a picnic table with a dog in the background,1
images/2363601.jpg,there is a woman that is skiing with a dog in the snow,1
images/2399017.jpg,there is a dog wearing a life jacket on a surfboard in the water,1
images/2378957.jpg,there is a woman sitting on a bench with a dog in the snow,1
images/2339172.jpg,there is a man that is eating a hot dog in a restaurant,1
images/2357994.jpg,there is a dog that is sitting on a workbench in a workshop,1
images/2361109.jpg,sheep being herded by a man on a small cart down a muddy road,1
images/2328062.jpg,there is a man sitting on a bench with a dog on his lap,1
images/2337587.jpg,there is a man sitting on a bench with a dog on a leash,1
images/2327030.jpg,there is a person on skis and a dog on the snow,1
images/2383945.jpg,there are many people standing under red umbrellas at an outdoor market,1
images/2321557.jpg,there is a man riding a motorcycle down the street in front of a crowd,1
images/2377113.jpg,several people walking on the beach with surfboards and a dog,1
images/2406596.jpg,there is a person on skis and a dog on a leash on a,1
images/2369004.jpg,they are playing frisbee with a dog on the grass in front of,1
images/1593164.jpg,there are two men and two dogs sitting at a table with plates of food,1
images/286019.jpg,there is a man and a woman sitting on a bench in the park,1
images/2322034.jpg,there are two people and a dog on the sidewalk in the rain,1
images/2357802.jpg,there is a woman holding a small dog on a boat with a little boy,1
images/2402417.jpg,there are many people riding horses on a trail in the woods,1
images/2404204.jpg,there is a dog that is laying on a bench in the park,1
images/2400374.jpg,there is a man and a dog playing in the snow in the woods,1
images/2372773.jpg,there is a man sitting on a park bench reading a book,1
images/2370727.jpg,there is a man in red riding a horse with a bunch of dogs,1
images/2352946.jpg,black and white photo of a man walking a dog with a herd of cows,1
images/2414629.jpg,there is a woman standing next to a red truck with its hood open,1
images/2402349.jpg,there is a black dog laying on a dog bed on the floor,1
images/2387231.jpg,there is a group of people that are flying kites in the snow,1
images/2334964.jpg,there is a man sitting on a bench with a dog on his lap,1
images/2348310.jpg,there are two people and a dog standing in front of a produce stand,1
images/2330171.jpg,there is a person walking in the rain with an umbrella and a dog,1
images/2414534.jpg,there are two people sitting on the side of a hill with a dog,1
images/2397601.jpg,there is a woman that is holding a dog in front of a mirror,1
images/2368195.jpg,there is a man sitting on a couch with a dog in the background,1
images/2395806.jpg,there are three women standing in the grass with a dog on a leash,1
images/1159355.jpg,there is a man that is standing next to a bike with a dog on,1
images/2388985.jpg,there is a woman sitting on a bench on the side of the street,1
images/2383771.jpg,there are two children standing next to each other in front of a mosaic wall,1
images/2409988.jpg,there is a small dog wearing a life jacket on a surfboard in the,1
images/2402737.jpg,there are a lot of people that are riding motorcycles in the parking lot,1
images/2400114.jpg,there is a statue of a dog wearing a red hat,1
images/2398334.jpg,there is a dog that is running in the snow with a frisbee,1
images/2355579.jpg,there are a lot of people that are skiing in the snow,1
images/2358535.jpg,black and white photograph of a boy sitting on a bench next to a dog,1
images/2384917.jpg,there is a dog sitting on the back of a motorcycle with a pink banda,1
images/2362379.jpg,there are people sitting on a bench in the middle of a field,1
images/2364719.jpg,there is a dog that is standing next to a motorcycle,1
images/2317093.jpg,there is a man and woman sitting next to a dog on a bench,1
images/2402211.jpg,there is a black and white photo of a man walking a dog in a,1
images/1592395.jpg,there are two men sitting on a couch with a dog in their lap,1
images/2392202.jpg,there are three people and two dogs on the beach by the water,1
images/2385923.jpg,there is a young boy holding a baseball bat on a baseball field,1
images/2369464.jpg,there is a man on a horse leading a group of horses down the street,1
images/2386795.jpg,there is a woman riding skis on a snowy trail with a dog,1
images/2377018.jpg,there are a lot of people standing on the side of the street,1
images/2371467.jpg,there is an elephant that is walking with a dog on a leash,1
images/2400563.jpg,there is a man that is standing in the grass with a dog,1
images/2367771.jpg,there are people skiing in the snow on a hill with trees in the background,1
images/2409245.jpg,there is a car with a bike on top of it in a parking lot,1
images/2342460.jpg,there is a woman kneeling down next to a black dog,1
images/2330764.jpg,there is a man walking a dog with an umbrella on a leash,1
images/2400362.jpg,there is a man carrying a dog in a backpack at a train station,1
images/2396392.jpg,there is a man riding a motorcycle with a dog in the back seat,1
images/2342959.jpg,there is a man that is standing in the kitchen with a bottle of wine,1
images/2370819.jpg,there is a dog that is sitting in the back seat of a car,1
images/2318372.jpg,there is a man on a horse that is herding a group of dogs,1
images/2369.jpg,several people walking a dog on a leash across a city street,1
images/2338103.jpg,there is a black and white photo of a man and a dog,1
images/2347131.jpg,there are a lot of dogs that are riding on a surfboard in the,1
images/2384849.jpg,there is a man standing next to a bus with a dog on a leash,1
images/2322106.jpg,several people on a boat with a dog and a man in a cowboy hat,1
images/2361415.jpg,this is an old photo of a family with a dog and tennis rackets,1
images/2381402.jpg,there are three people and two dogs skiing in the snow,1
images/2356554.jpg,there is a dog that is wearing goggles sitting on a motorcycle,1
images/2346200.jpg,there is a woman that is sitting on a bench with a dog,1
images/2356036.jpg,there is a woman walking a dog on a leash down the street,1
images/2335823.jpg,there are two people and a dog on the beach with a fishing rod,1
images/2339057.jpg,there is a woman standing next to a giant teddy bear in a store,1
images/2324950.jpg,there is a dog jumping in the air to catch a frisbee,1
images/2345976.jpg,they are playing frisbee in the snow with their dog,1
images/2358192.jpg,there is a man sitting at a table with a glass of wine and a,1
images/2353822.jpg,there is a man walking a dog on a leash next to a fire hydra,1
images/2397149.jpg,there is a man sitting in the snow with a dog in front of him,1
images/2330481.jpg,there are two people and two dogs posing for a picture in the snow,1
images/2336716.jpg,there is a dog that is jumping in the air to catch a fris,1
images/713615.jpg,skiers and their dogs pose for a picture in the snow,1
images/2341324.jpg,there is a blue bus that is stopped at a bus stop,1
images/2386512.jpg,there is a woman riding a scooter with a dog on the back,1
images/2347300.jpg,there are two people riding horses down a dirt road in the woods,1
images/2320130.jpg,there is a dog wearing a life jacket riding a surfboard in the water,1
images/2316980.jpg,skiers and a dog in the snow with trees in the background,1
images/2413880.jpg,there are people crossing the street in the city on a sunny day,1
images/2350325.jpg,there is a dog chasing a cow behind a fence in a field,1
images/1160042.jpg,there are a lot of bananas that are being sold at the market,1
images/2318030.jpg,there is a little boy riding on a motorcycle with a dog on the back,1
images/2398189.jpg,there is a man that is riding a horse in a field with cows,1
images/2385853.jpg,there is a black dog wearing a hat and glasses on a sidewalk,1
images/2343283.jpg,there are two men walking a dog on a leash down the street,1
images/2347373.jpg,several people are flying kites in a park with a bus in the background,1
images/619.jpg,this is an image of a phone booth on a city street,1
images/2360290.jpg,there is a woman that is walking a dog in front of a book store,1
images/2316075.jpg,there is a man driving a utility vehicle with a dog on the back,1
images/2388468.jpg,there is a group of people that are riding bikes in the dark,1
images/2403560.jpg,there is a man sitting at a table with a dog in front of him,1
images/2393173.jpg,there is a man walking a dog with an umbrella on a leash,1
images/2356904.jpg,there are three people sitting on a stone bench with a dog on a leash,1
images/3424.jpg,there is a tree that is in the middle of the street,1
images/2351872.jpg,there is a man that is taking a picture of himself in the park,1
images/2400986.jpg,there is a dog that is standing in the dirt with a frisbee,1
images/2384109.jpg,there is a man riding a bike with a dog in the snow,1
images/2408302.jpg,there is a woman sitting at a table with a plate of food and a,1
images/2387862.jpg,there is a woman that is riding a horse in the water,1
images/2342431.jpg,there is a dog that is riding a motorcycle with a dog on it,1
images/2341652.jpg,there is a man riding a motorcycle with a dog on the back of it,1
images/1591911.jpg,there are many people standing under red umbrellas at an outdoor market,1
images/2367595.jpg,there is a woman sitting on a park bench reading a book with two dogs,1
images/2416340.jpg,there are many cows standing in a fenced in field next to a dog,1
images/2348342.jpg,there is a dog that is catching a frisbee in the air,1
images/2337466.jpg,there is a man eating a piece of pizza with a dog on his lap,1
images/2344881.jpg,there are two pictures of a dog and a cat sitting next to each other,1
images/2388972.jpg,black and white photo of a dog holding a frisbee in its mouth,1
images/2406944.jpg,there is a dog that is jumping in the air to catch a fris,1
images/2409697.jpg,there is a little girl that is standing in the grass with a kite,1
images/2395684.jpg,there is a person riding a skateboard down the street with a dog,1
images/2391905.jpg,there are many cows that are standing in the grass by a fence,1
images/2369968.jpg,there are many animals that are standing in the grass near a truck,1
images/2374573.jpg,there is a man and a little girl flying a kite on the beach,1
images/2389746.jpg,there is a dog that is laying in the grass with some sheep,1
images/2323804.jpg,there are two people and a dog on a dock by the water,1
images/2381417.jpg,there is a man flying a kite in a field with a dog,1
images/2330843.jpg,there is a motorcycle with a trailer attached to it parked on the side of,1
images/2366961.jpg,this is a black and white photo of a group of men and a dog,1
images/2338393.jpg,there is a dog that is playing with a frisbee in the grass,1
images/2366353.jpg,several people and a dog in a grassy area with tents in the background,1
images/2376950.jpg,there is a truck that is parked on the beach with people in the background,1
images/2380237.jpg,there is a dog that is running with a frisbee in its mouth,1
images/2393362.jpg,they are playing frisbee in the park with a dog on the grass,1
images/2351205.jpg,there are two dogs that are playing with a frisbee in the grass,1
images/2317995.jpg,there are many pictures of goats and sheep in a fenced in area,1
images/2365905.jpg,there are three sheep and a dog in a field of grass,1
images/2375845.jpg,there is a dog that is sitting in the dirt with a frisbee,1
images/2316506.jpg,there is a dog that is sitting in the grass with a frisbee,1
images/2395074.jpg,there is a dog that is jumping in the air to catch a fris,1
images/2343539.jpg,there is a dog that is laying in the grass with a frisbee,1
images/2330356.jpg,there is a man that is standing in the grass with a surfboard,1
images/2353510.jpg,there is a black and white dog wearing a red scarf on a leash,1
images/2400727.jpg,there is a black and white dog holding a frisbee in its mouth,1
images/2355266.jpg,there is a woman holding a frisbee on a field with people watching,1
images/2408931.jpg,there is a gazelle and a zebra standing in a field,1
images/2406607.jpg,there is a man sitting on the sidewalk with a surfboard on his head,1
images/2387995.jpg,there is a woman and her dog waiting at a bus stop,1
images/2325613.jpg,there is a dog that is playing with another dog in the grass,1
images/2326801.jpg,there is a dog that is sleeping in a bag on the ground,1
images/286019.jpg,there is a man and a woman sitting on a bench in the park,1
images/2323208.jpg,herd of sheep and a dog in a grassy field with trees in the background,1
images/2317457.jpg,there is a dog that is carrying a skateboard in it's mouth,1
images/2380834.jpg,there is a dog herding a flock of sheep on a dirt road,1
images/2377282.jpg,there is an elephant that is standing in the water under a tree,1
images/2394992.jpg,there is a man that is standing in the grass with a dog,1
images/2340216.jpg,there are people standing around a table with food and a dog,1
images/2370727.jpg,there is a man in red riding a horse with a bunch of dogs,1
images/2328347.jpg,there are two black bears that are laying down in the dirt,1
images/2358897.jpg,there is a man standing in the water with a dog on a leash,1
images/2414534.jpg,there are two people sitting on the side of a hill with a dog,1
images/2356015.jpg,there is a black dog standing next to a mirror in the grass,1
images/2410306.jpg,there is a truck that is driving down the road with a dog in the,1
images/2384862.jpg,there is a dog that is standing on the sidewalk with a frisbee,1
images/2315606.jpg,there is a man doing a handstand on a skateboard in front,1
images/2407510.jpg,there is a man riding a skateboard next to a dog on the street,1
images/2317985.jpg,there are two dogs that are playing with a frisbee in the grass,1
images/2400958.jpg,there are many dogs that are playing in the grass together,1
images/2379786.jpg,there is a horse and a dog on a leash in the grass,1
images/2372715.jpg,there is a brown horse and a black dog standing in a field,1
images/2371456.jpg,there is a black and white dog sitting on a rocky beach,1
images/2407763.jpg,there are two dogs that are playing with each other in the grass,1
images/2368434.jpg,there is a cat and a dog playing together in the grass,1
images/2396838.jpg,there is a dog that is standing in the side view mirror of a car,1
images/2392212.jpg,there is a dog that is playing with a frisbee in the grass,1
images/2388328.jpg,there is a dog sitting next to a fence with a horse in the background,1
images/2325561.jpg,there are two dogs that are standing next to each other,1
images/2341928.jpg,herd of goats in a fenced in area with a dog in the background,1
images/2366676.jpg,there is a dog that is jumping up to catch a frisbee,1
images/2393918.jpg,there is a dog that is sitting in the back of a truck,1
images/2339137.jpg,there is a dog and a cat that are laying in the grass,1
images/2385923.jpg,there is a young boy holding a baseball bat on a baseball field,1
images/2410190.jpg,there is a sheep and a dog that are laying in the grass,1
images/2376794.jpg,there is a young boy that is standing in front of a body of water,1
images/2354523.jpg,there is a dog that is sitting in the back of a pick up truck,1
images/2405157.jpg,there is a boy jumping in the air with a tennis racket and a,1
images/2412687.jpg,there is a man and a dog playing with a frisbee in the,1
images/2334261.jpg,there is a dog that is jumping up to catch a frisbee,1
images/2414767.jpg,there is a group of people that are sitting under a tent in the grass,1
images/2326727.jpg,there are two dogs that are standing in the grass with their mouths open,1
images/2387327.jpg,there are two dogs that are sitting in the back seat of a car,1
images/2316429.jpg,there is a dog that is sitting on the ground with a tennis racket,1
images/2395889.jpg,there are two people playing frisbee in a field with trees in the,1
images/2328461.jpg,there is a dog that is carrying a frisbee in its mouth,1
images/2389474.jpg,reflection of a dog in a rear view mirror of a car,1
images/2384849.jpg,there is a man standing next to a bus with a dog on a leash,1
images/2394687.jpg,black and white photograph of a dog in the back of a pickup truck,1
images/2392123.jpg,there is a man that is throwing a frisbee in the air,1
images/2403124.jpg,there are two dogs that are laying down in the grass,1
images/2354796.jpg,there is a brown dog that is eating an apple in the grass,1
images/2394272.jpg,there is a woman playing frisbee with a dog on a field,1
images/2347254.jpg,there is a large white dog laying in front of a herd of sheep,1
images/2336693.jpg,there is a black and white dog running with a frisbee in its,1
images/2341324.jpg,there is a blue bus that is stopped at a bus stop,1
images/2377375.jpg,there is a woman sitting on a bench with a dog on her lap,1
images/2347300.jpg,there are two people riding horses down a dirt road in the woods,1
images/2319295.jpg,there is a man on a paddle board with a dog in the water,1
images/2350951.jpg,there is a dog that is sitting in the passenger seat of a car,1
images/2395104.jpg,there is a woman that is standing in the grass near a bench,1
images/2378872.jpg,there are two dogs that are sitting in the back of a truck,1
images/2410840.jpg,there is a dog that is playing with a frisbee on the ground,1
images/2376933.jpg,there is a dog that is jumping in the air with a frisbee,1
images/2371798.jpg,there is a dog that is pulling a leash around a yellow fire hydrant,1
images/2383229.jpg,there are two people sitting on the grass in front of a building,1
images/2361552.jpg,there is a dog that is standing in the water by some rocks,1
images/2335707.jpg,there is a dog that is jumping in the air to catch a fris,1
images/2344218.jpg,herd of horses and a dog in a grassy field next to a stream,1
images/2387862.jpg,there is a woman that is riding a horse in the water,1
images/2324371.jpg,there is a dog that is laying on the grass with a frisbee,1
images/2386758.jpg,there is a woman playing frisbee with a dog in a field,1
images/2356473.jpg,painting of a woman leading a herd of cows across a field,1
images/2416465.jpg,there is a cat that is sitting in front of a glass door,1
images/2386037.jpg,there is a black and white dog catching a frisbee in the air,1
images/2404080.jpg,there are two dogs that are running together in the dirt,1
images/2327653.jpg,there is a cat that is sitting in front of a television,1
images/2325645.jpg,there is a dog that is running with a frisbee in its mouth,1
images/2417574.jpg,black and white photo of a man with a dog herding sheep in a,1
images/2319590.jpg,there is a dog that is playing with a frisbee in the yard,1
images/2411794.jpg,there is a white dog sitting on a park bench with a purple leash,1
images/2319764.jpg,there is a white dog that is laying on the grass with a red leash,1
images/2367813.jpg,there is a man and a dog playing with a frisbee in a,1
images/2337303.jpg,there are two people that are sitting on a bench talking on their cell phones,1
images/2337403.jpg,there is a dog that is standing in the grass next to some motorcycles,1
images/2338171.jpg,herd of sheep grazing on lush green grass in a wooded area,1
images/2410228.jpg,there is a dog that is carrying a frisbee in its mouth,1
images/2366433.jpg,there is a woman sitting on a park bench with two dogs,1
images/2345130.jpg,there is a dog that is carrying a frisbee in its mouth,1
images/2338955.jpg,there is a dog that is sitting next to a tennis racket,1
images/2398376.jpg,there is a dog that is standing in the grass with a herd of sheep,1
images/2351380.jpg,there are two dogs that are standing in the grass with a frisbee,1
images/2354835.jpg,there is a dog that is looking out the window of a car,1
images/2320689.jpg,there is a fire hydrant in the grass next to a potted plant,1
images/2373141.jpg,there is a man that is shearing a sheep on the ground,1
images/2385539.jpg,there are two men playing frisbee in a field of green grass,1
images/2354681.jpg,there is a man playing frisbee with a dog on his shoulders,1
images/2343330.jpg,there is a frisbee that has a dog on it on the grass,1
images/2346434.jpg,there is a dog that is jumping up to catch a frisbee,1
images/2351907.jpg,there are many sheep that are grazing on the grass in the field,1
images/2364444.jpg,there is a man playing frisbee with a dog in a field,1
images/2394079.jpg,there is a dog that is laying in the grass with a frisbee,1
images/2409022.jpg,there is a dog chasing a herd of sheep in a field,1
images/2365002.jpg,there is a dog that is drinking water out of a bottle,1
images/2385901.jpg,there is a dog that is carrying a frisbee in it's,1
images/1592975.jpg,there is a dog that is jumping in the air with a frisbee,1
images/2363682.jpg,there is a black and white dog catching a frisbee in the air,1
images/2344063.jpg,there is a dog that is looking up at a tree,1
images/2412671.jpg,they are playing frisbee with a dog in a field of green grass,1
images/2340815.jpg,there is a dog that is running in the grass with a sheep in the,1
images/2378475.jpg,there is a man playing frisbee with his dog in the park,1
images/2386620.jpg,there are two dogs that are running in the woods together,1
images/2328960.jpg,there is a dog that is playing with a frisbee in the grass,1
images/2410967.jpg,there are two dogs playing with each other on the ground,1
images/2386876.jpg,there is a man on a scooter with a dog and a horse,1
images/2367721.jpg,there is a dog that is running in the grass with a frisbee,1
images/2364202.jpg,there is a dog that is sitting in front of a door,1
images/2325910.jpg,there is a dog that is sitting in the snow near a table and chairs,1
images/2356836.jpg,there are two dogs that are playing with a frisbee in the street,1
images/2366841.jpg,several people are riding horses in a fenced in area with a dog,1
images/2336402.jpg,there is a dog that is looking at a box of food in the grass,1
images/2341401.jpg,there is a dog that is jumping in the air to catch a fris,1
images/2337260.jpg,there are two dogs that are playing with a frisbee in the street,1
images/2416991.jpg,there is a dog that is sitting in the grass with a frisbee,1
images/2384081.jpg,there is a man riding a bike with a dog on the back of it,1
images/1159610.jpg,there are people walking with umbrellas and a dog on the sidewalk,1
images/2329647.jpg,there is a little girl that is playing with a red fire hydrant,1
images/2386802.jpg,there is a kite that is sitting on the beach near the water,1
images/2413634.jpg,there is a black and white dog standing in the grass next to a bowl,1
images/2414764.jpg,there is a woman sitting in the grass with a cell phone in her hand,1
images/2375612.jpg,there is a dog that is jumping in the air with a frisbee,1
images/2337501.jpg,there is a dog that is carrying a frisbee in its mouth,1
images/2371467.jpg,there is an elephant that is walking with a dog on a leash,1
images/2386721.jpg,herd of sheep and a dog in a field with trees in the background,1
images/2382281.jpg,there is a herd of sheep that are standing in the water,1
images/2412423.jpg,there is a woman that is standing in the grass with some cows,1
images/2321295.jpg,there are two sheep and a dog standing in the dirt,1
images/2358778.jpg,there is a dog that is jumping in the air to catch a fris,1
images/2395277.jpg,there is a truck with logs on the back and a dog on the back,1
images/2373502.jpg,horses pulling a wagon full of hay with people on top of it,1
images/2344769.jpg,there is a man riding a skateboard with a dog on a leash,1
images/2370359.jpg,there is a dog that is standing in the grass with a frisbee,1
images/2408498.jpg,there is a black dog laying in the grass with a bottle in its mouth,1
images/2405432.jpg,there is a dog that is jumping in the air to catch a fris,1
images/2357556.jpg,there are two people riding horses and a dog on the grass,1
images/2344526.jpg,there is a dog that is walking down the street in front of a car,1
images/2321145.jpg,there is a person feeding a dog with a frisbee in the grass,1
images/2406866.jpg,cars parked in a parking lot with a giant yellow fire hydrant in the,1
images/2324950.jpg,there is a dog jumping in the air to catch a frisbee,1
images/2345110.jpg,there is a sheep that is grazing in the grass on the hill,1
images/2393070.jpg,there is a dog that is standing in the grass with a frisbee,1
images/2336716.jpg,there is a dog that is jumping in the air to catch a fris,1
images/2357995.jpg,there is a train that is going over a bridge on the road,1
images/2326569.jpg,there is a dog standing on the side of the road next to a car,1
images/2363247.jpg,there is a horse and a dog looking at each other through a fence,1
images/2395470.jpg,there is a brown and white dog holding a frisbee in its mouth,1
images/2398189.jpg,there is a man that is riding a horse in a field with cows,1
images/2327325.jpg,there is a man riding a bike with a dog on the back of it,1
images/2375942.jpg,there is a dog that is holding a frisbee in its mouth,1
images/2392690.jpg,there is a dog that is drinking water out of a bottle,1
images/2317615.jpg,there is a man and his dog playing frisbee in the park,1
images/2328890.jpg,there is a dog standing next to a plate with a sandwich and fruit on,1
images/2382612.jpg,flock of sheep in a field of grass next to a stone wall,1
images/2351991.jpg,there is a man that is standing in the grass with some sheep,1
images/2382489.jpg,there is a white dog laying in the grass with other sheep in the background,1
images/2386600.jpg,there is a dog that is sitting in the grass with a frisbee,1
images/2351872.jpg,there is a man that is taking a picture of himself in the park,1
images/2330479.jpg,there is a man that is riding a horse in a field with a dog,1
images/2330800.jpg,there are two dogs sitting on a park bench with a leash attached to it,1
images/2315716.jpg,there is a motorcycle parked in the grass with people and dogs in the background,1
images/2368415.jpg,there is a dog that is standing on a boat in the water,1
images/2342285.jpg,herd of sheep and goats walking along a dirt road near large rocks,1
images/2348342.jpg,there is a dog that is catching a frisbee in the air,1
images/2368196.jpg,there is a man with a backpack and a dog on his back,1
images/2333895.jpg,there is a man petting a sheep in a field with a dog,1
images/2384885.jpg,there are two dogs that are sitting in the back seat of a car,1
images/2404746.jpg,there is a dog that is standing in the grass with a herd of sheep,1
images/2350150.jpg,there is a man riding a bike down a road with a dog on the,1
images/2345658.jpg,there are three dogs that are standing in the grass together,1
images/2356804.jpg,there are two dogs sitting next to each other in the grass,1
images/2382121.jpg,there are many people walking their dogs down the sidewalk together,1
images/2388671.jpg,there is a dog that is standing next to a person reading a book,1
images/2368426.jpg,there is a man sitting on a bench in the middle of a field with,1
images/2401877.jpg,there is a woman sitting on a bench with a dog in front of her,1
images/2388066.jpg,there is a dog that is jumping in the air with a frisbee,1
images/2407990.jpg,there is a dog that is running with a frisbee in its mouth,1
images/2331519.jpg,there is a dog that is laying in the grass with a frisbee,1
images/2386233.jpg,there is a man riding a skateboard down the side of a ramp,1
images/2323850.jpg,there is a dog that is standing in the grass with a bunch of sheep,1
images/2326904.jpg,there is a dog that is jumping up to catch a frisbee,1
images/2402665.jpg,there is a black and white dog jumping to catch a frisbee,1
images/2361091.jpg,there is a man standing next to a street sign on the side of the,1
images/2374649.jpg,there is a dog that is jumping in the air to catch a fris,1
images/2406301.jpg,there is a man walking down a dirt road with a kite in the air,1
images/2340457.jpg,there is a statue of a bear and a dog standing on top of it,1
images/2351186.jpg,there is a dog that is carrying a frisbee in it's,1
images/2367060.jpg,there is a black and white dog with a shoe in it's mouth,1
images/2327581.jpg,there are two dogs that are playing with a frisbee in the grass,1
images/2376444.jpg,there is a dog that is jumping in the air to catch a fris,1
images/2329428.jpg,there is a woman that is riding a bike with a dog in a basket,1
images/2387864.jpg,herd of sheep grazing in a field with a dog laying in the grass,1
images/2379263.jpg,there is a black and white dog standing on a path in the woods,1
images/2383950.jpg,there is a collage of pictures of a dog catching a frisbee,1
images/2372988.jpg,there is a dog that is drinking water out of a bottle,1
images/2355607.jpg,there are two dogs that are playing with a frisbee in the grass,1
images/2387430.jpg,there is a man riding a horse next to a dog on a dirt road,1
images/2391472.jpg,there is a dog chasing a sheep in a fenced in area,1
images/2348551.jpg,there are two women playing frisbee with a dog in the yard,1
images/2403975.jpg,there is a dog that is standing in the water with a kite in the,1
images/2400922.jpg,there is a dog that is looking out of a window,1
images/2350616.jpg,there are two dogs that are playing with a frisbee in the grass,1
images/2394065.jpg,there is a pug dog that is standing next to a water bottle,1
images/2402417.jpg,there are many people riding horses on a trail in the woods,1
images/497973.jpg,there is a group of people that are standing around with a dog,1
images/2389092.jpg,there is a dog in the water with a frisbee in its mouth,1
images/2406001.jpg,there is a dog that is riding on the back of a motorcycle,1
images/2403537.jpg,there is a dog that is playing with a ball in the grass,1
images/2369860.jpg,there is a man and a woman riding in a carriage pulled by a horse,1
images/2317153.jpg,there are two dogs that are standing next to a bench,1
images/2376453.jpg,there are two dogs that are standing next to each other on the grass,1
images/2385955.jpg,there is a dog that is holding a frisbee in its mouth,1
images/2382659.jpg,there are three dogs that are sitting in the grass together,1
images/2408633.jpg,there is a black dog that is standing in the grass with a fris,1
images/2361100.jpg,there is a black and white photo of a dog standing in the grass,1
images/2322231.jpg,there is a truck parked on the side of the road in front of a,1
images/2316038.jpg,there is a man standing on the side of the road next to a dog,1
images/2411072.jpg,there is a dog that is laying in the grass with a frisbee,1
images/2412384.jpg,there is a dog that is sitting next to a boat in the water,1
images/2390483.jpg,there is a dog that is playing with a frisbee in the grass,1
images/2411743.jpg,there is a black dog that is laying in the grass with a fris,1
images/2366975.jpg,there is a dog that is jumping in the air with a frisbee,1
images/2409069.jpg,there is a brown dog that is standing on a brick walkway,1
images/2416114.jpg,there is a woman walking a dog with an umbrella on a leash,1
images/2382890.jpg,there is a black and white dog with a hat on it's head,1
images/2399677.jpg,there is a dog eating a piece of pizza from a person's hand,1
images/2392115.jpg,there are two women playing frisbee with a dog in the park,1
images/2327579.jpg,there is a dog that is jumping in the air to catch a fris,1
images/2318046.jpg,there is a dog that is jumping in the air with a frisbee,1
images/2328838.jpg,there is a man that is riding a horse in the field with a dog,1
images/2368563.jpg,there is a cat and a dog standing next to each other,1
images/2385490.jpg,there is a dog that is laying on a blanket in the yard,1
images/2396988.jpg,there is a man and a woman sitting on a bench with a dog,1
images/2371268.jpg,there is a dog that is laying down in the grass,1
images/2403048.jpg,there is a man sitting on a bench with two dogs next to him,1
images/2367662.jpg,there is a woman walking a dog on a leash in the snow,1
images/2340498.jpg,there is a man that is standing in the yard with two dogs,1
images/2387387.jpg,there is a dog that is walking in the grass with a frisbee,1
images/2356036.jpg,there is a woman walking a dog on a leash down the street,1
images/2402904.jpg,there is a man that is playing tennis with a dog in the background,1
images/2371836.jpg,there is a dog that is jumping in the air with a frisbee,1
images/2334422.jpg,there is a dog that is catching a frisbee in the grass,1
images/2378384.jpg,there is a dog that is standing in the grass by the road,1
images/2394277.jpg,there is a dog that is playing with a frisbee in the grass,1
images/2318049.jpg,there is a dog that is jumping in the air with a frisbee,1
images/2383045.jpg,there is a black and brown dog with a blue bag and a stuffed animal,1
images/2359181.jpg,black and white photo of a person with a hoodie standing next to a,1
images/2376600.jpg,there is a dog that is playing with a frisbee in the grass,1
images/2417154.jpg,there is a dog that is playing with a frisbee in the street,1
images/2355727.jpg,there is a dog that is jumping in the air to catch a fris,1
images/2322764.jpg,there are two dogs sitting on the back of a motor scooter,1
images/2410303.jpg,there is a dog that is sitting in the driver's seat of a,1
images/2383170.jpg,there are many motorcycles that are parked in the dirt,1
images/2362530.jpg,there is a woman and a dog playing with a frisbee in the,1
images/2322281.jpg,there is a man playing frisbee with a dog on a field,1
images/2339512.jpg,there is a car that is driving down the road on the side of the,1
images/2395888.jpg,there is a black and white dog sitting next to a yellow fire hydrant,1
images/2328885.jpg,there is a dog that is running with a frisbee in its mouth,1
images/2340940.jpg,there are two dogs that are playing with a toy in the grass,1
images/2371220.jpg,there is a dog herding sheep in a field of green grass,1
images/2399207.jpg,there is a dog sitting in the driver's seat of a car,1
images/2388780.jpg,there is a man that is standing in the grass with a herd of sheep,1
images/2318999.jpg,there is a young boy sitting on a wooden bench next to a dog,1
images/2368310.jpg,there is a dog that is jumping in the air to catch a fris,1
images/2394117.jpg,there is a horse and a dog sniffing each other in the grass,1
images/2357609.jpg,there is a horse and a dog looking at each other through a fence,1
images/2373751.jpg,there is a man holding a frisbee with a dog on his back,1
images/2388607.jpg,there is a little girl holding an orange umbrella in the rain,1
images/2388428.jpg,there are many cows that are grazing in the field together,1
images/2398018.jpg,this is an old black and white photo of a family with a horse and,1
images/2381952.jpg,there is a dog that is sniffing a sheep in the grass,1
images/2319745.jpg,there is a man sitting on a bench next to a bike with a dog,1
images/2416340.jpg,there are many cows standing in a fenced in field next to a dog,1
images/2397787.jpg,there is a dog that is jumping in the air to catch a fris,1
images/2343674.jpg,there is an elephant that is standing in the dirt by a fence,1
images/2315447.jpg,there is a dog that is playing with a frisbee in the grass,1
images/2406421.jpg,there is a brown and white dog running with a ball in its mouth,1
images/2390506.jpg,there is a woman walking with an umbrella and a dog on the side of,1
images/2416861.jpg,there is a dog and a cow on a hill with a sky background,1
images/2325623.jpg,there is a dog that is playing with a frisbee in the yard,1
images/2397138.jpg,there is a man and a dog sitting in a boat on the water,1
images/2323367.jpg,there is a woman in a bathing suit and a dog on a surfboard,1
images/2334355.jpg,there is a dog that is looking through a screen door,1
images/2395961.jpg,there is a dog that is jumping up to catch a frisbee,1
images/2345384.jpg,several white fire hydrants in a parking lot with a dog on a leash,1
images/2359172.jpg,there is a brown and white dog standing next to a red frisbee,1
images/2317373.jpg,there is a dog herding a flock of sheep in a fenced in,1
images/2356920.jpg,there is a man and a dog in a red canoe on the water,1
images/2316688.jpg,there is a person walking down a dirt road with an umbrella,1
images/2317892.jpg,there is a dog that is sitting on a bench with a leash,1
images/2320708.jpg,there is a dog that is sniffing a baseball bat on the field,1
images/2396246.jpg,there is a dog that is playing with a frisbee in the grass,1
images/2362957.jpg,there is a dog that is drinking water out of a metal bowl,1
images/2370107.jpg,there is a small white dog that is sitting in the grass,1
images/2398532.jpg,there are a lot of horses that are running together in the dirt,1
images/2357632.jpg,there is a dog that is playing with a frisbee in the grass,1
images/2331238.jpg,there are two sheep that are standing in the grass together,1
images/2410917.jpg,there is a dog that is holding a frisbee in its mouth,1
images/2412575.jpg,there is a statue of a boy sitting on a bench with a dog,1
images/2379893.jpg,there is a dog that is jumping in the air with a frisbee,1
images/2344110.jpg,there is a man sitting on a bench with two dogs next to him,1
images/2398506.jpg,there is a dog that is standing in the water with a horse in the,1
images/2403836.jpg,there is a dog standing next to a horse in a fenced in area,1
images/2354435.jpg,there is a dog that is laying on the grass with a frisbee,1
images/2383701.jpg,there is a small pug dog playing with a soccer ball on the grass,1
images/2351612.jpg,there is a dog that is standing by the water with ducks in the background,1
images/2416475.jpg,there is a man that is throwing a frisbee in the park,1
images/2416836.jpg,there is a man playing frisbee with two dogs in a field,1
images/2350986.jpg,herd of sheep in a field with a dog in the foreground,1
images/2345442.jpg,there is a dog that is running with a baseball bat in its mouth,1
images/2354373.jpg,there is a horse that is running in the grass with a dog,1
images/2365030.jpg,there is a brown and white dog riding a skateboard down the street,1
images/2334244.jpg,there are many people that are standing in the grass with frisbees,1
images/2396020.jpg,there is a dog that is looking out the window of a car,1
images/2409092.jpg,there is a man sitting on a bench with a dog on his lap,1
images/2411944.jpg,there is a dog that is standing in the grass near a barn,1
images/2332540.jpg,there is a man flying a kite in a field with houses in the background,1
images/2330686.jpg,there is a man riding a skateboard with two dogs on a leash,1
images/713331.jpg,there are many people flying kites in the park on a cloudy day,1
images/2359221.jpg,there is a bus that is parked on the side of the road,1
images/2324536.jpg,there is a man that is flying a kite on the beach,1
images/2393301.jpg,there is a dog that is playing with a frisbee in the grass,1
images/2400793.jpg,there is a dog that is standing on a log by the water,1
images/2370710.jpg,there are two dogs that are sitting on a bench in the park,1
images/2391586.jpg,there is a dog and a cat that are sitting in the grass,1
images/2400563.jpg,there is a man that is standing in the grass with a dog,1
images/2341856.jpg,there are three sheep that are laying down in the grass,1
images/2335002.jpg,there is a dog that is playing with a frisbee in the grass,1
images/2363668.jpg,there is a dog that is laying down with a frisbee in its,1
images/2407258.jpg,there is a dog that is holding a frisbee in its mouth,1
images/2411937.jpg,there is a dog that is laying in the grass with a frisbee,1
images/2348065.jpg,there is a woman that is standing next to a bench with a dog on,1
images/2336811.jpg,there is a brown dog laying on the ground next to a bottle of wine,1
images/2400303.jpg,there is a dog jumping to catch a frisbee in the air,1
images/2339890.jpg,there is a woman walking a dog on a leash down the sidewalk,1
images/2385897.jpg,there is a dog that is jumping in the air with a frisbee,1
images/2374913.jpg,there is a man that is standing next to a dog on a leash,1
images/3553.jpg,there is a dog that is sitting in the grass with a frisbee,1
images/2326814.jpg,there is a dog and a bird sitting next to a brick wall,1
images/2327725.jpg,there is a black bear that is laying down in a tree stump,1
images/2358622.jpg,there is a man that is standing next to a cow and a dog,1
images/2417829.jpg,there is a man riding a skateboard with a dog on a leash,1
images/2360443.jpg,there is a woman walking two dogs in a field with a frisbee,1
images/2389470.jpg,there is a baby elephant standing next to an adult elephant in a field,1
images/2363495.jpg,there are four giraffes standing in a field with a sky background,1
images/2385853.jpg,there is a black dog wearing a hat and glasses on a sidewalk,1
images/2405469.jpg,there are two dogs that are playing with a frisbee in the dirt,1
images/2347373.jpg,several people are flying kites in a park with a bus in the background,1
images/2363267.jpg,there are two men sitting on a bench with a dog on a leash,1
images/2393598.jpg,there is a black motorcycle parked in a parking lot next to a black car,1
images/2374745.jpg,there is a dog that is looking at a sheep in a field,1
images/2338009.jpg,there is a blurry photo of a dog running down the street,1
images/2402433.jpg,there is a dog that is sitting in the bed of a truck,1
images/2341743.jpg,there is a man playing frisbee with a dog in a field,1
images/2416883.jpg,there is a woman standing in the grass with a dog and a fris,1
images/2344583.jpg,there is a man and a dog that are playing with a frisbee,1
images/2332785.jpg,there is a dog that is laying on the ground next to a bench,1
images/2393173.jpg,there is a man walking a dog with an umbrella on a leash,1
images/2320102.jpg,there are four dogs that are standing in the grass together,1
images/2326326.jpg,there are two dogs that are standing in the grass with a frisbee,1
images/2331108.jpg,there is a black dog running with a frisbee in its mouth,1
images/2333137.jpg,there is a woman that is flying a kite in the grass,1
images/2387928.jpg,there is a dog that is running in the grass near a tree,1
images/2344055.jpg,there is a dog that is sitting on a chair in the grass,1
images/2327260.jpg,reflection of a dog in a mirror on the side of a road,1
images/2395775.jpg,there are two dogs standing next to each other on a dirt road,1
images/2369270.jpg,there is a dog that is running with a frisbee in its mouth,1
images/2379956.jpg,there are two dogs that are playing with a frisbee in the dirt,1
images/2325623.jpg,there is a dog that is playing with a frisbee in the yard,1
images/2406944.jpg,there is a dog that is jumping in the air to catch a fris,1
images/2325645.jpg,there is a dog that is running with a frisbee in its mouth,1
images/2410817.jpg,there is a dog jumping up to catch a frisbee in the air,1
images/2350336.jpg,there is a man throwing a frisbee in a field with a dog,1
images/2319590.jpg,there is a dog that is playing with a frisbee in the yard,1
images/2382814.jpg,there is a man playing frisbee with two dogs on the beach,1
images/2366422.jpg,there is a dog that is running with a frisbee in its mouth,1
images/2326167.jpg,there is a black and white dog catching a frisbee in the air,1
images/2365881.jpg,there is a dog that is walking in the water with a frisbee,1
images/2388066.jpg,there is a dog that is jumping in the air with a frisbee,1
images/2407990.jpg,there is a dog that is running with a frisbee in its mouth,1
images/2331519.jpg,there is a dog that is laying in the grass with a frisbee,1
images/2356619.jpg,there is a dog that is jumping in the air to catch a fris,1
images/2367120.jpg,there is a dog that is swimming in the water with a frisbee,1
images/2395961.jpg,there is a dog that is jumping up to catch a frisbee,1
images/2367813.jpg,there is a man and a dog playing with a frisbee in a,1
images/2402665.jpg,there is a black and white dog jumping to catch a frisbee,1
images/2336530.jpg,there is a dog that is sitting in the grass with a frisbee,1
images/2338393.jpg,there is a dog that is playing with a frisbee in the grass,1
images/2356877.jpg,there is a dog that is jumping in the air to catch a fris,1
images/2374649.jpg,there is a dog that is jumping in the air to catch a fris,1
images/2408331.jpg,they are playing frisbee in the grass in front of a row of,1
images/2408562.jpg,there is a dog that is jumping up to catch a frisbee,1
images/2322427.jpg,there is a dog running on the beach with a frisbee in its,1
images/2410228.jpg,there is a dog that is carrying a frisbee in its mouth,1
images/2380237.jpg,there is a dog that is running with a frisbee in its mouth,1
images/2402346.jpg,there is a dog jumping to catch a frisbee in the air,1
images/2396246.jpg,there is a dog that is playing with a frisbee in the grass,1
images/2351205.jpg,there are two dogs that are playing with a frisbee in the grass,1
images/497913.jpg,there is a dog that is running with a frisbee in its mouth,1
images/2351186.jpg,there is a dog that is carrying a frisbee in it's,1
images/2393339.jpg,there is a dog that is sitting in the snow with a frisbee,1
images/2393362.jpg,they are playing frisbee in the park with a dog on the grass,1
images/2327581.jpg,there are two dogs that are playing with a frisbee in the grass,1
images/2376444.jpg,there is a dog that is jumping in the air to catch a fris,1
images/2381209.jpg,they are playing frisbee with the dogs in the park,1
images/2357632.jpg,there is a dog that is playing with a frisbee in the grass,1
images/2377573.jpg,there is a dog that is jumping in the air to catch a fris,1
images/2410917.jpg,there is a dog that is holding a frisbee in its mouth,1
images/2316506.jpg,there is a dog that is sitting in the grass with a frisbee,1
images/2395074.jpg,there is a dog that is jumping in the air to catch a fris,1
images/2343539.jpg,there is a dog that is laying in the grass with a frisbee,1
images/2383950.jpg,there is a collage of pictures of a dog catching a frisbee,1
images/2385539.jpg,there are two men playing frisbee in a field of green grass,1
images/2354681.jpg,there is a man playing frisbee with a dog on his shoulders,1
images/2343330.jpg,there is a frisbee that has a dog on it on the grass,1
images/2355607.jpg,there are two dogs that are playing with a frisbee in the grass,1
images/2324981.jpg,there is a white dog with a blue frisbee in its mouth,1
images/2379893.jpg,there is a dog that is jumping in the air with a frisbee,1
images/2413856.jpg,there is a man playing frisbee with a dog on the grass,1
images/2359038.jpg,there is a dog that is jumping in the air with a frisbee,1
images/2355348.jpg,there is a dog that is standing in the grass with a frisbee,1
images/2346434.jpg,there is a dog that is jumping up to catch a frisbee,1
images/2362394.jpg,there are two dogs that are playing in the water with a frisbee,1
images/2406327.jpg,there is a dog that is jumping in the air with a frisbee,1
images/2360221.jpg,there is a woman playing frisbee with a dog on the green carpet,1
images/2355266.jpg,there is a woman holding a frisbee on a field with people watching,1
images/2354435.jpg,there is a dog that is laying on the grass with a frisbee,1
images/2346869.jpg,there is a dog that is jumping in the air to catch a fris,1
images/2369004.jpg,they are playing frisbee with a dog on the grass in front of,1
images/2348551.jpg,there are two women playing frisbee with a dog in the yard,1
images/2394079.jpg,there is a dog that is laying in the grass with a frisbee,1
images/2350616.jpg,there are two dogs that are playing with a frisbee in the grass,1
images/2327519.jpg,there is a dog that is standing in the water with a frisbee,1
images/2416475.jpg,there is a man that is throwing a frisbee in the park,1
images/2339770.jpg,there is a small white dog running with a frisbee in its mouth,1
images/2363682.jpg,there is a black and white dog catching a frisbee in the air,1
images/2416836.jpg,there is a man playing frisbee with two dogs in a field,1
images/2385228.jpg,there is a dog that is jumping in the air to catch a fris,1
images/2364866.jpg,there is a dog that is jumping in the air to catch a fris,1
images/2378475.jpg,there is a man playing frisbee with his dog in the park,1
images/2323746.jpg,there is a dog that is jumping in the air to catch a fris,1
images/2317786.jpg,there are two dogs playing with a pink frisbee on the ground,1
images/2365847.jpg,there is a man and a dog playing frisbee in a field,1
images/2358221.jpg,they are playing frisbee with a dog in the yard,1
images/2383227.jpg,there is a dog that is playing with a frisbee in the snow,1
images/2367721.jpg,there is a dog that is running in the grass with a frisbee,1
images/2385955.jpg,there is a dog that is holding a frisbee in its mouth,1
images/2382504.jpg,there is a woman that is playing with a dog in the grass,1
images/2322293.jpg,there is a dog that is playing in the snow with a frisbee,1
images/2408633.jpg,there is a black dog that is standing in the grass with a fris,1
images/2341401.jpg,there is a dog that is jumping in the air to catch a fris,1
images/2337260.jpg,there are two dogs that are playing with a frisbee in the street,1
images/2343165.jpg,they are playing frisbee with a dog on the grass in front of,1
images/2338125.jpg,there is a dog that is playing with a frisbee in the water,1
images/2411072.jpg,there is a dog that is laying in the grass with a frisbee,1
images/2331781.jpg,there is a dog that is walking in the water with a frisbee,1
images/2376396.jpg,there is a black and white dog walking down the road with a fris,1
images/2400642.jpg,there is a man playing frisbee with a dog in the park,1
images/2366211.jpg,there is a dog that is jumping in the air to catch a fris,1
images/2390483.jpg,there is a dog that is playing with a frisbee in the grass,1
images/2336848.jpg,there is a man and a dog playing with a frisbee on a,1
images/2366975.jpg,there is a dog that is jumping in the air with a frisbee,1
images/2405371.jpg,there is a dog that is jumping up to catch a frisbee,1
images/2392212.jpg,there is a dog that is playing with a frisbee in the grass,1
images/2336406.jpg,there is a black and white dog jumping up to catch a frisbee,1
images/2406932.jpg,there is a dog that is playing with a frisbee in the yard,1
images/2321342.jpg,there is a man playing frisbee with a dog in a field,1
images/2324642.jpg,there is a boy and two dogs playing frisbee in the woods,1
images/2369450.jpg,there is a dog that is jumping in the air with a frisbee,1
images/2337501.jpg,there is a dog that is carrying a frisbee in its mouth,1
images/2334261.jpg,there is a dog that is jumping up to catch a frisbee,1
images/2392115.jpg,there are two women playing frisbee with a dog in the park,1
images/2412687.jpg,there is a man and a dog playing with a frisbee in the,1
images/2327579.jpg,there is a dog that is jumping in the air to catch a fris,1
images/2318046.jpg,there is a dog that is jumping in the air with a frisbee,1
images/2411557.jpg,they are playing frisbee in a park with a crowd of people watching,1
images/2407734.jpg,they are playing frisbee with a dog in a field with people watching,1
images/2365446.jpg,there is a man playing frisbee with a dog on a field,1
images/2321661.jpg,there is a man playing frisbee with a dog on the field,1
images/2335002.jpg,there is a dog that is playing with a frisbee in the grass,1
images/2363668.jpg,there is a dog that is laying down with a frisbee in its,1
images/2407258.jpg,there is a dog that is holding a frisbee in its mouth,1
images/2358778.jpg,there is a dog that is jumping in the air to catch a fris,1
images/2411937.jpg,there is a dog that is laying in the grass with a frisbee,1
images/2359049.jpg,there is a group of people in pink shirts posing for a picture,1
images/2395889.jpg,there are two people playing frisbee in a field with trees in the,1
images/2328461.jpg,there is a dog that is carrying a frisbee in its mouth,1
images/2377157.jpg,there is a man and a dog playing with a frisbee in the,1
images/2353581.jpg,there is a dog that is holding a frisbee in its mouth,1
images/2400679.jpg,there is a woman that is holding a dog on a field with fris,1
images/2381657.jpg,there is a dog that is jumping up to catch a frisbee,1
images/2320693.jpg,there is a dog that is playing with a frisbee in the grass,1
images/2382399.jpg,there is a dog that is jumping in the air to catch a fris,1
images/2370359.jpg,there is a dog that is standing in the grass with a frisbee,1
images/2389381.jpg,there are two dogs that are playing in the snow with a frisbee,1
images/2405432.jpg,there is a dog that is jumping in the air to catch a fris,1
images/2400303.jpg,there is a dog jumping to catch a frisbee in the air,1
images/2365318.jpg,there is a dog that is playing with a frisbee on the floor,1
images/2353558.jpg,there is a black dog with a yellow frisbee on its head,1
images/2371836.jpg,there is a dog that is jumping in the air with a frisbee,1
images/2408356.jpg,there is a dog that is laying on a pillow with a frisbee,1
images/2360784.jpg,there are two dogs that are playing in the water with a frisbee,1
images/2394277.jpg,there is a dog that is playing with a frisbee in the grass,1
images/2318049.jpg,there is a dog that is jumping in the air with a frisbee,1
images/2368610.jpg,there is a man playing frisbee with a dog on the beach,1
images/2324950.jpg,there is a dog jumping in the air to catch a frisbee,1
images/2345976.jpg,they are playing frisbee in the snow with their dog,1
images/2393070.jpg,there is a dog that is standing in the grass with a frisbee,1
images/2392123.jpg,there is a man that is throwing a frisbee in the air,1
images/2385897.jpg,there is a dog that is jumping in the air with a frisbee,1
images/2394272.jpg,there is a woman playing frisbee with a dog on a field,1
images/2376600.jpg,there is a dog that is playing with a frisbee in the grass,1
images/713680.jpg,there is a brown dog holding a purple frisbee in its mouth,1
images/2350109.jpg,there is a man playing frisbee with his dog in the park,1
images/2417154.jpg,there is a dog that is playing with a frisbee in the street,1
images/2388263.jpg,there is a dog that is running with a frisbee in its mouth,1
images/2355727.jpg,there is a dog that is jumping in the air to catch a fris,1
images/2336716.jpg,there is a dog that is jumping in the air to catch a fris,1
images/2336693.jpg,there is a black and white dog running with a frisbee in its,1
images/2326888.jpg,there is a black dog holding a blue frisbee in its mouth,1
images/2390028.jpg,there are two dogs that are playing in the water with a frisbee,1
images/2391620.jpg,there are two dogs on the beach with a frisbee in their mouth,1
images/2362530.jpg,there is a woman and a dog playing with a frisbee in the,1
images/2322281.jpg,there is a man playing frisbee with a dog on a field,1
images/2395470.jpg,there is a brown and white dog holding a frisbee in its mouth,1
images/2382269.jpg,there is a dog that is jumping in the air to catch a fris,1
images/2328885.jpg,there is a dog that is running with a frisbee in its mouth,1
images/2411786.jpg,they are playing frisbee in the park with their dogs,1
images/2375942.jpg,there is a dog that is holding a frisbee in its mouth,1
images/2381352.jpg,they are playing frisbee in the park with their dog,1
images/2386435.jpg,there is a dog that is jumping in the air to catch a fris,1
images/2317615.jpg,there is a man and his dog playing frisbee in the park,1
images/2327364.jpg,there is a dog that is holding a frisbee in its mouth,1
images/2337125.jpg,there is a man and a dog playing frisbee in the snow,1
images/2330563.jpg,there is a dog that is running in the grass with a frisbee,1
images/2400868.jpg,there is a dog that is jumping up to catch a frisbee,1
images/2410840.jpg,there is a dog that is playing with a frisbee on the ground,1
images/2368310.jpg,there is a dog that is jumping in the air to catch a fris,1
images/2363861.jpg,there is a man throwing a frisbee into the water with a dog,1
images/2386600.jpg,there is a dog that is sitting in the grass with a frisbee,1
images/2376933.jpg,there is a dog that is jumping in the air with a frisbee,1
images/2373751.jpg,there is a man holding a frisbee with a dog on his back,1
images/2328764.jpg,there is a dog that is running with a frisbee in its mouth,1
images/2358659.jpg,there is a woman that is holding a dog in her arms,1
images/2335707.jpg,there is a dog that is jumping in the air to catch a fris,1
images/2333137.jpg,there is a woman that is flying a kite in the grass,1
images/2324371.jpg,there is a dog that is laying on the grass with a frisbee,1
images/2386758.jpg,there is a woman playing frisbee with a dog in a field,1
images/2316592.jpg,blurry photograph of a dog catching a frisbee in a yard,1
images/2386037.jpg,there is a black and white dog catching a frisbee in the air,1
images/2325492.jpg,there is a man and a dog on the beach playing frisbee,1
images/2395166.jpg,there are many people standing on a field watching a dog in the air,1
images/2348342.jpg,there is a dog that is catching a frisbee in the air,1
images/2397787.jpg,there is a dog that is jumping in the air to catch a fris,1
images/2351698.jpg,there is a dog that is playing with a frisbee on the floor,1
images/2315447.jpg,there is a dog that is playing with a frisbee in the grass,1
images/2388687.jpg,there is a woman sitting on the beach with two cows and a dog,1
images/2416861.jpg,there is a dog and a cow on a hill with a sky background,1
images/2382026.jpg,there is a woman sitting on a bench with a dog on a leash,1
images/2331072.jpg,there is a brown dog sniffing a yellow fire hydrant on the side of,1
images/2348603.jpg,herd of sheep being herded by a man and a dog in a field,1
images/2325645.jpg,there is a dog that is running with a frisbee in its mouth,1
images/2356804.jpg,there are two dogs sitting next to each other in the grass,1
images/2411794.jpg,there is a white dog sitting on a park bench with a purple leash,1
images/2335476.jpg,there is a woman walking a dog down the sidewalk with a skateboard,1
images/2397138.jpg,there is a man and a dog sitting in a boat on the water,1
images/2399492.jpg,there are three dogs that are standing on a bench in the park,1
images/2374573.jpg,there is a man and a little girl flying a kite on the beach,1
images/2350995.jpg,there is a man taking a picture of a dog in the rear view mirror,1
images/2395961.jpg,there is a dog that is jumping up to catch a frisbee,1
images/2361067.jpg,there is a dog that is jumping in the air with a frisbee,1
images/713697.jpg,there are many people riding horses in the snow on skis,1
images/2413162.jpg,there is a dog that is sitting in the grass with a stick in its,1
images/2345272.jpg,there are two dogs that are standing on the back of a boat,1
images/2406584.jpg,there is a man sitting on a rock next to a dog,1
images/2339024.jpg,there is a dog that is sitting in the snow on the beach,1
images/2374386.jpg,there is a woman with a pink umbrella walking down the street,1
images/2384517.jpg,there is a woman walking a dog on a leash in a park,1
images/2417914.jpg,there is a dog that is standing in the water next to a boat,1
images/2393315.jpg,there is a dog that is in the water with a ball in its mouth,1
images/2338393.jpg,there is a dog that is playing with a frisbee in the grass,1
images/2376054.jpg,there is a man walking a dog in the snow with a snowboard,1
images/2366353.jpg,several people and a dog in a grassy area with tents in the background,1
images/2401902.jpg,there is a woman walking a dog on a leash down the sidewalk,1
images/2406301.jpg,there is a man walking down a dirt road with a kite in the air,1
images/2398376.jpg,there is a dog that is standing in the grass with a herd of sheep,1
images/2402346.jpg,there is a dog jumping to catch a frisbee in the air,1
images/2366037.jpg,there is a dog that is sitting on a bench in front of a window,1
images/1592443.jpg,there are many cows on the beach with people walking in the background,1
images/2376444.jpg,there is a dog that is jumping in the air to catch a fris,1
images/2368914.jpg,there is a dog that is standing on a dock next to a boat,1
images/2361561.jpg,there are two people and a dog on skis in the snow,1
images/2365524.jpg,there is a view of a river with people walking and biking on it,1
images/2374749.jpg,there is a man and a dog standing on the back of a truck,1
images/2355865.jpg,there is a dog that is laying down on the back of a boat,1
images/2316137.jpg,there is a man holding a bird and a dog on a hill,1
images/2398609.jpg,there is a dog that is standing on the side of a boat,1
images/2352484.jpg,there is a group of people riding in a boat on a river,1
images/2359982.jpg,there is a small black dog sitting on a bench in the woods,1
images/2318961.jpg,there is a dog that is swimming in the water with a frisbee,1
images/2405103.jpg,there is a man that is sitting on a bench by the water,1
images/2412325.jpg,there are many people standing in a field with umbrellas in the rain,1
images/2415911.jpg,there is a woman that is riding a bike with a dog on the back,1
images/2349548.jpg,there is a dog that is sitting down with a coffee cup on its head,1
images/2373696.jpg,there is a man holding a sign and a small dog on a leash,1
images/2397203.jpg,there is a man riding a boat in the water with a dog on it,1
images/2320795.jpg,there is a black dog that is looking out over a river,1
images/2354681.jpg,there is a man playing frisbee with a dog on his shoulders,1
images/2365207.jpg,there is a black and white photo of a man on a skateboard at,1
images/2337587.jpg,there is a man sitting on a bench with a dog on a leash,1
images/107967.jpg,there is a dog that is sitting in the back of a truck,1
images/2403329.jpg,there is a cat sitting in front of a television watching a dog on the,1
images/2403836.jpg,there is a dog standing next to a horse in a fenced in area,1
images/2410952.jpg,there is a yellow fire hydrant sitting in the snow next to a dog,1
images/2387995.jpg,there is a woman and her dog waiting at a bus stop,1
images/2383663.jpg,there is a brown horse standing next to a brown dog on a dirt field,1
images/2363272.jpg,there is a boat that is docked at the dock with a dog on the,1
images/2394079.jpg,there is a dog that is laying in the grass with a frisbee,1
images/286019.jpg,there is a man and a woman sitting on a bench in the park,1
images/2403975.jpg,there is a dog that is standing in the water with a kite in the,1
images/2395217.jpg,there is a man walking a group of dogs on a leash by the water,1
images/2350616.jpg,there are two dogs that are playing with a frisbee in the grass,1
images/2351612.jpg,there is a dog that is standing by the water with ducks in the background,1
images/2395809.jpg,there is a dog that is laying down on the sidewalk,1
images/2387137.jpg,there is a woman and two dogs on a boat on the water,1
images/2402417.jpg,there are many people riding horses on a trail in the woods,1
images/2404204.jpg,there is a dog that is laying on a bench in the park,1
images/2377871.jpg,several people are flying kites in a field with a dog and a cat,1
images/2394992.jpg,there is a man that is standing in the grass with a dog,1
images/2377932.jpg,there is a man sitting on a bench with a dog and a cell phone,1
images/2344063.jpg,there is a dog that is looking up at a tree,1
images/2363682.jpg,there is a black and white dog catching a frisbee in the air,1
images/2391743.jpg,there is a dog that is sitting on a boat looking out at the water,1
images/2350986.jpg,herd of sheep in a field with a dog in the foreground,1
images/2378475.jpg,there is a man playing frisbee with his dog in the park,1
images/2414629.jpg,there is a woman standing next to a red truck with its hood open,1
images/2384866.jpg,there is a black dog that is sitting next to a fire hydrant,1
images/2369591.jpg,there is a young boy sitting on a bench holding a small dog,1
images/2387231.jpg,there is a group of people that are flying kites in the snow,1
images/2380787.jpg,there is a dog that is standing on a boat in the water,1
images/2351477.jpg,there are many sheep in a fenced in area with a crowd of people,1
images/2403537.jpg,there is a dog that is playing with a ball in the grass,1
images/2358758.jpg,there is a man riding a skateboard with a dog on a leash,1
images/2393780.jpg,there is a black dog that is sitting on a bench in the woods,1
images/2329347.jpg,there is a woman and a dog in a boat on the water,1
images/2338473.jpg,there is a baby elephant walking next to an adult elephant on a dirt field,1
images/2350157.jpg,there is a man that is skiing down a hill in the snow,1
images/2381721.jpg,there are many cows that are walking in the grass together,1
images/2365756.jpg,there is a dog sticking its tongue out of the window of a car,1
images/2399812.jpg,there are two dogs that are playing with a frisbee in the grass,1
images/2341260.jpg,there are three cows that are standing in the grass in the field,1
images/2381084.jpg,there is a dog that is standing on the back of a boat,1
images/2407271.jpg,there is a train that is going down the tracks near a fence,1
images/2322293.jpg,there is a dog that is playing in the snow with a frisbee,1
images/2397739.jpg,dalmatian dog standing in front of a parked motorcycle and a man on,1
images/2358799.jpg,there is a dog that is playing with a ball in the water,1
images/2411944.jpg,there is a dog that is standing in the grass near a barn,1
images/2360562.jpg,there are two people on skis on a snowy hill with a dog,1
images/2343165.jpg,they are playing frisbee with a dog on the grass in front of,1
images/2356116.jpg,there is a dog that is playing with a frisbee in the grass,1
images/2390732.jpg,there is a truck that is driving down a dirt road in the woods,1
images/2362379.jpg,there are people sitting on a bench in the middle of a field,1
images/2410321.jpg,there is a dog standing next to a fence with a cow in the background,1
images/2376396.jpg,there is a black and white dog walking down the road with a fris,1
images/1592658.jpg,there is a woman that is walking a dog in the grass,1
images/2359950.jpg,there is a man riding a bike down a path next to a body of,1
images/2366211.jpg,there is a dog that is jumping in the air to catch a fris,1
images/2392565.jpg,there is a dog that is sitting on the back of a boat,1
images/2380923.jpg,there is a dog that is sitting on a bed with a book,1
images/2363601.jpg,there is a woman that is skiing with a dog in the snow,1
images/2334891.jpg,there is a woman that is skiing with her dog in the snow,1
images/2386802.jpg,there is a kite that is sitting on the beach near the water,1
images/2390585.jpg,herd of sheep standing in a field with a dog in front of them,1
images/2401465.jpg,there is a woman cross country skiing with her dog in the snow,1
images/2400993.jpg,there is a black and white dog sitting at a red picnic table,1
images/2343526.jpg,there is a man that is standing on a surfboard in the water,1
images/2368054.jpg,there are two dogs that are standing on a boat in the water,1
images/2402211.jpg,there is a black and white photo of a man walking a dog in a,1
images/2366676.jpg,there is a dog that is jumping up to catch a frisbee,1
images/2393918.jpg,there is a dog that is sitting in the back of a truck,1
images/2359221.jpg,there is a bus that is parked on the side of the road,1
images/2397742.jpg,there is a brown and black dog laying on the floor under a table,1
images/2324642.jpg,there is a boy and two dogs playing frisbee in the woods,1
images/2405157.jpg,there is a boy jumping in the air with a tennis racket and a,1
images/2361821.jpg,there are two people that are standing on surfboards in the water,1
images/2393332.jpg,there is a man and two dogs standing in the water at the beach,1
images/2378582.jpg,there is a man flying a kite in a field with trees in the background,1
images/2333478.jpg,there are many people swimming in the ocean with a dog on a surfboard,1
images/2382301.jpg,there is a dog that is walking in the snow with a person in the,1
images/2400563.jpg,there is a man that is standing in the grass with a dog,1
images/2392115.jpg,there are two women playing frisbee with a dog in the park,1
images/2412342.jpg,there is a man walking on the beach with a surfboard in his hand,1
images/2380956.jpg,there are two dogs that are sitting in the back of a car,1
images/2355304.jpg,there are two dogs that are standing on the back of a boat,1
images/2372055.jpg,there is a dog that is sitting on the back of a boat,1
images/2414354.jpg,there is a man that is holding a dog on a skateboard,1
images/107926.jpg,there is a man riding on the back of a horse next to a herd,1
images/2365446.jpg,there is a man playing frisbee with a dog on a field,1
images/2362696.jpg,there are many cows grazing in the field behind a fence,1
images/2322607.jpg,there is a dog that is jumping into the water with a frisbee,1
images/2320693.jpg,there is a dog that is playing with a frisbee in the grass,1
images/2391432.jpg,there are two dogs that are sitting on a boat in the water,1
images/2376547.jpg,there is a dog that is sitting under a tree in the grass,1
images/2387472.jpg,there is a woman taking a picture of a dog in the rear view mirror,1
images/2371836.jpg,there is a dog that is jumping in the air with a frisbee,1
images/2398862.jpg,there is a young boy sitting on a boat with a dog in his lap,1
images/2411487.jpg,there are two elephants that are walking down the street in front of a building,1
images/2347508.jpg,there is a man standing next to two horses in a field with a dog,1
images/2416855.jpg,there is a dog that is sitting in the back of a truck,1
images/2392123.jpg,there is a man that is throwing a frisbee in the air,1
images/2397787.jpg,there is a dog that is jumping in the air to catch a fris,1
images/2406744.jpg,there is a dog that is standing in the dirt in the yard,1
images/2334958.jpg,there is a man that is riding a bike with a dog in a cart,1
images/2325485.jpg,there is a woman that is sitting on the ground with a horse,1
images/2394272.jpg,there is a woman playing frisbee with a dog on a field,1
images/2324476.jpg,there is a man standing in a field with a dog and a fris,1
images/2397149.jpg,there is a man sitting in the snow with a dog in front of him,1
images/2417154.jpg,there is a dog that is playing with a frisbee in the street,1
images/713615.jpg,skiers and their dogs pose for a picture in the snow,1
images/2357995.jpg,there is a train that is going over a bridge on the road,1
images/2367331.jpg,there is a man riding a skateboard with a dog on it,1
images/2361813.jpg,there is a reflection of a woman and a dog in a car mirror,1
images/2347300.jpg,there are two people riding horses down a dirt road in the woods,1
images/2322281.jpg,there is a man playing frisbee with a dog on a field,1
images/2333842.jpg,there are three people and two dogs posing for a picture with their backpacks,1
images/2318030.jpg,there is a little boy riding on a motorcycle with a dog on the back,1
images/2363495.jpg,there are four giraffes standing in a field with a sky background,1
images/2411786.jpg,they are playing frisbee in the park with their dogs,1
images/2392690.jpg,there is a dog that is drinking water out of a bottle,1
images/2343283.jpg,there are two men walking a dog on a leash down the street,1
images/2395104.jpg,there is a woman that is standing in the grass near a bench,1
images/2347373.jpg,several people are flying kites in a park with a bus in the background,1
images/2321501.jpg,there are four dogs standing on a bench in a park,1
images/2346513.jpg,there is a brown and white dog sitting in a purple and white chair,1
images/2382612.jpg,flock of sheep in a field of grass next to a stone wall,1
images/2395632.jpg,there is a dog that is swimming in a pool of water,1
images/2345544.jpg,there are many people in the park with skateboards and skateboards,1
images/2378872.jpg,there are two dogs that are sitting in the back of a truck,1
images/2382489.jpg,there is a white dog laying in the grass with other sheep in the background,1
images/2370145.jpg,there is a dog that is laying down in a puddle of water,1
images/2329851.jpg,there is a man that is standing in the grass with some sheep,1
images/2352866.jpg,several people are flying kites on a sandy beach on a cloudy day,1
images/2357609.jpg,there is a horse and a dog looking at each other through a fence,1
images/2388607.jpg,there is a little girl holding an orange umbrella in the rain,1
images/2384109.jpg,there is a man riding a bike with a dog in the snow,1
images/2355465.jpg,there is a dog that is walking in the snow with a person in the,1
images/2315716.jpg,there is a motorcycle parked in the grass with people and dogs in the background,1
images/2364603.jpg,there is a dog that is walking across the street with a stroller,1
images/2387928.jpg,there is a dog that is running in the grass near a tree,1
images/2325492.jpg,there is a man and a dog on the beach playing frisbee,1
images/2373288.jpg,there are many people walking in the park on a sunny day,1
images/2342008.jpg,there are two umbrellas on the beach at sunset with a boat in the,1
images/2339161.jpg,three men standing on a beach with a dog and a frisbee,1
images/2343674.jpg,there is an elephant that is standing in the dirt by a fence,1
images/2384885.jpg,there are two dogs that are sitting in the back seat of a car,1
images/2316174.jpg,there is a bird that is sitting on top of a boat in the water,1
images/2411620.jpg,there is a boat that is sitting on the sand by the water,1
images/2359938.jpg,there is a collage of pictures of people and animals on the beach,1
images/2316469.jpg,there is a dog that is sitting on a bike by the water,1
images/2417732.jpg,there is a man holding a dog on a boat in the water,1
images/2373351.jpg,there are two women and a dog on a boat on the water,1
images/2347233.jpg,there is a dog that is standing on a boat in the water,1
images/2345272.jpg,there are two dogs that are standing on the back of a boat,1
images/2352547.jpg,there is a black and white dog standing on the deck of a boat,1
images/2417914.jpg,there is a dog that is standing in the water next to a boat,1
images/2334236.jpg,there is a dog standing next to a boat on the beach,1
images/2400930.jpg,there is a young boy playing with two dogs on the deck of a boat,1
images/2350379.jpg,there is a boat that has a dog in it's seat on the,1
images/2400608.jpg,there are two dogs that are playing with each other on the beach,1
images/2361103.jpg,there is a man and two dogs on a boat in the water,1
images/2356920.jpg,there is a man and a dog in a red canoe on the water,1
images/2358663.jpg,there is a dog that is standing in the water next to a toy boat,1
images/2382157.jpg,there is a dog that is standing on a boat in the water,1
images/2368914.jpg,there is a dog that is standing on a dock next to a boat,1
images/2362804.jpg,there is a dog that is sitting next to a body of water,1
images/2361492.jpg,there is a sailboat that is out in the ocean on a clear day,1
images/2320476.jpg,this is a black and white photo of a dog and a person on a,1
images/2371137.jpg,there is a dog that is standing on top of a boat in the water,1
images/2408081.jpg,there is a dog that is standing in the water next to a boat,1
images/2398609.jpg,there is a dog that is standing on the side of a boat,1
images/2352484.jpg,there is a group of people riding in a boat on a river,1
images/2405103.jpg,there is a man that is sitting on a bench by the water,1
images/2397203.jpg,there is a man riding a boat in the water with a dog on it,1
images/713048.jpg,there are many people on a boat with a dog on the back of it,1
images/2340500.jpg,there is a man sitting in a boat with dogs on the water,1
images/2363272.jpg,there is a boat that is docked at the dock with a dog on the,1
images/2319347.jpg,there is a small dog that is wearing a shirt on a boat,1
images/2357802.jpg,there is a woman holding a small dog on a boat with a little boy,1
images/2387137.jpg,there is a woman and two dogs on a boat on the water,1
images/2391743.jpg,there is a dog that is sitting on a boat looking out at the water,1
images/2388648.jpg,there is a dog and a cat on the shore of a river,1
images/2329347.jpg,there is a woman and a dog in a boat on the water,1
images/2334367.jpg,there is a dog that is standing on the bow of a boat,1
images/2335060.jpg,there is a bike leaning against a wall on the beach next to the water,1
images/2382950.jpg,there is a man that is fishing in a boat in the water,1
images/2381084.jpg,there is a dog that is standing on the back of a boat,1
images/2358799.jpg,there is a dog that is playing with a ball in the water,1
images/2321730.jpg,there is a man and a dog on a surfboard in the water,1
images/2349616.jpg,there is a dog that is laying down on the back of a boat,1
images/2412384.jpg,there is a dog that is sitting next to a boat in the water,1
images/2392565.jpg,there is a dog that is sitting on the back of a boat,1
images/2351083.jpg,there is a dog that is laying down with a hat on it's,1
images/2395520.jpg,there is a man standing next to a boat on the beach with a dog,1
images/2315354.jpg,there is a dog that is sitting on the beach looking out at the water,1
images/2368054.jpg,there are two dogs that are standing on a boat in the water,1
images/2376794.jpg,there is a young boy that is standing in front of a body of water,1
images/2361821.jpg,there are two people that are standing on surfboards in the water,1
images/2364424.jpg,there are two young boys riding skateboards on the sidewalk by the water,1
images/2337026.jpg,there is a man and a dog on a boat in the water,1
images/2372055.jpg,there is a dog that is sitting on the back of a boat,1
images/2345532.jpg,there is a man sitting on a boat with a dog standing on it,1
images/2353801.jpg,black and white photograph of a boat traveling on a body of water,1
images/2367136.jpg,there is a dog standing on a dock next to a statue of a dragon,1
images/285707.jpg,there is a man and a dog on a boat in the water,1
images/2379774.jpg,there is a dog that is sitting in a boat on the water,1
images/2376547.jpg,there is a dog that is sitting under a tree in the grass,1
images/2398862.jpg,there is a young boy sitting on a boat with a dog in his lap,1
images/2364766.jpg,there are two boats that are sitting on the sand by the water,1
images/2358936.jpg,there are two women sitting on a boat with a dog on a leash,1
images/2417150.jpg,there is a man and a dog riding in a pontoon on the water,1
images/2363815.jpg,several people in a boat on a beach with a dog and a dog laying,1
images/2346788.jpg,there is a bird flying over a fence next to a body of water,1
images/2317126.jpg,there is a boat that is going down the river in front of a building,1
images/2326800.jpg,there is a dog that is sitting on a boat in the water,1
images/1159281.jpg,there is a man on a boat with a dog in the water,1
images/2353398.jpg,there is a small white dog standing on a boat in the water,1
images/2410152.jpg,there is a man and a dog standing in the water next to a jet,1
images/2326242.jpg,there are two dogs that are standing on the back of a boat,1
images/2393366.jpg,there is a black dog that is sitting on the deck of a boat,1
images/2324106.jpg,there are many people that are standing in the water at the beach,1
images/1160209.jpg,there is a dog that is standing on top of a boat in the water,1
images/2364024.jpg,there is a man and a dog riding in a boat on the water,1
images/2368415.jpg,there is a dog that is standing on a boat in the water,1
images/2342008.jpg,there are two umbrellas on the beach at sunset with a boat in the,1
images/713207.jpg,there is a dog that is standing on a surfboard in the water,1
images/2404080.jpg,there are two dogs that are running together in the dirt,1
images/2335618.jpg,there is a dog that is sitting on a log in the woods,1
images/2358936.jpg,there are two women sitting on a boat with a dog on a leash,1
images/2413634.jpg,there is a black and white dog standing in the grass next to a bowl,1
images/2362530.jpg,there is a woman and a dog playing with a frisbee in the,1
images/2369450.jpg,there is a dog that is jumping in the air with a frisbee,1
images/2366038.jpg,there are two dogs that are eating food out of plates on the table,1
images/2357815.jpg,there is a dog that is sitting in the back of a truck,1
images/2399686.jpg,there is a brown and white dog standing in front of a couch,1
images/2350646.jpg,there is a dog that is sitting on a motorcycle wearing a bandana,1
images/2386795.jpg,there is a woman riding skis on a snowy trail with a dog,1
images/2393574.jpg,there is a dog that is laying on the floor in the living room,1
images/2364253.jpg,there is a small dog standing in a kitchen with a bandanna around its,1
images/2358851.jpg,there is a man that is sitting on the ground with a guitar,1
images/2356713.jpg,there are two dogs that are standing on a surfboard in the water,1
images/2323250.jpg,there is a man taking a picture of two dogs with a cell phone,1
images/2397731.jpg,there is a dog that is standing in the grass with an umbrella,1
images/2391742.jpg,there is a dog that is sitting on a motorcycle with goggles on,1
images/2373502.jpg,horses pulling a wagon full of hay with people on top of it,1
images/2342431.jpg,there is a dog that is riding a motorcycle with a dog on it,1
images/2386001.jpg,there is a dog that is standing in the middle of the room,1
images/2378013.jpg,there is a dog that is laying under a desk on the floor,1
images/2407510.jpg,there is a man riding a skateboard next to a dog on the street,1
images/2352355.jpg,there is a dog that is looking at a television in the living room,1
images/2341204.jpg,there is a dog that is standing on a skateboard in the grass,1
images/2413278.jpg,there is a dog that is sitting on the back of a motorcycle,1
images/2322516.jpg,black and white photo of a dog sleeping on a couch in a living room,1
images/2397203.jpg,there is a man riding a boat in the water with a dog on it,1
images/2408641.jpg,there is a dog that is laying on the floor next to a bed,1
images/2360679.jpg,there is a small white dog laying on a bed next to a laptop computer,1
images/2344635.jpg,black and white photo of a dog sitting in a suitcase on the floor,1
images/2317093.jpg,there is a man and woman sitting next to a dog on a bench,1
images/2412854.jpg,there are two people standing in a living room playing a video game,1
images/2397149.jpg,there is a man sitting in the snow with a dog in front of him,1
images/2391558.jpg,there is a dog that is laying on the floor next to a suitcase,1
images/2387897.jpg,there is a dog that is looking out of the window of a building,1
images/2319347.jpg,there is a small dog that is wearing a shirt on a boat,1
images/2387315.jpg,there are two dogs that are laying on a bed together,1
images/2347373.jpg,several people are flying kites in a park with a bus in the background,1
images/2406977.jpg,there is a small dog that is sitting in front of a mirror,1
images/2399560.jpg,there is a black dog laying on top of a bed next to a window,1
images/2360647.jpg,there is a small dog that is eating a slice of pizza,1
images/2401362.jpg,there is a black and white dog sitting inside of a piece of luggage,1
images/2413586.jpg,several people and a dog are sitting at a table in a kitchen,1
images/2393935.jpg,there is a small dog that is laying on a pile of books,1
images/2359215.jpg,there is a woman sitting in a car with a dog in her lap,1
images/2396422.jpg,there are two dogs that are laying on a bed together,1
images/2391742.jpg,there is a dog that is sitting on a motorcycle with goggles on,1
images/2400986.jpg,there is a dog that is standing in the dirt with a frisbee,1
images/2375910.jpg,people standing on top of a blue double decker bus on a city street,1
images/2361561.jpg,there are two people and a dog on skis in the snow,1
images/2339807.jpg,this is a picture of a living room with a couch and a table,1
images/2399233.jpg,black and white photograph of two people and a dog in the snow,1
images/2356036.jpg,there is a woman walking a dog on a leash down the street,1
images/2316137.jpg,there is a man holding a bird and a dog on a hill,1
images/2377314.jpg,there is a dog that is standing next to a bike,1
images/2383956.jpg,there is a woman taking a picture of herself in a mirror,1
images/2401870.jpg,there is a black and white dog that is sitting on a bed,1
images/2350075.jpg,there is a small dog that is standing in the doorway of a house,1
images/2384917.jpg,there is a dog sitting on the back of a motorcycle with a pink banda,1
images/2364719.jpg,there is a dog that is standing next to a motorcycle,1
images/2339698.jpg,black and white photo of a man riding a motorcycle on a city street,1
images/2376812.jpg,there is a man standing next to a dog on a motor scooter,1
images/2403205.jpg,there is a woman riding a motorcycle with a dog on the back of it,1
images/2383170.jpg,there are many motorcycles that are parked in the dirt,1
images/2391328.jpg,there is a man that is sitting on a motorcycle in the street,1
images/2382098.jpg,there is a dog that is sitting on the handlebars of a motorcycle,1
images/2392426.jpg,there is a dog that is sitting on the back of a motorcycle,1
images/2377018.jpg,there are a lot of people standing on the side of the street,1
images/2411201.jpg,there is a dog that is sitting on the back of a scooter,1
images/2376697.jpg,there are two women walking down the street with a dog on a leash,1
images/2397422.jpg,there is a dog that is sitting on the side of a motorcycle,1
images/2382466.jpg,there is a woman standing next to a parked motorcycle on a cobblestone,1
images/2330843.jpg,there is a motorcycle with a trailer attached to it parked on the side of,1
images/723.jpg,there is a bus that is driving down the street in front of a building,1
images/2335788.jpg,there is a man that is sitting on a motorcycle with a dog in his,1
images/2388319.jpg,there is a dog that is standing in front of a motorcycle,1
images/2393598.jpg,there is a black motorcycle parked in a parking lot next to a black car,1
images/2337403.jpg,there is a dog that is standing in the grass next to some motorcycles,1
images/2338721.jpg,man on a red motorcycle with a dog sitting on the back of it,1
images/2392197.jpg,there is a man and woman riding a motorcycle with a dog on the back,1
images/2351815.jpg,there is a dog that is sitting in the back of a truck,1
images/2341368.jpg,there are people walking down the street in the city on a sunny day,1
images/2396392.jpg,there is a man riding a motorcycle with a dog in the back seat,1
images/2417119.jpg,there are many people that are riding motorcycles down the street,1
images/2350312.jpg,there is a man riding a motorcycle with a dog on the back of it,1
images/2391742.jpg,there is a dog that is sitting on a motorcycle with goggles on,1
images/2361824.jpg,there is a woman riding a bike down the street with a dog on a,1
images/2344149.jpg,several people and a dog are standing on the sidewalk in front of a del,1
images/2348263.jpg,there are people walking down the street at an intersection in the city,1
images/2341652.jpg,there is a man riding a motorcycle with a dog on the back of it,1
images/2342431.jpg,there is a dog that is riding a motorcycle with a dog on it,1
images/2316952.jpg,there is a man riding a motorcycle with a dog on the back of it,1
images/2375910.jpg,people standing on top of a blue double decker bus on a city street,1
images/2393921.jpg,there is a brown dog wearing goggles sitting in a motorcycle,1
images/2384862.jpg,there is a dog that is standing on the sidewalk with a frisbee,1
images/2402737.jpg,there are a lot of people that are riding motorcycles in the parking lot,1
images/2316809.jpg,there is a man sitting on a red and white motorcycle in front of a,1
images/2413278.jpg,there is a dog that is sitting on the back of a motorcycle,1
images/2397739.jpg,dalmatian dog standing in front of a parked motorcycle and a man on,1
images/2384917.jpg,there is a dog sitting on the back of a motorcycle with a pink banda,1
images/2332528.jpg,there is a man that is holding a teddy bear in his arms,1
images/2334958.jpg,there is a man that is riding a bike with a dog in a cart,1
images/2384081.jpg,there is a man riding a bike with a dog on the back of it,1
images/2339453.jpg,there is a man riding a bike with a dog on the back of it,1
images/2365821.jpg,there is a man on skis standing next to a dog in the snow,1
images/2322764.jpg,there are two dogs sitting on the back of a motor scooter,1
images/2403205.jpg,there is a woman riding a motorcycle with a dog on the back of it,1
images/2386512.jpg,there is a woman riding a scooter with a dog on the back,1
images/2386134.jpg,there is a woman that is riding a bike with a dog in the basket,1
images/2391328.jpg,there is a man that is sitting on a motorcycle in the street,1
images/2324642.jpg,there is a boy and two dogs playing frisbee in the woods,1
images/2318030.jpg,there is a little boy riding on a motorcycle with a dog on the back,1
images/2385923.jpg,there is a young boy holding a baseball bat on a baseball field,1
images/2381489.jpg,there is a man standing next to a kayak with a dog on it,1
images/2377018.jpg,there are a lot of people standing on the side of the street,1
images/2372773.jpg,there is a man sitting on a park bench reading a book,1
images/2382466.jpg,there is a woman standing next to a parked motorcycle on a cobblestone,1
images/2414767.jpg,there is a group of people that are sitting under a tent in the grass,1
images/2337403.jpg,there is a dog that is standing in the grass next to some motorcycles,1
images/2365586.jpg,there is a laptop computer sitting on a wooden table with a glass of beer,1
images/2345151.jpg,there is a group of people standing in the rain with umbrellas,1
images/2392197.jpg,there is a man and woman riding a motorcycle with a dog on the back,1
images/2341368.jpg,there are people walking down the street in the city on a sunny day,1
images/2396392.jpg,there is a man riding a motorcycle with a dog in the back seat,1
images/2340687.jpg,skiers and snowboarders standing in the snow with a dog on a,1
images/2409085.jpg,there is a man riding a motorcycle with a side car with a side car,1
images/2344149.jpg,several people and a dog are standing on the sidewalk in front of a del,1
images/2341652.jpg,there is a man riding a motorcycle with a dog on the back of it,1
images/2375910.jpg,people standing on top of a blue double decker bus on a city street,1
images/2319334.jpg,there is a man riding a bike down the street with a backpack on his,1
images/2316952.jpg,there is a man riding a motorcycle with a dog on the back of it,1
images/2355347.jpg,there is a dog that is sitting in a cart on the side of the,1
images/2402737.jpg,there are a lot of people that are riding motorcycles in the parking lot,1
images/2360774.jpg,there are many people standing in a parking lot with motorcycles,1
images/2366841.jpg,several people are riding horses in a fenced in area with a dog,1
images/2368196.jpg,there is a man with a backpack and a dog on his back,1
images/2391053.jpg,there is a man and a woman sitting on a bench with a dog,1
images/2337205.jpg,there is a dog that is laying in the grass with a bottle of water,1
images/2383550.jpg,there is a dog that is standing in the water at the beach,1
images/2378740.jpg,there is a man and a dog in the water with a ship in the,1
images/2369270.jpg,there is a dog that is running with a frisbee in its mouth,1
images/2339698.jpg,black and white photo of a man riding a motorcycle on a city street,1
images/2359938.jpg,there is a collage of pictures of people and animals on the beach,1
images/2348603.jpg,herd of sheep being herded by a man and a dog in a field,1
images/2394499.jpg,there is a dog that is laying on a pillow with a hat on,1
images/2325645.jpg,there is a dog that is running with a frisbee in its mouth,1
images/2410817.jpg,there is a dog jumping up to catch a frisbee in the air,1
images/285910.jpg,three men in wetsuits holding surfboards on a beach near the ocean,1
images/2331063.jpg,there is a dog that is standing on a surfboard on the beach,1
images/2319590.jpg,there is a dog that is playing with a frisbee in the yard,1
images/2403391.jpg,there are many people that are out in the water on the beach,1
images/2393152.jpg,there are many people on the beach flying kites on a clear day,1
images/2388671.jpg,there is a dog that is standing next to a person reading a book,1
images/2323367.jpg,there is a woman in a bathing suit and a dog on a surfboard,1
images/2366.jpg,there is a sign that says please curb your dog on the sidewalk,1
images/2318441.jpg,there is a woman and a dog sitting in the back seat of a car,1
images/2322259.jpg,there is a car that is parked on the side of the road,1
images/2361385.jpg,there is a dog that is sitting on a grill with a spatula in,1
images/2407359.jpg,there are two people that are standing on the beach with their surfboards,1
images/713697.jpg,there are many people riding horses in the snow on skis,1
images/2386233.jpg,there is a man riding a skateboard down the side of a ramp,1
images/2367813.jpg,there is a man and a dog playing with a frisbee in a,1
images/2316030.jpg,there is a dog that is standing on a surfboard in the water,1
images/2387128.jpg,there is a woman walking two dogs on a leash down the street,1
images/2379316.jpg,there is a small dog that is sitting in a bag on the ground,1
images/2374386.jpg,there is a woman with a pink umbrella walking down the street,1
images/2372605.jpg,there is a small dog that is sitting under a chair,1
images/2337303.jpg,there are two people that are sitting on a bench talking on their cell phones,1
images/2375883.jpg,there is a woman walking a dog on a leash in a city square,1
images/2341172.jpg,there is a dog that is sitting in the grass with a leash,1
images/2324546.jpg,there is a young baseball player pitching a ball on the field,1
images/2372148.jpg,there is a small dog that is looking out of a window,1
images/2391849.jpg,there are many people walking in the rain with umbrellas on a rainy day,1
images/2402353.jpg,there are two women sitting on a bench talking to each other,1
images/2345151.jpg,there is a group of people standing in the rain with umbrellas,1
images/2346815.jpg,there are many people on the beach flying kites on a sunny day,1
images/2394144.jpg,herd of sheep grazing on dry grass in open field with trees in background,1
images/2400608.jpg,there are two dogs that are playing with each other on the beach,1
images/2335375.jpg,there are many people flying kites in the park on a cloudy day,1
images/2406301.jpg,there is a man walking down a dirt road with a kite in the air,1
images/588.jpg,several people walking dogs on a city street with tall buildings in the background,1
images/2402079.jpg,there is a cat sitting on a bench next to a dog,1
images/2403772.jpg,there is a woman holding a toothbrush to a dog's teeth,1
images/2353948.jpg,there is a white dog wearing a white shirt on a skateboard,1
images/2331177.jpg,there is a woman that is cutting a cake on a table,1
images/2380237.jpg,there is a dog that is running with a frisbee in its mouth,1
images/2320517.jpg,there is a black and white cat laying on a person's lap,1
images/2316688.jpg,there is a person walking down a dirt road with an umbrella,1
images/2393339.jpg,there is a dog that is sitting in the snow with a frisbee,1
images/497913.jpg,there is a dog that is running with a frisbee in its mouth,1
images/2406798.jpg,there is a lot of people that are walking and riding bikes on the street,1
images/1592443.jpg,there are many cows on the beach with people walking in the background,1
images/2362804.jpg,there is a dog that is sitting next to a body of water,1
images/2344149.jpg,several people and a dog are standing on the sidewalk in front of a del,1
images/2361492.jpg,there is a sailboat that is out in the ocean on a clear day,1
images/2361561.jpg,there are two people and a dog on skis in the snow,1
images/2405325.jpg,there is a dog that is looking at the camera through a glass door,1
images/2355519.jpg,there is a dog that is playing with a frisbee in his mouth,1
images/2377200.jpg,there is a bus that is parked at a bus stop with mountains in the,1
images/2351380.jpg,there are two dogs that are standing in the grass with a frisbee,1
images/2339803.jpg,there is a dog that is looking in the side mirror of a car,1
images/2360774.jpg,there are many people standing in a parking lot with motorcycles,1
images/2363530.jpg,there is a man flying a kite on the beach next to the ocean,1
images/308.jpg,there are people walking on the sidewalk next to the water,1
images/2316242.jpg,there is a dog that is wearing a hat sitting on a person's,1
images/2398532.jpg,there are a lot of horses that are running together in the dirt,1
images/2377573.jpg,there is a dog that is jumping in the air to catch a fris,1
images/2383220.jpg,there are two dogs that are sitting next to each other in the kitchen,1
images/2343433.jpg,there are two people sitting at a picnic table with a dog in the background,1
images/2394449.jpg,black and white photo of a group of people standing around a dog on a,1
images/2354475.jpg,there are two people on the beach flying a kite with a dog on the,1
images/2369480.jpg,there is a white dog that is sitting on a bench in the city,1
images/2412325.jpg,there are many people standing in a field with umbrellas in the rain,1
images/2349548.jpg,there is a dog that is sitting down with a coffee cup on its head,1
images/2346772.jpg,there is a blurry photo of a cat and a dog in a living,1
images/1592440.jpg,three women sitting at a table with a laptop and a dog in a kitchen,1
images/2332528.jpg,there is a man that is holding a teddy bear in his arms,1
images/2349281.jpg,there are two horses that are pulling a red wagon down the street,1
images/2385539.jpg,there are two men playing frisbee in a field of green grass,1
images/2397203.jpg,there is a man riding a boat in the water with a dog on it,1
images/2350300.jpg,there is a person holding a hot dog with mustard and ketchup on,1
images/2357994.jpg,there is a dog that is sitting on a workbench in a workshop,1
images/2352998.jpg,there is a black dog laying on the floor with a toy in its mouth,1
images/2393305.jpg,there is a dog jumping over a ramp with a tennis ball in its mouth,1
images/2407878.jpg,there is a dog that is sitting on a bus with its head on the,1
images/2409920.jpg,there is a dog that is sitting on a suitcase at the airport,1
images/2383945.jpg,there are many people standing under red umbrellas at an outdoor market,1
images/2321557.jpg,there is a man riding a motorcycle down the street in front of a crowd,1
images/2355266.jpg,there is a woman holding a frisbee on a field with people watching,1
images/2406607.jpg,there is a man sitting on the sidewalk with a surfboard on his head,1
images/2406596.jpg,there is a person on skis and a dog on a leash on a,1
images/2322034.jpg,there are two people and a dog on the sidewalk in the rain,1
images/2368671.jpg,there are people walking across the street in front of a white building,1
images/2317781.jpg,there are many people that are flying kites in the parking lot,1
images/2377704.jpg,there is a man and a woman petting a small dog on a bike,1
images/2416475.jpg,there is a man that is throwing a frisbee in the park,1
images/2342372.jpg,there is a man that is sitting on a couch with a dog and a,1
images/2395227.jpg,there is a little girl that is playing with a dog in the grass,1
images/2402417.jpg,there are many people riding horses on a trail in the woods,1
images/2320868.jpg,there are many people walking on the beach with kites in the air,1
images/1592975.jpg,there is a dog that is jumping in the air with a frisbee,1
images/2340216.jpg,there are people standing around a table with food and a dog,1
images/2366850.jpg,there is a small dog sitting in a folding chair on the sidewalk,1
images/497973.jpg,there is a group of people that are standing around with a dog,1
images/2372332.jpg,several people petting a sheep in a grassy field with other people in the,1
images/2372773.jpg,there is a man sitting on a park bench reading a book,1
images/498019.jpg,there is a group of people sitting on a couch with a dog,1
images/2353197.jpg,there is a woman walking a dog with a ball in her mouth,1
images/2344234.jpg,there is a close up of a pair of shoes in the sand,1
images/2320410.jpg,there are many people sitting under an umbrella in the park,1
images/2386620.jpg,there are two dogs that are running in the woods together,1
images/1593035.jpg,there is a large statue of a dog riding a skateboard in front of,1
images/2348310.jpg,there are two people and a dog standing in front of a produce stand,1
images/2410104.jpg,there are many people standing outside of a food truck at night,1
images/2358221.jpg,they are playing frisbee with a dog in the yard,1
images/2361220.jpg,there are two surfers standing on the beach with their surfboards,1
images/2330171.jpg,there is a person walking in the rain with an umbrella and a dog,1
images/2336234.jpg,there are two people standing in a living room with a dog on a leash,1
images/2401611.jpg,there is a dog that is sitting on the ground next to a person,1
images/2336257.jpg,there is a polar bear that is swimming in the water,1
images/2351477.jpg,there are many sheep in a fenced in area with a crowd of people,1
images/2367721.jpg,there is a dog that is running in the grass with a frisbee,1
images/2336027.jpg,there is a man walking on the beach with a surfboard in his hand,1
images/2388985.jpg,there is a woman sitting on a bench on the side of the street,1
images/2398065.jpg,there is a woman that is holding a cat in her arms,1
images/2382950.jpg,there is a man that is fishing in a boat in the water,1
images/2402737.jpg,there are a lot of people that are riding motorcycles in the parking lot,1
images/2315606.jpg,there is a man doing a handstand on a skateboard in front,1
images/2339336.jpg,there is a black and white photo of a person on skis in the,1
images/2417872.jpg,there is a black and white cat laying on a person's lap,1
images/2397731.jpg,there is a dog that is standing in the grass with an umbrella,1
images/2398334.jpg,there is a dog that is running in the snow with a frisbee,1
images/2341401.jpg,there is a dog that is jumping in the air to catch a fris,1
images/2355579.jpg,there are a lot of people that are skiing in the snow,1
images/2417873.jpg,they are playing a game of soccer with a robot in the middle of the,1
images/2332540.jpg,there is a man flying a kite in a field with houses in the background,1
images/2384917.jpg,there is a dog sitting on the back of a motorcycle with a pink banda,1
images/2338125.jpg,there is a dog that is playing with a frisbee in the water,1
images/2360407.jpg,this is a black and white photo of a man in a suit and tie,1
images/2362379.jpg,there are people sitting on a bench in the middle of a field,1
images/2367842.jpg,black and white photo of a person riding a bike with a dog on a,1
images/2367250.jpg,there is a black and white dog standing next to a fire hydrant,1
images/2317971.jpg,there is a woman with a red umbrella and two dogs in the snow,1
images/2325354.jpg,there is a man riding a sled pulled by two dogs in the snow,1
images/2376639.jpg,there are two people riding horses in the water with a dog on the beach,1
images/2361800.jpg,there is a small white dog sitting on the sidewalk in front of a restaurant,1
images/2363601.jpg,there is a woman that is skiing with a dog in the snow,1
images/2365821.jpg,there is a man on skis standing next to a dog in the snow,1
images/2408366.jpg,there is a man walking a dog on a leash in front of a book,1
images/2366975.jpg,there is a dog that is jumping in the air with a frisbee,1
images/2401465.jpg,there is a woman cross country skiing with her dog in the snow,1
images/2414764.jpg,there is a woman sitting in the grass with a cell phone in her hand,1
images/2402211.jpg,there is a black and white photo of a man walking a dog in a,1
images/1592139.jpg,there is a man and a dog that are sitting in a boat,1
images/2392202.jpg,there are three people and two dogs on the beach by the water,1
images/285822.jpg,there is a woman standing next to a bike with a dog on it,1
images/2385923.jpg,there is a young boy holding a baseball bat on a baseball field,1
images/2380115.jpg,there is a man riding a horse with a herd of sheep in the desert,1
images/2315773.jpg,there is a dog that is riding a skateboard down the street,1
images/2369464.jpg,there is a man on a horse leading a group of horses down the street,1
images/2380064.jpg,several people sitting in a living room watching television and a dog laying on the,1
images/2416114.jpg,there is a woman walking a dog with an umbrella on a leash,1
images/2333478.jpg,there are many people swimming in the ocean with a dog on a surfboard,1
images/2342591.jpg,there is a dog that is standing in front of a group of people,1
images/2318635.jpg,there are many parking meters on the side of the street with graffiti on them,1
images/2365964.jpg,there are many people standing on the beach with their surfboards,1
images/2338833.jpg,there is a dog that is laying in the window of a store,1
images/2382466.jpg,there is a woman standing next to a parked motorcycle on a cobblestone,1
images/2367771.jpg,there are people skiing in the snow on a hill with trees in the background,1
images/2362606.jpg,there are four puppies sitting on a bench with a man in the background,1
images/2414082.jpg,there is a man carrying a dog in a backpack down a flight of stairs,1
images/2409245.jpg,there is a car with a bike on top of it in a parking lot,1
images/2320542.jpg,there is a woman sitting on a bench looking out at the beach,1
images/2405708.jpg,there is a dog sitting in front of a table with cupcakes on,1
images/2411557.jpg,they are playing frisbee in a park with a crowd of people watching,1
images/2400362.jpg,there is a man carrying a dog in a backpack at a train station,1
images/2365164.jpg,there are many dogs that are standing on the steps of a building,1
images/2356713.jpg,there are two dogs that are standing on a surfboard in the water,1
images/2362554.jpg,there are two dogs sitting on a couch with a man standing next to them,1
images/2349742.jpg,there is a dalmatian dog sitting in the driver's seat of,1
images/2358778.jpg,there is a dog that is jumping in the air to catch a fris,1
images/2369.jpg,several people walking a dog on a leash across a city street,1
images/2359049.jpg,there is a group of people in pink shirts posing for a picture,1
images/2322607.jpg,there is a dog that is jumping into the water with a frisbee,1
images/2353581.jpg,there is a dog that is holding a frisbee in its mouth,1
images/2373502.jpg,horses pulling a wagon full of hay with people on top of it,1
images/2367662.jpg,there is a woman walking a dog on a leash in the snow,1
images/2353801.jpg,black and white photograph of a boat traveling on a body of water,1
images/2348134.jpg,there is a man and a little girl sitting in the grass with a dog,1
images/2382399.jpg,there is a dog that is jumping in the air to catch a fris,1
images/2351028.jpg,there is a woman in the water with a dog on a surfboard,1
images/2411533.jpg,there is a cat sitting on the back of a dog on the street,1
images/2321819.jpg,there is a woman that is petting a dog that is laying on the,1
images/2371647.jpg,black and white photograph of a woman walking down a sidewalk with a dog,1
images/2362161.jpg,surfers walking on the beach carrying their surfboards under a cloudy sky,1
images/2345947.jpg,there is a person riding a skateboard with a dog on a leash,1
images/2357556.jpg,there are two people riding horses and a dog on the grass,1
images/2373693.jpg,there is a dog that is laying on a bed with a stuffed animal,1
images/2387950.jpg,there is a cat that is sitting in the window of a car,1
images/2402597.jpg,several people sitting in the back of a truck with a dog in the bed,1
images/2330531.jpg,there is a man holding a dog in front of a cake with lit candles,1
images/2820.jpg,night time picture of a city street with a red traffic light,1
images/2345976.jpg,they are playing frisbee in the snow with their dog,1
images/2392123.jpg,there is a man that is throwing a frisbee in the air,1
images/2336716.jpg,there is a dog that is jumping in the air to catch a fris,1
images/713615.jpg,skiers and their dogs pose for a picture in the snow,1
images/2322764.jpg,there are two dogs sitting on the back of a motor scooter,1
images/497940.jpg,there is a man walking down a path with an umbrella over his head,1
images/2319335.jpg,there is a dog that is laying down on a person's lap,1
images/2368944.jpg,surfers and their dogs riding a wave on a surfboard in the ocean,1
images/2326569.jpg,there is a dog standing on the side of the road next to a car,1
images/2351887.jpg,there is a black and white dog laying on a blanket in a living room,1
images/2347300.jpg,there are two people riding horses down a dirt road in the woods,1
images/2337084.jpg,there are four people standing in a living room playing a video game,1
images/2350609.jpg,there is a dog that is wearing a yellow and blue shirt,1
images/2403075.jpg,there are people on the beach flying kites on a sunny day,1
images/2367272.jpg,there is a woman standing next to a bike with a dog on it,1
images/2363026.jpg,there is a man laying on a bed with a dog sleeping next to him,1
images/1160042.jpg,there are a lot of bananas that are being sold at the market,1
images/2337254.jpg,there are two dogs on the beach playing with each other,1
images/2381489.jpg,there is a man standing next to a kayak with a dog on it,1
images/1592176.jpg,there is a dog that is standing on a leash in front of a book,1
images/2395888.jpg,there is a black and white dog sitting next to a yellow fire hydrant,1
images/2328885.jpg,there is a dog that is running with a frisbee in its mouth,1
images/2335189.jpg,there is a man and a woman walking a dog down the street,1
images/2385853.jpg,there is a black dog wearing a hat and glasses on a sidewalk,1
images/2350211.jpg,there is a man in a donut costume with a dog on his back,1
images/2330759.jpg,several people sitting in a living room with a dog and a coffee table,1
images/2367636.jpg,there are many kites that are being flown in the sky,1
images/2374180.jpg,there is a man sitting on a couch with a dog in front of him,1
images/2344629.jpg,there is a man riding a bike with a dog in a basket on the,1
images/2321501.jpg,there are four dogs standing on a bench in a park,1
images/2395632.jpg,there is a dog that is swimming in a pool of water,1
images/619.jpg,this is an image of a phone booth on a city street,1
images/1159281.jpg,there is a man on a boat with a dog in the water,1
images/2330660.jpg,there is a dog that is jumping up to catch a frisbee,1
images/2360290.jpg,there is a woman that is walking a dog in front of a book store,1
images/2388780.jpg,there is a man that is standing in the grass with a herd of sheep,1
images/2352866.jpg,several people are flying kites on a sandy beach on a cloudy day,1
images/2368507.jpg,there is a woman that is riding a bike with a basket on the back,1
images/2388607.jpg,there is a little girl holding an orange umbrella in the rain,1
images/2397768.jpg,there are a lot of dogs that are standing in the water,1
images/2341743.jpg,there is a man playing frisbee with a dog in a field,1
images/2382138.jpg,there is a man standing next to a large dog in a costume,1
images/2324192.jpg,there is a plane that is sitting on the runway at the beach,1
images/2372091.jpg,there is a dog that is sitting on top of a wooden bench,1
images/2359215.jpg,there is a woman sitting in a car with a dog in her lap,1
images/2356904.jpg,there are three people sitting on a stone bench with a dog on a leash,1
images/2351872.jpg,there is a man that is taking a picture of himself in the park,1
images/2392586.jpg,there is a dog that is standing next to a backpack on the sidewalk,1
images/2408302.jpg,there is a woman sitting at a table with a plate of food and a,1
images/2324106.jpg,there are many people that are standing in the water at the beach,1
images/2341652.jpg,there is a man riding a motorcycle with a dog on the back of it,1
images/2362928.jpg,several people are serving hot dogs with cheese and mustard on buns,1
images/2374195.jpg,there is a woman holding an umbrella standing next to a cactus plant,1
images/2373288.jpg,there are many people walking in the park on a sunny day,1
images/2395166.jpg,there are many people standing on a field watching a dog in the air,1
images/2360637.jpg,there is a woman that is swinging a bat at a ball on the beach,1
images/2392675.jpg,there are people and a dog in the water at the beach,1
images/2328158.jpg,there is a man that is standing on a surfboard in the water,1
images/2329840.jpg,there is a woman sleeping on a bed with a stuffed animal,1
images/2336458.jpg,there are many people in the water with their dogs on a raft,1
images/2371670.jpg,there is a dog riding a surfboard on a wave in the ocean,1
images/2343165.jpg,they are playing frisbee with a dog on the grass in front of,1
images/2393911.jpg,several people sitting on a couch playing a video game with remote controllers,1
images/2413539.jpg,there are two boys riding skateboards down the street with a dog on a,1
images/2323342.jpg,there is a young boy that is on a swing in the park,1
images/2360407.jpg,this is a black and white photo of a man in a suit and tie,1
images/2317257.jpg,there is a woman and two children sitting on a bed with a dog,1
images/2326204.jpg,there is a young boy sitting on a bounch with a plate of,1
images/2395551.jpg,there is a little boy that is holding a red apple in his hand,1
images/2388411.jpg,black and white photograph of a small white dog being pet by a group of,1
images/2365207.jpg,there is a black and white photo of a man on a skateboard at,1
images/2329292.jpg,there are people walking on the sidewalk in front of a building with a sign,1
images/2358650.jpg,there is a woman walking a dog in the snow with a coat on,1
images/2382139.jpg,there are two young boys sitting on a bunk bed reading a book,1
images/2329885.jpg,there is a little boy laying on a couch with a toothbrush in his,1
images/2325645.jpg,there is a dog that is running with a frisbee in its mouth,1
images/2368737.jpg,there is a man and a dog by the water with canoes,1
images/2326452.jpg,there is a dog jumping into the air to catch a frisbee,1
images/2324642.jpg,there is a boy and two dogs playing frisbee in the woods,1
images/2417829.jpg,there is a man riding a skateboard with a dog on a leash,1
images/2317781.jpg,there are many people that are flying kites in the parking lot,1
images/2366052.jpg,there is a man selling oranges from a cart on the street,1
images/2362446.jpg,there is a woman standing in front of a pile of stuffed animals,1
images/2364424.jpg,there are two young boys riding skateboards on the sidewalk by the water,1
images/2411201.jpg,there is a dog that is sitting on the back of a scooter,1
images/2377704.jpg,there is a man and a woman petting a small dog on a bike,1
images/2406520.jpg,black and white photo of a woman holding a duck and a dog,1
images/2345520.jpg,there is a group of people standing around a table with a cake on it,1
images/2391800.jpg,there is a man playing frisbee with a dog on the field,1
images/2357802.jpg,there is a woman holding a small dog on a boat with a little boy,1
images/2350211.jpg,there is a man in a donut costume with a dog on his back,1
images/497973.jpg,there is a group of people that are standing around with a dog,1
images/2392115.jpg,there are two women playing frisbee with a dog in the park,1
images/2324546.jpg,there is a young baseball player pitching a ball on the field,1
images/2340216.jpg,there are people standing around a table with food and a dog,1
images/2400930.jpg,there is a young boy playing with two dogs on the deck of a boat,1
images/2351210.jpg,there is a little boy that is holding a teddy bear in his lap,1
images/2406100.jpg,there is a small child sleeping on a couch with a pug on it,1
images/2345544.jpg,there are many people in the park with skateboards and skateboards,1
images/2411557.jpg,they are playing frisbee in a park with a crowd of people watching,1
images/2369591.jpg,there is a young boy sitting on a bench holding a small dog,1
images/2400362.jpg,there is a man carrying a dog in a backpack at a train station,1
images/2318692.jpg,there is a dog jumping over a man on the ground with a fris,1
images/2384424.jpg,there is a man on a scooter with a dog on the back,1
images/2414515.jpg,there is a man riding a skateboard up the side of a ramp,1
images/2335375.jpg,there are many people flying kites in the park on a cloudy day,1
images/2358897.jpg,there is a man standing in the water with a dog on a leash,1
images/2318999.jpg,there is a young boy sitting on a wooden bench next to a dog,1
images/2341743.jpg,there is a man playing frisbee with a dog in a field,1
images/2353948.jpg,there is a white dog wearing a white shirt on a skateboard,1
images/2388468.jpg,there is a group of people that are riding bikes in the dark,1
images/2395889.jpg,there are two people playing frisbee in a field with trees in the,1
images/2339367.jpg,there are many people sitting in a circle with a dog on the floor,1
images/2344149.jpg,several people and a dog are standing on the sidewalk in front of a del,1
images/2396028.jpg,there is a man that is sitting on the floor with a dog,1
images/2341651.jpg,there is a young boy that is sitting in a chair eating a hot dog,1
images/2383771.jpg,there are two children standing next to each other in front of a mosaic wall,1
images/2361415.jpg,this is an old photo of a family with a dog and tennis rackets,1
images/2382399.jpg,there is a dog that is jumping in the air to catch a fris,1
images/2381209.jpg,they are playing frisbee with the dogs in the park,1
images/2409092.jpg,there is a man sitting on a bench with a dog on his lap,1
images/2315606.jpg,there is a man doing a handstand on a skateboard in front,1
images/2315773.jpg,there is a dog that is riding a skateboard down the street,1
images/2407605.jpg,there is a man that is doing a trick on a bike on a bench,1
images/2337466.jpg,there is a man eating a piece of pizza with a dog on his lap,1
images/2398862.jpg,there is a young boy sitting on a boat with a dog in his lap,1
images/2390506.jpg,there is a woman walking with an umbrella and a dog on the side of,1
images/2337324.jpg,there is a dog sticking its head out of the window of a car,1
images/2339698.jpg,black and white photo of a man riding a motorcycle on a city street,1
images/2348603.jpg,herd of sheep being herded by a man and a dog in a field,1
images/2410503.jpg,there is a man carrying skis and a dog walking up a snowy hill,1
images/2325645.jpg,there is a dog that is running with a frisbee in its mouth,1
images/2395684.jpg,there is a person riding a skateboard down the street with a dog,1
images/2354002.jpg,there are people walking down the street with an elephant in the middle of the,1
images/2345384.jpg,several white fire hydrants in a parking lot with a dog on a leash,1
images/713697.jpg,there are many people riding horses in the snow on skis,1
images/2352547.jpg,there is a black and white dog standing on the deck of a boat,1
images/2413619.jpg,there is a cat that is walking in the sand by the water,1
images/723.jpg,there is a bus that is driving down the street in front of a building,1
images/2407463.jpg,black and white photo of a horse drawn carriage in front of a brick building,1
images/2401902.jpg,there is a woman walking a dog on a leash down the sidewalk,1
images/2353702.jpg,there is a man and a dog that are walking in the snow,1
images/2320932.jpg,there is a dog that is standing on top of a boat in the water,1
images/2361824.jpg,there is a woman riding a bike down the street with a dog on a,1
images/2362804.jpg,there is a dog that is sitting next to a body of water,1
images/2344149.jpg,several people and a dog are standing on the sidewalk in front of a del,1
images/2382687.jpg,there is a dog that is sitting in a cart on the sidewalk,1
images/2361561.jpg,there are two people and a dog on skis in the snow,1
images/2317995.jpg,there are many pictures of goats and sheep in a fenced in area,1
images/2378865.jpg,there is a black and white dog standing next to a red scooter,1
images/2324942.jpg,pedestrian crossing sign on a city street with a dog on a leash,1
images/2407605.jpg,there is a man that is doing a trick on a bike on a bench,1
images/2363530.jpg,there is a man flying a kite on the beach next to the ocean,1
images/2342220.jpg,there is a small dog that is standing next to a fire hydrant,1
images/308.jpg,there are people walking on the sidewalk next to the water,1
images/2368813.jpg,there is a white bear that is laying down on the ground,1
images/2343433.jpg,there are two people sitting at a picnic table with a dog in the background,1
images/2373141.jpg,there is a man that is shearing a sheep on the ground,1
images/2385539.jpg,there are two men playing frisbee in a field of green grass,1
images/2406272.jpg,this is an old photo of a woman and her dog in front of a,1
images/2379893.jpg,there is a dog that is jumping in the air with a frisbee,1
images/2407878.jpg,there is a dog that is sitting on a bus with its head on the,1
images/2409920.jpg,there is a dog that is sitting on a suitcase at the airport,1
images/2355266.jpg,there is a woman holding a frisbee on a field with people watching,1
images/2388214.jpg,there is a small dog that is standing next to a fire hydrant,1
images/2406607.jpg,there is a man sitting on the sidewalk with a surfboard on his head,1
images/2343674.jpg,there is an elephant that is standing in the dirt by a fence,1
images/2406596.jpg,there is a person on skis and a dog on a leash on a,1
images/2377113.jpg,several people walking on the beach with surfboards and a dog,1
images/2363272.jpg,there is a boat that is docked at the dock with a dog on the,1
images/2395809.jpg,there is a dog that is laying down on the sidewalk,1
images/2404204.jpg,there is a dog that is laying on a bench in the park,1
images/2379476.jpg,there are two dogs that are playing with each other in the yard,1
images/2333815.jpg,there are three sheep standing in the grass under a tent,1
images/2363682.jpg,there is a black and white dog catching a frisbee in the air,1
images/2367545.jpg,there is a box of lemons sitting on the grass next to a tree,1
images/2363038.jpg,there is a dog that is standing next to a bike on the street,1
images/2324410.jpg,there is a group of people riding skis down a snow covered slope,1
images/2417890.jpg,there is a truck that is driving down the road with other trucks behind it,1
images/2369919.jpg,there is a dog that is laying down with a shoe in it's,1
images/2319449.jpg,there is a black and white cat standing in front of a mirror,1
images/2378475.jpg,there is a man playing frisbee with his dog in the park,1
images/2320410.jpg,there are many people sitting under an umbrella in the park,1
images/2365847.jpg,there is a man and a dog playing frisbee in a field,1
images/2365030.jpg,there is a brown and white dog riding a skateboard down the street,1
images/2410306.jpg,there is a truck that is driving down the road with a dog in the,1
images/2396020.jpg,there is a dog that is looking out the window of a car,1
images/2365756.jpg,there is a dog sticking its tongue out of the window of a car,1
images/2407271.jpg,there is a train that is going down the tracks near a fence,1
images/2399233.jpg,black and white photograph of two people and a dog in the snow,1
images/2401124.jpg,there is a dog that is looking out of the window of a truck,1
images/2391488.jpg,there is a man walking a dog on a leash next to a fire hydra,1
images/2349682.jpg,there is a yellow parking meter sitting on the sidewalk next to a parking meter,1
images/2358535.jpg,black and white photograph of a boy sitting on a bench next to a dog,1
images/2360562.jpg,there are two people on skis on a snowy hill with a dog,1
images/2384917.jpg,there is a dog sitting on the back of a motorcycle with a pink banda,1
images/2410321.jpg,there is a dog standing next to a fence with a cow in the background,1
images/2347851.jpg,black and white photograph of a no dogs sign next to a fire hydrant,1
images/2347413.jpg,there is a clock on the side of a building with a statue on top,1
images/2412384.jpg,there is a dog that is sitting next to a boat in the water,1
images/2377075.jpg,there is a dog that is sitting in the back of a truck,1
images/2413346.jpg,there are three women sitting on a couch with a teddy bear,1
images/2323635.jpg,there is a man that is standing on the side of the road,1
images/2334891.jpg,there is a woman that is skiing with her dog in the snow,1
images/2409069.jpg,there is a brown dog that is standing on a brick walkway,1
images/2416819.jpg,there is a red and white sign on a pole that says parking anytime,1
images/2401465.jpg,there is a woman cross country skiing with her dog in the snow,1
images/2367351.jpg,there is a woman walking a dog on a leash on the sidewalk,1
images/2412049.jpg,there is a dog that is sitting in the grass with it's mouth,1
images/2361821.jpg,there are two people that are standing on surfboards in the water,1
images/2417191.jpg,there is a man riding a skateboard down the street with a flag,1
images/2370710.jpg,there are two dogs that are sitting on a bench in the park,1
images/2380929.jpg,there is a dog that is sitting in the back seat of a car,1
images/2327579.jpg,there is a dog that is jumping in the air to catch a fris,1
images/2414767.jpg,there is a group of people that are sitting under a tent in the grass,1
images/2386031.jpg,there is a small dog that is standing next to a potted plant,1
images/2318046.jpg,there is a dog that is jumping in the air with a frisbee,1
images/2370660.jpg,there is a dog sitting in the back of a truck looking out the window,1
images/2328037.jpg,there are two small white dogs tied to a pole on the sidewalk,1
images/2366845.jpg,herd of sheep and sheepdogs in a fenced in area with people,1
images/2368734.jpg,there is a man sitting in a lawn chair on the side of the street,1
images/2366619.jpg,there is a dog that is sitting on the sidewalk next to a parking meter,1
images/2320636.jpg,they are riding horses in a parade on a city street,1
images/2388375.jpg,there is a dog that is sitting in the window of a green building,1
images/2412423.jpg,there is a woman that is standing in the grass with some cows,1
images/2318372.jpg,there is a man on a horse that is herding a group of dogs,1
images/2395277.jpg,there is a truck with logs on the back and a dog on the back,1
images/1592064.jpg,there are two dogs that are sitting on a bench by the water,1
images/2405063.jpg,there is a dog that is looking out the window of a car,1
images/2380298.jpg,there is a horse that is laying on the grass in the middle of the,1
images/2371268.jpg,there is a dog that is laying down in the grass,1
images/2365556.jpg,there is a dog that is standing on the sidewalk next to a red car,1
images/2394687.jpg,black and white photograph of a dog in the back of a pickup truck,1
images/2393779.jpg,there is a person on skis and a dog walking in the snow,1
images/2396762.jpg,there are two dogs that are playing in the snow with a frisbee,1
images/2396753.jpg,there is a man riding a bike with a dog in a cart,1
images/2318384.jpg,there is a woman in a pink shirt holding a dog in a hair salon,1
images/2387950.jpg,there is a cat that is sitting in the window of a car,1
images/2380409.jpg,there is a dog that is standing on the side of the road,1
images/2329292.jpg,there are people walking on the sidewalk in front of a building with a sign,1
images/2316133.jpg,there is a woman sitting on a beach chair with a dog under an umbrella,1
images/2359181.jpg,black and white photo of a person with a hoodie standing next to a,1
images/2349275.jpg,there is a dog that is standing in front of a dog house,1
images/2379667.jpg,black and white photo of a man sitting on a bench next to a tree,1
images/2397149.jpg,there is a man sitting in the snow with a dog in front of him,1
images/2355727.jpg,there is a dog that is jumping in the air to catch a fris,1
images/2336693.jpg,there is a black and white dog running with a frisbee in its,1
images/2383170.jpg,there are many motorcycles that are parked in the dirt,1
images/2316789.jpg,there are two dogs that are tied to a pole on the sidewalk,1
images/2316980.jpg,skiers and a dog in the snow with trees in the background,1
images/2372618.jpg,there is a dog that is sitting in the driver's seat of a,1
images/2413880.jpg,there are people crossing the street in the city on a sunny day,1
images/2319295.jpg,there is a man on a paddle board with a dog in the water,1
images/2371675.jpg,there is a dog sitting in the back of a pick up truck,1
images/2413820.jpg,there is a woman sitting on a bench with a dog on her lap,1
images/2360443.jpg,there is a woman walking two dogs in a field with a frisbee,1
images/2350951.jpg,there is a dog that is sitting in the passenger seat of a car,1
images/2335189.jpg,there is a man and a woman walking a dog down the street,1
images/2343283.jpg,there are two men walking a dog on a leash down the street,1
images/2352572.jpg,there is a dog that is playing with a frisbee in the yard,1
images/2370145.jpg,there is a dog that is laying down in a puddle of water,1
images/2357609.jpg,there is a horse and a dog looking at each other through a fence,1
images/2358659.jpg,there is a woman that is holding a dog in her arms,1
images/2326242.jpg,there are two dogs that are standing on the back of a boat,1
images/2351872.jpg,there is a man that is taking a picture of himself in the park,1
images/2393366.jpg,there is a black dog that is sitting on the deck of a boat,1
images/2348263.jpg,there are people walking down the street at an intersection in the city,1
images/2387862.jpg,there is a woman that is riding a horse in the water,1
images/2336673.jpg,there is a dog that is holding a frisbee in its mouth,1
images/2355465.jpg,there is a dog that is walking in the snow with a person in the,1
images/1160209.jpg,there is a dog that is standing on top of a boat in the water,1
images/2367595.jpg,there is a woman sitting on a park bench reading a book with two dogs,1
images/2376475.jpg,there is a man and a dog that are standing in the airport,1
images/2356431.jpg,there is a blue car that is parked in front of a tree,1
images/2409228.jpg,there is a dog that is standing on the sidewalk with a leash,1
images/2395166.jpg,there are many people standing on a field watching a dog in the air,1
images/2348342.jpg,there is a dog that is catching a frisbee in the air,1
images/2342008.jpg,there are two umbrellas on the beach at sunset with a boat in the,1
images/2414213.jpg,there is a dog that is sitting in the back of a truck,1
images/2400105.jpg,there are two dogs laying on a bed next to a person on a laptop,1
images/2416953.jpg,there are two pictures of a person laying on a bed with two dogs,1
images/2392560.jpg,there is a small white dog laying on a leopard print pillow on a bed,1
images/2382256.jpg,there is a dog that is laying on the floor next to a door,1
images/2386116.jpg,there is a dog that is sitting in a suitcase on the floor,1
images/2377830.jpg,there is a man sitting on a bed with a dog on his lap,1
images/2330381.jpg,there is a dog that is laying on a couch in the living room,1
images/2398985.jpg,black and white photograph of a dog laying on a bed covered with a blanket,1
images/2342235.jpg,there is a dog that is laying on a bed in front of a tv,1
images/2367068.jpg,there is a small white dog standing in front of a mirror,1
images/2352588.jpg,there is a dog that is laying on a bed in a room,1
images/2396422.jpg,there are two dogs that are laying on a bed together,1
images/2371402.jpg,there are two people that are sitting on a bed in front of a mirror,1
images/2345543.jpg,there is a black dog that is sniffing a birthday cake on a table,1
images/2350677.jpg,there is a woman standing in front of a table with a cake on it,1
images/2359349.jpg,there is a small white dog eating a piece of cake on a plate,1
images/2326204.jpg,there is a young boy sitting on a bounch with a plate of,1
images/2366038.jpg,there are two dogs that are eating food out of plates on the table,1
images/2398065.jpg,there is a woman that is holding a cat in her arms,1
images/2402933.jpg,there is a white dog wearing a party hat sitting next to a box of,1
images/2382042.jpg,there are two women and a dog sitting at a table with a birthday cake,1
images/2345520.jpg,there is a group of people standing around a table with a cake on it,1
images/2323429.jpg,there is a cupcake with marshmallows and a black sheep on,1
images/2357723.jpg,there is a cake that has a man and a dog on it,1
images/285650.jpg,there is a woman that is holding a cake in front of a microwave,1
images/2417584.jpg,there is a dog standing on its hind legs looking at a birthday cake,1
images/2321821.jpg,there is a small dog that is looking at a donut on a plate,1
images/2331395.jpg,there is a small dog that is sitting on a bed with a birthday cake,1
images/2405708.jpg,there is a dog sitting in front of a table with cupcakes on,1
images/2410321.jpg,there is a dog standing next to a fence with a cow in the background,1
images/2416861.jpg,there is a dog and a cow on a hill with a sky background,1
images/2330389.jpg,there are two cows and a dog in a field of green grass,1
images/2404933.jpg,black and white photo of a man walking a herd of sheep down a dirt,1
images/2359012.jpg,there is a baby cow nursing from it's mother in the hay,1
images/2350325.jpg,there is a dog chasing a cow behind a fence in a field,1
images/2391905.jpg,there are many cows that are standing in the grass by a fence,1
images/2369968.jpg,there are many animals that are standing in the grass near a truck,1
images/2398189.jpg,there is a man that is riding a horse in a field with cows,1
images/2339341.jpg,there is a cow and a dog on the beach by the water,1
images/2346042.jpg,there are many cows walking down a dirt road with people walking behind them,1
images/2394992.jpg,there is a man that is standing in the grass with a dog,1
images/2352946.jpg,black and white photo of a man walking a dog with a herd of cows,1
images/2354516.jpg,this is a picture of a cow and a dog in a parking lot,1
images/2417648.jpg,herd of black cows grazing in a grassy field with trees in the background,1
images/2361973.jpg,there is a cow that is standing in the middle of the street,1
images/107926.jpg,there is a man riding on the back of a horse next to a herd,1
images/2362696.jpg,there are many cows grazing in the field behind a fence,1
images/2388428.jpg,there are many cows that are grazing in the field together,1
images/2412423.jpg,there is a woman that is standing in the grass with some cows,1
images/2364208.jpg,there is a brown and white dog looking at cows through a fence,1
images/2345710.jpg,herd of cows in a snowy field with a dog running in the foreground,1
images/2381721.jpg,there are many cows that are walking in the grass together,1
images/2328085.jpg,there are two women and a dog walking down a path with a cow,1
images/2356473.jpg,painting of a woman leading a herd of cows across a field,1
images/2341260.jpg,there are three cows that are standing in the grass in the field,1
images/2404956.jpg,there is a cow that is standing in the street next to a building,1
images/2416340.jpg,there are many cows standing in a fenced in field next to a dog,1
images/2416400.jpg,this is an old photo of a dog and a cat sitting on a plate,1
images/2346772.jpg,there is a blurry photo of a cat and a dog in a living,1
images/2344881.jpg,there are two pictures of a dog and a cat sitting next to each other,1
images/2317705.jpg,there is a dog and a cat sitting on a pile of clothes,1
images/2359938.jpg,there is a collage of pictures of people and animals on the beach,1
images/2324062.jpg,there is a dog and a cat laying on the floor next to each other,1
images/2392688.jpg,there is a cat that is sitting on top of a tv,1
images/2327653.jpg,there is a cat that is sitting in front of a television,1
images/2368434.jpg,there is a cat and a dog playing together in the grass,1
images/2394168.jpg,there is a dog that is sitting on a bed with a red comforter,1
images/2403329.jpg,there is a cat sitting in front of a television watching a dog on the,1
images/2402100.jpg,black and white photograph of a cat standing next to a fire hydrant,1
images/2397167.jpg,there is a woman sitting on a bed with a cat and a laptop,1
images/2322897.jpg,there is a woman laying on the floor next to a dog and a cat,1
images/2416154.jpg,there are two dogs and a cat sleeping on the porch of a house,1
images/2355278.jpg,there is a cat that is sitting under a blue and white umbrella,1
images/2339137.jpg,there is a dog and a cat that are laying in the grass,1
images/2330184.jpg,there are two dogs and a cat laying on a bed together,1
images/2359073.jpg,there is a cat sitting on top of a dog laying on the ground,1
images/2316968.jpg,someone sitting on a couch with a dog and a cat on the floor,1
images/2339511.jpg,there are three dogs and a cat laying on a dog bed,1
images/2400368.jpg,there are two cats and a dog laying next to each other on the floor,1
images/2336077.jpg,there are two cats and a dog on the floor playing with each other,1
images/2387315.jpg,there are two dogs that are laying on a bed together,1
images/2391586.jpg,there is a dog and a cat that are sitting in the grass,1
images/2344063.jpg,there is a dog that is looking up at a tree,1
images/2377255.jpg,there is a dog and a cat standing on a kitchen counter,1
images/2408383.jpg,there is a dog that is sitting on a bed in front of a window,1
images/2319449.jpg,there is a black and white cat standing in front of a mirror,1
images/2324518.jpg,there is a dog that is standing next to a chair in a living room,1
images/2396989.jpg,there are two dogs sleeping on a couch with a guitar in front of them,1
images/2367226.jpg,there is a dog and a cat laying on a blanket on the floor,1
images/2319723.jpg,there is a cat and a dog sitting in front of a laptop computer,1
images/2365600.jpg,there is a man that is sitting on a couch with a dog,1
images/2402079.jpg,there is a cat sitting on a bench next to a dog,1
images/2397277.jpg,there is a dog that is laying on the floor next to a couch,1
images/2320517.jpg,there is a black and white cat laying on a person's lap,1
images/2414023.jpg,there is a white cat and a black and white dog sitting next to each,1
images/2346853.jpg,this is an image of a living room with a couch and a coffee table,1
images/2368563.jpg,there is a cat and a dog standing next to each other,1
images/2382789.jpg,there is a dog and a cat playing together in a room,1
images/2381433.jpg,there is a cat sitting on the back of a boat next to a dog,1
images/2353191.jpg,there is a plate with a picture of a group of dogs and cats on,1
images/2416435.jpg,there are two figurines of cats on the floor next to a bowl,1
images/2374046.jpg,there is a cat and a dog sleeping next to each other on a mouse,1
images/713943.jpg,several people and a dog sitting at a picnic table with plates of food and,1
images/2353942.jpg,there is a dog that is standing on the street with a rat on its,1
images/2373581.jpg,there is a cat that is sitting in a sink in the kitchen,1
images/2395369.jpg,there is a dog and a cat on the floor playing with each other,1
images/2416465.jpg,there is a cat that is sitting in front of a glass door,1
images/2411533.jpg,there is a cat sitting on the back of a dog on the street,1
images/2330381.jpg,there is a dog that is laying on a couch in the living room,1
images/2344455.jpg,there is a man sleeping in bed with two cats and a dog,1
images/2386317.jpg,there is a small dog sitting next to a cupcake with a candle on,1
images/2330673.jpg,there are many valentine's day chocolates on display in a store,1
images/2398449.jpg,there is a cat that is laying on a bed in a room,1
images/2318872.jpg,there are two dogs and a cat standing on the floor in front of a,1
images/2317863.jpg,there is a black cat sitting inside of a suitcase on a bed,1
images/3753.jpg,there is a cat and a dog standing on the floor next to each other,1
images/2371528.jpg,there is a black cat and a white dog laying on a couch,1
images/2320118.jpg,there is a woman that is holding a green umbrella over her head,1
images/2415707.jpg,there is a woman sitting on a couch with two dogs on her lap,1
images/2345543.jpg,there is a black dog that is sniffing a birthday cake on a table,1
images/2416154.jpg,there are two dogs and a cat sleeping on the porch of a house,1
images/2362928.jpg,several people are serving hot dogs with cheese and mustard on buns,1
images/2409292.jpg,there is a hot dog on a bun with onions and mustard on it,1
images/2321114.jpg,there is a hot dog with mustard and ketchup in a box,1
images/2364637.jpg,there is a black dog standing in front of a pizza in a box,1
images/2377864.jpg,there is a small dog that is sitting on a wooden chair,1
images/2342959.jpg,there is a man that is standing in the kitchen with a bottle of wine,1
images/2357723.jpg,there is a cake that has a man and a dog on it,1
images/2343212.jpg,there is a dog that is laying on a desk next to a laptop,1
images/2394890.jpg,there is a man sitting at a desk with a keyboard and a cell phone,1
images/2374180.jpg,there is a man sitting on a couch with a dog in front of him,1
images/2411601.jpg,there is a black and white dog laying on a bed next to a fireplace,1
images/2405708.jpg,there is a dog sitting in front of a table with cupcakes on,1
images/2369270.jpg,there is a dog that is running with a frisbee in its mouth,1
images/2379956.jpg,there are two dogs that are playing with a frisbee in the dirt,1
images/2351824.jpg,there is a bike leaning up against a train on the tracks,1
images/2407359.jpg,there are two people that are standing on the beach with their surfboards,1
images/2346042.jpg,there are many cows walking down a dirt road with people walking behind them,1
images/2330843.jpg,there is a motorcycle with a trailer attached to it parked on the side of,1
images/2368907.jpg,there is a person holding a hot dog on a bun with sauerkra,1
images/2317373.jpg,there is a dog herding a flock of sheep in a fenced in,1
images/2320708.jpg,there is a dog that is sniffing a baseball bat on the field,1
images/2372598.jpg,there is a dog that is standing in the dirt with a frisbee,1
images/2365905.jpg,there are three sheep and a dog in a field of grass,1
images/2394945.jpg,herd of sheep being herded by a dog in a fenced in area,1
images/2375845.jpg,there is a dog that is sitting in the dirt with a frisbee,1
images/2379263.jpg,there is a black and white dog standing on a path in the woods,1
images/2355607.jpg,there are two dogs that are playing with a frisbee in the grass,1
images/2371440.jpg,there is a small white dog sitting on top of a skateboard,1
images/2368737.jpg,there is a man and a dog by the water with canoes,1
images/2355266.jpg,there is a woman holding a frisbee on a field with people watching,1
images/2416154.jpg,there are two dogs and a cat sleeping on the porch of a house,1
images/2383663.jpg,there is a brown horse standing next to a brown dog on a dirt field,1
images/2409022.jpg,there is a dog chasing a herd of sheep in a field,1
images/2351612.jpg,there is a dog that is standing by the water with ducks in the background,1
images/2380834.jpg,there is a dog herding a flock of sheep on a dirt road,1
images/2395227.jpg,there is a little girl that is playing with a dog in the grass,1
images/2377282.jpg,there is an elephant that is standing in the water under a tree,1
images/2347332.jpg,there is a dog that is sitting on a bench in the woods,1
images/2317786.jpg,there are two dogs playing with a pink frisbee on the ground,1
images/2340860.jpg,this is an old photo of a group of men standing in front of a,1
images/2388648.jpg,there is a dog and a cat on the shore of a river,1
images/2317153.jpg,there are two dogs that are standing next to a bench,1
images/2376453.jpg,there are two dogs that are standing next to each other on the grass,1
images/2357485.jpg,there is a dog that is walking on the beach with a frisbee,1
images/2366945.jpg,there is a polar bear that is playing with a ball in the water,1
images/2337260.jpg,there are two dogs that are playing with a frisbee in the street,1
images/2380923.jpg,there is a dog that is sitting on a bed with a book,1
images/2386802.jpg,there is a kite that is sitting on the beach near the water,1
images/2366946.jpg,there is a man that is flying a kite on the beach,1
images/2392212.jpg,there is a dog that is playing with a frisbee in the grass,1
images/2390585.jpg,herd of sheep standing in a field with a dog in front of them,1
images/2325561.jpg,there are two dogs that are standing next to each other,1
images/2385757.jpg,there is a dog that is laying down in the dirt,1
images/2367351.jpg,there is a woman walking a dog on a leash on the sidewalk,1
images/2406932.jpg,there is a dog that is playing with a frisbee in the yard,1
images/2337501.jpg,there is a dog that is carrying a frisbee in its mouth,1
images/2332607.jpg,there is a black dog that is standing in the sand,1
images/2365964.jpg,there are many people standing on the beach with their surfboards,1
images/2375856.jpg,there is a dog that is sitting next to a bike,1
images/2364208.jpg,there is a brown and white dog looking at cows through a fence,1
images/2411937.jpg,there is a dog that is laying in the grass with a frisbee,1
images/2380298.jpg,there is a horse that is laying on the grass in the middle of the,1
images/2328085.jpg,there are two women and a dog walking down a path with a cow,1
images/2405432.jpg,there is a dog that is jumping in the air to catch a fris,1
images/2362161.jpg,surfers walking on the beach carrying their surfboards under a cloudy sky,1
images/2321145.jpg,there is a person feeding a dog with a frisbee in the grass,1
images/2403124.jpg,there are two dogs that are laying down in the grass,1
images/2406744.jpg,there is a dog that is standing in the dirt in the yard,1
images/2417154.jpg,there is a dog that is playing with a frisbee in the street,1
images/2322281.jpg,there is a man playing frisbee with a dog on a field,1
images/2389470.jpg,there is a baby elephant standing next to an adult elephant in a field,1
images/2363495.jpg,there are four giraffes standing in a field with a sky background,1
images/2364372.jpg,there is a man riding a horse with a dog on the side of the,1
images/2327364.jpg,there is a dog that is holding a frisbee in its mouth,1
images/2363267.jpg,there are two men sitting on a bench with a dog on a leash,1
images/2393598.jpg,there is a black motorcycle parked in a parking lot next to a black car,1
images/2384424.jpg,there is a man on a scooter with a dog on the back,1
images/2397768.jpg,there are a lot of dogs that are standing in the water,1
images/2344583.jpg,there is a man and a dog that are playing with a frisbee,1
images/2397828.jpg,there is a black and white dog laying on the ground in front of a,1
images/2377179.jpg,there is a dog that is laying down on the ground next to a chair,1
images/2397193.jpg,there is a dog that is standing on a log in the dirt,1
images/2387928.jpg,there is a dog that is running in the grass near a tree,1
images/2395775.jpg,there are two dogs standing next to each other on a dirt road,1
images/2389743.jpg,there is a man and a woman standing next to a truck with a dog,1
images/2343674.jpg,there is an elephant that is standing in the dirt by a fence,1
images/2411951.jpg,there is a man sitting on a bench with a dog on a leash,1
images/2370647.jpg,there is a black dog wearing a white hat sitting in the back of a,1
images/2337205.jpg,there is a dog that is laying in the grass with a bottle of water,1
images/2355329.jpg,there is a dog that is laying on a bed with a person in the,1
images/2323699.jpg,there is a little girl holding a dog with a red tag on it,1
images/2347801.jpg,there is a pug that is sitting on a desk next to a laptop,1
images/107970.jpg,there is a dog sitting in a basket on the back of a bicycle,1
images/2404687.jpg,there are two dogs that are sitting in front of a tv,1
images/2417574.jpg,black and white photo of a man with a dog herding sheep in a,1
images/2319590.jpg,there is a dog that is playing with a frisbee in the yard,1
images/1592123.jpg,there are a lot of stuffed animals that are sitting on a snow covered hill,1
images/2328105.jpg,this is an image of a dog laying on a bed with a laptop,1
images/2346042.jpg,there are many cows walking down a dirt road with people walking behind them,1
images/1386.jpg,there is a dog that is sitting on a chair with his mouth open,1
images/2415243.jpg,there is a dog that is laying down on a couch with a remote control,1
images/2342671.jpg,there is a small dog that is sitting inside of a suitcase,1
images/2393574.jpg,there is a dog that is laying on the floor in the living room,1
images/2353468.jpg,there is a dog that is standing in the grass with his tongue out,1
images/2340388.jpg,there is a dog that is laying down in the dirt,1
images/2353191.jpg,there is a plate with a picture of a group of dogs and cats on,1
images/2321237.jpg,there is a dog that is sitting on a couch in the living room,1
images/2402059.jpg,there is a black and brown dog wearing a tie sitting on the floor,1
images/2391621.jpg,there is a black dog that is being petted by a woman at a,1
images/2368621.jpg,there is a woman sitting on a couch with a dog and a baseball bat,1
images/2378865.jpg,there is a black and white dog standing next to a red scooter,1
images/2377200.jpg,there is a bus that is parked at a bus stop with mountains in the,1
images/2382042.jpg,there are two women and a dog sitting at a table with a birthday cake,1
images/2381777.jpg,there is a small white dog wearing a life jacket on a leash,1
images/2353465.jpg,there are two dogs that are sitting on a bench together,1
images/2391972.jpg,there is a dog that is sitting on a bench next to a trash can,1
images/2367488.jpg,there is a dog that is sitting in the back of a car,1
images/2375845.jpg,there is a dog that is sitting in the dirt with a frisbee,1
images/2328720.jpg,there is a dog that is sitting in the back seat of a truck,1
images/2322086.jpg,there is a black dog that is laying down on the floor,1
images/2339493.jpg,there is a dog that is walking on the beach with a frisbee,1
images/2357994.jpg,there is a dog that is sitting on a workbench in a workshop,1
images/2409920.jpg,there is a dog that is sitting on a suitcase at the airport,1
images/2345068.jpg,there is a dog that is laying in a dog bed with a stuffed animal,1
images/2400727.jpg,there is a black and white dog holding a frisbee in its mouth,1
images/2376104.jpg,there is a woman sitting on a bed with two dogs on her lap,1
images/2377704.jpg,there is a man and a woman petting a small dog on a bike,1
images/2390039.jpg,there is a dog that is laying down on a bed with a laptop,1
images/2380043.jpg,there is a dog that is sleeping on a dog bed in the living room,1
images/2380220.jpg,there is a small black and white dog laying on top of a stuffed animal,1
images/2363386.jpg,there is a small dog sitting at a desk with a computer mouse and a,1
images/2324410.jpg,there is a group of people riding skis down a snow covered slope,1
images/2415851.jpg,there is a black dog that is sitting on the floor in the kitchen,1
images/2338060.jpg,there is a dog that is sitting in the grass with a frisbee,1
images/2401273.jpg,there is a pug that is sitting on a skateboard on the floor,1
images/2396329.jpg,there is a dog that is sniffing a pile of books on the floor,1
images/2318934.jpg,there is a small white dog wearing a blue shirt and a hat,1
images/2403057.jpg,there is a dog that is laying down on a blue dog bed,1
images/2376453.jpg,there are two dogs that are standing next to each other on the grass,1
images/2410967.jpg,there are two dogs playing with each other on the ground,1
images/2403710.jpg,there are many dogs riding on a surfboard in the water,1
images/2356015.jpg,there is a black dog standing next to a mirror in the grass,1
images/2357190.jpg,black and white photograph of a man and two dogs laying on a bed,1
images/2353942.jpg,there is a dog that is standing on the street with a rat on its,1
images/2400114.jpg,there is a statue of a dog wearing a red hat,1
images/2367714.jpg,there is a black dog that is laying down on a couch,1
images/2408633.jpg,there is a black dog that is standing in the grass with a fris,1
images/2356836.jpg,there are two dogs that are playing with a frisbee in the street,1
images/2330673.jpg,there are many valentine's day chocolates on display in a store,1
images/2398334.jpg,there is a dog that is running in the snow with a frisbee,1
images/2400958.jpg,there are many dogs that are playing in the grass together,1
images/2362525.jpg,black and white photo of a dog in a backpack being carried by a man,1
images/2330218.jpg,there is a dog that is standing on a leash in the woods,1
images/2410321.jpg,there is a dog standing next to a fence with a cow in the background,1
images/2372715.jpg,there is a brown horse and a black dog standing in a field,1
images/2367250.jpg,there is a black and white dog standing next to a fire hydrant,1
images/2377864.jpg,there is a small dog that is sitting on a wooden chair,1
images/2401465.jpg,there is a woman cross country skiing with her dog in the snow,1
images/2413160.jpg,there is a black and white dog laying on a bed next to a pillow,1
images/2383244.jpg,there is a person laying on a bed with two stuffed animals,1
images/2408110.jpg,there is a bike parked on the side of the road next to a building,1
images/2385466.jpg,there is a black dog that is sitting in the passenger seat of a car,1
images/2334734.jpg,there is a black dog that is standing on the sand by the water,1
images/2380606.jpg,there is a dog that is standing in front of a truck with a backpack,1
images/2400793.jpg,there is a dog that is standing on a log by the water,1
images/2402907.jpg,there is a large brown dog standing on a rug in a living room,1
images/2409245.jpg,there is a car with a bike on top of it in a parking lot,1
images/2380956.jpg,there are two dogs that are sitting in the back of a car,1
images/2400362.jpg,there is a man carrying a dog in a backpack at a train station,1
images/2372055.jpg,there is a dog that is sitting on the back of a boat,1
images/2342762.jpg,there is a dog that is sitting on a skateboard on the floor,1
images/2364208.jpg,there is a brown and white dog looking at cows through a fence,1
images/2338103.jpg,there is a black and white photo of a man and a dog,1
images/2361529.jpg,there is a man kneeling down with a dog and a herd of sheep,1
images/2383524.jpg,there is a dog that is holding a teddy bear in its mouth,1
images/2362196.jpg,there is a black dog laying in the grass next to a red fris,1
images/2365318.jpg,there is a dog that is playing with a frisbee on the floor,1
images/2410147.jpg,there is a small dog that is sitting in the oven,1
images/2322093.jpg,there are two dogs that are standing in the window of a house,1
images/2347254.jpg,there is a large white dog laying in front of a herd of sheep,1
images/2321901.jpg,there is a dog that is sitting on a pillow on the floor,1
images/2331525.jpg,there is a man sitting on a bus with a dog in his back pack,1
images/2405633.jpg,there is a small dog sitting in a dog carrier with a pair of shoes,1
images/2337254.jpg,there are two dogs on the beach playing with each other,1
images/2350951.jpg,there is a dog that is sitting in the passenger seat of a car,1
images/2371220.jpg,there is a dog herding sheep in a field of green grass,1
images/2346513.jpg,there is a brown and white dog sitting in a purple and white chair,1
images/2378738.jpg,there is a dog that is standing in the grass with a frisbee,1
images/2386600.jpg,there is a dog that is sitting in the grass with a frisbee,1
images/2326242.jpg,there are two dogs that are standing on the back of a boat,1
images/2334171.jpg,there is a man pushing a cart with luggage and a dog sleeping on the,1
images/2389636.jpg,there is a brown and white dog sitting in the back seat of a car,1
images/2393895.jpg,there is a dog that is standing next to a christmas tree,1
images/2399913.jpg,there is a dog that is sitting in the driver's seat of a,1
images/2364603.jpg,there is a dog that is walking across the street with a stroller,1
images/2416340.jpg,there are many cows standing in a fenced in field next to a dog,1
images/2411951.jpg,there is a man sitting on a bench with a dog on a leash,1
images/2346637.jpg,there is a man and a dog walking in the water with a surfboard,1
images/2368944.jpg,surfers and their dogs riding a wave on a surfboard in the ocean,1
images/2325500.jpg,there is a dog wearing a life jacket riding a surfboard in the water,1
images/2381489.jpg,there is a man standing next to a kayak with a dog on it,1
images/2349993.jpg,there is a dog wearing a life jacket riding a surfboard in the water,1
images/2361883.jpg,there is a man and a woman riding a surfboard in the ocean,1
images/2357191.jpg,there is a man riding a surfboard with a dog on his back,1
images/2387137.jpg,there is a woman and two dogs on a boat on the water,1
images/2370415.jpg,there is a dog wearing a life jacket on a surfboard in the water,1
images/2331118.jpg,there is a dog that is standing on a surfboard in the water,1
images/2377944.jpg,there is a dog that is standing on a surfboard in the water,1
images/2370845.jpg,there is a dog riding a surfboard on a wave in the ocean,1
images/2403710.jpg,there are many dogs riding on a surfboard in the water,1
images/2329347.jpg,there is a woman and a dog in a boat on the water,1
images/2378073.jpg,there is a dog wearing a life jacket riding a surfboard in the water,1
images/2324106.jpg,there are many people that are standing in the water at the beach,1
images/2317661.jpg,there is a man riding a surfboard with a dog on it,1
images/2336458.jpg,there are many people in the water with their dogs on a raft,1
images/2379063.jpg,there is a man and a dog on a paddle board in the water,1
images/2334564.jpg,there is a man and a dog on a surfboard in the water,1
images/2346637.jpg,there is a man and a dog walking in the water with a surfboard,1
images/2359938.jpg,there is a collage of pictures of people and animals on the beach,1
images/2414707.jpg,there are many dogs riding on a surfboard in the water,1
images/2322792.jpg,there is a dog that is riding a surfboard in the water,1
images/2330356.jpg,there is a man that is standing in the grass with a surfboard,1
images/2372581.jpg,there are many dogs that are riding the waves on a surfboard,1
images/2405419.jpg,there are two women sitting on the beach with their dogs,1
images/2331063.jpg,there is a dog that is standing on a surfboard on the beach,1
images/2338165.jpg,there is a dog that is riding a surfboard in the water,1
images/2320130.jpg,there is a dog wearing a life jacket riding a surfboard in the water,1
images/2342016.jpg,there is a man and a dog on a surfboard in the water,1
images/2406607.jpg,there is a man sitting on the sidewalk with a surfboard on his head,1
images/2377113.jpg,several people walking on the beach with surfboards and a dog,1
images/2357191.jpg,there is a man riding a surfboard with a dog on his back,1
images/2409740.jpg,there are two men riding bikes down the street with surfboards on their backs,1
images/2395395.jpg,there is a dog that is riding on a surfboard in the water,1
images/2391307.jpg,there is a man and a dog on a surfboard in the water,1
images/2404065.jpg,there are three surfers in the water with their boards in the water,1
images/2402984.jpg,several surfboards are lined up on the beach with a man walking a dog,1
images/2345562.jpg,there is a man riding a surfboard in the ocean on a small wave,1
images/2365964.jpg,there are many people standing on the beach with their surfboards,1
images/2417801.jpg,there is a man riding a surfboard with a dog on it,1
images/2412342.jpg,there is a man walking on the beach with a surfboard in his hand,1
images/2363292.jpg,there is a man and a dog on a surfboard in the water,1
images/2371922.jpg,there are people walking along the beach with surfboards in the water,1
images/2370415.jpg,there is a dog wearing a life jacket on a surfboard in the water,1
images/2349591.jpg,three people and a dog are paddling on surfboards in the water,1
images/2379063.jpg,there is a man and a dog on a paddle board in the water,1
images/2379710.jpg,there is a dog that is riding a surfboard in the water,1
images/2354569.jpg,there is a man walking a dog on the beach with a surfboard,1
images/2356713.jpg,there are two dogs that are standing on a surfboard in the water,1
images/2331118.jpg,there is a dog that is standing on a surfboard in the water,1
images/2361220.jpg,there are two surfers standing on the beach with their surfboards,1
images/2377944.jpg,there is a dog that is standing on a surfboard in the water,1
images/2381403.jpg,puppy wearing a life jacket standing on a surfboard in the water,1
images/2362620.jpg,there is a man riding a surfboard with two dogs on it,1
images/2370845.jpg,there is a dog riding a surfboard on a wave in the ocean,1
images/2348946.jpg,there is a dog that is standing on a surfboard in the water,1
images/2378073.jpg,there is a dog wearing a life jacket riding a surfboard in the water,1
images/2316215.jpg,there is a dog that is standing on a surfboard in the water,1
images/2326052.jpg,there is a woman and a dog on a surfboard in the water,1
images/2347131.jpg,there are a lot of dogs that are riding on a surfboard in the,1
images/713188.jpg,there is a woman and a dog on a surfboard in the water,1
images/2362815.jpg,there is a woman and two dogs riding a surfboard in the ocean,1
images/2336027.jpg,there is a man walking on the beach with a surfboard in his hand,1
images/2396084.jpg,there are two men walking in the water with a surfboard and a dog,1
images/2351028.jpg,there is a woman in the water with a dog on a surfboard,1
images/2392036.jpg,there is a man that is sitting on a surfboard in the water,1
images/2398619.jpg,there are three surfers walking out of the water with their surfboards,1
images/2377469.jpg,there is a man and a woman on a surfboard riding a wave,1
images/2366640.jpg,there is a woman and a dog on a surfboard in the water,1
images/2363024.jpg,there is a man in a wet suit carrying a surfboard with a dog,1
images/2362161.jpg,surfers walking on the beach carrying their surfboards under a cloudy sky,1
images/2377474.jpg,there is a woman that is riding a surfboard in the water,1
images/2352573.jpg,there are two people and a dog on the beach with a surfboard,1
images/2370923.jpg,there is a dog riding a surfboard on a wave in the ocean,1
images/2392675.jpg,there are people and a dog in the water at the beach,1
images/2371670.jpg,there is a dog riding a surfboard on a wave in the ocean,1
images/2349281.jpg,there are two horses that are pulling a red wagon down the street,1
images/2321511.jpg,there is a man that is feeding a horse on the porch,1
images/2376639.jpg,there are two people riding horses in the water with a dog on the beach,1
images/2336712.jpg,herd of sheep being herded down the road by a man on a horse,1
images/2387430.jpg,there is a man riding a horse next to a dog on a dirt road,1
images/2374739.jpg,there is a man riding a horse on the beach with two dogs,1
images/2404933.jpg,black and white photo of a man walking a herd of sheep down a dirt,1
images/2388328.jpg,there is a dog sitting next to a fence with a horse in the background,1
images/2398506.jpg,there is a dog that is standing in the water with a horse in the,1
images/2403836.jpg,there is a dog standing next to a horse in a fenced in area,1
images/2360206.jpg,horses pulling a carriage down a city street with people riding in it,1
images/2347300.jpg,there are two people riding horses down a dirt road in the woods,1
images/2383663.jpg,there is a brown horse standing next to a brown dog on a dirt field,1
images/2363247.jpg,there is a horse and a dog looking at each other through a fence,1
images/2398189.jpg,there is a man that is riding a horse in a field with cows,1
images/713697.jpg,there are many people riding horses in the snow on skis,1
images/2369464.jpg,there is a man on a horse leading a group of horses down the street,1
images/2402417.jpg,there are many people riding horses on a trail in the woods,1
images/2370727.jpg,there is a man in red riding a horse with a bunch of dogs,1
images/2364372.jpg,there is a man riding a horse with a dog on the side of the,1
images/2394611.jpg,there is a man riding a horse on the beach with a dog,1
images/2339782.jpg,there is a dog laying on the floor looking at its reflection in the mirror,1
images/2414767.jpg,there is a group of people that are sitting under a tent in the grass,1
images/2407463.jpg,black and white photo of a horse drawn carriage in front of a brick building,1
images/2365888.jpg,black and white photo of a man in uniform on a horse with a dog,1
images/2391492.jpg,there are two people riding in a horse drawn carriage on the street,1
images/107926.jpg,there is a man riding on the back of a horse next to a herd,1
images/2394117.jpg,there is a horse and a dog sniffing each other in the grass,1
images/2340860.jpg,this is an old photo of a group of men standing in front of a,1
images/2320636.jpg,they are riding horses in a parade on a city street,1
images/2357609.jpg,there is a horse and a dog looking at each other through a fence,1
images/2353644.jpg,this is an image of a box of chocolates with the words hello and,1
images/2354373.jpg,there is a horse that is running in the grass with a dog,1
images/2328838.jpg,there is a man that is riding a horse in the field with a dog,1
images/2318372.jpg,there is a man on a horse that is herding a group of dogs,1
images/2369860.jpg,there is a man and a woman riding in a carriage pulled by a horse,1
images/2356259.jpg,there are two people that are riding horses on the beach,1
images/2386876.jpg,there is a man on a scooter with a dog and a horse,1
images/2398018.jpg,this is an old black and white photo of a family with a horse and,1
images/2380298.jpg,there is a horse that is laying on the grass in the middle of the,1
images/2330479.jpg,there is a man that is riding a horse in a field with a dog,1
images/2373502.jpg,horses pulling a wagon full of hay with people on top of it,1
images/2344218.jpg,herd of horses and a dog in a grassy field next to a stream,1
images/2387862.jpg,there is a woman that is riding a horse in the water,1
images/2415110.jpg,there is a white horse and a black dog standing next to a building,1
images/2403359.jpg,there is a black and white dog sniffing a horse through a fence,1
images/2357556.jpg,there are two people riding horses and a dog on the grass,1
images/2398532.jpg,there are a lot of horses that are running together in the dirt,1
images/2371420.jpg,there is a woman standing in a living room with two children and a dog,1
images/2379786.jpg,there is a horse and a dog on a leash in the grass,1
images/2347508.jpg,there is a man standing next to two horses in a field with a dog,1
images/2337205.jpg,there is a dog that is laying in the grass with a bottle of water,1
images/2370023.jpg,there is a computer mouse sitting on top of a desk next to a phone,1
images/2325645.jpg,there is a dog that is running with a frisbee in its mouth,1
images/2397138.jpg,there is a man and a dog sitting in a boat on the water,1
images/2342016.jpg,there is a man and a dog on a surfboard in the water,1
images/2338275.jpg,there is a dog that is laying on the floor next to a laptop,1
images/2370.jpg,there is a man walking down the street with a dog on a leash,1
images/2374386.jpg,there is a woman with a pink umbrella walking down the street,1
images/2384517.jpg,there is a woman walking a dog on a leash in a park,1
images/2367018.jpg,there is a man riding a skateboard up the side of a ramp,1
images/2400930.jpg,there is a young boy playing with two dogs on the deck of a boat,1
images/2366353.jpg,several people and a dog in a grassy area with tents in the background,1
images/2404534.jpg,there is a man that is riding on a horse that is pulling a cart,1
images/2323280.jpg,several people sitting at tables with red umbrellas and a dog on a leash,1
images/2370216.jpg,there is a dog being groomed by a woman at a dog show,1
images/2362620.jpg,there is a man riding a surfboard with two dogs on it,1
images/1831.jpg,there are many people standing on the side of the road with their dogs,1
images/2374749.jpg,there is a man and a dog standing on the back of a truck,1
images/2318379.jpg,there is a pug dog wearing a pirate hat on a couch,1
images/2352484.jpg,there is a group of people riding in a boat on a river,1
images/2412325.jpg,there are many people standing in a field with umbrellas in the rain,1
images/2354681.jpg,there is a man playing frisbee with a dog on his shoulders,1
images/2345905.jpg,there is a man standing next to a woman and a dog on a leash,1
images/2361109.jpg,sheep being herded by a man on a small cart down a muddy road,1
images/2355266.jpg,there is a woman holding a frisbee on a field with people watching,1
images/2318448.jpg,there is a man standing in a kitchen with a dog in front of him,1
images/2406520.jpg,black and white photo of a woman holding a duck and a dog,1
images/2402417.jpg,there are many people riding horses on a trail in the woods,1
images/2323585.jpg,there is a black dog that is sitting in front of a laptop,1
images/2409721.jpg,there is a man and a dog on the beach flying kites,1
images/2387231.jpg,there is a group of people that are flying kites in the snow,1
images/2324645.jpg,there is a man sitting on a bench with a dog next to him,1
images/2399233.jpg,black and white photograph of two people and a dog in the snow,1
images/2360562.jpg,there are two people on skis on a snowy hill with a dog,1
images/2360407.jpg,this is a black and white photo of a man in a suit and tie,1
images/2317971.jpg,there is a woman with a red umbrella and two dogs in the snow,1
images/2351083.jpg,there is a dog that is laying down with a hat on it's,1
images/2322354.jpg,blond woman in a bikini walking a dog on a leash on the beach,1
images/1592395.jpg,there are two men sitting on a couch with a dog in their lap,1
images/2321342.jpg,there is a man playing frisbee with a dog in a field,1
images/2369464.jpg,there is a man on a horse leading a group of horses down the street,1
images/2364424.jpg,there are two young boys riding skateboards on the sidewalk by the water,1
images/2382890.jpg,there is a black and white dog with a hat on it's head,1
images/2414082.jpg,there is a man carrying a dog in a backpack down a flight of stairs,1
images/2337026.jpg,there is a man and a dog on a boat in the water,1
images/2409245.jpg,there is a car with a bike on top of it in a parking lot,1
images/2356713.jpg,there are two dogs that are standing on a surfboard in the water,1
images/2359049.jpg,there is a group of people in pink shirts posing for a picture,1
images/2396988.jpg,there is a man and a woman sitting on a bench with a dog,1
images/2344769.jpg,there is a man riding a skateboard with a dog on a leash,1
images/2361415.jpg,this is an old photo of a family with a dog and tennis rackets,1
images/2382399.jpg,there is a dog that is jumping in the air to catch a fris,1
images/2396753.jpg,there is a man riding a bike with a dog in a cart,1
images/2335823.jpg,there are two people and a dog on the beach with a fishing rod,1
images/2318384.jpg,there is a woman in a pink shirt holding a dog in a hair salon,1
images/2324950.jpg,there is a dog jumping in the air to catch a frisbee,1
images/2402597.jpg,several people sitting in the back of a truck with a dog in the bed,1
images/2347508.jpg,there is a man standing next to two horses in a field with a dog,1
images/2412794.jpg,there is a man and a woman walking on the beach with a dog,1
images/2414707.jpg,there are many dogs riding on a surfboard in the water,1
images/2350109.jpg,there is a man playing frisbee with his dog in the park,1
images/2397149.jpg,there is a man sitting in the snow with a dog in front of him,1
images/2386512.jpg,there is a woman riding a scooter with a dog on the back,1
images/2322281.jpg,there is a man playing frisbee with a dog on a field,1
images/2386631.jpg,there is a man and a dog on a surfboard in the ocean,1
images/2350595.jpg,there is a dog that is laying down on a blanket on the beach,1
images/2341651.jpg,there is a young boy that is sitting in a chair eating a hot dog,1
images/2385853.jpg,there is a black dog wearing a hat and glasses on a sidewalk,1
images/2357063.jpg,there is a man standing in a kitchen with a dog in front of him,1
images/2317615.jpg,there is a man and his dog playing frisbee in the park,1
images/2382854.jpg,there is a sandwich sitting on a piece of paper next to a bottle of,1
images/2317981.jpg,there is a man riding a bike with a dog on the back of it,1
images/2416953.jpg,there are two pictures of a person laying on a bed with two dogs,1
images/2341743.jpg,there is a man playing frisbee with a dog in a field,1
images/2388468.jpg,there is a group of people that are riding bikes in the dark,1
images/2346086.jpg,there is a dog that is wearing a hat on his head,1
images/2326052.jpg,there is a woman and a dog on a surfboard in the water,1
images/2373581.jpg,there is a cat that is sitting in a sink in the kitchen,1
images/2376475.jpg,there is a man and a dog that are standing in the airport,1
images/2339161.jpg,three men standing on a beach with a dog and a frisbee,1
images/2389743.jpg,there is a man and a woman standing next to a truck with a dog,1
images/2392675.jpg,there are people and a dog in the water at the beach,1
images/2383550.jpg,there is a dog that is standing in the water at the beach,1
images/2317971.jpg,there is a woman with a red umbrella and two dogs in the snow,1
images/2358650.jpg,there is a woman walking a dog in the snow with a coat on,1
images/2325354.jpg,there is a man riding a sled pulled by two dogs in the snow,1
images/2316635.jpg,there is a dog that is playing in the water with a frisbee,1
images/2378957.jpg,there is a woman sitting on a bench with a dog in the snow,1
images/2410503.jpg,there is a man carrying skis and a dog walking up a snowy hill,1
images/2397149.jpg,there is a man sitting in the snow with a dog in front of him,1
images/2327030.jpg,there is a person on skis and a dog on the snow,1
images/2365821.jpg,there is a man on skis standing next to a dog in the snow,1
images/713615.jpg,skiers and their dogs pose for a picture in the snow,1
images/2392521.jpg,there are two pugs wearing green hats and bow ties in the snow,1
images/2380827.jpg,there is a man with a snowboard and a dog on a snowy hill,1
images/1592123.jpg,there are a lot of stuffed animals that are sitting on a snow covered hill,1
images/2316980.jpg,skiers and a dog in the snow with trees in the background,1
images/2378038.jpg,there is a dog that is laying down on the train tracks,1
images/2393666.jpg,there is a large clock on the side of a building with a view of,1
images/2386795.jpg,there is a woman riding skis on a snowy trail with a dog,1
images/2400374.jpg,there is a man and a dog playing in the snow in the woods,1
images/2367771.jpg,there are people skiing in the snow on a hill with trees in the background,1
images/2324410.jpg,there is a group of people riding skis down a snow covered slope,1
images/2393247.jpg,there is a man and a dog standing in the snow with skis,1
images/2338674.jpg,there is a man and his dog playing in the snow,1
images/2357646.jpg,there is a dog that is looking out the window of a car,1
images/2376054.jpg,there is a man walking a dog in the snow with a snowboard,1
images/2337125.jpg,there is a man and a dog playing frisbee in the snow,1
images/2353702.jpg,there is a man and a dog that are walking in the snow,1
images/2383227.jpg,there is a dog that is playing with a frisbee in the snow,1
images/2340687.jpg,skiers and snowboarders standing in the snow with a dog on a,1
images/2340219.jpg,there is a dog that is running in the snow with a frisbee,1
images/2362093.jpg,there is a man and his dog skiing down a snowy hill,1
images/2393339.jpg,there is a dog that is sitting in the snow with a frisbee,1
images/2345710.jpg,herd of cows in a snowy field with a dog running in the foreground,1
images/2396875.jpg,there are three dogs sitting on a wooden bench in the snow,1
images/2350157.jpg,there is a man that is skiing down a hill in the snow,1
images/2384109.jpg,there is a man riding a bike with a dog in the snow,1
images/2361561.jpg,there are two people and a dog on skis in the snow,1
images/2393779.jpg,there is a person on skis and a dog walking in the snow,1
images/2377200.jpg,there is a bus that is parked at a bus stop with mountains in the,1
images/2389381.jpg,there are two dogs that are playing in the snow with a frisbee,1
images/2399233.jpg,black and white photograph of two people and a dog in the snow,1
images/2325910.jpg,there is a dog that is sitting in the snow near a table and chairs,1
images/2376077.jpg,there is a train that is pulling into the station in the snow,1
images/2322293.jpg,there is a dog that is playing in the snow with a frisbee,1
images/2387472.jpg,there is a woman taking a picture of a dog in the rear view mirror,1
images/2377314.jpg,there is a dog that is standing next to a bike,1
images/2342562.jpg,there are two dogs that are playing with a frisbee in the snow,1
images/2360562.jpg,there are two people on skis on a snowy hill with a dog,1
images/2363601.jpg,there is a woman that is skiing with a dog in the snow,1
images/2384917.jpg,there is a dog sitting on the back of a motorcycle with a pink banda,1
images/2353510.jpg,there is a black and white dog wearing a red scarf on a leash,1
images/2338677.jpg,there are two people standing in a living room playing a video game,1
images/2325645.jpg,there is a dog that is running with a frisbee in its mouth,1
images/2348791.jpg,there is a woman standing on the sidewalk with a dog on a leash,1
images/2322897.jpg,there is a woman laying on the floor next to a dog and a cat,1
images/2339137.jpg,there is a dog and a cat that are laying in the grass,1
images/2384517.jpg,there is a woman walking a dog on a leash in a park,1
images/2405307.jpg,there is a toy dog sitting next to a cell phone on a table,1
images/2387231.jpg,there is a group of people that are flying kites in the snow,1
images/2373754.jpg,blonde haired woman in a green truck with a white dog in her lap,1
images/2318934.jpg,there is a small white dog wearing a blue shirt and a hat,1
images/2371798.jpg,there is a dog that is pulling a leash around a yellow fire hydrant,1
images/2370711.jpg,there is a statue of a dog wearing a red hat and sunglasses,1
images/2397601.jpg,there is a woman that is holding a dog in front of a mirror,1
images/2369147.jpg,there are two men playing a video game together in the living room,1
images/2409085.jpg,there is a man riding a motorcycle with a side car with a side car,1
images/2371249.jpg,there is a woman that is holding a dog and wearing a hat,1
images/2400114.jpg,there is a statue of a dog wearing a red hat,1
images/2399233.jpg,black and white photograph of two people and a dog in the snow,1
images/2383956.jpg,there is a woman taking a picture of herself in a mirror,1
images/713723.jpg,there is a man sitting in a chair with a dog on his lap,1
images/2344635.jpg,black and white photo of a dog sitting in a suitcase on the floor,1
images/2339453.jpg,there is a man riding a bike with a dog on the back of it,1
images/2328975.jpg,there is a person holding a hot dog with ketchup and mustard,1
images/107970.jpg,there is a dog sitting in a basket on the back of a bicycle,1
images/2368409.jpg,several people sitting at a table with a cake and a dog,1
images/2383945.jpg,there are many people standing under red umbrellas at an outdoor market,1
images/2402100.jpg,black and white photograph of a cat standing next to a fire hydrant,1
images/2369749.jpg,there is a man that is laying on a couch in a room,1
images/2347216.jpg,there is a woman that is sitting on a couch with a book,1
images/2386134.jpg,there is a woman that is riding a bike with a dog in the basket,1
images/2367272.jpg,there is a woman standing next to a bike with a dog on it,1
images/2351824.jpg,there is a bike leaning up against a train on the tracks,1
images/2387140.jpg,there is a woman and a dog standing on the side of the street,1
images/2333815.jpg,there are three sheep standing in the grass under a tent,1
images/2366850.jpg,there is a small dog sitting in a folding chair on the sidewalk,1
images/2416699.jpg,this is an old photo of a man with a bicycle and a dog,1
images/2344629.jpg,there is a man riding a bike with a dog in a basket on the,1
images/2320655.jpg,there is a man riding a bike with a dog in a basket on the,1
images/2335788.jpg,there is a man that is sitting on a motorcycle with a dog in his,1
images/2372968.jpg,there is a dog that is laying on the floor in front of a desk,1
images/2380956.jpg,there are two dogs that are sitting in the back of a car,1
images/2324193.jpg,smiling woman holding a brown dog in her arms in front of a refrigerator,1
images/2395207.jpg,there is a woman that is sitting at a table with some food on it,1
images/2353501.jpg,there are two dogs sitting in a basket on the back of a bike,1
images/2366619.jpg,there is a dog that is sitting on the sidewalk next to a parking meter,1
images/2324234.jpg,there is a woman that is riding a bike with a basket on the back,1
images/2384424.jpg,there is a man on a scooter with a dog on the back,1
images/2368507.jpg,there is a woman that is riding a bike with a basket on the back,1
images/2362696.jpg,there are many cows grazing in the field behind a fence,1
images/2404482.jpg,there is a dog that is laying on a bed in a room,1
images/2370711.jpg,there is a statue of a dog wearing a red hat and sunglasses,1
images/2345594.jpg,there is a woman sitting at a table with a dog and a birthday cake,1
images/2415276.jpg,there is a dog sled being pulled by a man on a sled,1
images/2334367.jpg,there is a dog that is standing on the bow of a boat,1
images/2329428.jpg,there is a woman that is riding a bike with a dog in a basket,1
images/1591911.jpg,there are many people standing under red umbrellas at an outdoor market,1
images/2384105.jpg,there is a dog that is laying on a dog bed with a stuffed animal,1
images/2402657.jpg,there is a black and white dog sitting in the back seat of a car,1
images/2373581.jpg,there is a cat that is sitting in a sink in the kitchen,1
images/2355347.jpg,there is a dog that is sitting in a cart on the side of the,1
images/2347660.jpg,there is a small dog sitting on the floor next to a toilet,1
images/2379774.jpg,there is a dog that is sitting in a boat on the water,1
images/2343625.jpg,there is a dog that is laying in a dog bed in the kitchen,1
images/2329456.jpg,there is a black and white dog laying on the ground in front of a,1
images/2409618.jpg,there is a woman riding a pink bike with a dog in a basket,1
images/2330381.jpg,there is a dog that is laying on a couch in the living room,1
images/2319745.jpg,there is a man sitting on a bench next to a bike with a dog,1
images/2371647.jpg,black and white photograph of a woman walking down a sidewalk with a dog,1
images/2324478.jpg,there is a dog that is sitting on a pink chair in the living room,1
images/2406821.jpg,there is a red and blue bus that is parked on the side of the,1
images/2339453.jpg,there is a man riding a bike with a dog on the back of it,1
images/2361504.jpg,there is a dog that is playing with a blanket on the floor,1
images/2407878.jpg,there is a dog that is sitting on a bus with its head on the,1
images/2341324.jpg,there is a blue bus that is stopped at a bus stop,1
images/2387995.jpg,there is a woman and her dog waiting at a bus stop,1
images/2359221.jpg,there is a bus that is parked on the side of the road,1
images/285822.jpg,there is a woman standing next to a bike with a dog on it,1
images/2317067.jpg,this is an image of a man and his dog walking in front of a,1
images/2347373.jpg,several people are flying kites in a park with a bus in the background,1
images/2353644.jpg,this is an image of a box of chocolates with the words hello and,1
images/2349742.jpg,there is a dalmatian dog sitting in the driver's seat of,1
images/2361824.jpg,there is a woman riding a bike down the street with a dog on a,1
images/2384849.jpg,there is a man standing next to a bus with a dog on a leash,1
images/2375910.jpg,people standing on top of a blue double decker bus on a city street,1
images/2319334.jpg,there is a man riding a bike down the street with a backpack on his,1
images/2410366.jpg,there is a dog that is sitting in the passenger seat of a car,1
images/2377200.jpg,there is a bus that is parked at a bus stop with mountains in the,1
images/2356836.jpg,there are two dogs that are playing with a frisbee in the street,1
images/2352588.jpg,there is a dog that is laying on a bed in a room,1
images/2400408.jpg,black and white photograph of a woman sitting on a bench next to a dog,1
images/2820.jpg,night time picture of a city street with a red traffic light,1
images/2385539.jpg,there are two men playing frisbee in a field of green grass,1
images/2316469.jpg,there is a dog that is sitting on a bike by the water,1
images/722.jpg,there is a man and a woman walking down the street with a dog,1
images/2325645.jpg,there is a dog that is running with a frisbee in its mouth,1
images/2336693.jpg,there is a black and white dog running with a frisbee in its,1
images/2340353.jpg,there is a dog that is sitting in the back of a truck,1
images/2321557.jpg,there is a man riding a motorcycle down the street in front of a crowd,1
images/1592123.jpg,there are a lot of stuffed animals that are sitting on a snow covered hill,1
images/2377113.jpg,several people walking on the beach with surfboards and a dog,1
images/2413880.jpg,there are people crossing the street in the city on a sunny day,1
images/2388066.jpg,there is a dog that is jumping in the air with a frisbee,1
images/2359073.jpg,there is a cat sitting on top of a dog laying on the ground,1
images/2376794.jpg,there is a young boy that is standing in front of a body of water,1
images/2382269.jpg,there is a dog that is jumping in the air to catch a fris,1
images/2315773.jpg,there is a dog that is riding a skateboard down the street,1
images/2328885.jpg,there is a dog that is running with a frisbee in its mouth,1
images/2320868.jpg,there are many people walking on the beach with kites in the air,1
images/2333815.jpg,there are three sheep standing in the grass under a tent,1
images/497973.jpg,there is a group of people that are standing around with a dog,1
images/2364866.jpg,there is a dog that is jumping in the air to catch a fris,1
images/2366845.jpg,herd of sheep and sheepdogs in a fenced in area with people,1
images/2345151.jpg,there is a group of people standing in the rain with umbrellas,1
images/2318372.jpg,there is a man on a horse that is herding a group of dogs,1
images/2358778.jpg,there is a dog that is jumping in the air to catch a fris,1
images/2367060.jpg,there is a black and white dog with a shoe in it's mouth,1
images/2353801.jpg,black and white photograph of a boat traveling on a body of water,1
images/2334367.jpg,there is a dog that is standing on the bow of a boat,1
images/2382687.jpg,there is a dog that is sitting in a cart on the sidewalk,1
images/2363530.jpg,there is a man flying a kite on the beach next to the ocean,1
images/2395166.jpg,there are many people standing on a field watching a dog in the air,1
images/2359938.jpg,there is a collage of pictures of people and animals on the beach,1
images/2409697.jpg,there is a little girl that is standing in the grass with a kite,1
images/2390441.jpg,there is a man sitting on a bench wearing headphones and a green shirt,1
images/285910.jpg,three men in wetsuits holding surfboards on a beach near the ocean,1
images/2405419.jpg,there are two women sitting on the beach with their dogs,1
images/2360206.jpg,horses pulling a carriage down a city street with people riding in it,1
images/2393152.jpg,there are many people on the beach flying kites on a clear day,1
images/2386233.jpg,there is a man riding a skateboard down the side of a ramp,1
images/2362446.jpg,there is a woman standing in front of a pile of stuffed animals,1
images/2341071.jpg,there is a man riding a skateboard up the side of a ramp,1
images/2402842.jpg,there is a dog that is sitting at a table with his paw on the,1
images/2397585.jpg,there is a little boy that is flying a kite in the park,1
images/2337303.jpg,there are two people that are sitting on a bench talking on their cell phones,1
images/2393315.jpg,there is a dog that is in the water with a ball in its mouth,1
images/2394611.jpg,there is a man riding a horse on the beach with a dog,1
images/723.jpg,there is a bus that is driving down the street in front of a building,1
images/2391849.jpg,there are many people walking in the rain with umbrellas on a rainy day,1
images/2324234.jpg,there is a woman that is riding a bike with a basket on the back,1
images/2346815.jpg,there are many people on the beach flying kites on a sunny day,1
images/2388197.jpg,there is a group of people on the beach flying kites,1
images/2400608.jpg,there are two dogs that are playing with each other on the beach,1
images/2327076.jpg,there is a dog that is sitting in the doorway of a restaurant,1
images/2341368.jpg,there are people walking down the street in the city on a sunny day,1
images/2376950.jpg,there is a truck that is parked on the beach with people in the background,1
images/2323280.jpg,several people sitting at tables with red umbrellas and a dog on a leash,1
images/1592443.jpg,there are many cows on the beach with people walking in the background,1
images/2368914.jpg,there is a dog that is standing on a dock next to a boat,1
images/2370107.jpg,there is a small white dog that is sitting in the grass,1
images/2324236.jpg,there is a woman riding a skateboard with a dog on a leash,1
images/2377200.jpg,there is a bus that is parked at a bus stop with mountains in the,1
images/2379484.jpg,there are two people and a dog on a trail in the woods,1
images/2324942.jpg,pedestrian crossing sign on a city street with a dog on a leash,1
images/2363530.jpg,there is a man flying a kite on the beach next to the ocean,1
images/2394945.jpg,herd of sheep being herded by a dog in a fenced in area,1
images/2335576.jpg,black and white photograph of a flock of seagulls flying over a beach,1
images/2393911.jpg,several people sitting on a couch playing a video game with remote controllers,1
images/2345905.jpg,there is a man standing next to a woman and a dog on a leash,1
images/2409920.jpg,there is a dog that is sitting on a suitcase at the airport,1
images/2383945.jpg,there are many people standing under red umbrellas at an outdoor market,1
images/2406607.jpg,there is a man sitting on the sidewalk with a surfboard on his head,1
images/2377113.jpg,several people walking on the beach with surfboards and a dog,1
images/2369004.jpg,they are playing frisbee with a dog on the grass in front of,1
images/286019.jpg,there is a man and a woman sitting on a bench in the park,1
images/2377704.jpg,there is a man and a woman petting a small dog on a bike,1
images/2416740.jpg,there is a teddy bear sitting on a bench in front of a carousel,1
images/2357802.jpg,there is a woman holding a small dog on a boat with a little boy,1
images/2404204.jpg,there is a dog that is laying on a bench in the park,1
images/2370727.jpg,there is a man in red riding a horse with a bunch of dogs,1
images/2377932.jpg,there is a man sitting on a bench with a dog and a cell phone,1
images/498019.jpg,there is a group of people sitting on a couch with a dog,1
images/2324410.jpg,there is a group of people riding skis down a snow covered slope,1
images/2372046.jpg,there is a man sitting in a chair with a dog on his lap,1
images/2409721.jpg,there is a man and a dog on the beach flying kites,1
images/2405623.jpg,there is a dog that is riding a skateboard down the street,1
images/2387231.jpg,there is a group of people that are flying kites in the snow,1
images/2366156.jpg,there is a horse that is standing in the back of a red truck,1
images/2340860.jpg,this is an old photo of a group of men standing in front of a,1
images/2361220.jpg,there are two surfers standing on the beach with their surfboards,1
images/4592.jpg,there is a black car that is parked on the side of the road,1
images/2351477.jpg,there are many sheep in a fenced in area with a crowd of people,1
images/2365030.jpg,there is a brown and white dog riding a skateboard down the street,1
images/2408785.jpg,there is a box full of stuffed animals in front of a window,1
images/2388985.jpg,there is a woman sitting on a bench on the side of the street,1
images/2353942.jpg,there is a dog that is standing on the street with a rat on its,1
images/2315606.jpg,there is a man doing a handstand on a skateboard in front,1
images/2376395.jpg,there is a dog standing next to a cow on the side of the road,1
images/2377469.jpg,there is a man and a woman on a surfboard riding a wave,1
images/2339336.jpg,there is a black and white photo of a person on skis in the,1
images/2341401.jpg,there is a dog that is jumping in the air to catch a fris,1
images/2355579.jpg,there are a lot of people that are skiing in the snow,1
images/2417873.jpg,they are playing a game of soccer with a robot in the middle of the,1
images/2360562.jpg,there are two people on skis on a snowy hill with a dog,1
images/2330218.jpg,there is a dog that is standing on a leash in the woods,1
images/2349616.jpg,there is a dog that is laying down on the back of a boat,1
images/2325354.jpg,there is a man riding a sled pulled by two dogs in the snow,1
images/2376639.jpg,there are two people riding horses in the water with a dog on the beach,1
images/722.jpg,there is a man and a woman walking down the street with a dog,1
images/2366946.jpg,there is a man that is flying a kite on the beach,1
images/2343526.jpg,there is a man that is standing on a surfboard in the water,1
images/2414764.jpg,there is a woman sitting in the grass with a cell phone in her hand,1
images/2324536.jpg,there is a man that is flying a kite on the beach,1
images/2404537.jpg,there are people and a dog on the beach with a mountain in the background,1
images/2380064.jpg,several people sitting in a living room watching television and a dog laying on the,1
images/2370710.jpg,there are two dogs that are sitting on a bench in the park,1
images/2382466.jpg,there is a woman standing next to a parked motorcycle on a cobblestone,1
images/2371402.jpg,there are two people that are sitting on a bed in front of a mirror,1
images/2320542.jpg,there is a woman sitting on a bench looking out at the beach,1
images/2412342.jpg,there is a man walking on the beach with a surfboard in his hand,1
images/2366845.jpg,herd of sheep and sheepdogs in a fenced in area with people,1
images/2413579.jpg,there is a man standing next to a bus that is parked in a lot,1
images/713715.jpg,herd of sheep being herded by a dog in a large grassy field,1
images/2356259.jpg,there are two people that are riding horses on the beach,1
images/2369.jpg,several people walking a dog on a leash across a city street,1
images/2367662.jpg,there is a woman walking a dog on a leash in the snow,1
images/2375910.jpg,people standing on top of a blue double decker bus on a city street,1
images/2320693.jpg,there is a dog that is playing with a frisbee in the grass,1
images/2393779.jpg,there is a person on skis and a dog walking in the snow,1
images/2348134.jpg,there is a man and a little girl sitting in the grass with a dog,1
images/2382399.jpg,there is a dog that is jumping in the air to catch a fris,1
images/2392036.jpg,there is a man that is sitting on a surfboard in the water,1
images/2411533.jpg,there is a cat sitting on the back of a dog on the street,1
images/2396753.jpg,there is a man riding a bike with a dog in a cart,1
images/2319880.jpg,there is a man that is standing next to a truck with a dog,1
images/2402597.jpg,several people sitting in the back of a truck with a dog in the bed,1
images/2358192.jpg,there is a man sitting at a table with a glass of wine and a,1
images/2380409.jpg,there is a dog that is standing on the side of the road,1
images/2397204.jpg,there are many people on the beach at the water's edge,1
images/2355727.jpg,there is a dog that is jumping in the air to catch a fris,1
images/2357995.jpg,there is a train that is going over a bridge on the road,1
images/2386512.jpg,there is a woman riding a scooter with a dog on the back,1
images/2320130.jpg,there is a dog wearing a life jacket riding a surfboard in the water,1
images/2363815.jpg,several people in a boat on a beach with a dog and a dog laying,1
images/2409740.jpg,there are two men riding bikes down the street with surfboards on their backs,1
images/2391800.jpg,there is a man playing frisbee with a dog on the field,1
images/2367636.jpg,there are many kites that are being flown in the sky,1
images/2347373.jpg,several people are flying kites in a park with a bus in the background,1
images/2363267.jpg,there are two men sitting on a bench with a dog on a leash,1
images/2384455.jpg,there is a cow that is standing on the beach with people in the background,1
images/2317573.jpg,there is a woman that is playing tennis on the court,1
images/2345544.jpg,there are many people in the park with skateboards and skateboards,1
images/2361973.jpg,there is a cow that is standing in the middle of the street,1
images/2345931.jpg,there are people on the beach flying a kite on a clear day,1
images/2416234.jpg,there are many people and a dog on the shore of a river,1
images/2370145.jpg,there is a dog that is laying down in a puddle of water,1
images/2341743.jpg,there is a man playing frisbee with a dog in a field,1
images/2416883.jpg,there is a woman standing in the grass with a dog and a fris,1
images/2323250.jpg,there is a man taking a picture of two dogs with a cell phone,1
images/2382138.jpg,there is a man standing next to a large dog in a costume,1
images/2324192.jpg,there is a plane that is sitting on the runway at the beach,1
images/2373751.jpg,there is a man holding a frisbee with a dog on his back,1
images/3424.jpg,there is a tree that is in the middle of the street,1
images/2324106.jpg,there are many people that are standing in the water at the beach,1
images/2315716.jpg,there is a motorcycle parked in the grass with people and dogs in the background,1
images/2373288.jpg,there are many people walking in the park on a sunny day,1
images/2367710.jpg,there are three people sitting on a bench with a map in the background,1
images/2348342.jpg,there is a dog that is catching a frisbee in the air,1
images/2397787.jpg,there is a dog that is jumping in the air to catch a fris,1
images/2336458.jpg,there are many people in the water with their dogs on a raft,1
images/2392675.jpg,there are people and a dog in the water at the beach,1
images/2407435.jpg,there is a woman that is walking a bike with a dog on the leash,1
images/2330218.jpg,there is a dog that is standing on a leash in the woods,1
images/2399674.jpg,there is a man in a wheel chair with a dog on a leash,1
images/2385539.jpg,there are two men playing frisbee in a field of green grass,1
images/2349275.jpg,there is a dog that is standing in front of a dog house,1
images/2392565.jpg,there is a dog that is sitting on the back of a boat,1
images/2325645.jpg,there is a dog that is running with a frisbee in its mouth,1
images/2336693.jpg,there is a black and white dog running with a frisbee in its,1
images/2391472.jpg,there is a dog chasing a sheep in a fenced in area,1
images/2331063.jpg,there is a dog that is standing on a surfboard on the beach,1
images/2369089.jpg,there is a dog that is sitting in the back of a truck,1
images/2364444.jpg,there is a man playing frisbee with a dog in a field,1
images/2388066.jpg,there is a dog that is jumping in the air with a frisbee,1
images/2381489.jpg,there is a man standing next to a kayak with a dog on it,1
images/2347233.jpg,there is a dog that is standing on a boat in the water,1
images/2328885.jpg,there is a dog that is running with a frisbee in its mouth,1
images/2417914.jpg,there is a dog that is standing in the water next to a boat,1
images/2344063.jpg,there is a dog that is looking up at a tree,1
images/2346513.jpg,there is a brown and white dog sitting in a purple and white chair,1
images/2353398.jpg,there is a small white dog standing on a boat in the water,1
images/2350379.jpg,there is a boat that has a dog in it's seat on the,1
images/2331954.jpg,there is a dog that is laying on its back on a person's,1
images/2372055.jpg,there is a dog that is sitting on the back of a boat,1
images/2410104.jpg,there are many people standing outside of a food truck at night,1
images/2380787.jpg,there is a dog that is standing on a boat in the water,1
images/2363861.jpg,there is a man throwing a frisbee into the water with a dog,1
images/2354569.jpg,there is a man walking a dog on the beach with a surfboard,1
images/2340457.jpg,there is a statue of a bear and a dog standing on top of it,1
images/2403057.jpg,there is a dog that is laying down on a blue dog bed,1
images/2320102.jpg,there are four dogs that are standing in the grass together,1
images/2329347.jpg,there is a woman and a dog in a boat on the water,1
images/2381433.jpg,there is a cat sitting on the back of a boat next to a dog,1
images/2361492.jpg,there is a sailboat that is out in the ocean on a clear day,1
images/2381952.jpg,there is a dog that is sniffing a sheep in the grass,1
images/1160209.jpg,there is a dog that is standing on top of a boat in the water,1
images/2364024.jpg,there is a man and a dog riding in a boat on the water,1
images/2379774.jpg,there is a dog that is sitting in a boat on the water,1
images/2355865.jpg,there is a dog that is laying down on the back of a boat,1
images/2386037.jpg,there is a black and white dog catching a frisbee in the air,1
images/2391972.jpg,there is a dog that is sitting on a bench next to a trash can,1
images/2406596.jpg,there is a person on skis and a dog on a leash on a,1
images/2361561.jpg,there are two people and a dog on skis in the snow,1
images/2401465.jpg,there is a woman cross country skiing with her dog in the snow,1
images/2393779.jpg,there is a person on skis and a dog walking in the snow,1
images/2381402.jpg,there are three people and two dogs skiing in the snow,1
images/2360562.jpg,there are two people on skis on a snowy hill with a dog,1
images/713697.jpg,there are many people riding horses in the snow on skis,1
images/2410503.jpg,there is a man carrying skis and a dog walking up a snowy hill,1
images/2327030.jpg,there is a person on skis and a dog on the snow,1
images/2339336.jpg,there is a black and white photo of a person on skis in the,1
images/2365821.jpg,there is a man on skis standing next to a dog in the snow,1
images/2353922.jpg,there are two people standing in the snow with skis and a sled,1
images/2362093.jpg,there is a man and his dog skiing down a snowy hill,1
images/2355579.jpg,there are a lot of people that are skiing in the snow,1
images/1592123.jpg,there are a lot of stuffed animals that are sitting on a snow covered hill,1
images/2350157.jpg,there is a man that is skiing down a hill in the snow,1
images/2363601.jpg,there is a woman that is skiing with a dog in the snow,1
images/2408746.jpg,there is a young boy sitting at a table with a plate of food,1
images/2360497.jpg,there is a dog sitting on the floor next to a person in the kitchen,1
images/2343907.jpg,there is a white dog that is laying on the floor in the kitchen,1
images/2385858.jpg,there are two men standing in a kitchen holding a plate of food,1
images/1592815.jpg,there is a man standing in a kitchen with two dogs in the kitchen,1
images/2347727.jpg,there is a woman standing in a kitchen with a dog in the kitchen,1
images/2318308.jpg,there is a woman holding a dog in her arms in the kitchen,1
images/2335936.jpg,there is a woman holding a large white dog in a kitchen,1
images/2387784.jpg,there are two dogs playing with a bottle of water in the kitchen,1
images/2357063.jpg,there is a man standing in a kitchen with a dog in front of him,1
images/2394191.jpg,there is a dog that is standing in front of a bookshelf,1
images/2320097.jpg,"there are bananas, butter, and other ingredients on the counter in the kitchen",1
images/61571.jpg,there is a dog that is sitting on a couch in the living room,1
images/2341937.jpg,there is a dog that is sitting in the kitchen looking at the camera,1
images/2332528.jpg,there is a man that is holding a teddy bear in his arms,1
images/2359181.jpg,black and white photo of a person with a hoodie standing next to a,1
images/2346157.jpg,there is a woman sitting outside of a mud hut with a basket of bananas,1
images/2321114.jpg,there is a hot dog with mustard and ketchup in a box,1
images/2360206.jpg,horses pulling a carriage down a city street with people riding in it,1
images/2322034.jpg,there are two people and a dog on the sidewalk in the rain,1
images/2318308.jpg,there is a woman holding a dog in her arms in the kitchen,1
images/2405708.jpg,there is a dog sitting in front of a table with cupcakes on,1
images/2366353.jpg,several people and a dog in a grassy area with tents in the background,1
images/2372176.jpg,there is a woman sitting on a couch in a living room with a dog,1
images/2342959.jpg,there is a man that is standing in the kitchen with a bottle of wine,1
images/2354494.jpg,there is a woman laying on a couch with a dog on her lap,1
images/2316886.jpg,there is a dog that is eating some food on the floor,1
images/2340457.jpg,there is a statue of a bear and a dog standing on top of it,1
images/2339015.jpg,there is a hot dog on a bun with onions and ketchup,1
images/2360497.jpg,there is a dog sitting on the floor next to a person in the kitchen,1
images/2352717.jpg,there are two hot dogs sitting on tin foil next to a can of pepsi,1
images/2335060.jpg,there is a bike leaning against a wall on the beach next to the water,1
images/2369174.jpg,there is a man sitting on a toilet in a bathroom with a small dog,1
images/2388985.jpg,there is a woman sitting on a bench on the side of the street,1
images/2387231.jpg,there is a group of people that are flying kites in the snow,1
images/2318692.jpg,there is a dog jumping over a man on the ground with a fris,1
images/2382399.jpg,there is a dog that is jumping in the air to catch a fris,1
images/2364603.jpg,there is a dog that is walking across the street with a stroller,1
images/2377704.jpg,there is a man and a woman petting a small dog on a bike,1
images/2331500.jpg,there are many people that are flying kites in the field,1
images/2395227.jpg,there is a little girl that is playing with a dog in the grass,1
images/1592252.jpg,there is a dog that is standing next to a person with a stroller,1
images/713331.jpg,there are many people flying kites in the park on a cloudy day,1
images/2341324.jpg,there is a blue bus that is stopped at a bus stop,1
images/2395632.jpg,there is a dog that is swimming in a pool of water,1
images/2332528.jpg,there is a man that is holding a teddy bear in his arms,1
images/2359938.jpg,there is a collage of pictures of people and animals on the beach,1
images/2409697.jpg,there is a little girl that is standing in the grass with a kite,1
images/2383945.jpg,there are many people standing under red umbrellas at an outdoor market,1
images/2412108.jpg,there is a dog that is standing in the grass with a frisbee,1
images/713048.jpg,there are many people on a boat with a dog on the back of it,1
images/2354002.jpg,there are people walking down the street with an elephant in the middle of the,1
images/2367512.jpg,there is a dog that is standing in the middle of the street with people,1
images/2385923.jpg,there is a young boy holding a baseball bat on a baseball field,1
images/2372493.jpg,there is a fire truck that is parked in a parking lot,1
images/2315773.jpg,there is a dog that is riding a skateboard down the street,1
images/2342372.jpg,there is a man that is sitting on a couch with a dog and a,1
images/2395227.jpg,there is a little girl that is playing with a dog in the grass,1
images/2345520.jpg,there is a group of people standing around a table with a cake on it,1
images/2318152.jpg,there is a woman sitting on a bench next to a dog in a costume,1
images/1592252.jpg,there is a dog that is standing next to a person with a stroller,1
images/2377871.jpg,several people are flying kites in a field with a dog and a cat,1
images/2397585.jpg,there is a little boy that is flying a kite in the park,1
images/2412342.jpg,there is a man walking on the beach with a surfboard in his hand,1
images/2320542.jpg,there is a woman sitting on a bench looking out at the beach,1
images/2395632.jpg,there is a dog that is swimming in a pool of water,1
images/2371922.jpg,there are people walking along the beach with surfboards in the water,1
images/2356877.jpg,there is a dog that is jumping in the air to catch a fris,1
images/2320410.jpg,there are many people sitting under an umbrella in the park,1
images/2349696.jpg,several people walking down a dirt road with umbrellas over their heads,1
images/2408562.jpg,there is a dog that is jumping up to catch a frisbee,1
images/2388197.jpg,there is a group of people on the beach flying kites,1
images/2416234.jpg,there are many people and a dog on the shore of a river,1
images/2356330.jpg,there is a man and a little girl petting a dog on a bench,1
images/2417119.jpg,there are many people that are riding motorcycles down the street,1
images/2388607.jpg,there is a little girl holding an orange umbrella in the rain,1
images/2353948.jpg,there is a white dog wearing a white shirt on a skateboard,1
images/2340687.jpg,skiers and snowboarders standing in the snow with a dog on a,1
images/3424.jpg,there is a tree that is in the middle of the street,1
images/2363971.jpg,there is a man and a woman sitting on a couch with a dog,1
images/2398018.jpg,this is an old black and white photo of a family with a horse and,1
images/2409085.jpg,there is a man riding a motorcycle with a side car with a side car,1
images/2361415.jpg,this is an old photo of a family with a dog and tennis rackets,1
images/2382399.jpg,there is a dog that is jumping in the air to catch a fris,1
images/2320476.jpg,this is a black and white photo of a dog and a person on a,1
images/2360774.jpg,there are many people standing in a parking lot with motorcycles,1
images/2397787.jpg,there is a dog that is jumping in the air to catch a fris,1
images/2341401.jpg,there is a dog that is jumping in the air to catch a fris,1
images/2358535.jpg,black and white photograph of a boy sitting on a bench next to a dog,1
images/2367250.jpg,there is a black and white dog standing next to a fire hydrant,1
images/2385539.jpg,there are two men playing frisbee in a field of green grass,1
images/722.jpg,there is a man and a woman walking down the street with a dog,1
images/2371032.jpg,there is a woman walking a dog down the sidewalk in front of a store,1
images/2413634.jpg,there is a black and white dog standing in the grass next to a bowl,1
images/2391328.jpg,there is a man that is sitting on a motorcycle in the street,1
images/2371675.jpg,there is a dog sitting in the back of a pick up truck,1
images/2328885.jpg,there is a dog that is running with a frisbee in its mouth,1
images/2348277.jpg,reflection of a dog in the side mirror of a car on a city street,1
images/2382466.jpg,there is a woman standing next to a parked motorcycle on a cobblestone,1
images/2367018.jpg,there is a man riding a skateboard up the side of a ramp,1
images/2338535.jpg,there is a dog that is sitting in the back seat of a car,1
images/2342900.jpg,there is a group of people that are walking down the street with a dog,1
images/2399207.jpg,there is a dog sitting in the driver's seat of a car,1
images/2417556.jpg,there is a car that is driving down the street in front of a building,1
images/2366156.jpg,there is a horse that is standing in the back of a red truck,1
images/2316075.jpg,there is a man driving a utility vehicle with a dog on the back,1
images/2351205.jpg,there are two dogs that are playing with a frisbee in the grass,1
images/2350677.jpg,there is a woman standing in front of a table with a cake on it,1
images/2402657.jpg,there is a black and white dog sitting in the back seat of a car,1
images/2364603.jpg,there is a dog that is walking across the street with a stroller,1
images/2349786.jpg,there are two dogs sitting next to each other in front of a blue barrel,1
images/2390566.jpg,there is a dog that is sitting in the back seat of a truck,1
images/2414213.jpg,there is a dog that is sitting in the back of a truck,1
images/2367842.jpg,black and white photo of a person riding a bike with a dog on a,1
images/2347851.jpg,black and white photograph of a no dogs sign next to a fire hydrant,1
images/1592878.jpg,there is a red fire hydrant in front of a fence with a sign,1
images/2367250.jpg,there is a black and white dog standing next to a fire hydrant,1
images/2353822.jpg,there is a man walking a dog on a leash next to a fire hydra,1
images/2331072.jpg,there is a brown dog sniffing a yellow fire hydrant on the side of,1
images/2329647.jpg,there is a little girl that is playing with a red fire hydrant,1
images/2384596.jpg,there is a man walking down the sidewalk with a dog on a leash,1
images/2410952.jpg,there is a yellow fire hydrant sitting in the snow next to a dog,1
images/2369718.jpg,there is a black and white dog sitting next to a yellow fire hydrant,1
images/2370.jpg,there is a man walking down the street with a dog on a leash,1
images/2370344.jpg,there is a white fire hydrant sitting on the side of the street,1
images/2345384.jpg,several white fire hydrants in a parking lot with a dog on a leash,1
images/2395888.jpg,there is a black and white dog sitting next to a yellow fire hydrant,1
images/2384866.jpg,there is a black dog that is sitting next to a fire hydrant,1
images/2328037.jpg,there are two small white dogs tied to a pole on the sidewalk,1
images/2368734.jpg,there is a man sitting in a lawn chair on the side of the street,1
images/2371798.jpg,there is a dog that is pulling a leash around a yellow fire hydrant,1
images/2339890.jpg,there is a woman walking a dog on a leash down the sidewalk,1
images/2389474.jpg,reflection of a dog in a rear view mirror of a car,1
images/2355950.jpg,there is a man standing next to a fire hydrant on the side of,1
images/2348263.jpg,there are people walking down the street at an intersection in the city,1
images/2324942.jpg,pedestrian crossing sign on a city street with a dog on a leash,1
images/2354835.jpg,there is a dog that is looking out the window of a car,1
images/2342220.jpg,there is a small dog that is standing next to a fire hydrant,1
images/2322173.jpg,there are two dogs that are laying down on the sidewalk,1
images/2391488.jpg,there is a man walking a dog on a leash next to a fire hydra,1
images/2406866.jpg,cars parked in a parking lot with a giant yellow fire hydrant in the,1
images/2379464.jpg,there is a dog that is laying on the floor next to a refrigerator,1
images/2362379.jpg,there are people sitting on a bench in the middle of a field,1
images/2383950.jpg,there is a collage of pictures of a dog catching a frisbee,1
images/2379667.jpg,black and white photo of a man sitting on a bench next to a tree,1
images/2347727.jpg,there is a woman standing in a kitchen with a dog in the kitchen,1
images/2359753.jpg,there is a man riding a skateboard at a skate park with a dog,1
images/2397926.jpg,there is a dog standing next to a tool box in a kitchen,1
images/2403205.jpg,there is a woman riding a motorcycle with a dog on the back of it,1
images/2393152.jpg,there are many people on the beach flying kites on a clear day,1
images/2370203.jpg,there is a dog that is laying under a desk with its head on the,1
images/2341937.jpg,there is a dog that is sitting in the kitchen looking at the camera,1
images/2377113.jpg,several people walking on the beach with surfboards and a dog,1
images/2370.jpg,there is a man walking down the street with a dog on a leash,1
images/2391682.jpg,there is a white dog laying on the floor next to a refrigerator,1
images/2386233.jpg,there is a man riding a skateboard down the side of a ramp,1
images/2377704.jpg,there is a man and a woman petting a small dog on a bike,1
images/2379316.jpg,there is a small dog that is sitting in a bag on the ground,1
images/2377932.jpg,there is a man sitting on a bench with a dog and a cell phone,1
images/2380863.jpg,there are many food trucks that are parked on the side of the street,1
images/2406283.jpg,there are two women sitting at a table with plates of food and a dog,1
images/2363804.jpg,there is a white dog eating out of a bowl on the floor,1
images/2413586.jpg,several people and a dog are sitting at a table in a kitchen,1
images/2406003.jpg,there are three cats and a dog standing in a kitchen next to each other,1
images/2344583.jpg,there is a man and a dog that are playing with a frisbee,1
images/2372091.jpg,there is a dog that is sitting on top of a wooden bench,1
images/2403537.jpg,there is a dog that is playing with a ball in the grass,1
images/2398065.jpg,there is a woman that is holding a cat in her arms,1
images/2412702.jpg,yellow pedestrian crossing sign on sidewalk next to sidewalk with cars parked on both sides,1
images/2384917.jpg,there is a dog sitting on the back of a motorcycle with a pink banda,1
images/2391328.jpg,there is a man that is sitting on a motorcycle in the street,1
images/713207.jpg,there is a dog that is standing on a surfboard in the water,1
images/2364719.jpg,there is a dog that is standing next to a motorcycle,1
images/2392426.jpg,there is a dog that is sitting on the back of a motorcycle,1
images/2353702.jpg,there is a man and a dog that are walking in the snow,1
images/2413278.jpg,there is a dog that is sitting on the back of a motorcycle,1
images/1592123.jpg,there are a lot of stuffed animals that are sitting on a snow covered hill,1
images/2404746.jpg,there is a dog that is standing in the grass with a herd of sheep,1
images/2348603.jpg,herd of sheep being herded by a man and a dog in a field,1
images/2361109.jpg,sheep being herded by a man on a small cart down a muddy road,1
images/2350150.jpg,there is a man riding a bike down a road with a dog on the,1
images/2347254.jpg,there is a large white dog laying in front of a herd of sheep,1
images/2351907.jpg,there are many sheep that are grazing on the grass in the field,1
images/2391472.jpg,there is a dog chasing a sheep in a fenced in area,1
images/2404933.jpg,black and white photo of a man walking a herd of sheep down a dirt,1
images/2417574.jpg,black and white photo of a man with a dog herding sheep in a,1
images/2390585.jpg,herd of sheep standing in a field with a dog in front of them,1
images/2352358.jpg,there is a dog looking at a herd of sheep behind a fence,1
images/2374958.jpg,flock of sheep grazing on a snowy hillside with a dog in the foreground,1
images/2389746.jpg,there is a dog that is laying in the grass with some sheep,1
images/2323208.jpg,herd of sheep and a dog in a grassy field with trees in the background,1
images/2410190.jpg,there is a sheep and a dog that are laying in the grass,1
images/2409022.jpg,there is a dog chasing a herd of sheep in a field,1
images/2380115.jpg,there is a man riding a horse with a herd of sheep in the desert,1
images/2358622.jpg,there is a man that is standing next to a cow and a dog,1
images/2380834.jpg,there is a dog herding a flock of sheep on a dirt road,1
images/2352783.jpg,there is a dog that is standing on top of a herd of sheep,1
images/2323850.jpg,there is a dog that is standing in the grass with a bunch of sheep,1
images/2371220.jpg,there is a dog herding sheep in a field of green grass,1
images/2386721.jpg,herd of sheep and a dog in a field with trees in the background,1
images/2333815.jpg,there are three sheep standing in the grass under a tent,1
images/2351550.jpg,herd of sheep and a dog in a fenced in area,1
images/2341856.jpg,there are three sheep that are laying down in the grass,1
images/2350986.jpg,herd of sheep in a field with a dog in the foreground,1
images/2382612.jpg,flock of sheep in a field of grass next to a stone wall,1
images/2351991.jpg,there is a man that is standing in the grass with some sheep,1
images/2374745.jpg,there is a dog that is looking at a sheep in a field,1
images/2394144.jpg,herd of sheep grazing on dry grass in open field with trees in background,1
images/2382281.jpg,there is a herd of sheep that are standing in the water,1
images/2317373.jpg,there is a dog herding a flock of sheep in a fenced in,1
images/2382489.jpg,there is a white dog laying in the grass with other sheep in the background,1
images/2338171.jpg,herd of sheep grazing on lush green grass in a wooded area,1
images/2388780.jpg,there is a man that is standing in the grass with a herd of sheep,1
images/2329851.jpg,there is a man that is standing in the grass with some sheep,1
images/2378801.jpg,there are two sheep and a dog in a fenced in area,1
images/713715.jpg,herd of sheep being herded by a dog in a large grassy field,1
images/2351477.jpg,there are many sheep in a fenced in area with a crowd of people,1
images/2398376.jpg,there is a dog that is standing in the grass with a herd of sheep,1
images/2381952.jpg,there is a dog that is sniffing a sheep in the grass,1
images/2361529.jpg,there is a man kneeling down with a dog and a herd of sheep,1
images/2417487.jpg,herd of sheep being herded by a dog in a fenced in area,1
images/2387864.jpg,herd of sheep grazing in a field with a dog laying in the grass,1
images/2320581.jpg,there are many sheep standing behind a fence in a field,1
images/2365905.jpg,there are three sheep and a dog in a field of grass,1
images/2331238.jpg,there are two sheep that are standing in the grass together,1
images/2394945.jpg,herd of sheep being herded by a dog in a fenced in area,1
images/2333895.jpg,there is a man petting a sheep in a field with a dog,1
images/2408788.jpg,this is a black and white photo of a dog and its reflection in a,1
images/2336693.jpg,there is a black and white dog running with a frisbee in its,1
images/2366052.jpg,there is a man selling oranges from a cart on the street,1
images/2387128.jpg,there is a woman walking two dogs on a leash down the street,1
images/2330843.jpg,there is a motorcycle with a trailer attached to it parked on the side of,1
images/2349696.jpg,several people walking down a dirt road with umbrellas over their heads,1
images/2366619.jpg,there is a dog that is sitting on the sidewalk next to a parking meter,1
images/2365164.jpg,there are many dogs that are standing on the steps of a building,1
images/2404534.jpg,there is a man that is riding on a horse that is pulling a cart,1
images/2362696.jpg,there are many cows grazing in the field behind a fence,1
images/2404482.jpg,there is a dog that is laying on a bed in a room,1
images/2369860.jpg,there is a man and a woman riding in a carriage pulled by a horse,1
images/2343907.jpg,there is a white dog that is laying on the floor in the kitchen,1
images/2334171.jpg,there is a man pushing a cart with luggage and a dog sleeping on the,1
images/2373502.jpg,horses pulling a wagon full of hay with people on top of it,1
images/2393921.jpg,there is a brown dog wearing goggles sitting in a motorcycle,1
images/2355347.jpg,there is a dog that is sitting in a cart on the side of the,1
images/2376395.jpg,there is a dog standing next to a cow on the side of the road,1
images/2366230.jpg,black and white photo of a dog laying on a rug in a living room,1
images/2364202.jpg,there is a dog that is sitting in front of a door,1
images/2416154.jpg,there are two dogs and a cat sleeping on the porch of a house,1
images/2381549.jpg,there are two dogs that are standing on the porch of a house,1
images/2411620.jpg,there is a boat that is sitting on the sand by the water,1
images/1160209.jpg,there is a dog that is standing on top of a boat in the water,1
images/2323804.jpg,there are two people and a dog on a dock by the water,1
images/2321511.jpg,there is a man that is feeding a horse on the porch,1
images/2416178.jpg,there is a small black and white dog wearing a red bow tie,1
images/2381777.jpg,there is a small white dog wearing a life jacket on a leash,1
images/2354471.jpg,there is a bench that is sitting on the side of the boardwalk,1
images/2326242.jpg,there are two dogs that are standing on the back of a boat,1
images/2317126.jpg,there is a boat that is going down the river in front of a building,1
images/2396875.jpg,there are three dogs sitting on a wooden bench in the snow,1
images/2343674.jpg,there is an elephant that is standing in the dirt by a fence,1
images/2346513.jpg,there is a brown and white dog sitting in a purple and white chair,1
images/2400930.jpg,there is a young boy playing with two dogs on the deck of a boat,1
images/2394882.jpg,there is a man standing in a living room with a dog,1
images/2374180.jpg,there is a man sitting on a couch with a dog in front of him,1
images/713479.jpg,there is a man and a woman sitting at a table with a dog,1
images/2396549.jpg,there are two chili dogs with onions on a plate next to a cup of,1
images/2335936.jpg,there is a woman holding a large white dog in a kitchen,1
images/2363811.jpg,there is a candle that is sitting on a table next to some teddy bears,1
images/2416154.jpg,there are two dogs and a cat sleeping on the porch of a house,1
images/2383244.jpg,there is a person laying on a bed with two stuffed animals,1
images/2395473.jpg,there is a dog that is laying down on a pillow with a stuffed animal,1
images/2349122.jpg,there is a black and white dog playing with a toy on the floor,1
images/2415422.jpg,there is a woman that is sitting on a bed with a dog,1
images/2362446.jpg,there is a woman standing in front of a pile of stuffed animals,1
images/2328105.jpg,this is an image of a dog laying on a bed with a laptop,1
images/2403516.jpg,there is a small dog that is laying on a bed with stuffed animals,1
images/2385630.jpg,there are two dogs that are looking out of a window,1
images/2330673.jpg,there are many valentine's day chocolates on display in a store,1
images/2373693.jpg,there is a dog that is laying on a bed with a stuffed animal,1
images/2380220.jpg,there is a small black and white dog laying on top of a stuffed animal,1
images/2382572.jpg,there is a small kitchen with a sink and a microwave on the counter,1
images/1592123.jpg,there are a lot of stuffed animals that are sitting on a snow covered hill,1
images/2348690.jpg,there is a small dog playing with a stuffed animal on the floor,1
images/2385897.jpg,there is a dog that is jumping in the air with a frisbee,1
images/2377573.jpg,there is a dog that is jumping in the air to catch a fris,1
images/2353381.jpg,there is a woman sitting on a couch with a cone on her head,1
images/2369450.jpg,there is a dog that is jumping in the air with a frisbee,1
images/2417829.jpg,there is a man riding a skateboard with a dog on a leash,1
images/2363038.jpg,there is a dog that is standing next to a bike on the street,1
images/2411557.jpg,they are playing frisbee in a park with a crowd of people watching,1
images/2368734.jpg,there is a man sitting in a lawn chair on the side of the street,1
images/2374798.jpg,there is a man sitting on a couch with a dog wearing a cone on,1
images/2380237.jpg,there is a dog that is running with a frisbee in its mouth,1
images/2376444.jpg,there is a dog that is jumping in the air to catch a fris,1
images/2388985.jpg,there is a woman sitting on a bench on the side of the street,1
images/2360357.jpg,there is a dog with a cone on its head standing on a tiled floor,1
images/2397787.jpg,there is a dog that is jumping in the air to catch a fris,1
images/2394945.jpg,herd of sheep being herded by a dog in a fenced in area,1
images/2341401.jpg,there is a dog that is jumping in the air to catch a fris,1
images/2355579.jpg,there are a lot of people that are skiing in the snow,1
images/2375173.jpg,there is an elephant that is standing in the grass with a stuffed animal,1
images/2357696.jpg,there is a man that is riding on the back of an elephant,1
images/2389470.jpg,there is a baby elephant standing next to an adult elephant in a field,1
images/2338473.jpg,there is a baby elephant walking next to an adult elephant on a dirt field,1
images/2371467.jpg,there is an elephant that is walking with a dog on a leash,1
images/2412325.jpg,there are many people standing in a field with umbrellas in the rain,1
images/2364444.jpg,there is a man playing frisbee with a dog in a field,1
images/2388197.jpg,there is a group of people on the beach flying kites,1
images/2387231.jpg,there is a group of people that are flying kites in the snow,1
images/2385897.jpg,there is a dog that is jumping in the air with a frisbee,1
images/2348134.jpg,there is a man and a little girl sitting in the grass with a dog,1
images/2366353.jpg,several people and a dog in a grassy area with tents in the background,1
images/2345272.jpg,there are two dogs that are standing on the back of a boat,1
images/2397204.jpg,there are many people on the beach at the water's edge,1
images/2326904.jpg,there is a dog that is jumping up to catch a frisbee,1
images/2395166.jpg,there are many people standing on a field watching a dog in the air,1
images/2348342.jpg,there is a dog that is catching a frisbee in the air,1
images/2331063.jpg,there is a dog that is standing on a surfboard on the beach,1
images/2345635.jpg,there is a cat sitting on the sand with a dog in the background,1
images/2367636.jpg,there are many kites that are being flown in the sky,1
images/2355266.jpg,there is a woman holding a frisbee on a field with people watching,1
images/2389777.jpg,there is a dog that is sitting on a couch in the living room,1
images/2318448.jpg,there is a man standing in a kitchen with a dog in front of him,1
images/2339807.jpg,this is a picture of a living room with a couch and a table,1
images/2362048.jpg,there are many hot dogs cooking on a grill with a spatula,1
images/2413586.jpg,several people and a dog are sitting at a table in a kitchen,1
images/2410147.jpg,there is a small dog that is sitting in the oven,1
images/61571.jpg,there is a dog that is sitting on a couch in the living room,1
images/2327346.jpg,there is a man standing in a kitchen holding a tray of food,1
images/2372148.jpg,there is a small dog that is looking out of a window,1
