row_index,image_key
0,images/2361300.jpg
1,images/2319260.jpg
2,images/2398639.jpg
3,images/2395193.jpg
4,images/2399526.jpg
5,images/2364074.jpg
6,images/2324064.jpg
7,images/2364431.jpg
8,images/2343780.jpg
9,images/2382390.jpg
10,images/2392699.jpg
11,images/2355400.jpg
12,images/2387323.jpg
13,images/2389179.jpg
14,images/2340179.jpg
15,images/2339912.jpg
16,images/2408383.jpg
17,images/2406766.jpg
18,images/713492.jpg
19,images/2356497.jpg
20,images/2363570.jpg
21,images/2410796.jpg
22,images/2357484.jpg
23,images/2356120.jpg
24,images/2376838.jpg
25,images/2405710.jpg
26,images/2416463.jpg
27,images/2417434.jpg
28,images/2329487.jpg
29,images/2318872.jpg
30,images/2395075.jpg
31,images/2416400.jpg
32,images/2346772.jpg
33,images/2344881.jpg
34,images/2317705.jpg
35,images/2359938.jpg
36,images/2324062.jpg
37,images/2392688.jpg
38,images/2327653.jpg
39,images/2394168.jpg
40,images/2403329.jpg
41,images/2402100.jpg
42,images/2397167.jpg
43,images/2322897.jpg
44,images/2355278.jpg
45,images/2339137.jpg
46,images/2330184.jpg
47,images/2359073.jpg
48,images/2316968.jpg
49,images/2339511.jpg
50,images/2400368.jpg
51,images/2336077.jpg
52,images/2387315.jpg
53,images/2391586.jpg
54,images/2344063.jpg
55,images/2377255.jpg
56,images/2408383.jpg
57,images/2319449.jpg
58,images/2324518.jpg
59,images/2396989.jpg
60,images/2367226.jpg
61,images/2415206.jpg
62,images/2365600.jpg
63,images/2406003.jpg
64,images/2397277.jpg
65,images/2320517.jpg
66,images/2414023.jpg
67,images/2368563.jpg
68,images/2382789.jpg
69,images/2381433.jpg
70,images/2353191.jpg
71,images/2416435.jpg
72,images/2374046.jpg
73,images/2353942.jpg
74,images/2373581.jpg
75,images/2395369.jpg
76,images/2416465.jpg
77,images/2411533.jpg
78,images/2344455.jpg
79,images/2361867.jpg
80,images/2386317.jpg
81,images/2330673.jpg
82,images/2398449.jpg
83,images/2318872.jpg
84,images/2317863.jpg
85,images/3753.jpg
86,images/2371528.jpg
87,images/2320118.jpg
88,images/2392720.jpg
89,images/2327663.jpg
90,images/2396073.jpg
91,images/2396599.jpg
92,images/2340505.jpg
93,images/2372296.jpg
94,images/2360751.jpg
95,images/2403146.jpg
96,images/2354797.jpg
97,images/2391390.jpg
98,images/2324062.jpg
99,images/2407461.jpg
100,images/2324465.jpg
101,images/2364122.jpg
102,images/2406468.jpg
103,images/2354070.jpg
104,images/2365698.jpg
105,images/2323795.jpg
106,images/2349617.jpg
107,images/2332972.jpg
108,images/2383626.jpg
109,images/2405998.jpg
110,images/2318737.jpg
111,images/2378915.jpg
112,images/2370815.jpg
113,images/2330914.jpg
114,images/2414520.jpg
115,images/2414437.jpg
116,images/2396163.jpg
117,images/2320576.jpg
118,images/2385325.jpg
119,images/2356248.jpg
120,images/2336151.jpg
121,images/2377255.jpg
122,images/2378620.jpg
123,images/2323784.jpg
124,images/2368874.jpg
125,images/2324103.jpg
126,images/2405446.jpg
127,images/2399043.jpg
128,images/2346630.jpg
129,images/2388477.jpg
130,images/2362337.jpg
131,images/2399679.jpg
132,images/2387465.jpg
133,images/2415288.jpg
134,images/2355990.jpg
135,images/2416463.jpg
136,images/2316027.jpg
137,images/2327526.jpg
138,images/2398449.jpg
139,images/1592365.jpg
140,images/2382529.jpg
141,images/2347887.jpg
142,images/2407754.jpg
143,images/2378767.jpg
144,images/2337651.jpg
145,images/2351235.jpg
146,images/2352997.jpg
147,images/2378387.jpg
148,images/2358144.jpg
149,images/2372296.jpg
150,images/2345064.jpg
151,images/2405575.jpg
152,images/2338416.jpg
153,images/2372708.jpg
154,images/2411012.jpg
155,images/2335078.jpg
156,images/2369997.jpg
157,images/2365944.jpg
158,images/2402707.jpg
159,images/2337686.jpg
160,images/2401555.jpg
161,images/2377325.jpg
162,images/2361670.jpg
163,images/2408480.jpg
164,images/2317764.jpg
165,images/2340076.jpg
166,images/2413166.jpg
167,images/2333321.jpg
168,images/2408324.jpg
169,images/2391390.jpg
170,images/2404757.jpg
171,images/2347198.jpg
172,images/2328258.jpg
173,images/2349994.jpg
174,images/2406806.jpg
175,images/2375097.jpg
176,images/2371082.jpg
177,images/2359483.jpg
178,images/2321677.jpg
179,images/2388878.jpg
180,images/2390330.jpg
181,images/2337404.jpg
182,images/2384243.jpg
183,images/2378477.jpg
184,images/2344649.jpg
185,images/2339958.jpg
186,images/1159417.jpg
187,images/2387214.jpg
188,images/2369317.jpg
189,images/2328570.jpg
190,images/2403564.jpg
191,images/2371695.jpg
192,images/2373581.jpg
193,images/2366556.jpg
194,images/2326898.jpg
195,images/2348332.jpg
196,images/2392720.jpg
197,images/2382529.jpg
198,images/2347887.jpg
199,images/2407754.jpg
200,images/2378767.jpg
201,images/2351235.jpg
202,images/2352997.jpg
203,images/2378387.jpg
204,images/2358144.jpg
205,images/2339878.jpg
206,images/2345064.jpg
207,images/2405575.jpg
208,images/2338416.jpg
209,images/2372708.jpg
210,images/2411012.jpg
211,images/2335078.jpg
212,images/2369997.jpg
213,images/2373613.jpg
214,images/2402707.jpg
215,images/2337686.jpg
216,images/2338762.jpg
217,images/2340505.jpg
218,images/2401555.jpg
219,images/2377325.jpg
220,images/2317764.jpg
221,images/2377255.jpg
222,images/2413166.jpg
223,images/2333321.jpg
224,images/2408324.jpg
225,images/2391390.jpg
226,images/2404757.jpg
227,images/2347198.jpg
228,images/2350900.jpg
229,images/2369867.jpg
230,images/2328258.jpg
231,images/2349994.jpg
232,images/2406806.jpg
233,images/2375097.jpg
234,images/2371082.jpg
235,images/2388878.jpg
236,images/2410144.jpg
237,images/2337404.jpg
238,images/2384243.jpg
239,images/2378477.jpg
240,images/2344649.jpg
241,images/2339958.jpg
242,images/2387214.jpg
243,images/2328570.jpg
244,images/2403564.jpg
245,images/2371695.jpg
246,images/2373581.jpg
247,images/2366556.jpg
248,images/2326898.jpg
249,images/2381542.jpg
250,images/2359186.jpg
251,images/2343843.jpg
252,images/2347119.jpg
253,images/2365930.jpg
254,images/2378178.jpg
255,images/2382390.jpg
256,images/2338098.jpg
257,images/2318737.jpg
258,images/2344622.jpg
259,images/2413065.jpg
260,images/2337548.jpg
261,images/2322420.jpg
262,images/2371747.jpg
263,images/2378620.jpg
264,images/2336619.jpg
265,images/2413062.jpg
266,images/2323350.jpg
267,images/2347958.jpg
268,images/2349067.jpg
269,images/2398618.jpg
270,images/2376123.jpg
271,images/2414031.jpg
272,images/2406171.jpg
273,images/2323229.jpg
274,images/2387750.jpg
275,images/2376971.jpg
276,images/2374442.jpg
277,images/2405438.jpg
278,images/2356023.jpg
279,images/2390497.jpg
280,images/2409848.jpg
281,images/2416021.jpg
282,images/2326267.jpg
283,images/2381795.jpg
284,images/2404061.jpg
285,images/2377814.jpg
286,images/2366443.jpg
287,images/2375840.jpg
288,images/2371381.jpg
289,images/2403785.jpg
290,images/2318723.jpg
291,images/2406732.jpg
292,images/2352254.jpg
293,images/2323389.jpg
294,images/150460.jpg
295,images/2348112.jpg
296,images/2383661.jpg
297,images/2334972.jpg
298,images/2367153.jpg
299,images/2382977.jpg
300,images/2386737.jpg
301,images/2399916.jpg
302,images/2375671.jpg
303,images/2409429.jpg
304,images/2402511.jpg
305,images/2334778.jpg
306,images/2363975.jpg
307,images/2384728.jpg
308,images/2388034.jpg
309,images/2320723.jpg
310,images/2396611.jpg
311,images/2383626.jpg
312,images/2397167.jpg
313,images/2374156.jpg
314,images/2347708.jpg
315,images/2384738.jpg
316,images/2334177.jpg
317,images/2368296.jpg
318,images/2317678.jpg
319,images/2391141.jpg
320,images/2377574.jpg
321,images/2351211.jpg
322,images/2412685.jpg
323,images/2326882.jpg
324,images/2319723.jpg
325,images/2364975.jpg
326,images/2403201.jpg
327,images/2395559.jpg
328,images/2362873.jpg
329,images/2398910.jpg
330,images/2316630.jpg
331,images/2387465.jpg
332,images/2389522.jpg
333,images/2337399.jpg
334,images/2347162.jpg
335,images/1159417.jpg
336,images/2354642.jpg
337,images/2353009.jpg
338,images/2402514.jpg
339,images/2327194.jpg
340,images/2330048.jpg
341,images/2336090.jpg
342,images/2385605.jpg
343,images/2341660.jpg
344,images/2368458.jpg
345,images/2392829.jpg
346,images/2391719.jpg
347,images/2320055.jpg
348,images/2373601.jpg
349,images/2366326.jpg
350,images/2316439.jpg
351,images/2320069.jpg
352,images/2369411.jpg
353,images/2381181.jpg
354,images/2416656.jpg
355,images/2338574.jpg
356,images/2381617.jpg
357,images/2337102.jpg
358,images/2386525.jpg
359,images/713936.jpg
360,images/2394932.jpg
361,images/2390878.jpg
362,images/2340064.jpg
363,images/2321805.jpg
364,images/2381823.jpg
365,images/2382757.jpg
366,images/2392850.jpg
367,images/2350463.jpg
368,images/2359610.jpg
369,images/2392210.jpg
370,images/2366274.jpg
371,images/2343843.jpg
372,images/713414.jpg
373,images/2364122.jpg
374,images/2327653.jpg
375,images/2376421.jpg
376,images/2356157.jpg
377,images/2378882.jpg
378,images/2338098.jpg
379,images/2337548.jpg
380,images/2386371.jpg
381,images/2346231.jpg
382,images/2348719.jpg
383,images/2315550.jpg
384,images/2339491.jpg
385,images/2316330.jpg
386,images/2319932.jpg
387,images/2391981.jpg
388,images/2389921.jpg
389,images/2357484.jpg
390,images/2323350.jpg
391,images/2343156.jpg
392,images/2385836.jpg
393,images/2406171.jpg
394,images/2394773.jpg
395,images/2323229.jpg
396,images/2322691.jpg
397,images/2387750.jpg
398,images/2374442.jpg
399,images/2416021.jpg
400,images/2417255.jpg
401,images/2404061.jpg
402,images/2377814.jpg
403,images/2403329.jpg
404,images/2343780.jpg
405,images/2375840.jpg
406,images/2388543.jpg
407,images/2338660.jpg
408,images/2399138.jpg
409,images/2408324.jpg
410,images/2321990.jpg
411,images/2391709.jpg
412,images/2363570.jpg
413,images/2383661.jpg
414,images/2386737.jpg
415,images/2390873.jpg
416,images/2398995.jpg
417,images/2357079.jpg
418,images/2369453.jpg
419,images/2375671.jpg
420,images/2369607.jpg
421,images/2338063.jpg
422,images/2371196.jpg
423,images/2319607.jpg
424,images/2384728.jpg
425,images/2396611.jpg
426,images/2383626.jpg
427,images/2316594.jpg
428,images/2386515.jpg
429,images/2384738.jpg
430,images/2337354.jpg
431,images/2334177.jpg
432,images/2368296.jpg
433,images/2391141.jpg
434,images/2377574.jpg
435,images/2351211.jpg
436,images/2360603.jpg
437,images/2319723.jpg
438,images/2403201.jpg
439,images/2337662.jpg
440,images/2362873.jpg
441,images/2316630.jpg
442,images/2387912.jpg
443,images/2398075.jpg
444,images/2401526.jpg
445,images/2416463.jpg
446,images/2368640.jpg
447,images/2379768.jpg
448,images/2353009.jpg
449,images/2395075.jpg
450,images/2326277.jpg
451,images/2330048.jpg
452,images/2338242.jpg
453,images/2321840.jpg
454,images/2368458.jpg
455,images/2349617.jpg
456,images/2320055.jpg
457,images/2415590.jpg
458,images/2330581.jpg
459,images/2399787.jpg
460,images/2369411.jpg
461,images/2329019.jpg
462,images/2349209.jpg
463,images/2330820.jpg
464,images/2381181.jpg
465,images/2416656.jpg
466,images/2338574.jpg
467,images/2383641.jpg
468,images/2337102.jpg
469,images/713936.jpg
470,images/2399276.jpg
471,images/2379821.jpg
472,images/2396479.jpg
473,images/2370358.jpg
474,images/2377724.jpg
475,images/2321805.jpg
476,images/2335548.jpg
477,images/2372150.jpg
478,images/2379860.jpg
479,images/2359186.jpg
480,images/2334778.jpg
481,images/2366274.jpg
482,images/2336090.jpg
483,images/2319607.jpg
484,images/2351231.jpg
485,images/2364431.jpg
486,images/2383626.jpg
487,images/2382390.jpg
488,images/2338098.jpg
489,images/2320055.jpg
490,images/2318737.jpg
491,images/2366443.jpg
492,images/2356168.jpg
493,images/2415590.jpg
494,images/2400096.jpg
495,images/2371381.jpg
496,images/2360468.jpg
497,images/2348978.jpg
498,images/2399138.jpg
499,images/2399787.jpg
500,images/2373601.jpg
501,images/2317678.jpg
502,images/2368296.jpg
503,images/2322420.jpg
504,images/2372124.jpg
505,images/2351211.jpg
506,images/2412685.jpg
507,images/2346231.jpg
508,images/2348719.jpg
509,images/2374289.jpg
510,images/150460.jpg
511,images/2348112.jpg
512,images/2330820.jpg
513,images/2319723.jpg
514,images/2330905.jpg
515,images/2362873.jpg
516,images/2363570.jpg
517,images/2334972.jpg
518,images/2336619.jpg
519,images/2331812.jpg
520,images/2387465.jpg
521,images/2337399.jpg
522,images/2381617.jpg
523,images/2413062.jpg
524,images/2347162.jpg
525,images/2365724.jpg
526,images/2337102.jpg
527,images/2347958.jpg
528,images/713936.jpg
529,images/2349067.jpg
530,images/2376123.jpg
531,images/2400119.jpg
532,images/2322691.jpg
533,images/2323229.jpg
534,images/2379768.jpg
535,images/2364843.jpg
536,images/2348423.jpg
537,images/2359725.jpg
538,images/2368029.jpg
539,images/2387385.jpg
540,images/2374615.jpg
541,images/2336090.jpg
542,images/2392120.jpg
543,images/2324064.jpg
544,images/2364617.jpg
545,images/2378882.jpg
546,images/2382390.jpg
547,images/713269.jpg
548,images/2375840.jpg
549,images/2400096.jpg
550,images/2403785.jpg
551,images/2348978.jpg
552,images/2338660.jpg
553,images/2399787.jpg
554,images/2322420.jpg
555,images/2371747.jpg
556,images/2320069.jpg
557,images/2378620.jpg
558,images/150460.jpg
559,images/2369280.jpg
560,images/2378777.jpg
561,images/2416656.jpg
562,images/2362873.jpg
563,images/2398910.jpg
564,images/2321952.jpg
565,images/2336619.jpg
566,images/2331812.jpg
567,images/2337399.jpg
568,images/2398075.jpg
569,images/2389522.jpg
570,images/2347162.jpg
571,images/2349067.jpg
572,images/2390878.jpg
573,images/2417434.jpg
574,images/2389607.jpg
575,images/2390497.jpg
576,images/2416021.jpg
577,images/2330607.jpg
578,images/2367704.jpg
579,images/2342361.jpg
580,images/2355258.jpg
581,images/2357546.jpg
582,images/2392120.jpg
583,images/2354973.jpg
584,images/2374156.jpg
585,images/2394511.jpg
586,images/2353340.jpg
587,images/2327337.jpg
588,images/2316968.jpg
589,images/2412539.jpg
590,images/2400368.jpg
591,images/2392574.jpg
592,images/2348529.jpg
593,images/713492.jpg
594,images/2389921.jpg
595,images/2387465.jpg
596,images/2323828.jpg
597,images/2375327.jpg
598,images/2360615.jpg
599,images/2409593.jpg
600,images/2351222.jpg
601,images/2406304.jpg
602,images/2378891.jpg
603,images/2366274.jpg
604,images/2372277.jpg
605,images/2319260.jpg
606,images/2326715.jpg
607,images/2413460.jpg
608,images/2356449.jpg
609,images/2378387.jpg
610,images/2325123.jpg
611,images/2345064.jpg
612,images/2382390.jpg
613,images/2405575.jpg
614,images/2378205.jpg
615,images/2368323.jpg
616,images/2377325.jpg
617,images/2340076.jpg
618,images/2377255.jpg
619,images/2333321.jpg
620,images/2408324.jpg
621,images/1593105.jpg
622,images/2391390.jpg
623,images/2375948.jpg
624,images/2375854.jpg
625,images/2404980.jpg
626,images/2329154.jpg
627,images/2406003.jpg
628,images/2342394.jpg
629,images/2410144.jpg
630,images/2378477.jpg
631,images/2409879.jpg
632,images/2387214.jpg
633,images/2371695.jpg
634,images/2373581.jpg
635,images/2320463.jpg
636,images/2408874.jpg
637,images/2395075.jpg
638,images/2317569.jpg
639,images/2369110.jpg
640,images/2365314.jpg
641,images/2360309.jpg
642,images/2372296.jpg
643,images/2332093.jpg
644,images/2403146.jpg
645,images/2417682.jpg
646,images/2356745.jpg
647,images/2370237.jpg
648,images/2393038.jpg
649,images/2335078.jpg
650,images/2365944.jpg
651,images/2368323.jpg
652,images/107962.jpg
653,images/2338762.jpg
654,images/2359998.jpg
655,images/2370817.jpg
656,images/2373001.jpg
657,images/2333321.jpg
658,images/2354797.jpg
659,images/2391390.jpg
660,images/2362900.jpg
661,images/2388878.jpg
662,images/2332813.jpg
663,images/2332523.jpg
664,images/2334353.jpg
665,images/2336954.jpg
666,images/2369317.jpg
667,images/2328570.jpg
668,images/2327663.jpg
669,images/2396599.jpg
670,images/2345284.jpg
671,images/2396073.jpg
672,images/2340326.jpg
673,images/2387786.jpg
674,images/2344978.jpg
675,images/2346380.jpg
676,images/2387763.jpg
677,images/2370237.jpg
678,images/2404980.jpg
679,images/2328570.jpg
680,images/2368323.jpg
681,images/2405710.jpg
682,images/2338997.jpg
683,images/2365314.jpg
684,images/107962.jpg
685,images/2331070.jpg
686,images/2403146.jpg
687,images/2339958.jpg
688,images/2351429.jpg
689,images/2344649.jpg
690,images/2326345.jpg
691,images/2325386.jpg
692,images/713414.jpg
693,images/2349445.jpg
694,images/2332588.jpg
695,images/2376421.jpg
696,images/2361058.jpg
697,images/2379491.jpg
698,images/2330907.jpg
699,images/713794.jpg
700,images/2368323.jpg
701,images/2387323.jpg
702,images/2321277.jpg
703,images/2326030.jpg
704,images/2383236.jpg
705,images/2371747.jpg
706,images/2406766.jpg
707,images/2406003.jpg
708,images/2372339.jpg
709,images/2347958.jpg
710,images/1159326.jpg
711,images/2347016.jpg
712,images/2336124.jpg
713,images/2318502.jpg
714,images/2387741.jpg
715,images/2354973.jpg
716,images/2389687.jpg
717,images/2403785.jpg
718,images/2406732.jpg
719,images/2374289.jpg
720,images/150460.jpg
721,images/2359364.jpg
722,images/2378744.jpg
723,images/2382977.jpg
724,images/2338890.jpg
725,images/2399916.jpg
726,images/2327526.jpg
727,images/2363536.jpg
728,images/2375986.jpg
729,images/3753.jpg
730,images/2412724.jpg
731,images/2338063.jpg
732,images/2384738.jpg
733,images/2402493.jpg
734,images/2368296.jpg
735,images/2367309.jpg
736,images/2412841.jpg
737,images/2376106.jpg
738,images/2403201.jpg
739,images/2337662.jpg
740,images/2404216.jpg
741,images/2365359.jpg
742,images/2354642.jpg
743,images/2402514.jpg
744,images/2416814.jpg
745,images/2348953.jpg
746,images/2406389.jpg
747,images/2345717.jpg
748,images/2338242.jpg
749,images/2373733.jpg
750,images/2390033.jpg
751,images/2380920.jpg
752,images/2371101.jpg
753,images/2353340.jpg
754,images/2359073.jpg
755,images/2399787.jpg
756,images/2408194.jpg
757,images/2390369.jpg
758,images/2378469.jpg
759,images/2375097.jpg
760,images/2337102.jpg
761,images/2399035.jpg
762,images/2406797.jpg
763,images/2377724.jpg
764,images/2326609.jpg
765,images/2382757.jpg
766,images/2350463.jpg
767,images/2352506.jpg
768,images/2361300.jpg
769,images/2416021.jpg
770,images/2393534.jpg
771,images/2367295.jpg
772,images/2371963.jpg
773,images/2325123.jpg
774,images/2337067.jpg
775,images/2359119.jpg
776,images/2386734.jpg
777,images/1593105.jpg
778,images/713492.jpg
779,images/2350900.jpg
780,images/2321952.jpg
781,images/2334327.jpg
782,images/2359483.jpg
783,images/2342644.jpg
784,images/2358235.jpg
785,images/2386169.jpg
786,images/2370358.jpg
787,images/2352397.jpg
788,images/2351067.jpg
789,images/2386317.jpg
790,images/2414309.jpg
791,images/2363195.jpg
792,images/2337918.jpg
793,images/2353437.jpg
794,images/2409821.jpg
795,images/2372550.jpg
796,images/2362306.jpg
797,images/2398751.jpg
798,images/2331234.jpg
799,images/2373548.jpg
800,images/2390255.jpg
801,images/2329389.jpg
802,images/2343475.jpg
803,images/4759.jpg
804,images/2371952.jpg
805,images/2405231.jpg
806,images/2351221.jpg
807,images/2376198.jpg
808,images/2356503.jpg
809,images/2374500.jpg
810,images/2404899.jpg
811,images/2337490.jpg
812,images/2362090.jpg
813,images/2371015.jpg
814,images/2408492.jpg
815,images/2398234.jpg
816,images/2320521.jpg
817,images/2317705.jpg
818,images/2407329.jpg
819,images/2351368.jpg
820,images/2347541.jpg
821,images/2398622.jpg
822,images/2378853.jpg
823,images/2370817.jpg
824,images/2335062.jpg
825,images/2318716.jpg
826,images/2386483.jpg
827,images/2381118.jpg
828,images/2362254.jpg
829,images/2354145.jpg
830,images/2350187.jpg
831,images/2393021.jpg
832,images/2326868.jpg
833,images/2386038.jpg
834,images/2338063.jpg
835,images/2383592.jpg
836,images/2392688.jpg
837,images/2351231.jpg
838,images/2349617.jpg
839,images/2403329.jpg
840,images/2345671.jpg
841,images/713269.jpg
842,images/2374156.jpg
843,images/2344622.jpg
844,images/2337354.jpg
845,images/2412539.jpg
846,images/2320763.jpg
847,images/2399787.jpg
848,images/2335822.jpg
849,images/2406732.jpg
850,images/2412685.jpg
851,images/2406766.jpg
852,images/2384565.jpg
853,images/2348112.jpg
854,images/2340015.jpg
855,images/2336619.jpg
856,images/2387465.jpg
857,images/2383641.jpg
858,images/2389522.jpg
859,images/2386169.jpg
860,images/713936.jpg
861,images/1159417.jpg
862,images/1592349.jpg
863,images/2410326.jpg
864,images/2356120.jpg
865,images/2379768.jpg
866,images/2374442.jpg
867,images/2405438.jpg
868,images/2339150.jpg
869,images/2400096.jpg
870,images/2375386.jpg
871,images/2400983.jpg
872,images/2337399.jpg
873,images/2334327.jpg
874,images/2402514.jpg
875,images/2414309.jpg
876,images/2377574.jpg
877,images/1159344.jpg
878,images/2374615.jpg
879,images/2365930.jpg
880,images/2336090.jpg
881,images/2404061.jpg
882,images/2341660.jpg
883,images/2361058.jpg
884,images/2318737.jpg
885,images/2375840.jpg
886,images/2340479.jpg
887,images/2388543.jpg
888,images/2384738.jpg
889,images/2371381.jpg
890,images/2359073.jpg
891,images/2369743.jpg
892,images/2373601.jpg
893,images/2351211.jpg
894,images/2412685.jpg
895,images/2378620.jpg
896,images/2406863.jpg
897,images/2342803.jpg
898,images/2399043.jpg
899,images/2319932.jpg
900,images/2346371.jpg
901,images/2402810.jpg
902,images/2395559.jpg
903,images/2334972.jpg
904,images/2336619.jpg
905,images/2367153.jpg
906,images/2389522.jpg
907,images/2347162.jpg
908,images/2358235.jpg
909,images/713936.jpg
910,images/2349067.jpg
911,images/2398618.jpg
912,images/2386737.jpg
913,images/2374046.jpg
914,images/2347016.jpg
915,images/2353942.jpg
916,images/2390878.jpg
917,images/2373359.jpg
918,images/2411533.jpg
919,images/2375671.jpg
920,images/2409429.jpg
921,images/2374442.jpg
922,images/2405438.jpg
923,images/2327526.jpg
924,images/2356168.jpg
925,images/2382974.jpg
926,images/2372277.jpg
927,images/2325665.jpg
928,images/2414530.jpg
929,images/2404280.jpg
930,images/2406304.jpg
931,images/2387451.jpg
932,images/2385325.jpg
933,images/2412685.jpg
934,images/1159344.jpg
935,images/2371118.jpg
936,images/2409702.jpg
937,images/2413920.jpg
938,images/2371043.jpg
939,images/2378301.jpg
940,images/2387912.jpg
941,images/2364415.jpg
942,images/2415546.jpg
943,images/2330673.jpg
944,images/2315974.jpg
945,images/2371162.jpg
946,images/2399276.jpg
947,images/2407780.jpg
948,images/2320584.jpg
949,images/2369453.jpg
950,images/2340015.jpg
951,images/2335822.jpg
952,images/2364431.jpg
953,images/713269.jpg
954,images/2406766.jpg
955,images/1592349.jpg
956,images/2368640.jpg
957,images/2337662.jpg
958,images/2408809.jpg
959,images/2389921.jpg
960,images/2369453.jpg
961,images/2387912.jpg
962,images/2342394.jpg
963,images/285682.jpg
964,images/2349617.jpg
965,images/2378882.jpg
966,images/2345671.jpg
967,images/2388884.jpg
968,images/2392176.jpg
969,images/2356120.jpg
970,images/2405446.jpg
971,images/2407287.jpg
972,images/2390524.jpg
973,images/2321952.jpg
974,images/285735.jpg
975,images/2374041.jpg
976,images/2385325.jpg
977,images/2371528.jpg
978,images/2387395.jpg
979,images/2359938.jpg
980,images/2409697.jpg
981,images/2316169.jpg
982,images/2410817.jpg
983,images/2335476.jpg
984,images/2318441.jpg
985,images/2322259.jpg
986,images/2374573.jpg
987,images/2323804.jpg
988,images/2356619.jpg
989,images/2373351.jpg
990,images/2381417.jpg
991,images/2384517.jpg
992,images/2375883.jpg
993,images/2324546.jpg
994,images/2353501.jpg
995,images/2402353.jpg
996,images/1592181.jpg
997,images/2408562.jpg
998,images/2391492.jpg
999,images/2393362.jpg
1000,images/2415617.jpg
1001,images/2407227.jpg
1002,images/2379484.jpg
1003,images/2382042.jpg
1004,images/2363530.jpg
1005,images/2348412.jpg
1006,images/2343433.jpg
1007,images/2394449.jpg
1008,images/2368409.jpg
1009,images/2371032.jpg
1010,images/2376104.jpg
1011,images/2355266.jpg
1012,images/2347216.jpg
1013,images/2387995.jpg
1014,images/2387140.jpg
1015,images/2377704.jpg
1016,images/2370727.jpg
1017,images/498019.jpg
1018,images/2320410.jpg
1019,images/2358897.jpg
1020,images/2388985.jpg
1021,images/2315606.jpg
1022,images/2338488.jpg
1023,images/2360562.jpg
1024,images/2377429.jpg
1025,images/722.jpg
1026,images/2414301.jpg
1027,images/2413346.jpg
1028,images/2379730.jpg
1029,images/2377018.jpg
1030,images/2386795.jpg
1031,images/2417191.jpg
1032,images/2333478.jpg
1033,images/2334261.jpg
1034,images/2368734.jpg
1035,images/2373754.jpg
1036,images/2320636.jpg
1037,images/2350677.jpg
1038,images/2328869.jpg
1039,images/2361529.jpg
1040,images/2361415.jpg
1041,images/2382399.jpg
1042,images/2346200.jpg
1043,images/2379063.jpg
1044,images/2392123.jpg
1045,images/2329292.jpg
1046,images/2394272.jpg
1047,images/2413880.jpg
1048,images/1160042.jpg
1049,images/2395104.jpg
1050,images/2347070.jpg
1051,images/2384455.jpg
1052,images/2383229.jpg
1053,images/2400986.jpg
1054,images/2341652.jpg
1055,images/2376475.jpg
1056,images/2343137.jpg
1057,images/2349888.jpg
1058,images/2387128.jpg
1059,images/2394611.jpg
1060,images/2371922.jpg
1061,images/588.jpg
1062,images/2404081.jpg
1063,images/2353948.jpg
1064,images/2331177.jpg
1065,images/2402346.jpg
1066,images/2361824.jpg
1067,images/1831.jpg
1068,images/2383252.jpg
1069,images/1592440.jpg
1070,images/2332528.jpg
1071,images/2364444.jpg
1072,images/2385453.jpg
1073,images/2365847.jpg
1074,images/2397601.jpg
1075,images/2329347.jpg
1076,images/2414471.jpg
1077,images/2399233.jpg
1078,images/2366841.jpg
1079,images/2343165.jpg
1080,images/2415707.jpg
1081,images/2359950.jpg
1082,images/1159610.jpg
1083,images/2334223.jpg
1084,images/2367351.jpg
1085,images/2414764.jpg
1086,images/2375612.jpg
1087,images/2404537.jpg
1088,images/2331500.jpg
1089,images/2318308.jpg
1090,images/2415470.jpg
1091,images/2392197.jpg
1092,images/2412423.jpg
1093,images/2379225.jpg
1094,images/2322106.jpg
1095,images/2415110.jpg
1096,images/2400135.jpg
1097,images/2381402.jpg
1098,images/2392036.jpg
1099,images/2398619.jpg
1100,images/2411533.jpg
1101,images/2363812.jpg
1102,images/2406866.jpg
1103,images/2325485.jpg
1104,images/2356123.jpg
1105,images/2379667.jpg
1106,images/2357995.jpg
1107,images/2368944.jpg
1108,images/2413820.jpg
1109,images/2389504.jpg
1110,images/2325387.jpg
1111,images/3424.jpg
1112,images/2315716.jpg
1113,images/2348342.jpg
1114,images/2407435.jpg
1115,images/2388687.jpg
1116,images/2405419.jpg
1117,images/2382121.jpg
1118,images/2389127.jpg
1119,images/2354002.jpg
1120,images/2326167.jpg
1121,images/2402665.jpg
1122,images/2337421.jpg
1123,images/2342900.jpg
1124,images/2324234.jpg
1125,images/2352286.jpg
1126,images/2414053.jpg
1127,images/2406798.jpg
1128,images/2369147.jpg
1129,images/2361561.jpg
1130,images/2329428.jpg
1131,images/2391621.jpg
1132,images/2319334.jpg
1133,images/2376077.jpg
1134,images/2360774.jpg
1135,images/2393911.jpg
1136,images/2345905.jpg
1137,images/2385023.jpg
1138,images/2329691.jpg
1139,images/2407878.jpg
1140,images/2360221.jpg
1141,images/2321557.jpg
1142,images/2348551.jpg
1143,images/2414629.jpg
1144,images/2393935.jpg
1145,images/2403710.jpg
1146,images/2402737.jpg
1147,images/2377469.jpg
1148,images/2400408.jpg
1149,images/2364719.jpg
1150,images/2400642.jpg
1151,images/2322354.jpg
1152,images/2356624.jpg
1153,images/2397167.jpg
1154,images/2344647.jpg
1155,images/2416114.jpg
1156,images/2378582.jpg
1157,images/1592252.jpg
1158,images/2365964.jpg
1159,images/2416279.jpg
1160,images/2379154.jpg
1161,images/2365164.jpg
1162,images/285650.jpg
1163,images/2396988.jpg
1164,images/2371647.jpg
1165,images/2356036.jpg
1166,images/2318384.jpg
1167,images/2318049.jpg
1168,images/2359181.jpg
1169,images/2388411.jpg
1170,images/2409094.jpg
1171,images/2330481.jpg
1172,images/2322764.jpg
1173,images/2403205.jpg
1174,images/2383170.jpg
1175,images/2316789.jpg
1176,images/2340178.jpg
1177,images/2362530.jpg
1178,images/2399443.jpg
1179,images/2376697.jpg
1180,images/2402984.jpg
1181,images/2330759.jpg
1182,images/2395632.jpg
1183,images/2349696.jpg
1184,images/2416234.jpg
1185,images/2380921.jpg
1186,images/2353644.jpg
1187,images/2363971.jpg
1188,images/2395166.jpg
1189,images/2393573.jpg
1190,images/2352906.jpg
1191,images/2397787.jpg
1192,images/2336458.jpg
1193,images/2406821.jpg
1194,images/2367512.jpg
1195,images/2393152.jpg
1196,images/2323367.jpg
1197,images/2370877.jpg
1198,images/2316030.jpg
1199,images/2356877.jpg
1200,images/2391849.jpg
1201,images/2315875.jpg
1202,images/2401902.jpg
1203,images/2335375.jpg
1204,images/2341368.jpg
1205,images/2404245.jpg
1206,images/2417119.jpg
1207,images/2323280.jpg
1208,images/2316688.jpg
1209,images/2413945.jpg
1210,images/2355519.jpg
1211,images/2365507.jpg
1212,images/2407605.jpg
1213,images/308.jpg
1214,images/2320118.jpg
1215,images/2412325.jpg
1216,images/2338677.jpg
1217,images/2406272.jpg
1218,images/2413856.jpg
1219,images/2359038.jpg
1220,images/713048.jpg
1221,images/1592560.jpg
1222,images/2362800.jpg
1223,images/2355121.jpg
1224,images/2416836.jpg
1225,images/2372773.jpg
1226,images/2380863.jpg
1227,images/2399755.jpg
1228,images/2372332.jpg
1229,images/2395207.jpg
1230,images/2377106.jpg
1231,images/2395806.jpg
1232,images/2371249.jpg
1233,images/2334244.jpg
1234,images/2353942.jpg
1235,images/2377474.jpg
1236,images/2355579.jpg
1237,images/2317093.jpg
1238,images/2347727.jpg
1239,images/2353381.jpg
1240,images/2348791.jpg
1241,images/2394647.jpg
1242,images/2386134.jpg
1243,images/2380064.jpg
1244,images/2382466.jpg
1245,images/2324193.jpg
1246,images/2377946.jpg
1247,images/2411557.jpg
1248,images/2318369.jpg
1249,images/2407734.jpg
1250,images/2318692.jpg
1251,images/2335936.jpg
1252,images/2348065.jpg
1253,images/2328085.jpg
1254,images/2329456.jpg
1255,images/2387472.jpg
1256,images/2412794.jpg
1257,images/713479.jpg
1258,images/2386512.jpg
1259,images/2366052.jpg
1260,images/2360443.jpg
1261,images/2339221.jpg
1262,images/2409740.jpg
1263,images/2411786.jpg
1264,images/2335189.jpg
1265,images/2386435.jpg
1266,images/2406283.jpg
1267,images/2367636.jpg
1268,images/2347373.jpg
1269,images/2347725.jpg
1270,images/2370001.jpg
1271,images/2413586.jpg
1272,images/2397768.jpg
1273,images/2416883.jpg
1274,images/2393173.jpg
1275,images/2358659.jpg
1276,images/2326052.jpg
1277,images/2333137.jpg
1278,images/2333690.jpg
1279,images/2389743.jpg
1280,images/2404163.jpg
1281,images/2352844.jpg
1282,images/2328709.jpg
1283,images/2409292.jpg
1284,images/2357329.jpg
1285,images/2350300.jpg
1286,images/2344997.jpg
1287,images/2341651.jpg
1288,images/2354029.jpg
1289,images/2400968.jpg
1290,images/2380470.jpg
1291,images/2377691.jpg
1292,images/2399755.jpg
1293,images/2417730.jpg
1294,images/2335451.jpg
1295,images/2334564.jpg
1296,images/2359938.jpg
1297,images/2316169.jpg
1298,images/2403391.jpg
1299,images/2374573.jpg
1300,images/2323804.jpg
1301,images/2356619.jpg
1302,images/2373351.jpg
1303,images/2374386.jpg
1304,images/2384339.jpg
1305,images/2324546.jpg
1306,images/2366961.jpg
1307,images/2408562.jpg
1308,images/2366353.jpg
1309,images/2380237.jpg
1310,images/2361930.jpg
1311,images/2348946.jpg
1312,images/2415617.jpg
1313,images/2317995.jpg
1314,images/2393765.jpg
1315,images/2358614.jpg
1316,images/2324236.jpg
1317,images/2360057.jpg
1318,images/2371420.jpg
1319,images/2352484.jpg
1320,images/2348412.jpg
1321,images/2343433.jpg
1322,images/2330356.jpg
1323,images/2368409.jpg
1324,images/2357994.jpg
1325,images/2371032.jpg
1326,images/1593164.jpg
1327,images/286019.jpg
1328,images/2317781.jpg
1329,images/2377704.jpg
1330,images/2394992.jpg
1331,images/2377932.jpg
1332,images/498019.jpg
1333,images/2370415.jpg
1334,images/2320410.jpg
1335,images/2358897.jpg
1336,images/2358221.jpg
1337,images/2332586.jpg
1338,images/713188.jpg
1339,images/2388985.jpg
1340,images/2382504.jpg
1341,images/2315606.jpg
1342,images/2407510.jpg
1343,images/2338488.jpg
1344,images/2330218.jpg
1345,images/2382139.jpg
1346,images/2325354.jpg
1347,images/2414301.jpg
1348,images/2413346.jpg
1349,images/2323635.jpg
1350,images/1592139.jpg
1351,images/2385923.jpg
1352,images/2376794.jpg
1353,images/2377018.jpg
1354,images/2405157.jpg
1355,images/2393332.jpg
1356,images/2382301.jpg
1357,images/2412687.jpg
1358,images/2337026.jpg
1359,images/2351814.jpg
1360,images/2409245.jpg
1361,images/2368734.jpg
1362,images/2414515.jpg
1363,images/2320636.jpg
1364,images/2377157.jpg
1365,images/2350677.jpg
1366,images/2361415.jpg
1367,images/2382399.jpg
1368,images/2363708.jpg
1369,images/2357723.jpg
1370,images/2368834.jpg
1371,images/2398862.jpg
1372,images/2392123.jpg
1373,images/2403124.jpg
1374,images/2394272.jpg
1375,images/2414707.jpg
1376,images/2367331.jpg
1377,images/2377375.jpg
1378,images/2337084.jpg
1379,images/2413880.jpg
1380,images/1160042.jpg
1381,images/1592176.jpg
1382,images/2341651.jpg
1383,images/2381352.jpg
1384,images/2391800.jpg
1385,images/2364372.jpg
1386,images/2395104.jpg
1387,images/2347070.jpg
1388,images/2344629.jpg
1389,images/2316075.jpg
1390,images/2383229.jpg
1391,images/713406.jpg
1392,images/2400986.jpg
1393,images/2329565.jpg
1394,images/2356473.jpg
1395,images/2391053.jpg
1396,images/2358354.jpg
1397,images/2325645.jpg
1398,images/2390441.jpg
1399,images/2417574.jpg
1400,images/2386443.jpg
1401,images/2343137.jpg
1402,images/2342016.jpg
1403,images/2367813.jpg
1404,images/2372770.jpg
1405,images/2345520.jpg
1406,images/2337303.jpg
1407,images/2394611.jpg
1408,images/723.jpg
1409,images/2329720.jpg
1410,images/2328709.jpg
1411,images/2404081.jpg
1412,images/2354494.jpg
1413,images/2333590.jpg
1414,images/1831.jpg
1415,images/2320476.jpg
1416,images/2351380.jpg
1417,images/2383252.jpg
1418,images/2415422.jpg
1419,images/2332528.jpg
1420,images/2364444.jpg
1421,images/2387897.jpg
1422,images/2395217.jpg
1423,images/2411201.jpg
1424,images/2387137.jpg
1425,images/2342372.jpg
1426,images/2320868.jpg
1427,images/2412671.jpg
1428,images/2372046.jpg
1429,images/2320655.jpg
1430,images/2378475.jpg
1431,images/2369591.jpg
1432,images/2318934.jpg
1433,images/2336234.jpg
1434,images/2408745.jpg
1435,images/2335060.jpg
1436,images/2366841.jpg
1437,images/2401124.jpg
1438,images/2327346.jpg
1439,images/2343165.jpg
1440,images/2384081.jpg
1441,images/2359950.jpg
1442,images/2376639.jpg
1443,images/2329647.jpg
1444,images/2366946.jpg
1445,images/2326452.jpg
1446,images/2334223.jpg
1447,images/2414764.jpg
1448,images/285822.jpg
1449,images/2370344.jpg
1450,images/2331500.jpg
1451,images/2403149.jpg
1452,images/2392197.jpg
1453,images/2382281.jpg
1454,images/2414354.jpg
1455,images/2372856.jpg
1456,images/2345532.jpg
1457,images/2360542.jpg
1458,images/2412423.jpg
1459,images/2358778.jpg
1460,images/2359049.jpg
1461,images/2350312.jpg
1462,images/2374930.jpg
1463,images/2415110.jpg
1464,images/2344769.jpg
1465,images/285707.jpg
1466,images/2381402.jpg
1467,images/2392036.jpg
1468,images/2357556.jpg
1469,images/2406866.jpg
1470,images/2334958.jpg
1471,images/2317257.jpg
1472,images/2358936.jpg
1473,images/2336716.jpg
1474,images/2319335.jpg
1475,images/2342517.jpg
1476,images/2363026.jpg
1477,images/2350609.jpg
1478,images/2331525.jpg
1479,images/2367272.jpg
1480,images/2345593.jpg
1481,images/2417801.jpg
1482,images/2351210.jpg
1483,images/2317573.jpg
1484,images/2356330.jpg
1485,images/2370145.jpg
1486,images/2385858.jpg
1487,images/2315716.jpg
1488,images/2396549.jpg
1489,images/2404956.jpg
1490,images/2360637.jpg
1491,images/2348342.jpg
1492,images/2342359.jpg
1493,images/2388743.jpg
1494,images/2368196.jpg
1495,images/2319521.jpg
1496,images/2333895.jpg
1497,images/2348603.jpg
1498,images/2350150.jpg
1499,images/2371995.jpg
1500,images/2405419.jpg
1501,images/2354002.jpg
1502,images/2368426.jpg
1503,images/2401877.jpg
1504,images/2326167.jpg
1505,images/2351824.jpg
1506,images/2402665.jpg
1507,images/2321841.jpg
1508,images/2361091.jpg
1509,images/2342900.jpg
1510,images/2330214.jpg
1511,images/2383516.jpg
1512,images/2352286.jpg
1513,images/2406301.jpg
1514,images/2361103.jpg
1515,images/2351186.jpg
1516,images/2406798.jpg
1517,images/2369147.jpg
1518,images/2377194.jpg
1519,images/2361561.jpg
1520,images/2319334.jpg
1521,images/2360774.jpg
1522,images/2404862.jpg
1523,images/2393911.jpg
1524,images/2365471.jpg
1525,images/2413539.jpg
1526,images/2385023.jpg
1527,images/2329885.jpg
1528,images/2387430.jpg
1529,images/2360221.jpg
1530,images/2405624.jpg
1531,images/2380760.jpg
1532,images/2346390.jpg
1533,images/2380687.jpg
1534,images/2394065.jpg
1535,images/497973.jpg
1536,images/2364866.jpg
1537,images/2331774.jpg
1538,images/2379912.jpg
1539,images/2351477.jpg
1540,images/2369860.jpg
1541,images/2402737.jpg
1542,images/2375053.jpg
1543,images/2330673.jpg
1544,images/2352588.jpg
1545,images/2391488.jpg
1546,images/2333861.jpg
1547,images/1592658.jpg
1548,images/2361800.jpg
1549,images/2390652.jpg
1550,images/2318179.jpg
1551,images/2321342.jpg
1552,images/2344647.jpg
1553,images/2416114.jpg
1554,images/2364424.jpg
1555,images/2392115.jpg
1556,images/2416279.jpg
1557,images/2405708.jpg
1558,images/2394882.jpg
1559,images/2365164.jpg
1560,images/2394890.jpg
1561,images/2396988.jpg
1562,images/2403048.jpg
1563,images/2348134.jpg
1564,images/2340498.jpg
1565,images/2371647.jpg
1566,images/2318384.jpg
1567,images/2316723.jpg
1568,images/2318049.jpg
1569,images/2380409.jpg
1570,images/2359181.jpg
1571,images/2388411.jpg
1572,images/2321511.jpg
1573,images/2350109.jpg
1574,images/2359753.jpg
1575,images/2355727.jpg
1576,images/2367186.jpg
1577,images/2374739.jpg
1578,images/2340353.jpg
1579,images/2322764.jpg
1580,images/2366617.jpg
1581,images/2316789.jpg
1582,images/2333842.jpg
1583,images/2322281.jpg
1584,images/2395632.jpg
1585,images/2373955.jpg
1586,images/2318999.jpg
1587,images/2405853.jpg
1588,images/2388607.jpg
1589,images/2373751.jpg
1590,images/2363971.jpg
1591,images/2364024.jpg
1592,images/2359576.jpg
1593,images/2317661.jpg
1594,images/2395166.jpg
1595,images/2393573.jpg
1596,images/2352906.jpg
1597,images/2397787.jpg
1598,images/2373696.jpg
1599,images/2400991.jpg
1600,images/2390235.jpg
1601,images/2353356.jpg
1602,images/2406821.jpg
1603,images/2364515.jpg
1604,images/2346157.jpg
1605,images/2367512.jpg
1606,images/2382814.jpg
1607,images/2370.jpg
1608,images/2341577.jpg
1609,images/2356877.jpg
1610,images/2391849.jpg
1611,images/2396164.jpg
1612,images/2388197.jpg
1613,images/2345151.jpg
1614,images/2335375.jpg
1615,images/2329537.jpg
1616,images/2341368.jpg
1617,images/2417119.jpg
1618,images/2359224.jpg
1619,images/2362620.jpg
1620,images/1592443.jpg
1621,images/2344149.jpg
1622,images/2375426.jpg
1623,images/2365507.jpg
1624,images/2339803.jpg
1625,images/2407605.jpg
1626,images/2398532.jpg
1627,images/2377573.jpg
1628,images/2320118.jpg
1629,images/2338677.jpg
1630,images/2350300.jpg
1631,images/2413856.jpg
1632,images/2359038.jpg
1633,images/2371440.jpg
1634,images/2344110.jpg
1635,images/2340500.jpg
1636,images/2324914.jpg
1637,images/2368671.jpg
1638,images/2416475.jpg
1639,images/2390039.jpg
1640,images/2355121.jpg
1641,images/2380863.jpg
1642,images/2324410.jpg
1643,images/4592.jpg
1644,images/2365030.jpg
1645,images/2326497.jpg
1646,images/2409092.jpg
1647,images/2373458.jpg
1648,images/2339336.jpg
1649,images/2380985.jpg
1650,images/2395520.jpg
1651,images/2408755.jpg
1652,images/2394647.jpg
1653,images/2331644.jpg
1654,images/2369450.jpg
1655,images/2324536.jpg
1656,images/2318635.jpg
1657,images/2400563.jpg
1658,images/2318369.jpg
1659,images/2407734.jpg
1660,images/2318692.jpg
1661,images/2379710.jpg
1662,images/2374798.jpg
1663,images/2335936.jpg
1664,images/2396422.jpg
1665,images/2338103.jpg
1666,images/2339367.jpg
1667,images/2396753.jpg
1668,images/2383956.jpg
1669,images/2339890.jpg
1670,images/2385897.jpg
1671,images/2374913.jpg
1672,images/2417150.jpg
1673,images/2386512.jpg
1674,images/2406155.jpg
1675,images/2350595.jpg
1676,images/2366052.jpg
1677,images/2360443.jpg
1678,images/2409740.jpg
1679,images/2347526.jpg
1680,images/2411786.jpg
1681,images/2335189.jpg
1682,images/2406283.jpg
1683,images/2367636.jpg
1684,images/2347373.jpg
1685,images/2363267.jpg
1686,images/2333871.jpg
1687,images/2345544.jpg
1688,images/2361973.jpg
1689,images/2370001.jpg
1690,images/2413586.jpg
1691,images/2397768.jpg
1692,images/2341743.jpg
1693,images/2416883.jpg
1694,images/2344583.jpg
1695,images/2324192.jpg
1696,images/2380091.jpg
1697,images/2358659.jpg
1698,images/2392586.jpg
1699,images/2362928.jpg
1700,images/2325492.jpg
1701,images/2333690.jpg
1702,images/2389743.jpg
1703,images/2370923.jpg
1704,images/2367842.jpg
1705,images/2392123.jpg
1706,images/2390732.jpg
1707,images/2316038.jpg
1708,images/2416855.jpg
1709,images/2379667.jpg
1710,images/2339453.jpg
1711,images/107967.jpg
1712,images/2338012.jpg
1713,images/2388171.jpg
1714,images/2408746.jpg
1715,images/2393918.jpg
1716,images/2369089.jpg
1717,images/2346902.jpg
1718,images/285822.jpg
1719,images/2354523.jpg
1720,images/2371675.jpg
1721,images/2357815.jpg
1722,images/2372493.jpg
1723,images/2352782.jpg
1724,images/2329912.jpg
1725,images/2399755.jpg
1726,images/2351550.jpg
1727,images/2380863.jpg
1728,images/2417890.jpg
1729,images/2362606.jpg
1730,images/2414629.jpg
1731,images/2398047.jpg
1732,images/2399207.jpg
1733,images/2370660.jpg
1734,images/1592385.jpg
1735,images/2378872.jpg
1736,images/2402433.jpg
1737,images/2337684.jpg
1738,images/2351815.jpg
1739,images/2373754.jpg
1740,images/2359911.jpg
1741,images/2370819.jpg
1742,images/2349742.jpg
1743,images/2337628.jpg
1744,images/2321113.jpg
1745,images/2369.jpg
1746,images/2394687.jpg
1747,images/2332339.jpg
1748,images/2334244.jpg
1749,images/2402597.jpg
1750,images/2389743.jpg
1751,images/2374749.jpg
1752,images/2381618.jpg
1753,images/2373696.jpg
1754,images/2339161.jpg
1755,images/2401124.jpg
1756,images/2360436.jpg
1757,images/2319880.jpg
1758,images/2411487.jpg
1759,images/2414213.jpg
1760,images/2343433.jpg
1761,images/2383550.jpg
1762,images/2388687.jpg
1763,images/2405419.jpg
1764,images/2331063.jpg
1765,images/2386443.jpg
1766,images/2393152.jpg
1767,images/2323367.jpg
1768,images/2382082.jpg
1769,images/2372721.jpg
1770,images/2345384.jpg
1771,images/2372037.jpg
1772,images/2316030.jpg
1773,images/2346815.jpg
1774,images/2400608.jpg
1775,images/2404081.jpg
1776,images/2376950.jpg
1777,images/2340388.jpg
1778,images/2381777.jpg
1779,images/2363530.jpg
1780,images/2352573.jpg
1781,images/2354475.jpg
1782,images/2350468.jpg
1783,images/2368057.jpg
1784,images/2345635.jpg
1785,images/2380760.jpg
1786,images/2406607.jpg
1787,images/2377113.jpg
1788,images/2348253.jpg
1789,images/2339341.jpg
1790,images/2339770.jpg
1791,images/2409721.jpg
1792,images/2344234.jpg
1793,images/2354569.jpg
1794,images/2357485.jpg
1795,images/2349288.jpg
1796,images/2336027.jpg
1797,images/2348502.jpg
1798,images/2417487.jpg
1799,images/2335060.jpg
1800,images/2324403.jpg
1801,images/2354471.jpg
1802,images/2346637.jpg
1803,images/2392565.jpg
1804,images/2379730.jpg
1805,images/2343526.jpg
1806,images/2334223.jpg
1807,images/2368054.jpg
1808,images/2366676.jpg
1809,images/2318179.jpg
1810,images/2392202.jpg
1811,images/2388726.jpg
1812,images/2332607.jpg
1813,images/2407612.jpg
1814,images/2404537.jpg
1815,images/2393332.jpg
1816,images/2371402.jpg
1817,images/2320542.jpg
1818,images/2412342.jpg
1819,images/2416731.jpg
1820,images/2356259.jpg
1821,images/2403048.jpg
1822,images/2355172.jpg
1823,images/2392036.jpg
1824,images/2362161.jpg
1825,images/2335823.jpg
1826,images/2364766.jpg
1827,images/2368610.jpg
1828,images/2323342.jpg
1829,images/2412794.jpg
1830,images/713680.jpg
1831,images/2410221.jpg
1832,images/2397204.jpg
1833,images/2388263.jpg
1834,images/2322764.jpg
1835,images/2350325.jpg
1836,images/2350595.jpg
1837,images/2327364.jpg
1838,images/2384455.jpg
1839,images/2368925.jpg
1840,images/2339561.jpg
1841,images/2345931.jpg
1842,images/2397768.jpg
1843,images/2365285.jpg
1844,images/2324192.jpg
1845,images/2340709.jpg
1846,images/2381223.jpg
1847,images/2342008.jpg
1848,images/2339161.jpg
1849,images/2392675.jpg
1850,images/2334564.jpg
1851,images/2315539.jpg
1852,images/2359938.jpg
1853,images/2336712.jpg
1854,images/2409697.jpg
1855,images/2410817.jpg
1856,images/2350336.jpg
1857,images/2395684.jpg
1858,images/2417732.jpg
1859,images/2326960.jpg
1860,images/2350995.jpg
1861,images/2381417.jpg
1862,images/2341071.jpg
1863,images/2384517.jpg
1864,images/2397585.jpg
1865,images/2375883.jpg
1866,images/2382688.jpg
1867,images/2384339.jpg
1868,images/2324546.jpg
1869,images/2366961.jpg
1870,images/2376950.jpg
1871,images/2361930.jpg
1872,images/2351205.jpg
1873,images/2409085.jpg
1874,images/2415617.jpg
1875,images/2393765.jpg
1876,images/2381209.jpg
1877,images/2358614.jpg
1878,images/2324236.jpg
1879,images/2379484.jpg
1880,images/2344455.jpg
1881,images/2386513.jpg
1882,images/2413278.jpg
1883,images/2412702.jpg
1884,images/2352484.jpg
1885,images/2343433.jpg
1886,images/2394449.jpg
1887,images/2330356.jpg
1888,images/2357994.jpg
1889,images/2371032.jpg
1890,images/2404933.jpg
1891,images/2345831.jpg
1892,images/2355266.jpg
1893,images/2370203.jpg
1894,images/1593164.jpg
1895,images/286019.jpg
1896,images/2380834.jpg
1897,images/2377704.jpg
1898,images/2400374.jpg
1899,images/2377932.jpg
1900,images/498019.jpg
1901,images/2351550.jpg
1902,images/2320410.jpg
1903,images/2358221.jpg
1904,images/2414534.jpg
1905,images/2324645.jpg
1906,images/2331066.jpg
1907,images/2315606.jpg
1908,images/2407510.jpg
1909,images/2316809.jpg
1910,images/2360562.jpg
1911,images/2362379.jpg
1912,images/1591917.jpg
1913,images/2346637.jpg
1914,images/2325354.jpg
1915,images/722.jpg
1916,images/2414301.jpg
1917,images/2413346.jpg
1918,images/2323635.jpg
1919,images/2343526.jpg
1920,images/2392202.jpg
1921,images/2385923.jpg
1922,images/2380115.jpg
1923,images/2377018.jpg
1924,images/2393332.jpg
1925,images/2375589.jpg
1926,images/2417191.jpg
1927,images/2412687.jpg
1928,images/2317067.jpg
1929,images/2351814.jpg
1930,images/2409245.jpg
1931,images/2334261.jpg
1932,images/2330764.jpg
1933,images/2368734.jpg
1934,images/2339756.jpg
1935,images/1592385.jpg
1936,images/2373754.jpg
1937,images/2320636.jpg
1938,images/2362554.jpg
1939,images/2321661.jpg
1940,images/2318372.jpg
1941,images/2356259.jpg
1942,images/2369.jpg
1943,images/2395889.jpg
1944,images/2380298.jpg
1945,images/2384849.jpg
1946,images/2350677.jpg
1947,images/2416796.jpg
1948,images/2316952.jpg
1949,images/2382399.jpg
1950,images/713943.jpg
1951,images/2328869.jpg
1952,images/2375910.jpg
1953,images/2368834.jpg
1954,images/2379063.jpg
1955,images/2329292.jpg
1956,images/713723.jpg
1957,images/2414707.jpg
1958,images/2397149.jpg
1959,images/2367331.jpg
1960,images/2341324.jpg
1961,images/2337084.jpg
1962,images/2413880.jpg
1963,images/2319295.jpg
1964,images/1160042.jpg
1965,images/1592176.jpg
1966,images/2401769.jpg
1967,images/2391800.jpg
1968,images/2347070.jpg
1969,images/2344629.jpg
1970,images/2384455.jpg
1971,images/2387900.jpg
1972,images/2416953.jpg
1973,images/2339561.jpg
1974,images/2316075.jpg
1975,images/2382138.jpg
1976,images/2400986.jpg
1977,images/2324106.jpg
1978,images/2387862.jpg
1979,images/2341652.jpg
1980,images/2329565.jpg
1981,images/2356473.jpg
1982,images/2411951.jpg
1983,images/2346197.jpg
1984,images/2339698.jpg
1985,images/2358354.jpg
1986,images/2325645.jpg
1987,images/2390441.jpg
1988,images/2384596.jpg
1989,images/2417574.jpg
1990,images/2360206.jpg
1991,images/2342016.jpg
1992,images/2407359.jpg
1993,images/2316968.jpg
1994,images/2372493.jpg
1995,images/2367813.jpg
1996,images/2372770.jpg
1997,images/2345520.jpg
1998,images/2337303.jpg
1999,images/2329720.jpg
2000,images/723.jpg
2001,images/2394611.jpg
2002,images/2342226.jpg
2003,images/2371922.jpg
2004,images/2357646.jpg
2005,images/2328709.jpg
2006,images/2346815.jpg
2007,images/2358851.jpg
2008,images/588.jpg
2009,images/1831.jpg
2010,images/2320476.jpg
2011,images/2374749.jpg
2012,images/2351380.jpg
2013,images/2352355.jpg
2014,images/2332528.jpg
2015,images/2373141.jpg
2016,images/2385539.jpg
2017,images/2354681.jpg
2018,images/2361109.jpg
2019,images/2383945.jpg
2020,images/2318448.jpg
2021,images/2364444.jpg
2022,images/2395217.jpg
2023,images/2342372.jpg
2024,images/2320868.jpg
2025,images/2412671.jpg
2026,images/2318154.jpg
2027,images/2352946.jpg
2028,images/2323242.jpg
2029,images/2372046.jpg
2030,images/2320655.jpg
2031,images/2378475.jpg
2032,images/2337775.jpg
2033,images/2387231.jpg
2034,images/2365847.jpg
2035,images/2354569.jpg
2036,images/2366872.jpg
2037,images/2336234.jpg
2038,images/2357696.jpg
2039,images/2366841.jpg
2040,images/2401124.jpg
2041,images/2327346.jpg
2042,images/2396209.jpg
2043,images/2338125.jpg
2044,images/2384081.jpg
2045,images/2359950.jpg
2046,images/1159610.jpg
2047,images/2366946.jpg
2048,images/2326452.jpg
2049,images/2334223.jpg
2050,images/2414764.jpg
2051,images/2375612.jpg
2052,images/2402211.jpg
2053,images/2361821.jpg
2054,images/2331500.jpg
2055,images/2371467.jpg
2056,images/2404193.jpg
2057,images/2414354.jpg
2058,images/107926.jpg
2059,images/2342959.jpg
2060,images/2345532.jpg
2061,images/2360542.jpg
2062,images/2349742.jpg
2063,images/2359049.jpg
2064,images/2350312.jpg
2065,images/2355950.jpg
2066,images/2373502.jpg
2067,images/2322106.jpg
2068,images/2344769.jpg
2069,images/2320693.jpg
2070,images/285707.jpg
2071,images/2398619.jpg
2072,images/2411533.jpg
2073,images/2409618.jpg
2074,images/2335823.jpg
2075,images/2321145.jpg
2076,images/2334958.jpg
2077,images/2358192.jpg
2078,images/2356123.jpg
2079,images/2342517.jpg
2080,images/2331525.jpg
2081,images/2398189.jpg
2082,images/2327325.jpg
2083,images/2317615.jpg
2084,images/2317126.jpg
2085,images/2417801.jpg
2086,images/1159281.jpg
2087,images/2351991.jpg
2088,images/2368925.jpg
2089,images/2337125.jpg
2090,images/2356330.jpg
2091,images/2370145.jpg
2092,images/2388468.jpg
2093,images/2403560.jpg
2094,images/2372091.jpg
2095,images/3424.jpg
2096,images/2351872.jpg
2097,images/2330479.jpg
2098,images/2384109.jpg
2099,images/2353922.jpg
2100,images/2340709.jpg
2101,images/2385858.jpg
2102,images/2315716.jpg
2103,images/2360637.jpg
2104,images/2348342.jpg
2105,images/2388743.jpg
2106,images/2368196.jpg
2107,images/2369174.jpg
2108,images/2342359.jpg
2109,images/2319521.jpg
2110,images/2333895.jpg
2111,images/2407435.jpg
2112,images/2383550.jpg
2113,images/2392688.jpg
2114,images/2348603.jpg
2115,images/2410503.jpg
2116,images/2344528.jpg
2117,images/2350150.jpg
2118,images/2371995.jpg
2119,images/285910.jpg
2120,images/2382121.jpg
2121,images/2354589.jpg
2122,images/2401877.jpg
2123,images/713697.jpg
2124,images/2345272.jpg
2125,images/2360194.jpg
2126,images/2342900.jpg
2127,images/2337414.jpg
2128,images/2330214.jpg
2129,images/2407463.jpg
2130,images/2324234.jpg
2131,images/2383516.jpg
2132,images/2365600.jpg
2133,images/2361103.jpg
2134,images/2353702.jpg
2135,images/2370216.jpg
2136,images/2351186.jpg
2137,images/2406798.jpg
2138,images/2369147.jpg
2139,images/2377194.jpg
2140,images/2391621.jpg
2141,images/2319334.jpg
2142,images/2377531.jpg
2143,images/2376077.jpg
2144,images/2324942.jpg
2145,images/2360774.jpg
2146,images/2404862.jpg
2147,images/2345905.jpg
2148,images/2339172.jpg
2149,images/2387430.jpg
2150,images/2407878.jpg
2151,images/2376812.jpg
2152,images/2321557.jpg
2153,images/2380760.jpg
2154,images/2377113.jpg
2155,images/2346869.jpg
2156,images/2346390.jpg
2157,images/2341726.jpg
2158,images/2391307.jpg
2159,images/2380687.jpg
2160,images/497973.jpg
2161,images/2364866.jpg
2162,images/2334398.jpg
2163,images/2348310.jpg
2164,images/2379912.jpg
2165,images/2351477.jpg
2166,images/2403537.jpg
2167,images/2369860.jpg
2168,images/2403710.jpg
2169,images/2357190.jpg
2170,images/1159355.jpg
2171,images/2413397.jpg
2172,images/2377469.jpg
2173,images/2333171.jpg
2174,images/2397739.jpg
2175,images/2391488.jpg
2176,images/2362525.jpg
2177,images/2316038.jpg
2178,images/2383376.jpg
2179,images/2372581.jpg
2180,images/2361800.jpg
2181,images/2400642.jpg
2182,images/2390652.jpg
2183,images/2318179.jpg
2184,images/2369464.jpg
2185,images/2365964.jpg
2186,images/2335788.jpg
2187,images/2338721.jpg
2188,images/2417556.jpg
2189,images/2394882.jpg
2190,images/2379154.jpg
2191,images/2365164.jpg
2192,images/713715.jpg
2193,images/2328838.jpg
2194,images/2394890.jpg
2195,images/2396988.jpg
2196,images/2316215.jpg
2197,images/2415276.jpg
2198,images/2403048.jpg
2199,images/2353801.jpg
2200,images/2348134.jpg
2201,images/2340498.jpg
2202,images/2402904.jpg
2203,images/2316723.jpg
2204,images/2347508.jpg
2205,images/2380409.jpg
2206,images/2388411.jpg
2207,images/2321511.jpg
2208,images/2409094.jpg
2209,images/2377830.jpg
2210,images/2350109.jpg
2211,images/2367186.jpg
2212,images/2355727.jpg
2213,images/2330481.jpg
2214,images/2374739.jpg
2215,images/2366617.jpg
2216,images/497940.jpg
2217,images/2383170.jpg
2218,images/2316789.jpg
2219,images/2322281.jpg
2220,images/2328885.jpg
2221,images/2357063.jpg
2222,images/2343283.jpg
2223,images/2330759.jpg
2224,images/2338674.jpg
2225,images/2317981.jpg
2226,images/2349696.jpg
2227,images/2391456.jpg
2228,images/2416234.jpg
2229,images/2388780.jpg
2230,images/2405853.jpg
2231,images/2373751.jpg
2232,images/2353644.jpg
2233,images/2410152.jpg
2234,images/2356904.jpg
2235,images/2363971.jpg
2236,images/2398939.jpg
2237,images/2360497.jpg
2238,images/1591911.jpg
2239,images/2364024.jpg
2240,images/2408348.jpg
2241,images/2395166.jpg
2242,images/2416340.jpg
2243,images/2392675.jpg
2244,images/2397787.jpg
2245,images/2339161.jpg
2246,images/2373696.jpg
2247,images/2400991.jpg
2248,images/2336458.jpg
2249,images/2390235.jpg
2250,images/2355547.jpg
2251,images/2390506.jpg
2252,images/2406821.jpg
2253,images/2399674.jpg
2254,images/2364515.jpg
2255,images/2316469.jpg
2256,images/2346157.jpg
2257,images/2339453.jpg
2258,images/2397138.jpg
2259,images/2367512.jpg
2260,images/2391328.jpg
2261,images/2370.jpg
2262,images/2356084.jpg
2263,images/2357191.jpg
2264,images/2406584.jpg
2265,images/2367018.jpg
2266,images/2341577.jpg
2267,images/2356877.jpg
2268,images/2391849.jpg
2269,images/2315875.jpg
2270,images/2345151.jpg
2271,images/2335375.jpg
2272,images/2329537.jpg
2273,images/2341368.jpg
2274,images/2404245.jpg
2275,images/2417119.jpg
2276,images/2356920.jpg
2277,images/2404534.jpg
2278,images/2323280.jpg
2279,images/2372176.jpg
2280,images/2316688.jpg
2281,images/2380470.jpg
2282,images/2363486.jpg
2283,images/2382157.jpg
2284,images/2368914.jpg
2285,images/2344149.jpg
2286,images/2365507.jpg
2287,images/2339803.jpg
2288,images/2407605.jpg
2289,images/2398449.jpg
2290,images/2377573.jpg
2291,images/2359741.jpg
2292,images/2405103.jpg
2293,images/2378957.jpg
2294,images/2338677.jpg
2295,images/2402324.jpg
2296,images/2328062.jpg
2297,images/2413856.jpg
2298,images/2371440.jpg
2299,images/2337587.jpg
2300,images/2320460.jpg
2301,images/2344110.jpg
2302,images/713048.jpg
2303,images/2380825.jpg
2304,images/2369749.jpg
2305,images/2340500.jpg
2306,images/2324914.jpg
2307,images/2361883.jpg
2308,images/2416475.jpg
2309,images/2372773.jpg
2310,images/2380863.jpg
2311,images/2324410.jpg
2312,images/2409721.jpg
2313,images/2334964.jpg
2314,images/2345442.jpg
2315,images/1592815.jpg
2316,images/2365030.jpg
2317,images/2350157.jpg
2318,images/2334244.jpg
2319,images/2417487.jpg
2320,images/2326497.jpg
2321,images/2318965.jpg
2322,images/2339336.jpg
2323,images/2380985.jpg
2324,images/2321730.jpg
2325,images/2317093.jpg
2326,images/2412854.jpg
2327,images/2330686.jpg
2328,images/2336848.jpg
2329,images/2408755.jpg
2330,images/713331.jpg
2331,images/2400563.jpg
2332,images/1592944.jpg
2333,images/2411557.jpg
2334,images/2366845.jpg
2335,images/2319723.jpg
2336,images/2318369.jpg
2337,images/2407734.jpg
2338,images/2318692.jpg
2339,images/2374798.jpg
2340,images/2342762.jpg
2341,images/2362093.jpg
2342,images/2338103.jpg
2343,images/2339367.jpg
2344,images/2328987.jpg
2345,images/2396753.jpg
2346,images/2411487.jpg
2347,images/2368610.jpg
2348,images/2385897.jpg
2349,images/2316133.jpg
2350,images/2374913.jpg
2351,images/713479.jpg
2352,images/2397204.jpg
2353,images/2394168.jpg
2354,images/2417150.jpg
2355,images/2391620.jpg
2356,images/2386512.jpg
2357,images/2316980.jpg
2358,images/2406155.jpg
2359,images/2359073.jpg
2360,images/2316786.jpg
2361,images/2358622.jpg
2362,images/2366052.jpg
2363,images/2411786.jpg
2364,images/2335189.jpg
2365,images/2386435.jpg
2366,images/2385853.jpg
2367,images/2347373.jpg
2368,images/2363267.jpg
2369,images/2345544.jpg
2370,images/2361973.jpg
2371,images/2345931.jpg
2372,images/2413527.jpg
2373,images/2413586.jpg
2374,images/2368507.jpg
2375,images/2363861.jpg
2376,images/2397768.jpg
2377,images/2341743.jpg
2378,images/2344583.jpg
2379,images/2416883.jpg
2380,images/2332785.jpg
2381,images/2380091.jpg
2382,images/2375328.jpg
2383,images/2392586.jpg
2384,images/2348263.jpg
2385,images/2372452.jpg
2386,images/2325492.jpg
2387,images/2373288.jpg
2388,images/2389743.jpg
2389,images/2371670.jpg
2390,images/2334564.jpg
2391,images/2316174.jpg
2392,images/2317636.jpg
2393,images/2404746.jpg
2394,images/2391053.jpg
2395,images/2383550.jpg
2396,images/2344881.jpg
2397,images/2337205.jpg
2398,images/2316469.jpg
2399,images/2316635.jpg
2400,images/2359938.jpg
2401,images/2378740.jpg
2402,images/2358354.jpg
2403,images/2375263.jpg
2404,images/2351390.jpg
2405,images/2405419.jpg
2406,images/2417732.jpg
2407,images/2403391.jpg
2408,images/2397138.jpg
2409,images/2323367.jpg
2410,images/2382814.jpg
2411,images/2342016.jpg
2412,images/2365881.jpg
2413,images/2372721.jpg
2414,images/2372037.jpg
2415,images/2323804.jpg
2416,images/2356084.jpg
2417,images/2393666.jpg
2418,images/2373351.jpg
2419,images/2367120.jpg
2420,images/2345272.jpg
2421,images/2367813.jpg
2422,images/2345562.jpg
2423,images/2339024.jpg
2424,images/2349888.jpg
2425,images/2382674.jpg
2426,images/2357191.jpg
2427,images/2417914.jpg
2428,images/2406584.jpg
2429,images/2323850.jpg
2430,images/2384339.jpg
2431,images/2371922.jpg
2432,images/2334236.jpg
2433,images/2417422.jpg
2434,images/2360314.jpg
2435,images/2333443.jpg
2436,images/2400930.jpg
2437,images/2350379.jpg
2438,images/2346815.jpg
2439,images/2388197.jpg
2440,images/2400608.jpg
2441,images/2356920.jpg
2442,images/2339140.jpg
2443,images/2369402.jpg
2444,images/2358663.jpg
2445,images/2362620.jpg
2446,images/2320932.jpg
2447,images/2372598.jpg
2448,images/2382157.jpg
2449,images/2381433.jpg
2450,images/2373155.jpg
2451,images/2362804.jpg
2452,images/2414304.jpg
2453,images/2361492.jpg
2454,images/2317995.jpg
2455,images/2362957.jpg
2456,images/2320476.jpg
2457,images/2347660.jpg
2458,images/2368162.jpg
2459,images/2355865.jpg
2460,images/2363530.jpg
2461,images/2371137.jpg
2462,images/308.jpg
2463,images/2325567.jpg
2464,images/2345765.jpg
2465,images/2348412.jpg
2466,images/2354475.jpg
2467,images/2352484.jpg
2468,images/2405103.jpg
2469,images/2403245.jpg
2470,images/2399017.jpg
2471,images/2397203.jpg
2472,images/2401778.jpg
2473,images/2372988.jpg
2474,images/2328720.jpg
2475,images/2362394.jpg
2476,images/2412108.jpg
2477,images/2398506.jpg
2478,images/2391725.jpg
2479,images/2348253.jpg
2480,images/2325500.jpg
2481,images/2363272.jpg
2482,images/2403975.jpg
2483,images/2395217.jpg
2484,images/2349993.jpg
2485,images/2317781.jpg
2486,images/2361883.jpg
2487,images/2365002.jpg
2488,images/2339341.jpg
2489,images/2327519.jpg
2490,images/2391307.jpg
2491,images/2404669.jpg
2492,images/2387137.jpg
2493,images/2377282.jpg
2494,images/2351612.jpg
2495,images/2389092.jpg
2496,images/2391743.jpg
2497,images/2409721.jpg
2498,images/2370415.jpg
2499,images/2344234.jpg
2500,images/2343149.jpg
2501,images/2368853.jpg
2502,images/2358897.jpg
2503,images/2380787.jpg
2504,images/2331774.jpg
2505,images/2354569.jpg
2506,images/2331118.jpg
2507,images/2388648.jpg
2508,images/2381403.jpg
2509,images/2352435.jpg
2510,images/2341039.jpg
2511,images/2357485.jpg
2512,images/2366945.jpg
2513,images/2403710.jpg
2514,images/2378073.jpg
2515,images/2325642.jpg
2516,images/713188.jpg
2517,images/2336027.jpg
2518,images/2334367.jpg
2519,images/2348502.jpg
2520,images/2382950.jpg
2521,images/2381084.jpg
2522,images/2366640.jpg
2523,images/2363024.jpg
2524,images/2377474.jpg
2525,images/2354471.jpg
2526,images/2358799.jpg
2527,images/2395395.jpg
2528,images/2346637.jpg
2529,images/2347851.jpg
2530,images/2349616.jpg
2531,images/2412384.jpg
2532,images/2322792.jpg
2533,images/2376639.jpg
2534,images/2321114.jpg
2535,images/2359950.jpg
2536,images/2323635.jpg
2537,images/2342008.jpg
2538,images/2386802.jpg
2539,images/2329647.jpg
2540,images/2379730.jpg
2541,images/2357991.jpg
2542,images/2334223.jpg
2543,images/2400993.jpg
2544,images/2338165.jpg
2545,images/2368054.jpg
2546,images/2398702.jpg
2547,images/2392202.jpg
2548,images/2376794.jpg
2549,images/2324536.jpg
2550,images/2361821.jpg
2551,images/2404537.jpg
2552,images/2364424.jpg
2553,images/2380064.jpg
2554,images/2404065.jpg
2555,images/2393332.jpg
2556,images/2333478.jpg
2557,images/2412342.jpg
2558,images/2320542.jpg
2559,images/2327579.jpg
2560,images/2342460.jpg
2561,images/2398047.jpg
2562,images/2355304.jpg
2563,images/2356713.jpg
2564,images/2345532.jpg
2565,images/2351952.jpg
2566,images/2363402.jpg
2567,images/2389952.jpg
2568,images/2356259.jpg
2569,images/1592064.jpg
2570,images/2316215.jpg
2571,images/2348065.jpg
2572,images/2347131.jpg
2573,images/2353801.jpg
2574,images/2355172.jpg
2575,images/2350371.jpg
2576,images/2367136.jpg
2577,images/2351028.jpg
2578,images/2392036.jpg
2579,images/2362161.jpg
2580,images/2376547.jpg
2581,images/2360784.jpg
2582,images/2342562.jpg
2583,images/2412794.jpg
2584,images/2414707.jpg
2585,images/713680.jpg
2586,images/2397204.jpg
2587,images/2417150.jpg
2588,images/2322764.jpg
2589,images/2368944.jpg
2590,images/2346789.jpg
2591,images/2386631.jpg
2592,images/2403075.jpg
2593,images/2399443.jpg
2594,images/2319295.jpg
2595,images/2363815.jpg
2596,images/2360443.jpg
2597,images/2392690.jpg
2598,images/2327364.jpg
2599,images/2317126.jpg
2600,images/2417801.jpg
2601,images/2326800.jpg
2602,images/2363292.jpg
2603,images/2395632.jpg
2604,images/1159281.jpg
2605,images/2349591.jpg
2606,images/2353398.jpg
2607,images/2345931.jpg
2608,images/2416234.jpg
2609,images/2353113.jpg
2610,images/2397768.jpg
2611,images/2388607.jpg
2612,images/2341393.jpg
2613,images/2361552.jpg
2614,images/2370845.jpg
2615,images/2326242.jpg
2616,images/2351872.jpg
2617,images/2329206.jpg
2618,images/2326052.jpg
2619,images/2393366.jpg
2620,images/2317003.jpg
2621,images/2324106.jpg
2622,images/2387862.jpg
2623,images/1160209.jpg
2624,images/2381223.jpg
2625,images/2364024.jpg
2626,images/2396084.jpg
2627,images/2409587.jpg
2628,images/2346751.jpg
2629,images/2368415.jpg
2630,images/2319745.jpg
2631,images/2317661.jpg
2632,images/2348342.jpg
2633,images/2388743.jpg
2634,images/2370923.jpg
2635,images/2336458.jpg
2636,images/2371670.jpg
2637,images/2413539.jpg
2638,images/2325037.jpg
2639,images/2365207.jpg
2640,images/2359753.jpg
2641,images/2330686.jpg
2642,images/2335476.jpg
2643,images/2367331.jpg
2644,images/2395684.jpg
2645,images/2394927.jpg
2646,images/2317457.jpg
2647,images/2386233.jpg
2648,images/2315773.jpg
2649,images/2364424.jpg
2650,images/2341071.jpg
2651,images/2380687.jpg
2652,images/2327348.jpg
2653,images/2343283.jpg
2654,images/2367018.jpg
2655,images/2405623.jpg
2656,images/2345544.jpg
2657,images/2401273.jpg
2658,images/2414053.jpg
2659,images/2414515.jpg
2660,images/2332720.jpg
2661,images/2353948.jpg
2662,images/2342762.jpg
2663,images/2365030.jpg
2664,images/2377194.jpg
2665,images/2336458.jpg
2666,images/2344769.jpg
2667,images/2324236.jpg
2668,images/2363708.jpg
2669,images/2359576.jpg
2670,images/2315606.jpg
2671,images/2365507.jpg
2672,images/2407510.jpg
2673,images/2345947.jpg
2674,images/2341204.jpg
2675,images/2380409.jpg
2676,images/2368409.jpg
2677,images/2359753.jpg
2678,images/2325645.jpg
2679,images/2395520.jpg
2680,images/2354002.jpg
2681,images/2386631.jpg
2682,images/2345593.jpg
2683,images/2324536.jpg
2684,images/2409740.jpg
2685,images/2331500.jpg
2686,images/2414082.jpg
2687,images/2361091.jpg
2688,images/2318692.jpg
2689,images/2363425.jpg
2690,images/2373955.jpg
2691,images/2372856.jpg
2692,images/2358758.jpg
2693,images/2339455.jpg
2694,images/2368195.jpg
2695,images/2361824.jpg
2696,images/2373458.jpg
2697,images/2375426.jpg
2698,images/2315606.jpg
2699,images/2363708.jpg
2700,images/2334564.jpg
2701,images/2370647.jpg
2702,images/2408376.jpg
2703,images/2355256.jpg
2704,images/2400991.jpg
2705,images/2322864.jpg
2706,images/2346157.jpg
2707,images/2358354.jpg
2708,images/2348603.jpg
2709,images/2336712.jpg
2710,images/2394499.jpg
2711,images/2371995.jpg
2712,images/2356804.jpg
2713,images/2417574.jpg
2714,images/2380827.jpg
2715,images/2354002.jpg
2716,images/1592123.jpg
2717,images/2368426.jpg
2718,images/2405343.jpg
2719,images/2387128.jpg
2720,images/2384517.jpg
2721,images/2346042.jpg
2722,images/2324546.jpg
2723,images/2393247.jpg
2724,images/2330214.jpg
2725,images/2341577.jpg
2726,images/2356877.jpg
2727,images/2402353.jpg
2728,images/2324234.jpg
2729,images/2356920.jpg
2730,images/2382157.jpg
2731,images/2415617.jpg
2732,images/2379484.jpg
2733,images/2375426.jpg
2734,images/2363530.jpg
2735,images/2316242.jpg
2736,images/2329335.jpg
2737,images/2383252.jpg
2738,images/2352484.jpg
2739,images/2331395.jpg
2740,images/2373696.jpg
2741,images/2336182.jpg
2742,images/2373141.jpg
2743,images/2365207.jpg
2744,images/2334611.jpg
2745,images/2328062.jpg
2746,images/2337587.jpg
2747,images/2404933.jpg
2748,images/713048.jpg
2749,images/2334928.jpg
2750,images/286019.jpg
2751,images/2395217.jpg
2752,images/2387140.jpg
2753,images/2380834.jpg
2754,images/2320868.jpg
2755,images/1592975.jpg
2756,images/2370727.jpg
2757,images/2377932.jpg
2758,images/497973.jpg
2759,images/2352946.jpg
2760,images/2324410.jpg
2761,images/2320410.jpg
2762,images/2340860.jpg
2763,images/2318934.jpg
2764,images/2340687.jpg
2765,images/2369860.jpg
2766,images/2414534.jpg
2767,images/2392606.jpg
2768,images/2386876.jpg
2769,images/2350157.jpg
2770,images/2371249.jpg
2771,images/2324645.jpg
2772,images/2362815.jpg
2773,images/2396028.jpg
2774,images/2334244.jpg
2775,images/2326497.jpg
2776,images/2398065.jpg
2777,images/2382950.jpg
2778,images/2412112.jpg
2779,images/2413397.jpg
2780,images/2400114.jpg
2781,images/2315606.jpg
2782,images/2399233.jpg
2783,images/2333171.jpg
2784,images/2316809.jpg
2785,images/2391488.jpg
2786,images/2341401.jpg
2787,images/2355579.jpg
2788,images/2338488.jpg
2789,images/2415707.jpg
2790,images/2362379.jpg
2791,images/2343165.jpg
2792,images/2325354.jpg
2793,images/2376639.jpg
2794,images/2376391.jpg
2795,images/2317093.jpg
2796,images/2413346.jpg
2797,images/2323635.jpg
2798,images/2334891.jpg
2799,images/2356624.jpg
2800,images/2326452.jpg
2801,images/2375612.jpg
2802,images/2414764.jpg
2803,images/285822.jpg
2804,images/2402933.jpg
2805,images/2404537.jpg
2806,images/2353034.jpg
2807,images/2417191.jpg
2808,images/1592252.jpg
2809,images/2400563.jpg
2810,images/2334261.jpg
2811,images/2317067.jpg
2812,images/2367771.jpg
2813,images/2409245.jpg
2814,images/2318692.jpg
2815,images/2414515.jpg
2816,images/2320636.jpg
2817,images/713715.jpg
2818,images/2328838.jpg
2819,images/2415276.jpg
2820,images/2355950.jpg
2821,images/2374930.jpg
2822,images/2384849.jpg
2823,images/2367662.jpg
2824,images/2328869.jpg
2825,images/2361415.jpg
2826,images/2393779.jpg
2827,images/2382399.jpg
2828,images/2381402.jpg
2829,images/285707.jpg
2830,images/2411487.jpg
2831,images/2402597.jpg
2832,images/2379063.jpg
2833,images/2345976.jpg
2834,images/2397787.jpg
2835,images/2412794.jpg
2836,images/2325485.jpg
2837,images/2358650.jpg
2838,images/2374913.jpg
2839,images/2414707.jpg
2840,images/2353822.jpg
2841,images/2388411.jpg
2842,images/713479.jpg
2843,images/2397204.jpg
2844,images/2330481.jpg
2845,images/2367186.jpg
2846,images/713615.jpg
2847,images/2341219.jpg
2848,images/2341324.jpg
2849,images/2347300.jpg
2850,images/2316980.jpg
2851,images/2350609.jpg
2852,images/2367272.jpg
2853,images/2318030.jpg
2854,images/2358622.jpg
2855,images/2366052.jpg
2856,images/2343283.jpg
2857,images/2364372.jpg
2858,images/2416699.jpg
2859,images/2367636.jpg
2860,images/2338674.jpg
2861,images/2349591.jpg
2862,images/2365888.jpg
2863,images/2391456.jpg
2864,images/2337125.jpg
2865,images/2360290.jpg
2866,images/2373955.jpg
2867,images/2336115.jpg
2868,images/2397768.jpg
2869,images/2373751.jpg
2870,images/2409626.jpg
2871,images/2370711.jpg
2872,images/2351872.jpg
2873,images/2400986.jpg
2874,images/2398018.jpg
2875,images/2353922.jpg
2876,images/2384109.jpg
2877,images/2385858.jpg
2878,images/2329565.jpg
2879,images/2325492.jpg
2880,images/2395166.jpg
2881,images/2416340.jpg
2882,images/2348342.jpg
2883,images/2352906.jpg
2884,images/2339161.jpg
2885,images/2414213.jpg
2886,images/2360407.jpg
2887,images/2416178.jpg
2888,images/2371995.jpg
2889,images/2390652.jpg
2890,images/2389773.jpg
2891,images/2324993.jpg
2892,images/2357667.jpg
2893,images/2341726.jpg
2894,images/2324914.jpg
2895,images/2346821.jpg
2896,images/498019.jpg
2897,images/2404707.jpg
2898,images/2318934.jpg
2899,images/2339238.jpg
2900,images/2338103.jpg
2901,images/2348065.jpg
2902,images/2402059.jpg
2903,images/2391621.jpg
2904,images/2383771.jpg
2905,images/2368621.jpg
2906,images/2358614.jpg
2907,images/2356554.jpg
2908,images/2376077.jpg
2909,images/2319521.jpg
2910,images/2368834.jpg
2911,images/2407435.jpg
2912,images/2400991.jpg
2913,images/2339453.jpg
2914,images/2410503.jpg
2915,images/2409697.jpg
2916,images/2371995.jpg
2917,images/2410817.jpg
2918,images/2384596.jpg
2919,images/2397138.jpg
2920,images/2345272.jpg
2921,images/2387128.jpg
2922,images/2384517.jpg
2923,images/2393247.jpg
2924,images/2376054.jpg
2925,images/2406100.jpg
2926,images/2408331.jpg
2927,images/2345151.jpg
2928,images/2350379.jpg
2929,images/2414053.jpg
2930,images/2358851.jpg
2931,images/2366433.jpg
2932,images/2341368.jpg
2933,images/2361930.jpg
2934,images/2393339.jpg
2935,images/2409085.jpg
2936,images/2377194.jpg
2937,images/2329428.jpg
2938,images/2368621.jpg
2939,images/2407227.jpg
2940,images/1831.jpg
2941,images/2381777.jpg
2942,images/2324942.jpg
2943,images/2413278.jpg
2944,images/2383252.jpg
2945,images/2343433.jpg
2946,images/2363601.jpg
2947,images/2399017.jpg
2948,images/2378957.jpg
2949,images/2339172.jpg
2950,images/2357994.jpg
2951,images/2361109.jpg
2952,images/2328062.jpg
2953,images/2337587.jpg
2954,images/2327030.jpg
2955,images/2383945.jpg
2956,images/2321557.jpg
2957,images/2377113.jpg
2958,images/2406596.jpg
2959,images/2369004.jpg
2960,images/1593164.jpg
2961,images/286019.jpg
2962,images/2322034.jpg
2963,images/2357802.jpg
2964,images/2402417.jpg
2965,images/2404204.jpg
2966,images/2400374.jpg
2967,images/2372773.jpg
2968,images/2370727.jpg
2969,images/2352946.jpg
2970,images/2414629.jpg
2971,images/2402349.jpg
2972,images/2387231.jpg
2973,images/2334964.jpg
2974,images/2348310.jpg
2975,images/2330171.jpg
2976,images/2414534.jpg
2977,images/2397601.jpg
2978,images/2368195.jpg
2979,images/2395806.jpg
2980,images/1159355.jpg
2981,images/2388985.jpg
2982,images/2383771.jpg
2983,images/2409988.jpg
2984,images/2402737.jpg
2985,images/2400114.jpg
2986,images/2398334.jpg
2987,images/2355579.jpg
2988,images/2358535.jpg
2989,images/2384917.jpg
2990,images/2362379.jpg
2991,images/2364719.jpg
2992,images/2317093.jpg
2993,images/2402211.jpg
2994,images/1592395.jpg
2995,images/2392202.jpg
2996,images/2385923.jpg
2997,images/2369464.jpg
2998,images/2386795.jpg
2999,images/2377018.jpg
3000,images/2371467.jpg
3001,images/2400563.jpg
3002,images/2367771.jpg
3003,images/2409245.jpg
3004,images/2342460.jpg
3005,images/2330764.jpg
3006,images/2400362.jpg
3007,images/2396392.jpg
3008,images/2342959.jpg
3009,images/2370819.jpg
3010,images/2318372.jpg
3011,images/2369.jpg
3012,images/2338103.jpg
3013,images/2347131.jpg
3014,images/2384849.jpg
3015,images/2322106.jpg
3016,images/2361415.jpg
3017,images/2381402.jpg
3018,images/2356554.jpg
3019,images/2346200.jpg
3020,images/2356036.jpg
3021,images/2335823.jpg
3022,images/2339057.jpg
3023,images/2324950.jpg
3024,images/2345976.jpg
3025,images/2358192.jpg
3026,images/2353822.jpg
3027,images/2397149.jpg
3028,images/2330481.jpg
3029,images/2336716.jpg
3030,images/713615.jpg
3031,images/2341324.jpg
3032,images/2386512.jpg
3033,images/2347300.jpg
3034,images/2320130.jpg
3035,images/2316980.jpg
3036,images/2413880.jpg
3037,images/2350325.jpg
3038,images/1160042.jpg
3039,images/2318030.jpg
3040,images/2398189.jpg
3041,images/2385853.jpg
3042,images/2343283.jpg
3043,images/2347373.jpg
3044,images/619.jpg
3045,images/2360290.jpg
3046,images/2316075.jpg
3047,images/2388468.jpg
3048,images/2403560.jpg
3049,images/2393173.jpg
3050,images/2356904.jpg
3051,images/3424.jpg
3052,images/2351872.jpg
3053,images/2400986.jpg
3054,images/2384109.jpg
3055,images/2408302.jpg
3056,images/2387862.jpg
3057,images/2342431.jpg
3058,images/2341652.jpg
3059,images/1591911.jpg
3060,images/2367595.jpg
3061,images/2416340.jpg
3062,images/2348342.jpg
3063,images/2337466.jpg
3064,images/2344881.jpg
3065,images/2388972.jpg
3066,images/2406944.jpg
3067,images/2409697.jpg
3068,images/2395684.jpg
3069,images/2391905.jpg
3070,images/2369968.jpg
3071,images/2374573.jpg
3072,images/2389746.jpg
3073,images/2323804.jpg
3074,images/2381417.jpg
3075,images/2330843.jpg
3076,images/2366961.jpg
3077,images/2338393.jpg
3078,images/2366353.jpg
3079,images/2376950.jpg
3080,images/2380237.jpg
3081,images/2393362.jpg
3082,images/2351205.jpg
3083,images/2317995.jpg
3084,images/2365905.jpg
3085,images/2375845.jpg
3086,images/2316506.jpg
3087,images/2395074.jpg
3088,images/2343539.jpg
3089,images/2330356.jpg
3090,images/2353510.jpg
3091,images/2400727.jpg
3092,images/2355266.jpg
3093,images/2408931.jpg
3094,images/2406607.jpg
3095,images/2387995.jpg
3096,images/2325613.jpg
3097,images/2326801.jpg
3098,images/286019.jpg
3099,images/2323208.jpg
3100,images/2317457.jpg
3101,images/2380834.jpg
3102,images/2377282.jpg
3103,images/2394992.jpg
3104,images/2340216.jpg
3105,images/2370727.jpg
3106,images/2328347.jpg
3107,images/2358897.jpg
3108,images/2414534.jpg
3109,images/2356015.jpg
3110,images/2410306.jpg
3111,images/2384862.jpg
3112,images/2315606.jpg
3113,images/2407510.jpg
3114,images/2317985.jpg
3115,images/2400958.jpg
3116,images/2379786.jpg
3117,images/2372715.jpg
3118,images/2371456.jpg
3119,images/2407763.jpg
3120,images/2368434.jpg
3121,images/2396838.jpg
3122,images/2392212.jpg
3123,images/2388328.jpg
3124,images/2325561.jpg
3125,images/2341928.jpg
3126,images/2366676.jpg
3127,images/2393918.jpg
3128,images/2339137.jpg
3129,images/2385923.jpg
3130,images/2410190.jpg
3131,images/2376794.jpg
3132,images/2354523.jpg
3133,images/2405157.jpg
3134,images/2412687.jpg
3135,images/2334261.jpg
3136,images/2414767.jpg
3137,images/2326727.jpg
3138,images/2387327.jpg
3139,images/2316429.jpg
3140,images/2395889.jpg
3141,images/2328461.jpg
3142,images/2389474.jpg
3143,images/2384849.jpg
3144,images/2394687.jpg
3145,images/2392123.jpg
3146,images/2403124.jpg
3147,images/2354796.jpg
3148,images/2394272.jpg
3149,images/2347254.jpg
3150,images/2336693.jpg
3151,images/2341324.jpg
3152,images/2377375.jpg
3153,images/2347300.jpg
3154,images/2319295.jpg
3155,images/2350951.jpg
3156,images/2395104.jpg
3157,images/2378872.jpg
3158,images/2410840.jpg
3159,images/2376933.jpg
3160,images/2371798.jpg
3161,images/2383229.jpg
3162,images/2361552.jpg
3163,images/2335707.jpg
3164,images/2344218.jpg
3165,images/2387862.jpg
3166,images/2324371.jpg
3167,images/2386758.jpg
3168,images/2356473.jpg
3169,images/2416465.jpg
3170,images/2386037.jpg
3171,images/2404080.jpg
3172,images/2327653.jpg
3173,images/2325645.jpg
3174,images/2417574.jpg
3175,images/2319590.jpg
3176,images/2411794.jpg
3177,images/2319764.jpg
3178,images/2367813.jpg
3179,images/2337303.jpg
3180,images/2337403.jpg
3181,images/2338171.jpg
3182,images/2410228.jpg
3183,images/2366433.jpg
3184,images/2345130.jpg
3185,images/2338955.jpg
3186,images/2398376.jpg
3187,images/2351380.jpg
3188,images/2354835.jpg
3189,images/2320689.jpg
3190,images/2373141.jpg
3191,images/2385539.jpg
3192,images/2354681.jpg
3193,images/2343330.jpg
3194,images/2346434.jpg
3195,images/2351907.jpg
3196,images/2364444.jpg
3197,images/2394079.jpg
3198,images/2409022.jpg
3199,images/2365002.jpg
3200,images/2385901.jpg
3201,images/1592975.jpg
3202,images/2363682.jpg
3203,images/2344063.jpg
3204,images/2412671.jpg
3205,images/2340815.jpg
3206,images/2378475.jpg
3207,images/2386620.jpg
3208,images/2328960.jpg
3209,images/2410967.jpg
3210,images/2386876.jpg
3211,images/2367721.jpg
3212,images/2364202.jpg
3213,images/2325910.jpg
3214,images/2356836.jpg
3215,images/2366841.jpg
3216,images/2336402.jpg
3217,images/2341401.jpg
3218,images/2337260.jpg
3219,images/2416991.jpg
3220,images/2384081.jpg
3221,images/1159610.jpg
3222,images/2329647.jpg
3223,images/2386802.jpg
3224,images/2413634.jpg
3225,images/2414764.jpg
3226,images/2375612.jpg
3227,images/2337501.jpg
3228,images/2371467.jpg
3229,images/2386721.jpg
3230,images/2382281.jpg
3231,images/2412423.jpg
3232,images/2321295.jpg
3233,images/2358778.jpg
3234,images/2395277.jpg
3235,images/2373502.jpg
3236,images/2344769.jpg
3237,images/2370359.jpg
3238,images/2408498.jpg
3239,images/2405432.jpg
3240,images/2357556.jpg
3241,images/2344526.jpg
3242,images/2321145.jpg
3243,images/2406866.jpg
3244,images/2324950.jpg
3245,images/2345110.jpg
3246,images/2393070.jpg
3247,images/2336716.jpg
3248,images/2357995.jpg
3249,images/2326569.jpg
3250,images/2363247.jpg
3251,images/2395470.jpg
3252,images/2398189.jpg
3253,images/2327325.jpg
3254,images/2375942.jpg
3255,images/2392690.jpg
3256,images/2317615.jpg
3257,images/2328890.jpg
3258,images/2382612.jpg
3259,images/2351991.jpg
3260,images/2382489.jpg
3261,images/2386600.jpg
3262,images/2351872.jpg
3263,images/2330479.jpg
3264,images/2330800.jpg
3265,images/2315716.jpg
3266,images/2368415.jpg
3267,images/2342285.jpg
3268,images/2348342.jpg
3269,images/2368196.jpg
3270,images/2333895.jpg
3271,images/2384885.jpg
3272,images/2404746.jpg
3273,images/2350150.jpg
3274,images/2345658.jpg
3275,images/2356804.jpg
3276,images/2382121.jpg
3277,images/2388671.jpg
3278,images/2368426.jpg
3279,images/2401877.jpg
3280,images/2388066.jpg
3281,images/2407990.jpg
3282,images/2331519.jpg
3283,images/2386233.jpg
3284,images/2323850.jpg
3285,images/2326904.jpg
3286,images/2402665.jpg
3287,images/2361091.jpg
3288,images/2374649.jpg
3289,images/2406301.jpg
3290,images/2340457.jpg
3291,images/2351186.jpg
3292,images/2367060.jpg
3293,images/2327581.jpg
3294,images/2376444.jpg
3295,images/2329428.jpg
3296,images/2387864.jpg
3297,images/2379263.jpg
3298,images/2383950.jpg
3299,images/2372988.jpg
3300,images/2355607.jpg
3301,images/2387430.jpg
3302,images/2391472.jpg
3303,images/2348551.jpg
3304,images/2403975.jpg
3305,images/2400922.jpg
3306,images/2350616.jpg
3307,images/2394065.jpg
3308,images/2402417.jpg
3309,images/497973.jpg
3310,images/2389092.jpg
3311,images/2406001.jpg
3312,images/2403537.jpg
3313,images/2369860.jpg
3314,images/2317153.jpg
3315,images/2376453.jpg
3316,images/2385955.jpg
3317,images/2382659.jpg
3318,images/2408633.jpg
3319,images/2361100.jpg
3320,images/2322231.jpg
3321,images/2316038.jpg
3322,images/2411072.jpg
3323,images/2412384.jpg
3324,images/2390483.jpg
3325,images/2411743.jpg
3326,images/2366975.jpg
3327,images/2409069.jpg
3328,images/2416114.jpg
3329,images/2382890.jpg
3330,images/2399677.jpg
3331,images/2392115.jpg
3332,images/2327579.jpg
3333,images/2318046.jpg
3334,images/2328838.jpg
3335,images/2368563.jpg
3336,images/2385490.jpg
3337,images/2396988.jpg
3338,images/2371268.jpg
3339,images/2403048.jpg
3340,images/2367662.jpg
3341,images/2340498.jpg
3342,images/2387387.jpg
3343,images/2356036.jpg
3344,images/2402904.jpg
3345,images/2371836.jpg
3346,images/2334422.jpg
3347,images/2378384.jpg
3348,images/2394277.jpg
3349,images/2318049.jpg
3350,images/2383045.jpg
3351,images/2359181.jpg
3352,images/2376600.jpg
3353,images/2417154.jpg
3354,images/2355727.jpg
3355,images/2322764.jpg
3356,images/2410303.jpg
3357,images/2383170.jpg
3358,images/2362530.jpg
3359,images/2322281.jpg
3360,images/2339512.jpg
3361,images/2395888.jpg
3362,images/2328885.jpg
3363,images/2340940.jpg
3364,images/2371220.jpg
3365,images/2399207.jpg
3366,images/2388780.jpg
3367,images/2318999.jpg
3368,images/2368310.jpg
3369,images/2394117.jpg
3370,images/2357609.jpg
3371,images/2373751.jpg
3372,images/2388607.jpg
3373,images/2388428.jpg
3374,images/2398018.jpg
3375,images/2381952.jpg
3376,images/2319745.jpg
3377,images/2416340.jpg
3378,images/2397787.jpg
3379,images/2343674.jpg
3380,images/2315447.jpg
3381,images/2406421.jpg
3382,images/2390506.jpg
3383,images/2416861.jpg
3384,images/2325623.jpg
3385,images/2397138.jpg
3386,images/2323367.jpg
3387,images/2334355.jpg
3388,images/2395961.jpg
3389,images/2345384.jpg
3390,images/2359172.jpg
3391,images/2317373.jpg
3392,images/2356920.jpg
3393,images/2316688.jpg
3394,images/2317892.jpg
3395,images/2320708.jpg
3396,images/2396246.jpg
3397,images/2362957.jpg
3398,images/2370107.jpg
3399,images/2398532.jpg
3400,images/2357632.jpg
3401,images/2331238.jpg
3402,images/2410917.jpg
3403,images/2412575.jpg
3404,images/2379893.jpg
3405,images/2344110.jpg
3406,images/2398506.jpg
3407,images/2403836.jpg
3408,images/2354435.jpg
3409,images/2383701.jpg
3410,images/2351612.jpg
3411,images/2416475.jpg
3412,images/2416836.jpg
3413,images/2350986.jpg
3414,images/2345442.jpg
3415,images/2354373.jpg
3416,images/2365030.jpg
3417,images/2334244.jpg
3418,images/2396020.jpg
3419,images/2409092.jpg
3420,images/2411944.jpg
3421,images/2332540.jpg
3422,images/2330686.jpg
3423,images/713331.jpg
3424,images/2359221.jpg
3425,images/2324536.jpg
3426,images/2393301.jpg
3427,images/2400793.jpg
3428,images/2370710.jpg
3429,images/2391586.jpg
3430,images/2400563.jpg
3431,images/2341856.jpg
3432,images/2335002.jpg
3433,images/2363668.jpg
3434,images/2407258.jpg
3435,images/2411937.jpg
3436,images/2348065.jpg
3437,images/2336811.jpg
3438,images/2400303.jpg
3439,images/2339890.jpg
3440,images/2385897.jpg
3441,images/2374913.jpg
3442,images/3553.jpg
3443,images/2326814.jpg
3444,images/2327725.jpg
3445,images/2358622.jpg
3446,images/2417829.jpg
3447,images/2360443.jpg
3448,images/2389470.jpg
3449,images/2363495.jpg
3450,images/2385853.jpg
3451,images/2405469.jpg
3452,images/2347373.jpg
3453,images/2363267.jpg
3454,images/2393598.jpg
3455,images/2374745.jpg
3456,images/2338009.jpg
3457,images/2402433.jpg
3458,images/2341743.jpg
3459,images/2416883.jpg
3460,images/2344583.jpg
3461,images/2332785.jpg
3462,images/2393173.jpg
3463,images/2320102.jpg
3464,images/2326326.jpg
3465,images/2331108.jpg
3466,images/2333137.jpg
3467,images/2387928.jpg
3468,images/2344055.jpg
3469,images/2327260.jpg
3470,images/2395775.jpg
3471,images/2369270.jpg
3472,images/2379956.jpg
3473,images/2325623.jpg
3474,images/2406944.jpg
3475,images/2325645.jpg
3476,images/2410817.jpg
3477,images/2350336.jpg
3478,images/2319590.jpg
3479,images/2382814.jpg
3480,images/2366422.jpg
3481,images/2326167.jpg
3482,images/2365881.jpg
3483,images/2388066.jpg
3484,images/2407990.jpg
3485,images/2331519.jpg
3486,images/2356619.jpg
3487,images/2367120.jpg
3488,images/2395961.jpg
3489,images/2367813.jpg
3490,images/2402665.jpg
3491,images/2336530.jpg
3492,images/2338393.jpg
3493,images/2356877.jpg
3494,images/2374649.jpg
3495,images/2408331.jpg
3496,images/2408562.jpg
3497,images/2322427.jpg
3498,images/2410228.jpg
3499,images/2380237.jpg
3500,images/2402346.jpg
3501,images/2396246.jpg
3502,images/2351205.jpg
3503,images/497913.jpg
3504,images/2351186.jpg
3505,images/2393339.jpg
3506,images/2393362.jpg
3507,images/2327581.jpg
3508,images/2376444.jpg
3509,images/2381209.jpg
3510,images/2357632.jpg
3511,images/2377573.jpg
3512,images/2410917.jpg
3513,images/2316506.jpg
3514,images/2395074.jpg
3515,images/2343539.jpg
3516,images/2383950.jpg
3517,images/2385539.jpg
3518,images/2354681.jpg
3519,images/2343330.jpg
3520,images/2355607.jpg
3521,images/2324981.jpg
3522,images/2379893.jpg
3523,images/2413856.jpg
3524,images/2359038.jpg
3525,images/2355348.jpg
3526,images/2346434.jpg
3527,images/2362394.jpg
3528,images/2406327.jpg
3529,images/2360221.jpg
3530,images/2355266.jpg
3531,images/2354435.jpg
3532,images/2346869.jpg
3533,images/2369004.jpg
3534,images/2348551.jpg
3535,images/2394079.jpg
3536,images/2350616.jpg
3537,images/2327519.jpg
3538,images/2416475.jpg
3539,images/2339770.jpg
3540,images/2363682.jpg
3541,images/2416836.jpg
3542,images/2385228.jpg
3543,images/2364866.jpg
3544,images/2378475.jpg
3545,images/2323746.jpg
3546,images/2317786.jpg
3547,images/2365847.jpg
3548,images/2358221.jpg
3549,images/2383227.jpg
3550,images/2367721.jpg
3551,images/2385955.jpg
3552,images/2382504.jpg
3553,images/2322293.jpg
3554,images/2408633.jpg
3555,images/2341401.jpg
3556,images/2337260.jpg
3557,images/2343165.jpg
3558,images/2338125.jpg
3559,images/2411072.jpg
3560,images/2331781.jpg
3561,images/2376396.jpg
3562,images/2400642.jpg
3563,images/2366211.jpg
3564,images/2390483.jpg
3565,images/2336848.jpg
3566,images/2366975.jpg
3567,images/2405371.jpg
3568,images/2392212.jpg
3569,images/2336406.jpg
3570,images/2406932.jpg
3571,images/2321342.jpg
3572,images/2324642.jpg
3573,images/2369450.jpg
3574,images/2337501.jpg
3575,images/2334261.jpg
3576,images/2392115.jpg
3577,images/2412687.jpg
3578,images/2327579.jpg
3579,images/2318046.jpg
3580,images/2411557.jpg
3581,images/2407734.jpg
3582,images/2365446.jpg
3583,images/2321661.jpg
3584,images/2335002.jpg
3585,images/2363668.jpg
3586,images/2407258.jpg
3587,images/2358778.jpg
3588,images/2411937.jpg
3589,images/2359049.jpg
3590,images/2395889.jpg
3591,images/2328461.jpg
3592,images/2377157.jpg
3593,images/2353581.jpg
3594,images/2400679.jpg
3595,images/2381657.jpg
3596,images/2320693.jpg
3597,images/2382399.jpg
3598,images/2370359.jpg
3599,images/2389381.jpg
3600,images/2405432.jpg
3601,images/2400303.jpg
3602,images/2365318.jpg
3603,images/2353558.jpg
3604,images/2371836.jpg
3605,images/2408356.jpg
3606,images/2360784.jpg
3607,images/2394277.jpg
3608,images/2318049.jpg
3609,images/2368610.jpg
3610,images/2324950.jpg
3611,images/2345976.jpg
3612,images/2393070.jpg
3613,images/2392123.jpg
3614,images/2385897.jpg
3615,images/2394272.jpg
3616,images/2376600.jpg
3617,images/713680.jpg
3618,images/2350109.jpg
3619,images/2417154.jpg
3620,images/2388263.jpg
3621,images/2355727.jpg
3622,images/2336716.jpg
3623,images/2336693.jpg
3624,images/2326888.jpg
3625,images/2390028.jpg
3626,images/2391620.jpg
3627,images/2362530.jpg
3628,images/2322281.jpg
3629,images/2395470.jpg
3630,images/2382269.jpg
3631,images/2328885.jpg
3632,images/2411786.jpg
3633,images/2375942.jpg
3634,images/2381352.jpg
3635,images/2386435.jpg
3636,images/2317615.jpg
3637,images/2327364.jpg
3638,images/2337125.jpg
3639,images/2330563.jpg
3640,images/2400868.jpg
3641,images/2410840.jpg
3642,images/2368310.jpg
3643,images/2363861.jpg
3644,images/2386600.jpg
3645,images/2376933.jpg
3646,images/2373751.jpg
3647,images/2328764.jpg
3648,images/2358659.jpg
3649,images/2335707.jpg
3650,images/2333137.jpg
3651,images/2324371.jpg
3652,images/2386758.jpg
3653,images/2316592.jpg
3654,images/2386037.jpg
3655,images/2325492.jpg
3656,images/2395166.jpg
3657,images/2348342.jpg
3658,images/2397787.jpg
3659,images/2351698.jpg
3660,images/2315447.jpg
3661,images/2388687.jpg
3662,images/2416861.jpg
3663,images/2382026.jpg
3664,images/2331072.jpg
3665,images/2348603.jpg
3666,images/2325645.jpg
3667,images/2356804.jpg
3668,images/2411794.jpg
3669,images/2335476.jpg
3670,images/2397138.jpg
3671,images/2399492.jpg
3672,images/2374573.jpg
3673,images/2350995.jpg
3674,images/2395961.jpg
3675,images/2361067.jpg
3676,images/713697.jpg
3677,images/2413162.jpg
3678,images/2345272.jpg
3679,images/2406584.jpg
3680,images/2339024.jpg
3681,images/2374386.jpg
3682,images/2384517.jpg
3683,images/2417914.jpg
3684,images/2393315.jpg
3685,images/2338393.jpg
3686,images/2376054.jpg
3687,images/2366353.jpg
3688,images/2401902.jpg
3689,images/2406301.jpg
3690,images/2398376.jpg
3691,images/2402346.jpg
3692,images/2366037.jpg
3693,images/1592443.jpg
3694,images/2376444.jpg
3695,images/2368914.jpg
3696,images/2361561.jpg
3697,images/2365524.jpg
3698,images/2374749.jpg
3699,images/2355865.jpg
3700,images/2316137.jpg
3701,images/2398609.jpg
3702,images/2352484.jpg
3703,images/2359982.jpg
3704,images/2318961.jpg
3705,images/2405103.jpg
3706,images/2412325.jpg
3707,images/2415911.jpg
3708,images/2349548.jpg
3709,images/2373696.jpg
3710,images/2397203.jpg
3711,images/2320795.jpg
3712,images/2354681.jpg
3713,images/2365207.jpg
3714,images/2337587.jpg
3715,images/107967.jpg
3716,images/2403329.jpg
3717,images/2403836.jpg
3718,images/2410952.jpg
3719,images/2387995.jpg
3720,images/2383663.jpg
3721,images/2363272.jpg
3722,images/2394079.jpg
3723,images/286019.jpg
3724,images/2403975.jpg
3725,images/2395217.jpg
3726,images/2350616.jpg
3727,images/2351612.jpg
3728,images/2395809.jpg
3729,images/2387137.jpg
3730,images/2402417.jpg
3731,images/2404204.jpg
3732,images/2377871.jpg
3733,images/2394992.jpg
3734,images/2377932.jpg
3735,images/2344063.jpg
3736,images/2363682.jpg
3737,images/2391743.jpg
3738,images/2350986.jpg
3739,images/2378475.jpg
3740,images/2414629.jpg
3741,images/2384866.jpg
3742,images/2369591.jpg
3743,images/2387231.jpg
3744,images/2380787.jpg
3745,images/2351477.jpg
3746,images/2403537.jpg
3747,images/2358758.jpg
3748,images/2393780.jpg
3749,images/2329347.jpg
3750,images/2338473.jpg
3751,images/2350157.jpg
3752,images/2381721.jpg
3753,images/2365756.jpg
3754,images/2399812.jpg
3755,images/2341260.jpg
3756,images/2381084.jpg
3757,images/2407271.jpg
3758,images/2322293.jpg
3759,images/2397739.jpg
3760,images/2358799.jpg
3761,images/2411944.jpg
3762,images/2360562.jpg
3763,images/2343165.jpg
3764,images/2356116.jpg
3765,images/2390732.jpg
3766,images/2362379.jpg
3767,images/2410321.jpg
3768,images/2376396.jpg
3769,images/1592658.jpg
3770,images/2359950.jpg
3771,images/2366211.jpg
3772,images/2392565.jpg
3773,images/2380923.jpg
3774,images/2363601.jpg
3775,images/2334891.jpg
3776,images/2386802.jpg
3777,images/2390585.jpg
3778,images/2401465.jpg
3779,images/2400993.jpg
3780,images/2343526.jpg
3781,images/2368054.jpg
3782,images/2402211.jpg
3783,images/2366676.jpg
3784,images/2393918.jpg
3785,images/2359221.jpg
3786,images/2397742.jpg
3787,images/2324642.jpg
3788,images/2405157.jpg
3789,images/2361821.jpg
3790,images/2393332.jpg
3791,images/2378582.jpg
3792,images/2333478.jpg
3793,images/2382301.jpg
3794,images/2400563.jpg
3795,images/2392115.jpg
3796,images/2412342.jpg
3797,images/2380956.jpg
3798,images/2355304.jpg
3799,images/2372055.jpg
3800,images/2414354.jpg
3801,images/107926.jpg
3802,images/2365446.jpg
3803,images/2362696.jpg
3804,images/2322607.jpg
3805,images/2320693.jpg
3806,images/2391432.jpg
3807,images/2376547.jpg
3808,images/2387472.jpg
3809,images/2371836.jpg
3810,images/2398862.jpg
3811,images/2411487.jpg
3812,images/2347508.jpg
3813,images/2416855.jpg
3814,images/2392123.jpg
3815,images/2397787.jpg
3816,images/2406744.jpg
3817,images/2334958.jpg
3818,images/2325485.jpg
3819,images/2394272.jpg
3820,images/2324476.jpg
3821,images/2397149.jpg
3822,images/2417154.jpg
3823,images/713615.jpg
3824,images/2357995.jpg
3825,images/2367331.jpg
3826,images/2361813.jpg
3827,images/2347300.jpg
3828,images/2322281.jpg
3829,images/2333842.jpg
3830,images/2318030.jpg
3831,images/2363495.jpg
3832,images/2411786.jpg
3833,images/2392690.jpg
3834,images/2343283.jpg
3835,images/2395104.jpg
3836,images/2347373.jpg
3837,images/2321501.jpg
3838,images/2346513.jpg
3839,images/2382612.jpg
3840,images/2395632.jpg
3841,images/2345544.jpg
3842,images/2378872.jpg
3843,images/2382489.jpg
3844,images/2370145.jpg
3845,images/2329851.jpg
3846,images/2352866.jpg
3847,images/2357609.jpg
3848,images/2388607.jpg
3849,images/2384109.jpg
3850,images/2355465.jpg
3851,images/2315716.jpg
3852,images/2364603.jpg
3853,images/2387928.jpg
3854,images/2325492.jpg
3855,images/2373288.jpg
3856,images/2342008.jpg
3857,images/2339161.jpg
3858,images/2343674.jpg
3859,images/2384885.jpg
3860,images/2316174.jpg
3861,images/2411620.jpg
3862,images/2359938.jpg
3863,images/2316469.jpg
3864,images/2417732.jpg
3865,images/2373351.jpg
3866,images/2347233.jpg
3867,images/2345272.jpg
3868,images/2352547.jpg
3869,images/2417914.jpg
3870,images/2334236.jpg
3871,images/2400930.jpg
3872,images/2350379.jpg
3873,images/2400608.jpg
3874,images/2361103.jpg
3875,images/2356920.jpg
3876,images/2358663.jpg
3877,images/2382157.jpg
3878,images/2368914.jpg
3879,images/2362804.jpg
3880,images/2361492.jpg
3881,images/2320476.jpg
3882,images/2371137.jpg
3883,images/2408081.jpg
3884,images/2398609.jpg
3885,images/2352484.jpg
3886,images/2405103.jpg
3887,images/2397203.jpg
3888,images/713048.jpg
3889,images/2340500.jpg
3890,images/2363272.jpg
3891,images/2319347.jpg
3892,images/2357802.jpg
3893,images/2387137.jpg
3894,images/2391743.jpg
3895,images/2388648.jpg
3896,images/2329347.jpg
3897,images/2334367.jpg
3898,images/2335060.jpg
3899,images/2382950.jpg
3900,images/2381084.jpg
3901,images/2358799.jpg
3902,images/2321730.jpg
3903,images/2349616.jpg
3904,images/2412384.jpg
3905,images/2392565.jpg
3906,images/2351083.jpg
3907,images/2395520.jpg
3908,images/2315354.jpg
3909,images/2368054.jpg
3910,images/2376794.jpg
3911,images/2361821.jpg
3912,images/2364424.jpg
3913,images/2337026.jpg
3914,images/2372055.jpg
3915,images/2345532.jpg
3916,images/2353801.jpg
3917,images/2367136.jpg
3918,images/285707.jpg
3919,images/2379774.jpg
3920,images/2376547.jpg
3921,images/2398862.jpg
3922,images/2364766.jpg
3923,images/2358936.jpg
3924,images/2417150.jpg
3925,images/2363815.jpg
3926,images/2346788.jpg
3927,images/2317126.jpg
3928,images/2326800.jpg
3929,images/1159281.jpg
3930,images/2353398.jpg
3931,images/2410152.jpg
3932,images/2326242.jpg
3933,images/2393366.jpg
3934,images/2324106.jpg
3935,images/1160209.jpg
3936,images/2364024.jpg
3937,images/2368415.jpg
3938,images/2342008.jpg
3939,images/713207.jpg
3940,images/2404080.jpg
3941,images/2335618.jpg
3942,images/2358936.jpg
3943,images/2413634.jpg
3944,images/2362530.jpg
3945,images/2369450.jpg
3946,images/2366038.jpg
3947,images/2357815.jpg
3948,images/2399686.jpg
3949,images/2350646.jpg
3950,images/2386795.jpg
3951,images/2393574.jpg
3952,images/2364253.jpg
3953,images/2358851.jpg
3954,images/2356713.jpg
3955,images/2323250.jpg
3956,images/2397731.jpg
3957,images/2391742.jpg
3958,images/2373502.jpg
3959,images/2342431.jpg
3960,images/2386001.jpg
3961,images/2378013.jpg
3962,images/2407510.jpg
3963,images/2352355.jpg
3964,images/2341204.jpg
3965,images/2413278.jpg
3966,images/2322516.jpg
3967,images/2397203.jpg
3968,images/2408641.jpg
3969,images/2360679.jpg
3970,images/2344635.jpg
3971,images/2317093.jpg
3972,images/2412854.jpg
3973,images/2397149.jpg
3974,images/2391558.jpg
3975,images/2387897.jpg
3976,images/2319347.jpg
3977,images/2387315.jpg
3978,images/2347373.jpg
3979,images/2406977.jpg
3980,images/2399560.jpg
3981,images/2360647.jpg
3982,images/2401362.jpg
3983,images/2413586.jpg
3984,images/2393935.jpg
3985,images/2359215.jpg
3986,images/2396422.jpg
3987,images/2391742.jpg
3988,images/2400986.jpg
3989,images/2375910.jpg
3990,images/2361561.jpg
3991,images/2339807.jpg
3992,images/2399233.jpg
3993,images/2356036.jpg
3994,images/2316137.jpg
3995,images/2377314.jpg
3996,images/2383956.jpg
3997,images/2401870.jpg
3998,images/2350075.jpg
3999,images/2384917.jpg
4000,images/2364719.jpg
4001,images/2339698.jpg
4002,images/2376812.jpg
4003,images/2403205.jpg
4004,images/2383170.jpg
4005,images/2391328.jpg
4006,images/2382098.jpg
4007,images/2392426.jpg
4008,images/2377018.jpg
4009,images/2411201.jpg
4010,images/2376697.jpg
4011,images/2397422.jpg
4012,images/2382466.jpg
4013,images/2330843.jpg
4014,images/723.jpg
4015,images/2335788.jpg
4016,images/2388319.jpg
4017,images/2393598.jpg
4018,images/2337403.jpg
4019,images/2338721.jpg
4020,images/2392197.jpg
4021,images/2351815.jpg
4022,images/2341368.jpg
4023,images/2396392.jpg
4024,images/2417119.jpg
4025,images/2350312.jpg
4026,images/2391742.jpg
4027,images/2361824.jpg
4028,images/2344149.jpg
4029,images/2348263.jpg
4030,images/2341652.jpg
4031,images/2342431.jpg
4032,images/2316952.jpg
4033,images/2375910.jpg
4034,images/2393921.jpg
4035,images/2384862.jpg
4036,images/2402737.jpg
4037,images/2316809.jpg
4038,images/2413278.jpg
4039,images/2397739.jpg
4040,images/2384917.jpg
4041,images/2332528.jpg
4042,images/2334958.jpg
4043,images/2384081.jpg
4044,images/2339453.jpg
4045,images/2365821.jpg
4046,images/2322764.jpg
4047,images/2403205.jpg
4048,images/2386512.jpg
4049,images/2386134.jpg
4050,images/2391328.jpg
4051,images/2324642.jpg
4052,images/2318030.jpg
4053,images/2385923.jpg
4054,images/2381489.jpg
4055,images/2377018.jpg
4056,images/2372773.jpg
4057,images/2382466.jpg
4058,images/2414767.jpg
4059,images/2337403.jpg
4060,images/2365586.jpg
4061,images/2345151.jpg
4062,images/2392197.jpg
4063,images/2341368.jpg
4064,images/2396392.jpg
4065,images/2340687.jpg
4066,images/2409085.jpg
4067,images/2344149.jpg
4068,images/2341652.jpg
4069,images/2375910.jpg
4070,images/2319334.jpg
4071,images/2316952.jpg
4072,images/2355347.jpg
4073,images/2402737.jpg
4074,images/2360774.jpg
4075,images/2366841.jpg
4076,images/2368196.jpg
4077,images/2391053.jpg
4078,images/2337205.jpg
4079,images/2383550.jpg
4080,images/2378740.jpg
4081,images/2369270.jpg
4082,images/2339698.jpg
4083,images/2359938.jpg
4084,images/2348603.jpg
4085,images/2394499.jpg
4086,images/2325645.jpg
4087,images/2410817.jpg
4088,images/285910.jpg
4089,images/2331063.jpg
4090,images/2319590.jpg
4091,images/2403391.jpg
4092,images/2393152.jpg
4093,images/2388671.jpg
4094,images/2323367.jpg
4095,images/2366.jpg
4096,images/2318441.jpg
4097,images/2322259.jpg
4098,images/2361385.jpg
4099,images/2407359.jpg
4100,images/713697.jpg
4101,images/2386233.jpg
4102,images/2367813.jpg
4103,images/2316030.jpg
4104,images/2387128.jpg
4105,images/2379316.jpg
4106,images/2374386.jpg
4107,images/2372605.jpg
4108,images/2337303.jpg
4109,images/2375883.jpg
4110,images/2341172.jpg
4111,images/2324546.jpg
4112,images/2372148.jpg
4113,images/2391849.jpg
4114,images/2402353.jpg
4115,images/2345151.jpg
4116,images/2346815.jpg
4117,images/2394144.jpg
4118,images/2400608.jpg
4119,images/2335375.jpg
4120,images/2406301.jpg
4121,images/588.jpg
4122,images/2402079.jpg
4123,images/2403772.jpg
4124,images/2353948.jpg
4125,images/2331177.jpg
4126,images/2380237.jpg
4127,images/2320517.jpg
4128,images/2316688.jpg
4129,images/2393339.jpg
4130,images/497913.jpg
4131,images/2406798.jpg
4132,images/1592443.jpg
4133,images/2362804.jpg
4134,images/2344149.jpg
4135,images/2361492.jpg
4136,images/2361561.jpg
4137,images/2405325.jpg
4138,images/2355519.jpg
4139,images/2377200.jpg
4140,images/2351380.jpg
4141,images/2339803.jpg
4142,images/2360774.jpg
4143,images/2363530.jpg
4144,images/308.jpg
4145,images/2316242.jpg
4146,images/2398532.jpg
4147,images/2377573.jpg
4148,images/2383220.jpg
4149,images/2343433.jpg
4150,images/2394449.jpg
4151,images/2354475.jpg
4152,images/2369480.jpg
4153,images/2412325.jpg
4154,images/2349548.jpg
4155,images/2346772.jpg
4156,images/1592440.jpg
4157,images/2332528.jpg
4158,images/2349281.jpg
4159,images/2385539.jpg
4160,images/2397203.jpg
4161,images/2350300.jpg
4162,images/2357994.jpg
4163,images/2352998.jpg
4164,images/2393305.jpg
4165,images/2407878.jpg
4166,images/2409920.jpg
4167,images/2383945.jpg
4168,images/2321557.jpg
4169,images/2355266.jpg
4170,images/2406607.jpg
4171,images/2406596.jpg
4172,images/2322034.jpg
4173,images/2368671.jpg
4174,images/2317781.jpg
4175,images/2377704.jpg
4176,images/2416475.jpg
4177,images/2342372.jpg
4178,images/2395227.jpg
4179,images/2402417.jpg
4180,images/2320868.jpg
4181,images/1592975.jpg
4182,images/2340216.jpg
4183,images/2366850.jpg
4184,images/497973.jpg
4185,images/2372332.jpg
4186,images/2372773.jpg
4187,images/498019.jpg
4188,images/2353197.jpg
4189,images/2344234.jpg
4190,images/2320410.jpg
4191,images/2386620.jpg
4192,images/1593035.jpg
4193,images/2348310.jpg
4194,images/2410104.jpg
4195,images/2358221.jpg
4196,images/2361220.jpg
4197,images/2330171.jpg
4198,images/2336234.jpg
4199,images/2401611.jpg
4200,images/2336257.jpg
4201,images/2351477.jpg
4202,images/2367721.jpg
4203,images/2336027.jpg
4204,images/2388985.jpg
4205,images/2398065.jpg
4206,images/2382950.jpg
4207,images/2402737.jpg
4208,images/2315606.jpg
4209,images/2339336.jpg
4210,images/2417872.jpg
4211,images/2397731.jpg
4212,images/2398334.jpg
4213,images/2341401.jpg
4214,images/2355579.jpg
4215,images/2417873.jpg
4216,images/2332540.jpg
4217,images/2384917.jpg
4218,images/2338125.jpg
4219,images/2360407.jpg
4220,images/2362379.jpg
4221,images/2367842.jpg
4222,images/2367250.jpg
4223,images/2317971.jpg
4224,images/2325354.jpg
4225,images/2376639.jpg
4226,images/2361800.jpg
4227,images/2363601.jpg
4228,images/2365821.jpg
4229,images/2408366.jpg
4230,images/2366975.jpg
4231,images/2401465.jpg
4232,images/2414764.jpg
4233,images/2402211.jpg
4234,images/1592139.jpg
4235,images/2392202.jpg
4236,images/285822.jpg
4237,images/2385923.jpg
4238,images/2380115.jpg
4239,images/2315773.jpg
4240,images/2369464.jpg
4241,images/2380064.jpg
4242,images/2416114.jpg
4243,images/2333478.jpg
4244,images/2342591.jpg
4245,images/2318635.jpg
4246,images/2365964.jpg
4247,images/2338833.jpg
4248,images/2382466.jpg
4249,images/2367771.jpg
4250,images/2362606.jpg
4251,images/2414082.jpg
4252,images/2409245.jpg
4253,images/2320542.jpg
4254,images/2405708.jpg
4255,images/2411557.jpg
4256,images/2400362.jpg
4257,images/2365164.jpg
4258,images/2356713.jpg
4259,images/2362554.jpg
4260,images/2349742.jpg
4261,images/2358778.jpg
4262,images/2369.jpg
4263,images/2359049.jpg
4264,images/2322607.jpg
4265,images/2353581.jpg
4266,images/2373502.jpg
4267,images/2367662.jpg
4268,images/2353801.jpg
4269,images/2348134.jpg
4270,images/2382399.jpg
4271,images/2351028.jpg
4272,images/2411533.jpg
4273,images/2321819.jpg
4274,images/2371647.jpg
4275,images/2362161.jpg
4276,images/2345947.jpg
4277,images/2357556.jpg
4278,images/2373693.jpg
4279,images/2387950.jpg
4280,images/2402597.jpg
4281,images/2330531.jpg
4282,images/2820.jpg
4283,images/2345976.jpg
4284,images/2392123.jpg
4285,images/2336716.jpg
4286,images/713615.jpg
4287,images/2322764.jpg
4288,images/497940.jpg
4289,images/2319335.jpg
4290,images/2368944.jpg
4291,images/2326569.jpg
4292,images/2351887.jpg
4293,images/2347300.jpg
4294,images/2337084.jpg
4295,images/2350609.jpg
4296,images/2403075.jpg
4297,images/2367272.jpg
4298,images/2363026.jpg
4299,images/1160042.jpg
4300,images/2337254.jpg
4301,images/2381489.jpg
4302,images/1592176.jpg
4303,images/2395888.jpg
4304,images/2328885.jpg
4305,images/2335189.jpg
4306,images/2385853.jpg
4307,images/2350211.jpg
4308,images/2330759.jpg
4309,images/2367636.jpg
4310,images/2374180.jpg
4311,images/2344629.jpg
4312,images/2321501.jpg
4313,images/2395632.jpg
4314,images/619.jpg
4315,images/1159281.jpg
4316,images/2330660.jpg
4317,images/2360290.jpg
4318,images/2388780.jpg
4319,images/2352866.jpg
4320,images/2368507.jpg
4321,images/2388607.jpg
4322,images/2397768.jpg
4323,images/2341743.jpg
4324,images/2382138.jpg
4325,images/2324192.jpg
4326,images/2372091.jpg
4327,images/2359215.jpg
4328,images/2356904.jpg
4329,images/2351872.jpg
4330,images/2392586.jpg
4331,images/2408302.jpg
4332,images/2324106.jpg
4333,images/2341652.jpg
4334,images/2362928.jpg
4335,images/2374195.jpg
4336,images/2373288.jpg
4337,images/2395166.jpg
4338,images/2360637.jpg
4339,images/2392675.jpg
4340,images/2328158.jpg
4341,images/2329840.jpg
4342,images/2336458.jpg
4343,images/2371670.jpg
4344,images/2343165.jpg
4345,images/2393911.jpg
4346,images/2413539.jpg
4347,images/2323342.jpg
4348,images/2360407.jpg
4349,images/2317257.jpg
4350,images/2326204.jpg
4351,images/2395551.jpg
4352,images/2388411.jpg
4353,images/2365207.jpg
4354,images/2329292.jpg
4355,images/2358650.jpg
4356,images/2382139.jpg
4357,images/2329885.jpg
4358,images/2325645.jpg
4359,images/2368737.jpg
4360,images/2326452.jpg
4361,images/2324642.jpg
4362,images/2417829.jpg
4363,images/2317781.jpg
4364,images/2366052.jpg
4365,images/2362446.jpg
4366,images/2364424.jpg
4367,images/2411201.jpg
4368,images/2377704.jpg
4369,images/2406520.jpg
4370,images/2345520.jpg
4371,images/2391800.jpg
4372,images/2357802.jpg
4373,images/2350211.jpg
4374,images/497973.jpg
4375,images/2392115.jpg
4376,images/2324546.jpg
4377,images/2340216.jpg
4378,images/2400930.jpg
4379,images/2351210.jpg
4380,images/2406100.jpg
4381,images/2345544.jpg
4382,images/2411557.jpg
4383,images/2369591.jpg
4384,images/2400362.jpg
4385,images/2318692.jpg
4386,images/2384424.jpg
4387,images/2414515.jpg
4388,images/2335375.jpg
4389,images/2358897.jpg
4390,images/2318999.jpg
4391,images/2341743.jpg
4392,images/2353948.jpg
4393,images/2388468.jpg
4394,images/2395889.jpg
4395,images/2339367.jpg
4396,images/2344149.jpg
4397,images/2396028.jpg
4398,images/2341651.jpg
4399,images/2383771.jpg
4400,images/2361415.jpg
4401,images/2382399.jpg
4402,images/2381209.jpg
4403,images/2409092.jpg
4404,images/2315606.jpg
4405,images/2315773.jpg
4406,images/2407605.jpg
4407,images/2337466.jpg
4408,images/2398862.jpg
4409,images/2390506.jpg
4410,images/2337324.jpg
4411,images/2339698.jpg
4412,images/2348603.jpg
4413,images/2410503.jpg
4414,images/2325645.jpg
4415,images/2395684.jpg
4416,images/2354002.jpg
4417,images/2345384.jpg
4418,images/713697.jpg
4419,images/2352547.jpg
4420,images/2413619.jpg
4421,images/723.jpg
4422,images/2407463.jpg
4423,images/2401902.jpg
4424,images/2353702.jpg
4425,images/2320932.jpg
4426,images/2361824.jpg
4427,images/2362804.jpg
4428,images/2344149.jpg
4429,images/2382687.jpg
4430,images/2361561.jpg
4431,images/2317995.jpg
4432,images/2378865.jpg
4433,images/2324942.jpg
4434,images/2407605.jpg
4435,images/2363530.jpg
4436,images/2342220.jpg
4437,images/308.jpg
4438,images/2368813.jpg
4439,images/2343433.jpg
4440,images/2373141.jpg
4441,images/2385539.jpg
4442,images/2406272.jpg
4443,images/2379893.jpg
4444,images/2407878.jpg
4445,images/2409920.jpg
4446,images/2355266.jpg
4447,images/2388214.jpg
4448,images/2406607.jpg
4449,images/2343674.jpg
4450,images/2406596.jpg
4451,images/2377113.jpg
4452,images/2363272.jpg
4453,images/2395809.jpg
4454,images/2404204.jpg
4455,images/2379476.jpg
4456,images/2333815.jpg
4457,images/2363682.jpg
4458,images/2367545.jpg
4459,images/2363038.jpg
4460,images/2324410.jpg
4461,images/2417890.jpg
4462,images/2369919.jpg
4463,images/2319449.jpg
4464,images/2378475.jpg
4465,images/2320410.jpg
4466,images/2365847.jpg
4467,images/2365030.jpg
4468,images/2410306.jpg
4469,images/2396020.jpg
4470,images/2365756.jpg
4471,images/2407271.jpg
4472,images/2399233.jpg
4473,images/2401124.jpg
4474,images/2391488.jpg
4475,images/2349682.jpg
4476,images/2358535.jpg
4477,images/2360562.jpg
4478,images/2384917.jpg
4479,images/2410321.jpg
4480,images/2347851.jpg
4481,images/2347413.jpg
4482,images/2412384.jpg
4483,images/2377075.jpg
4484,images/2413346.jpg
4485,images/2323635.jpg
4486,images/2334891.jpg
4487,images/2409069.jpg
4488,images/2416819.jpg
4489,images/2401465.jpg
4490,images/2367351.jpg
4491,images/2412049.jpg
4492,images/2361821.jpg
4493,images/2417191.jpg
4494,images/2370710.jpg
4495,images/2380929.jpg
4496,images/2327579.jpg
4497,images/2414767.jpg
4498,images/2386031.jpg
4499,images/2318046.jpg
4500,images/2370660.jpg
4501,images/2328037.jpg
4502,images/2366845.jpg
4503,images/2368734.jpg
4504,images/2366619.jpg
4505,images/2320636.jpg
4506,images/2388375.jpg
4507,images/2412423.jpg
4508,images/2318372.jpg
4509,images/2395277.jpg
4510,images/1592064.jpg
4511,images/2405063.jpg
4512,images/2380298.jpg
4513,images/2371268.jpg
4514,images/2365556.jpg
4515,images/2394687.jpg
4516,images/2393779.jpg
4517,images/2396762.jpg
4518,images/2396753.jpg
4519,images/2318384.jpg
4520,images/2387950.jpg
4521,images/2380409.jpg
4522,images/2329292.jpg
4523,images/2316133.jpg
4524,images/2359181.jpg
4525,images/2349275.jpg
4526,images/2379667.jpg
4527,images/2397149.jpg
4528,images/2355727.jpg
4529,images/2336693.jpg
4530,images/2383170.jpg
4531,images/2316789.jpg
4532,images/2316980.jpg
4533,images/2372618.jpg
4534,images/2413880.jpg
4535,images/2319295.jpg
4536,images/2371675.jpg
4537,images/2413820.jpg
4538,images/2360443.jpg
4539,images/2350951.jpg
4540,images/2335189.jpg
4541,images/2343283.jpg
4542,images/2352572.jpg
4543,images/2370145.jpg
4544,images/2357609.jpg
4545,images/2358659.jpg
4546,images/2326242.jpg
4547,images/2351872.jpg
4548,images/2393366.jpg
4549,images/2348263.jpg
4550,images/2387862.jpg
4551,images/2336673.jpg
4552,images/2355465.jpg
4553,images/1160209.jpg
4554,images/2367595.jpg
4555,images/2376475.jpg
4556,images/2356431.jpg
4557,images/2409228.jpg
4558,images/2395166.jpg
4559,images/2348342.jpg
4560,images/2342008.jpg
4561,images/2414213.jpg
4562,images/2400105.jpg
4563,images/2416953.jpg
4564,images/2392560.jpg
4565,images/2382256.jpg
4566,images/2386116.jpg
4567,images/2377830.jpg
4568,images/2330381.jpg
4569,images/2398985.jpg
4570,images/2342235.jpg
4571,images/2367068.jpg
4572,images/2352588.jpg
4573,images/2396422.jpg
4574,images/2371402.jpg
4575,images/2345543.jpg
4576,images/2350677.jpg
4577,images/2359349.jpg
4578,images/2326204.jpg
4579,images/2366038.jpg
4580,images/2398065.jpg
4581,images/2402933.jpg
4582,images/2382042.jpg
4583,images/2345520.jpg
4584,images/2323429.jpg
4585,images/2357723.jpg
4586,images/285650.jpg
4587,images/2417584.jpg
4588,images/2321821.jpg
4589,images/2331395.jpg
4590,images/2405708.jpg
4591,images/2410321.jpg
4592,images/2416861.jpg
4593,images/2330389.jpg
4594,images/2404933.jpg
4595,images/2359012.jpg
4596,images/2350325.jpg
4597,images/2391905.jpg
4598,images/2369968.jpg
4599,images/2398189.jpg
4600,images/2339341.jpg
4601,images/2346042.jpg
4602,images/2394992.jpg
4603,images/2352946.jpg
4604,images/2354516.jpg
4605,images/2417648.jpg
4606,images/2361973.jpg
4607,images/107926.jpg
4608,images/2362696.jpg
4609,images/2388428.jpg
4610,images/2412423.jpg
4611,images/2364208.jpg
4612,images/2345710.jpg
4613,images/2381721.jpg
4614,images/2328085.jpg
4615,images/2356473.jpg
4616,images/2341260.jpg
4617,images/2404956.jpg
4618,images/2416340.jpg
4619,images/2416400.jpg
4620,images/2346772.jpg
4621,images/2344881.jpg
4622,images/2317705.jpg
4623,images/2359938.jpg
4624,images/2324062.jpg
4625,images/2392688.jpg
4626,images/2327653.jpg
4627,images/2368434.jpg
4628,images/2394168.jpg
4629,images/2403329.jpg
4630,images/2402100.jpg
4631,images/2397167.jpg
4632,images/2322897.jpg
4633,images/2416154.jpg
4634,images/2355278.jpg
4635,images/2339137.jpg
4636,images/2330184.jpg
4637,images/2359073.jpg
4638,images/2316968.jpg
4639,images/2339511.jpg
4640,images/2400368.jpg
4641,images/2336077.jpg
4642,images/2387315.jpg
4643,images/2391586.jpg
4644,images/2344063.jpg
4645,images/2377255.jpg
4646,images/2408383.jpg
4647,images/2319449.jpg
4648,images/2324518.jpg
4649,images/2396989.jpg
4650,images/2367226.jpg
4651,images/2319723.jpg
4652,images/2365600.jpg
4653,images/2402079.jpg
4654,images/2397277.jpg
4655,images/2320517.jpg
4656,images/2414023.jpg
4657,images/2346853.jpg
4658,images/2368563.jpg
4659,images/2382789.jpg
4660,images/2381433.jpg
4661,images/2353191.jpg
4662,images/2416435.jpg
4663,images/2374046.jpg
4664,images/713943.jpg
4665,images/2353942.jpg
4666,images/2373581.jpg
4667,images/2395369.jpg
4668,images/2416465.jpg
4669,images/2411533.jpg
4670,images/2330381.jpg
4671,images/2344455.jpg
4672,images/2386317.jpg
4673,images/2330673.jpg
4674,images/2398449.jpg
4675,images/2318872.jpg
4676,images/2317863.jpg
4677,images/3753.jpg
4678,images/2371528.jpg
4679,images/2320118.jpg
4680,images/2415707.jpg
4681,images/2345543.jpg
4682,images/2416154.jpg
4683,images/2362928.jpg
4684,images/2409292.jpg
4685,images/2321114.jpg
4686,images/2364637.jpg
4687,images/2377864.jpg
4688,images/2342959.jpg
4689,images/2357723.jpg
4690,images/2343212.jpg
4691,images/2394890.jpg
4692,images/2374180.jpg
4693,images/2411601.jpg
4694,images/2405708.jpg
4695,images/2369270.jpg
4696,images/2379956.jpg
4697,images/2351824.jpg
4698,images/2407359.jpg
4699,images/2346042.jpg
4700,images/2330843.jpg
4701,images/2368907.jpg
4702,images/2317373.jpg
4703,images/2320708.jpg
4704,images/2372598.jpg
4705,images/2365905.jpg
4706,images/2394945.jpg
4707,images/2375845.jpg
4708,images/2379263.jpg
4709,images/2355607.jpg
4710,images/2371440.jpg
4711,images/2368737.jpg
4712,images/2355266.jpg
4713,images/2416154.jpg
4714,images/2383663.jpg
4715,images/2409022.jpg
4716,images/2351612.jpg
4717,images/2380834.jpg
4718,images/2395227.jpg
4719,images/2377282.jpg
4720,images/2347332.jpg
4721,images/2317786.jpg
4722,images/2340860.jpg
4723,images/2388648.jpg
4724,images/2317153.jpg
4725,images/2376453.jpg
4726,images/2357485.jpg
4727,images/2366945.jpg
4728,images/2337260.jpg
4729,images/2380923.jpg
4730,images/2386802.jpg
4731,images/2366946.jpg
4732,images/2392212.jpg
4733,images/2390585.jpg
4734,images/2325561.jpg
4735,images/2385757.jpg
4736,images/2367351.jpg
4737,images/2406932.jpg
4738,images/2337501.jpg
4739,images/2332607.jpg
4740,images/2365964.jpg
4741,images/2375856.jpg
4742,images/2364208.jpg
4743,images/2411937.jpg
4744,images/2380298.jpg
4745,images/2328085.jpg
4746,images/2405432.jpg
4747,images/2362161.jpg
4748,images/2321145.jpg
4749,images/2403124.jpg
4750,images/2406744.jpg
4751,images/2417154.jpg
4752,images/2322281.jpg
4753,images/2389470.jpg
4754,images/2363495.jpg
4755,images/2364372.jpg
4756,images/2327364.jpg
4757,images/2363267.jpg
4758,images/2393598.jpg
4759,images/2384424.jpg
4760,images/2397768.jpg
4761,images/2344583.jpg
4762,images/2397828.jpg
4763,images/2377179.jpg
4764,images/2397193.jpg
4765,images/2387928.jpg
4766,images/2395775.jpg
4767,images/2389743.jpg
4768,images/2343674.jpg
4769,images/2411951.jpg
4770,images/2370647.jpg
4771,images/2337205.jpg
4772,images/2355329.jpg
4773,images/2323699.jpg
4774,images/2347801.jpg
4775,images/107970.jpg
4776,images/2404687.jpg
4777,images/2417574.jpg
4778,images/2319590.jpg
4779,images/1592123.jpg
4780,images/2328105.jpg
4781,images/2346042.jpg
4782,images/1386.jpg
4783,images/2415243.jpg
4784,images/2342671.jpg
4785,images/2393574.jpg
4786,images/2353468.jpg
4787,images/2340388.jpg
4788,images/2353191.jpg
4789,images/2321237.jpg
4790,images/2402059.jpg
4791,images/2391621.jpg
4792,images/2368621.jpg
4793,images/2378865.jpg
4794,images/2377200.jpg
4795,images/2382042.jpg
4796,images/2381777.jpg
4797,images/2353465.jpg
4798,images/2391972.jpg
4799,images/2367488.jpg
4800,images/2375845.jpg
4801,images/2328720.jpg
4802,images/2322086.jpg
4803,images/2339493.jpg
4804,images/2357994.jpg
4805,images/2409920.jpg
4806,images/2345068.jpg
4807,images/2400727.jpg
4808,images/2376104.jpg
4809,images/2377704.jpg
4810,images/2390039.jpg
4811,images/2380043.jpg
4812,images/2380220.jpg
4813,images/2363386.jpg
4814,images/2324410.jpg
4815,images/2415851.jpg
4816,images/2338060.jpg
4817,images/2401273.jpg
4818,images/2396329.jpg
4819,images/2318934.jpg
4820,images/2403057.jpg
4821,images/2376453.jpg
4822,images/2410967.jpg
4823,images/2403710.jpg
4824,images/2356015.jpg
4825,images/2357190.jpg
4826,images/2353942.jpg
4827,images/2400114.jpg
4828,images/2367714.jpg
4829,images/2408633.jpg
4830,images/2356836.jpg
4831,images/2330673.jpg
4832,images/2398334.jpg
4833,images/2400958.jpg
4834,images/2362525.jpg
4835,images/2330218.jpg
4836,images/2410321.jpg
4837,images/2372715.jpg
4838,images/2367250.jpg
4839,images/2377864.jpg
4840,images/2401465.jpg
4841,images/2413160.jpg
4842,images/2383244.jpg
4843,images/2408110.jpg
4844,images/2385466.jpg
4845,images/2334734.jpg
4846,images/2380606.jpg
4847,images/2400793.jpg
4848,images/2402907.jpg
4849,images/2409245.jpg
4850,images/2380956.jpg
4851,images/2400362.jpg
4852,images/2372055.jpg
4853,images/2342762.jpg
4854,images/2364208.jpg
4855,images/2338103.jpg
4856,images/2361529.jpg
4857,images/2383524.jpg
4858,images/2362196.jpg
4859,images/2365318.jpg
4860,images/2410147.jpg
4861,images/2322093.jpg
4862,images/2347254.jpg
4863,images/2321901.jpg
4864,images/2331525.jpg
4865,images/2405633.jpg
4866,images/2337254.jpg
4867,images/2350951.jpg
4868,images/2371220.jpg
4869,images/2346513.jpg
4870,images/2378738.jpg
4871,images/2386600.jpg
4872,images/2326242.jpg
4873,images/2334171.jpg
4874,images/2389636.jpg
4875,images/2393895.jpg
4876,images/2399913.jpg
4877,images/2364603.jpg
4878,images/2416340.jpg
4879,images/2411951.jpg
4880,images/2346637.jpg
4881,images/2368944.jpg
4882,images/2325500.jpg
4883,images/2381489.jpg
4884,images/2349993.jpg
4885,images/2361883.jpg
4886,images/2357191.jpg
4887,images/2387137.jpg
4888,images/2370415.jpg
4889,images/2331118.jpg
4890,images/2377944.jpg
4891,images/2370845.jpg
4892,images/2403710.jpg
4893,images/2329347.jpg
4894,images/2378073.jpg
4895,images/2324106.jpg
4896,images/2317661.jpg
4897,images/2336458.jpg
4898,images/2379063.jpg
4899,images/2334564.jpg
4900,images/2346637.jpg
4901,images/2359938.jpg
4902,images/2414707.jpg
4903,images/2322792.jpg
4904,images/2330356.jpg
4905,images/2372581.jpg
4906,images/2405419.jpg
4907,images/2331063.jpg
4908,images/2338165.jpg
4909,images/2320130.jpg
4910,images/2342016.jpg
4911,images/2406607.jpg
4912,images/2377113.jpg
4913,images/2357191.jpg
4914,images/2409740.jpg
4915,images/2395395.jpg
4916,images/2391307.jpg
4917,images/2404065.jpg
4918,images/2402984.jpg
4919,images/2345562.jpg
4920,images/2365964.jpg
4921,images/2417801.jpg
4922,images/2412342.jpg
4923,images/2363292.jpg
4924,images/2371922.jpg
4925,images/2370415.jpg
4926,images/2349591.jpg
4927,images/2379063.jpg
4928,images/2379710.jpg
4929,images/2354569.jpg
4930,images/2356713.jpg
4931,images/2331118.jpg
4932,images/2361220.jpg
4933,images/2377944.jpg
4934,images/2381403.jpg
4935,images/2362620.jpg
4936,images/2370845.jpg
4937,images/2348946.jpg
4938,images/2378073.jpg
4939,images/2316215.jpg
4940,images/2326052.jpg
4941,images/2347131.jpg
4942,images/713188.jpg
4943,images/2362815.jpg
4944,images/2336027.jpg
4945,images/2396084.jpg
4946,images/2351028.jpg
4947,images/2392036.jpg
4948,images/2398619.jpg
4949,images/2377469.jpg
4950,images/2366640.jpg
4951,images/2363024.jpg
4952,images/2362161.jpg
4953,images/2377474.jpg
4954,images/2352573.jpg
4955,images/2370923.jpg
4956,images/2392675.jpg
4957,images/2371670.jpg
4958,images/2349281.jpg
4959,images/2321511.jpg
4960,images/2376639.jpg
4961,images/2336712.jpg
4962,images/2387430.jpg
4963,images/2374739.jpg
4964,images/2404933.jpg
4965,images/2388328.jpg
4966,images/2398506.jpg
4967,images/2403836.jpg
4968,images/2360206.jpg
4969,images/2347300.jpg
4970,images/2383663.jpg
4971,images/2363247.jpg
4972,images/2398189.jpg
4973,images/713697.jpg
4974,images/2369464.jpg
4975,images/2402417.jpg
4976,images/2370727.jpg
4977,images/2364372.jpg
4978,images/2394611.jpg
4979,images/2339782.jpg
4980,images/2414767.jpg
4981,images/2407463.jpg
4982,images/2365888.jpg
4983,images/2391492.jpg
4984,images/107926.jpg
4985,images/2394117.jpg
4986,images/2340860.jpg
4987,images/2320636.jpg
4988,images/2357609.jpg
4989,images/2353644.jpg
4990,images/2354373.jpg
4991,images/2328838.jpg
4992,images/2318372.jpg
4993,images/2369860.jpg
4994,images/2356259.jpg
4995,images/2386876.jpg
4996,images/2398018.jpg
4997,images/2380298.jpg
4998,images/2330479.jpg
4999,images/2373502.jpg
5000,images/2344218.jpg
5001,images/2387862.jpg
5002,images/2415110.jpg
5003,images/2403359.jpg
5004,images/2357556.jpg
5005,images/2398532.jpg
5006,images/2371420.jpg
5007,images/2379786.jpg
5008,images/2347508.jpg
5009,images/2337205.jpg
5010,images/2370023.jpg
5011,images/2325645.jpg
5012,images/2397138.jpg
5013,images/2342016.jpg
5014,images/2338275.jpg
5015,images/2370.jpg
5016,images/2374386.jpg
5017,images/2384517.jpg
5018,images/2367018.jpg
5019,images/2400930.jpg
5020,images/2366353.jpg
5021,images/2404534.jpg
5022,images/2323280.jpg
5023,images/2370216.jpg
5024,images/2362620.jpg
5025,images/1831.jpg
5026,images/2374749.jpg
5027,images/2318379.jpg
5028,images/2352484.jpg
5029,images/2412325.jpg
5030,images/2354681.jpg
5031,images/2345905.jpg
5032,images/2361109.jpg
5033,images/2355266.jpg
5034,images/2318448.jpg
5035,images/2406520.jpg
5036,images/2402417.jpg
5037,images/2323585.jpg
5038,images/2409721.jpg
5039,images/2387231.jpg
5040,images/2324645.jpg
5041,images/2399233.jpg
5042,images/2360562.jpg
5043,images/2360407.jpg
5044,images/2317971.jpg
5045,images/2351083.jpg
5046,images/2322354.jpg
5047,images/1592395.jpg
5048,images/2321342.jpg
5049,images/2369464.jpg
5050,images/2364424.jpg
5051,images/2382890.jpg
5052,images/2414082.jpg
5053,images/2337026.jpg
5054,images/2409245.jpg
5055,images/2356713.jpg
5056,images/2359049.jpg
5057,images/2396988.jpg
5058,images/2344769.jpg
5059,images/2361415.jpg
5060,images/2382399.jpg
5061,images/2396753.jpg
5062,images/2335823.jpg
5063,images/2318384.jpg
5064,images/2324950.jpg
5065,images/2402597.jpg
5066,images/2347508.jpg
5067,images/2412794.jpg
5068,images/2414707.jpg
5069,images/2350109.jpg
5070,images/2397149.jpg
5071,images/2386512.jpg
5072,images/2322281.jpg
5073,images/2386631.jpg
5074,images/2350595.jpg
5075,images/2341651.jpg
5076,images/2385853.jpg
5077,images/2357063.jpg
5078,images/2317615.jpg
5079,images/2382854.jpg
5080,images/2317981.jpg
5081,images/2416953.jpg
5082,images/2341743.jpg
5083,images/2388468.jpg
5084,images/2346086.jpg
5085,images/2326052.jpg
5086,images/2373581.jpg
5087,images/2376475.jpg
5088,images/2339161.jpg
5089,images/2389743.jpg
5090,images/2392675.jpg
5091,images/2383550.jpg
5092,images/2317971.jpg
5093,images/2358650.jpg
5094,images/2325354.jpg
5095,images/2316635.jpg
5096,images/2378957.jpg
5097,images/2410503.jpg
5098,images/2397149.jpg
5099,images/2327030.jpg
5100,images/2365821.jpg
5101,images/713615.jpg
5102,images/2392521.jpg
5103,images/2380827.jpg
5104,images/1592123.jpg
5105,images/2316980.jpg
5106,images/2378038.jpg
5107,images/2393666.jpg
5108,images/2386795.jpg
5109,images/2400374.jpg
5110,images/2367771.jpg
5111,images/2324410.jpg
5112,images/2393247.jpg
5113,images/2338674.jpg
5114,images/2357646.jpg
5115,images/2376054.jpg
5116,images/2337125.jpg
5117,images/2353702.jpg
5118,images/2383227.jpg
5119,images/2340687.jpg
5120,images/2340219.jpg
5121,images/2362093.jpg
5122,images/2393339.jpg
5123,images/2345710.jpg
5124,images/2396875.jpg
5125,images/2350157.jpg
5126,images/2384109.jpg
5127,images/2361561.jpg
5128,images/2393779.jpg
5129,images/2377200.jpg
5130,images/2389381.jpg
5131,images/2399233.jpg
5132,images/2325910.jpg
5133,images/2376077.jpg
5134,images/2322293.jpg
5135,images/2387472.jpg
5136,images/2377314.jpg
5137,images/2342562.jpg
5138,images/2360562.jpg
5139,images/2363601.jpg
5140,images/2384917.jpg
5141,images/2353510.jpg
5142,images/2338677.jpg
5143,images/2325645.jpg
5144,images/2348791.jpg
5145,images/2322897.jpg
5146,images/2339137.jpg
5147,images/2384517.jpg
5148,images/2405307.jpg
5149,images/2387231.jpg
5150,images/2373754.jpg
5151,images/2318934.jpg
5152,images/2371798.jpg
5153,images/2370711.jpg
5154,images/2397601.jpg
5155,images/2369147.jpg
5156,images/2409085.jpg
5157,images/2371249.jpg
5158,images/2400114.jpg
5159,images/2399233.jpg
5160,images/2383956.jpg
5161,images/713723.jpg
5162,images/2344635.jpg
5163,images/2339453.jpg
5164,images/2328975.jpg
5165,images/107970.jpg
5166,images/2368409.jpg
5167,images/2383945.jpg
5168,images/2402100.jpg
5169,images/2369749.jpg
5170,images/2347216.jpg
5171,images/2386134.jpg
5172,images/2367272.jpg
5173,images/2351824.jpg
5174,images/2387140.jpg
5175,images/2333815.jpg
5176,images/2366850.jpg
5177,images/2416699.jpg
5178,images/2344629.jpg
5179,images/2320655.jpg
5180,images/2335788.jpg
5181,images/2372968.jpg
5182,images/2380956.jpg
5183,images/2324193.jpg
5184,images/2395207.jpg
5185,images/2353501.jpg
5186,images/2366619.jpg
5187,images/2324234.jpg
5188,images/2384424.jpg
5189,images/2368507.jpg
5190,images/2362696.jpg
5191,images/2404482.jpg
5192,images/2370711.jpg
5193,images/2345594.jpg
5194,images/2415276.jpg
5195,images/2334367.jpg
5196,images/2329428.jpg
5197,images/1591911.jpg
5198,images/2384105.jpg
5199,images/2402657.jpg
5200,images/2373581.jpg
5201,images/2355347.jpg
5202,images/2347660.jpg
5203,images/2379774.jpg
5204,images/2343625.jpg
5205,images/2329456.jpg
5206,images/2409618.jpg
5207,images/2330381.jpg
5208,images/2319745.jpg
5209,images/2371647.jpg
5210,images/2324478.jpg
5211,images/2406821.jpg
5212,images/2339453.jpg
5213,images/2361504.jpg
5214,images/2407878.jpg
5215,images/2341324.jpg
5216,images/2387995.jpg
5217,images/2359221.jpg
5218,images/285822.jpg
5219,images/2317067.jpg
5220,images/2347373.jpg
5221,images/2353644.jpg
5222,images/2349742.jpg
5223,images/2361824.jpg
5224,images/2384849.jpg
5225,images/2375910.jpg
5226,images/2319334.jpg
5227,images/2410366.jpg
5228,images/2377200.jpg
5229,images/2356836.jpg
5230,images/2352588.jpg
5231,images/2400408.jpg
5232,images/2820.jpg
5233,images/2385539.jpg
5234,images/2316469.jpg
5235,images/722.jpg
5236,images/2325645.jpg
5237,images/2336693.jpg
5238,images/2340353.jpg
5239,images/2321557.jpg
5240,images/1592123.jpg
5241,images/2377113.jpg
5242,images/2413880.jpg
5243,images/2388066.jpg
5244,images/2359073.jpg
5245,images/2376794.jpg
5246,images/2382269.jpg
5247,images/2315773.jpg
5248,images/2328885.jpg
5249,images/2320868.jpg
5250,images/2333815.jpg
5251,images/497973.jpg
5252,images/2364866.jpg
5253,images/2366845.jpg
5254,images/2345151.jpg
5255,images/2318372.jpg
5256,images/2358778.jpg
5257,images/2367060.jpg
5258,images/2353801.jpg
5259,images/2334367.jpg
5260,images/2382687.jpg
5261,images/2363530.jpg
5262,images/2395166.jpg
5263,images/2359938.jpg
5264,images/2409697.jpg
5265,images/2390441.jpg
5266,images/285910.jpg
5267,images/2405419.jpg
5268,images/2360206.jpg
5269,images/2393152.jpg
5270,images/2386233.jpg
5271,images/2362446.jpg
5272,images/2341071.jpg
5273,images/2402842.jpg
5274,images/2397585.jpg
5275,images/2337303.jpg
5276,images/2393315.jpg
5277,images/2394611.jpg
5278,images/723.jpg
5279,images/2391849.jpg
5280,images/2324234.jpg
5281,images/2346815.jpg
5282,images/2388197.jpg
5283,images/2400608.jpg
5284,images/2327076.jpg
5285,images/2341368.jpg
5286,images/2376950.jpg
5287,images/2323280.jpg
5288,images/1592443.jpg
5289,images/2368914.jpg
5290,images/2370107.jpg
5291,images/2324236.jpg
5292,images/2377200.jpg
5293,images/2379484.jpg
5294,images/2324942.jpg
5295,images/2363530.jpg
5296,images/2394945.jpg
5297,images/2335576.jpg
5298,images/2393911.jpg
5299,images/2345905.jpg
5300,images/2409920.jpg
5301,images/2383945.jpg
5302,images/2406607.jpg
5303,images/2377113.jpg
5304,images/2369004.jpg
5305,images/286019.jpg
5306,images/2377704.jpg
5307,images/2416740.jpg
5308,images/2357802.jpg
5309,images/2404204.jpg
5310,images/2370727.jpg
5311,images/2377932.jpg
5312,images/498019.jpg
5313,images/2324410.jpg
5314,images/2372046.jpg
5315,images/2409721.jpg
5316,images/2405623.jpg
5317,images/2387231.jpg
5318,images/2366156.jpg
5319,images/2340860.jpg
5320,images/2361220.jpg
5321,images/4592.jpg
5322,images/2351477.jpg
5323,images/2365030.jpg
5324,images/2408785.jpg
5325,images/2388985.jpg
5326,images/2353942.jpg
5327,images/2315606.jpg
5328,images/2376395.jpg
5329,images/2377469.jpg
5330,images/2339336.jpg
5331,images/2341401.jpg
5332,images/2355579.jpg
5333,images/2417873.jpg
5334,images/2360562.jpg
5335,images/2330218.jpg
5336,images/2349616.jpg
5337,images/2325354.jpg
5338,images/2376639.jpg
5339,images/722.jpg
5340,images/2366946.jpg
5341,images/2343526.jpg
5342,images/2414764.jpg
5343,images/2324536.jpg
5344,images/2404537.jpg
5345,images/2380064.jpg
5346,images/2370710.jpg
5347,images/2382466.jpg
5348,images/2371402.jpg
5349,images/2320542.jpg
5350,images/2412342.jpg
5351,images/2366845.jpg
5352,images/2413579.jpg
5353,images/713715.jpg
5354,images/2356259.jpg
5355,images/2369.jpg
5356,images/2367662.jpg
5357,images/2375910.jpg
5358,images/2320693.jpg
5359,images/2393779.jpg
5360,images/2348134.jpg
5361,images/2382399.jpg
5362,images/2392036.jpg
5363,images/2411533.jpg
5364,images/2396753.jpg
5365,images/2319880.jpg
5366,images/2402597.jpg
5367,images/2358192.jpg
5368,images/2380409.jpg
5369,images/2397204.jpg
5370,images/2355727.jpg
5371,images/2357995.jpg
5372,images/2386512.jpg
5373,images/2320130.jpg
5374,images/2363815.jpg
5375,images/2409740.jpg
5376,images/2391800.jpg
5377,images/2367636.jpg
5378,images/2347373.jpg
5379,images/2363267.jpg
5380,images/2384455.jpg
5381,images/2317573.jpg
5382,images/2345544.jpg
5383,images/2361973.jpg
5384,images/2345931.jpg
5385,images/2416234.jpg
5386,images/2370145.jpg
5387,images/2341743.jpg
5388,images/2416883.jpg
5389,images/2323250.jpg
5390,images/2382138.jpg
5391,images/2324192.jpg
5392,images/2373751.jpg
5393,images/3424.jpg
5394,images/2324106.jpg
5395,images/2315716.jpg
5396,images/2373288.jpg
5397,images/2367710.jpg
5398,images/2348342.jpg
5399,images/2397787.jpg
5400,images/2336458.jpg
5401,images/2392675.jpg
5402,images/2407435.jpg
5403,images/2330218.jpg
5404,images/2399674.jpg
5405,images/2385539.jpg
5406,images/2349275.jpg
5407,images/2392565.jpg
5408,images/2325645.jpg
5409,images/2336693.jpg
5410,images/2391472.jpg
5411,images/2331063.jpg
5412,images/2369089.jpg
5413,images/2364444.jpg
5414,images/2388066.jpg
5415,images/2381489.jpg
5416,images/2347233.jpg
5417,images/2328885.jpg
5418,images/2417914.jpg
5419,images/2344063.jpg
5420,images/2346513.jpg
5421,images/2353398.jpg
5422,images/2350379.jpg
5423,images/2331954.jpg
5424,images/2372055.jpg
5425,images/2410104.jpg
5426,images/2380787.jpg
5427,images/2363861.jpg
5428,images/2354569.jpg
5429,images/2340457.jpg
5430,images/2403057.jpg
5431,images/2320102.jpg
5432,images/2329347.jpg
5433,images/2381433.jpg
5434,images/2361492.jpg
5435,images/2381952.jpg
5436,images/1160209.jpg
5437,images/2364024.jpg
5438,images/2379774.jpg
5439,images/2355865.jpg
5440,images/2386037.jpg
5441,images/2391972.jpg
5442,images/2406596.jpg
5443,images/2361561.jpg
5444,images/2401465.jpg
5445,images/2393779.jpg
5446,images/2381402.jpg
5447,images/2360562.jpg
5448,images/713697.jpg
5449,images/2410503.jpg
5450,images/2327030.jpg
5451,images/2339336.jpg
5452,images/2365821.jpg
5453,images/2353922.jpg
5454,images/2362093.jpg
5455,images/2355579.jpg
5456,images/1592123.jpg
5457,images/2350157.jpg
5458,images/2363601.jpg
5459,images/2408746.jpg
5460,images/2360497.jpg
5461,images/2343907.jpg
5462,images/2385858.jpg
5463,images/1592815.jpg
5464,images/2347727.jpg
5465,images/2318308.jpg
5466,images/2335936.jpg
5467,images/2387784.jpg
5468,images/2357063.jpg
5469,images/2394191.jpg
5470,images/2320097.jpg
5471,images/61571.jpg
5472,images/2341937.jpg
5473,images/2332528.jpg
5474,images/2359181.jpg
5475,images/2346157.jpg
5476,images/2321114.jpg
5477,images/2360206.jpg
5478,images/2322034.jpg
5479,images/2318308.jpg
5480,images/2405708.jpg
5481,images/2366353.jpg
5482,images/2372176.jpg
5483,images/2342959.jpg
5484,images/2354494.jpg
5485,images/2316886.jpg
5486,images/2340457.jpg
5487,images/2339015.jpg
5488,images/2360497.jpg
5489,images/2352717.jpg
5490,images/2335060.jpg
5491,images/2369174.jpg
5492,images/2388985.jpg
5493,images/2387231.jpg
5494,images/2318692.jpg
5495,images/2382399.jpg
5496,images/2364603.jpg
5497,images/2377704.jpg
5498,images/2331500.jpg
5499,images/2395227.jpg
5500,images/1592252.jpg
5501,images/713331.jpg
5502,images/2341324.jpg
5503,images/2395632.jpg
5504,images/2332528.jpg
5505,images/2359938.jpg
5506,images/2409697.jpg
5507,images/2383945.jpg
5508,images/2412108.jpg
5509,images/713048.jpg
5510,images/2354002.jpg
5511,images/2367512.jpg
5512,images/2385923.jpg
5513,images/2372493.jpg
5514,images/2315773.jpg
5515,images/2342372.jpg
5516,images/2395227.jpg
5517,images/2345520.jpg
5518,images/2318152.jpg
5519,images/1592252.jpg
5520,images/2377871.jpg
5521,images/2397585.jpg
5522,images/2412342.jpg
5523,images/2320542.jpg
5524,images/2395632.jpg
5525,images/2371922.jpg
5526,images/2356877.jpg
5527,images/2320410.jpg
5528,images/2349696.jpg
5529,images/2408562.jpg
5530,images/2388197.jpg
5531,images/2416234.jpg
5532,images/2356330.jpg
5533,images/2417119.jpg
5534,images/2388607.jpg
5535,images/2353948.jpg
5536,images/2340687.jpg
5537,images/3424.jpg
5538,images/2363971.jpg
5539,images/2398018.jpg
5540,images/2409085.jpg
5541,images/2361415.jpg
5542,images/2382399.jpg
5543,images/2320476.jpg
5544,images/2360774.jpg
5545,images/2397787.jpg
5546,images/2341401.jpg
5547,images/2358535.jpg
5548,images/2367250.jpg
5549,images/2385539.jpg
5550,images/722.jpg
5551,images/2371032.jpg
5552,images/2413634.jpg
5553,images/2391328.jpg
5554,images/2371675.jpg
5555,images/2328885.jpg
5556,images/2348277.jpg
5557,images/2382466.jpg
5558,images/2367018.jpg
5559,images/2338535.jpg
5560,images/2342900.jpg
5561,images/2399207.jpg
5562,images/2417556.jpg
5563,images/2366156.jpg
5564,images/2316075.jpg
5565,images/2351205.jpg
5566,images/2350677.jpg
5567,images/2402657.jpg
5568,images/2364603.jpg
5569,images/2349786.jpg
5570,images/2390566.jpg
5571,images/2414213.jpg
5572,images/2367842.jpg
5573,images/2347851.jpg
5574,images/1592878.jpg
5575,images/2367250.jpg
5576,images/2353822.jpg
5577,images/2331072.jpg
5578,images/2329647.jpg
5579,images/2384596.jpg
5580,images/2410952.jpg
5581,images/2369718.jpg
5582,images/2370.jpg
5583,images/2370344.jpg
5584,images/2345384.jpg
5585,images/2395888.jpg
5586,images/2384866.jpg
5587,images/2328037.jpg
5588,images/2368734.jpg
5589,images/2371798.jpg
5590,images/2339890.jpg
5591,images/2389474.jpg
5592,images/2355950.jpg
5593,images/2348263.jpg
5594,images/2324942.jpg
5595,images/2354835.jpg
5596,images/2342220.jpg
5597,images/2322173.jpg
5598,images/2391488.jpg
5599,images/2406866.jpg
5600,images/2379464.jpg
5601,images/2362379.jpg
5602,images/2383950.jpg
5603,images/2379667.jpg
5604,images/2347727.jpg
5605,images/2359753.jpg
5606,images/2397926.jpg
5607,images/2403205.jpg
5608,images/2393152.jpg
5609,images/2370203.jpg
5610,images/2341937.jpg
5611,images/2377113.jpg
5612,images/2370.jpg
5613,images/2391682.jpg
5614,images/2386233.jpg
5615,images/2377704.jpg
5616,images/2379316.jpg
5617,images/2377932.jpg
5618,images/2380863.jpg
5619,images/2406283.jpg
5620,images/2363804.jpg
5621,images/2413586.jpg
5622,images/2406003.jpg
5623,images/2344583.jpg
5624,images/2372091.jpg
5625,images/2403537.jpg
5626,images/2398065.jpg
5627,images/2412702.jpg
5628,images/2384917.jpg
5629,images/2391328.jpg
5630,images/713207.jpg
5631,images/2364719.jpg
5632,images/2392426.jpg
5633,images/2353702.jpg
5634,images/2413278.jpg
5635,images/1592123.jpg
5636,images/2404746.jpg
5637,images/2348603.jpg
5638,images/2361109.jpg
5639,images/2350150.jpg
5640,images/2347254.jpg
5641,images/2351907.jpg
5642,images/2391472.jpg
5643,images/2404933.jpg
5644,images/2417574.jpg
5645,images/2390585.jpg
5646,images/2352358.jpg
5647,images/2374958.jpg
5648,images/2389746.jpg
5649,images/2323208.jpg
5650,images/2410190.jpg
5651,images/2409022.jpg
5652,images/2380115.jpg
5653,images/2358622.jpg
5654,images/2380834.jpg
5655,images/2352783.jpg
5656,images/2323850.jpg
5657,images/2371220.jpg
5658,images/2386721.jpg
5659,images/2333815.jpg
5660,images/2351550.jpg
5661,images/2341856.jpg
5662,images/2350986.jpg
5663,images/2382612.jpg
5664,images/2351991.jpg
5665,images/2374745.jpg
5666,images/2394144.jpg
5667,images/2382281.jpg
5668,images/2317373.jpg
5669,images/2382489.jpg
5670,images/2338171.jpg
5671,images/2388780.jpg
5672,images/2329851.jpg
5673,images/2378801.jpg
5674,images/713715.jpg
5675,images/2351477.jpg
5676,images/2398376.jpg
5677,images/2381952.jpg
5678,images/2361529.jpg
5679,images/2417487.jpg
5680,images/2387864.jpg
5681,images/2320581.jpg
5682,images/2365905.jpg
5683,images/2331238.jpg
5684,images/2394945.jpg
5685,images/2333895.jpg
5686,images/2408788.jpg
5687,images/2336693.jpg
5688,images/2366052.jpg
5689,images/2387128.jpg
5690,images/2330843.jpg
5691,images/2349696.jpg
5692,images/2366619.jpg
5693,images/2365164.jpg
5694,images/2404534.jpg
5695,images/2362696.jpg
5696,images/2404482.jpg
5697,images/2369860.jpg
5698,images/2343907.jpg
5699,images/2334171.jpg
5700,images/2373502.jpg
5701,images/2393921.jpg
5702,images/2355347.jpg
5703,images/2376395.jpg
5704,images/2366230.jpg
5705,images/2364202.jpg
5706,images/2416154.jpg
5707,images/2381549.jpg
5708,images/2411620.jpg
5709,images/1160209.jpg
5710,images/2323804.jpg
5711,images/2321511.jpg
5712,images/2416178.jpg
5713,images/2381777.jpg
5714,images/2354471.jpg
5715,images/2326242.jpg
5716,images/2317126.jpg
5717,images/2396875.jpg
5718,images/2343674.jpg
5719,images/2346513.jpg
5720,images/2400930.jpg
5721,images/2394882.jpg
5722,images/2374180.jpg
5723,images/713479.jpg
5724,images/2396549.jpg
5725,images/2335936.jpg
5726,images/2363811.jpg
5727,images/2416154.jpg
5728,images/2383244.jpg
5729,images/2395473.jpg
5730,images/2349122.jpg
5731,images/2415422.jpg
5732,images/2362446.jpg
5733,images/2328105.jpg
5734,images/2403516.jpg
5735,images/2385630.jpg
5736,images/2330673.jpg
5737,images/2373693.jpg
5738,images/2380220.jpg
5739,images/2382572.jpg
5740,images/1592123.jpg
5741,images/2348690.jpg
5742,images/2385897.jpg
5743,images/2377573.jpg
5744,images/2353381.jpg
5745,images/2369450.jpg
5746,images/2417829.jpg
5747,images/2363038.jpg
5748,images/2411557.jpg
5749,images/2368734.jpg
5750,images/2374798.jpg
5751,images/2380237.jpg
5752,images/2376444.jpg
5753,images/2388985.jpg
5754,images/2360357.jpg
5755,images/2397787.jpg
5756,images/2394945.jpg
5757,images/2341401.jpg
5758,images/2355579.jpg
5759,images/2375173.jpg
5760,images/2357696.jpg
5761,images/2389470.jpg
5762,images/2338473.jpg
5763,images/2371467.jpg
5764,images/2412325.jpg
5765,images/2364444.jpg
5766,images/2388197.jpg
5767,images/2387231.jpg
5768,images/2385897.jpg
5769,images/2348134.jpg
5770,images/2366353.jpg
5771,images/2345272.jpg
5772,images/2397204.jpg
5773,images/2326904.jpg
5774,images/2395166.jpg
5775,images/2348342.jpg
5776,images/2331063.jpg
5777,images/2345635.jpg
5778,images/2367636.jpg
5779,images/2355266.jpg
5780,images/2389777.jpg
5781,images/2318448.jpg
5782,images/2339807.jpg
5783,images/2362048.jpg
5784,images/2413586.jpg
5785,images/2410147.jpg
5786,images/61571.jpg
5787,images/2327346.jpg
5788,images/2372148.jpg
