img_path,class_name,y,split,env,filename,group_id,context_name,context_label,image_id
images/1592922.jpg,cat,0,test,water,1592922.jpg,48,water,48,1592922
images/2344881.jpg,cat,0,test,water,2344881.jpg,48,water,48,2344881
images/2318026.jpg,cat,0,test,water,2318026.jpg,48,water,48,2318026
images/2332575.jpg,cat,0,test,water,2332575.jpg,48,water,48,2332575
images/2359938.jpg,cat,0,test,water,2359938.jpg,48,water,48,2359938
images/2327161.jpg,cat,0,test,water,2327161.jpg,48,water,48,2327161
images/2358144.jpg,cat,0,test,water,2358144.jpg,48,water,48,2358144
images/2371963.jpg,cat,0,test,water,2371963.jpg,48,water,48,2371963
images/2344206.jpg,cat,0,test,water,2344206.jpg,48,water,48,2344206
images/2349232.jpg,cat,0,test,water,2349232.jpg,48,water,48,2349232
images/2338720.jpg,cat,0,test,water,2338720.jpg,48,water,48,2338720
images/2370237.jpg,cat,0,test,water,2370237.jpg,48,water,48,2370237
images/2393038.jpg,cat,0,test,water,2393038.jpg,48,water,48,2393038
images/2382974.jpg,cat,0,test,water,2382974.jpg,48,water,48,2382974
images/2380485.jpg,cat,0,test,water,2380485.jpg,48,water,48,2380485
images/2402707.jpg,cat,0,test,water,2402707.jpg,48,water,48,2402707
images/2337686.jpg,cat,0,test,water,2337686.jpg,48,water,48,2337686
images/2315524.jpg,cat,0,test,water,2315524.jpg,48,water,48,2315524
images/2340505.jpg,cat,0,test,water,2340505.jpg,48,water,48,2340505
images/2359998.jpg,cat,0,test,water,2359998.jpg,48,water,48,2359998
images/2361670.jpg,cat,0,test,water,2361670.jpg,48,water,48,2361670
images/2405855.jpg,cat,0,test,water,2405855.jpg,48,water,48,2405855
images/2352702.jpg,cat,0,test,water,2352702.jpg,48,water,48,2352702
images/2361129.jpg,cat,0,test,water,2361129.jpg,48,water,48,2361129
images/2416473.jpg,cat,0,test,water,2416473.jpg,48,water,48,2416473
images/1593105.jpg,cat,0,test,water,1593105.jpg,48,water,48,1593105
images/2351697.jpg,cat,0,test,water,2351697.jpg,48,water,48,2351697
images/2319442.jpg,cat,0,test,water,2319442.jpg,48,water,48,2319442
images/2388317.jpg,cat,0,test,water,2388317.jpg,48,water,48,2388317
images/2340167.jpg,cat,0,test,water,2340167.jpg,48,water,48,2340167
images/2399043.jpg,cat,0,test,water,2399043.jpg,48,water,48,2399043
images/2349994.jpg,cat,0,test,water,2349994.jpg,48,water,48,2349994
images/2416707.jpg,cat,0,test,water,2416707.jpg,48,water,48,2416707
images/2336732.jpg,cat,0,test,water,2336732.jpg,48,water,48,2336732
images/2342955.jpg,cat,0,test,water,2342955.jpg,48,water,48,2342955
images/2375097.jpg,cat,0,test,water,2375097.jpg,48,water,48,2375097
images/2398075.jpg,cat,0,test,water,2398075.jpg,48,water,48,2398075
images/2356241.jpg,cat,0,test,water,2356241.jpg,48,water,48,2356241
images/2332523.jpg,cat,0,test,water,2332523.jpg,48,water,48,2332523
images/2378477.jpg,cat,0,test,water,2378477.jpg,48,water,48,2378477
images/2334353.jpg,cat,0,test,water,2334353.jpg,48,water,48,2334353
images/2381433.jpg,cat,0,test,water,2381433.jpg,48,water,48,2381433
images/2336954.jpg,cat,0,test,water,2336954.jpg,48,water,48,2336954
images/2415403.jpg,cat,0,test,water,2415403.jpg,48,water,48,2415403
images/2344463.jpg,cat,0,test,water,2344463.jpg,48,water,48,2344463
images/2416598.jpg,cat,0,test,water,2416598.jpg,48,water,48,2416598
images/2415551.jpg,cat,0,test,water,2415551.jpg,48,water,48,2415551
images/2403564.jpg,cat,0,test,water,2403564.jpg,48,water,48,2403564
images/2318450.jpg,cat,0,test,water,2318450.jpg,48,water,48,2318450
images/2361562.jpg,cat,0,test,water,2361562.jpg,48,water,48,2361562
images/2409429.jpg,cat,0,test,water,2409429.jpg,48,water,48,2409429
images/2405862.jpg,cat,0,test,water,2405862.jpg,48,water,48,2405862
images/2336212.jpg,cat,0,test,water,2336212.jpg,48,water,48,2336212
images/2405440.jpg,cat,0,test,water,2405440.jpg,48,water,48,2405440
images/2346772.jpg,cat,0,test,person,2346772.jpg,32,person,32,2346772
images/2345661.jpg,cat,0,test,person,2345661.jpg,32,person,32,2345661
images/2382665.jpg,cat,0,test,person,2382665.jpg,32,person,32,2382665
images/2370471.jpg,cat,0,test,person,2370471.jpg,32,person,32,2370471
images/2359938.jpg,cat,0,test,person,2359938.jpg,32,person,32,2359938
images/2336001.jpg,cat,0,test,person,2336001.jpg,32,person,32,2336001
images/2363975.jpg,cat,0,test,person,2363975.jpg,32,person,32,2363975
images/2328589.jpg,cat,0,test,person,2328589.jpg,32,person,32,2328589
images/2364951.jpg,cat,0,test,person,2364951.jpg,32,person,32,2364951
images/2385605.jpg,cat,0,test,person,2385605.jpg,32,person,32,2385605
images/2411356.jpg,cat,0,test,person,2411356.jpg,32,person,32,2411356
images/2366580.jpg,cat,0,test,person,2366580.jpg,32,person,32,2366580
images/2389421.jpg,cat,0,test,person,2389421.jpg,32,person,32,2389421
images/2328012.jpg,cat,0,test,person,2328012.jpg,32,person,32,2328012
images/2353927.jpg,cat,0,test,person,2353927.jpg,32,person,32,2353927
images/2405998.jpg,cat,0,test,person,2405998.jpg,32,person,32,2405998
images/2406287.jpg,cat,0,test,person,2406287.jpg,32,person,32,2406287
images/2354973.jpg,cat,0,test,person,2354973.jpg,32,person,32,2354973
images/2329048.jpg,cat,0,test,person,2329048.jpg,32,person,32,2329048
images/2369145.jpg,cat,0,test,person,2369145.jpg,32,person,32,2369145
images/2330751.jpg,cat,0,test,person,2330751.jpg,32,person,32,2330751
images/2403405.jpg,cat,0,test,person,2403405.jpg,32,person,32,2403405
images/2385874.jpg,cat,0,test,person,2385874.jpg,32,person,32,2385874
images/2410360.jpg,cat,0,test,person,2410360.jpg,32,person,32,2410360
images/2408480.jpg,cat,0,test,person,2408480.jpg,32,person,32,2408480
images/2377487.jpg,cat,0,test,person,2377487.jpg,32,person,32,2377487
images/2336235.jpg,cat,0,test,person,2336235.jpg,32,person,32,2336235
images/2333885.jpg,cat,0,test,person,2333885.jpg,32,person,32,2333885
images/2404385.jpg,cat,0,test,person,2404385.jpg,32,person,32,2404385
images/2325585.jpg,cat,0,test,person,2325585.jpg,32,person,32,2325585
images/2416473.jpg,cat,0,test,person,2416473.jpg,32,person,32,2416473
images/2341925.jpg,cat,0,test,person,2341925.jpg,32,person,32,2341925
images/2381210.jpg,cat,0,test,person,2381210.jpg,32,person,32,2381210
images/2318483.jpg,cat,0,test,person,2318483.jpg,32,person,32,2318483
images/2391709.jpg,cat,0,test,person,2391709.jpg,32,person,32,2391709
images/2374289.jpg,cat,0,test,person,2374289.jpg,32,person,32,2374289
images/2344774.jpg,cat,0,test,person,2344774.jpg,32,person,32,2344774
images/2378777.jpg,cat,0,test,person,2378777.jpg,32,person,32,2378777
images/2350113.jpg,cat,0,test,person,2350113.jpg,32,person,32,2350113
images/2352210.jpg,cat,0,test,person,2352210.jpg,32,person,32,2352210
images/2319042.jpg,cat,0,test,person,2319042.jpg,32,person,32,2319042
images/2341532.jpg,cat,0,test,person,2341532.jpg,32,person,32,2341532
images/2388477.jpg,cat,0,test,person,2388477.jpg,32,person,32,2388477
images/2354792.jpg,cat,0,test,person,2354792.jpg,32,person,32,2354792
images/2389921.jpg,cat,0,test,person,2389921.jpg,32,person,32,2389921
images/2397992.jpg,cat,0,test,person,2397992.jpg,32,person,32,2397992
images/2402079.jpg,cat,0,test,person,2402079.jpg,32,person,32,2402079
images/2336889.jpg,cat,0,test,person,2336889.jpg,32,person,32,2336889
images/2371082.jpg,cat,0,test,person,2371082.jpg,32,person,32,2371082
images/2320517.jpg,cat,0,test,person,2320517.jpg,32,person,32,2320517
images/2351586.jpg,cat,0,test,person,2351586.jpg,32,person,32,2351586
images/2374880.jpg,cat,0,test,person,2374880.jpg,32,person,32,2374880
images/2396479.jpg,cat,0,test,person,2396479.jpg,32,person,32,2396479
images/2354642.jpg,cat,0,test,person,2354642.jpg,32,person,32,2354642
images/2354755.jpg,cat,0,test,person,2354755.jpg,32,person,32,2354755
images/2408855.jpg,cat,0,test,person,2408855.jpg,32,person,32,2408855
images/2331732.jpg,cat,0,test,person,2331732.jpg,32,person,32,2331732
images/2371015.jpg,cat,0,test,person,2371015.jpg,32,person,32,2371015
images/2367774.jpg,cat,0,test,person,2367774.jpg,32,person,32,2367774
images/2340064.jpg,cat,0,test,person,2340064.jpg,32,person,32,2340064
images/2381823.jpg,cat,0,test,person,2381823.jpg,32,person,32,2381823
images/2411533.jpg,cat,0,test,person,2411533.jpg,32,person,32,2411533
images/2398234.jpg,cat,0,test,person,2398234.jpg,32,person,32,2398234
images/2409709.jpg,cat,0,test,person,2409709.jpg,32,person,32,2409709
images/2378903.jpg,cat,0,test,person,2378903.jpg,32,person,32,2378903
images/2417872.jpg,cat,0,test,person,2417872.jpg,32,person,32,2417872
images/2359053.jpg,cat,0,test,person,2359053.jpg,32,person,32,2359053
images/2334954.jpg,cat,0,test,person,2334954.jpg,32,person,32,2334954
images/2405438.jpg,cat,0,test,person,2405438.jpg,32,person,32,2405438
images/2345057.jpg,cat,0,test,person,2345057.jpg,32,person,32,2345057
images/2346461.jpg,cat,0,test,person,2346461.jpg,32,person,32,2346461
images/1592922.jpg,cat,0,test,woman,1592922.jpg,49,woman,49,1592922
images/2345661.jpg,cat,0,test,woman,2345661.jpg,49,woman,49,2345661
images/2359938.jpg,cat,0,test,woman,2359938.jpg,49,woman,49,2359938
images/2329998.jpg,cat,0,test,woman,2329998.jpg,49,woman,49,2329998
images/2320359.jpg,cat,0,test,woman,2320359.jpg,49,woman,49,2320359
images/2325832.jpg,cat,0,test,woman,2325832.jpg,49,woman,49,2325832
images/2332040.jpg,cat,0,test,woman,2332040.jpg,49,woman,49,2332040
images/2320966.jpg,cat,0,test,woman,2320966.jpg,49,woman,49,2320966
images/2348602.jpg,cat,0,test,woman,2348602.jpg,49,woman,49,2348602
images/2382515.jpg,cat,0,test,woman,2382515.jpg,49,woman,49,2382515
images/2389421.jpg,cat,0,test,woman,2389421.jpg,49,woman,49,2389421
images/498185.jpg,cat,0,test,woman,498185.jpg,49,woman,49,498185
images/2320806.jpg,cat,0,test,woman,2320806.jpg,49,woman,49,2320806
images/2388205.jpg,cat,0,test,woman,2388205.jpg,49,woman,49,2388205
images/2355258.jpg,cat,0,test,woman,2355258.jpg,49,woman,49,2355258
images/2332398.jpg,cat,0,test,woman,2332398.jpg,49,woman,49,2332398
images/2397167.jpg,cat,0,test,woman,2397167.jpg,49,woman,49,2397167
images/1160084.jpg,cat,0,test,woman,1160084.jpg,49,woman,49,1160084
images/2348317.jpg,cat,0,test,woman,2348317.jpg,49,woman,49,2348317
images/2343474.jpg,cat,0,test,woman,2343474.jpg,49,woman,49,2343474
images/2337697.jpg,cat,0,test,woman,2337697.jpg,49,woman,49,2337697
images/2400096.jpg,cat,0,test,woman,2400096.jpg,49,woman,49,2400096
images/2361396.jpg,cat,0,test,woman,2361396.jpg,49,woman,49,2361396
images/2370815.jpg,cat,0,test,woman,2370815.jpg,49,woman,49,2370815
images/2373489.jpg,cat,0,test,woman,2373489.jpg,49,woman,49,2373489
images/2412710.jpg,cat,0,test,woman,2412710.jpg,49,woman,49,2412710
images/2405440.jpg,cat,0,test,woman,2405440.jpg,49,woman,49,2405440
images/2414530.jpg,cat,0,test,woman,2414530.jpg,49,woman,49,2414530
images/2390369.jpg,cat,0,test,woman,2390369.jpg,49,woman,49,2390369
images/2414437.jpg,cat,0,test,woman,2414437.jpg,49,woman,49,2414437
images/2377487.jpg,cat,0,test,woman,2377487.jpg,49,woman,49,2377487
images/2378192.jpg,cat,0,test,woman,2378192.jpg,49,woman,49,2378192
images/2374258.jpg,cat,0,test,woman,2374258.jpg,49,woman,49,2374258
images/2413166.jpg,cat,0,test,woman,2413166.jpg,49,woman,49,2413166
images/2394149.jpg,cat,0,test,woman,2394149.jpg,49,woman,49,2394149
images/2321990.jpg,cat,0,test,woman,2321990.jpg,49,woman,49,2321990
images/2331663.jpg,cat,0,test,woman,2331663.jpg,49,woman,49,2331663
images/2329019.jpg,cat,0,test,woman,2329019.jpg,49,woman,49,2329019
images/2390342.jpg,cat,0,test,woman,2390342.jpg,49,woman,49,2390342
images/2399043.jpg,cat,0,test,woman,2399043.jpg,49,woman,49,2399043
images/2370471.jpg,cat,0,test,woman,2370471.jpg,49,woman,49,2370471
images/2401636.jpg,cat,0,test,woman,2401636.jpg,49,woman,49,2401636
images/2346461.jpg,cat,0,test,woman,2346461.jpg,49,woman,49,2346461
images/2404804.jpg,cat,0,test,woman,2404804.jpg,49,woman,49,2404804
images/2342955.jpg,cat,0,test,woman,2342955.jpg,49,woman,49,2342955
images/2391300.jpg,cat,0,test,woman,2391300.jpg,49,woman,49,2391300
images/2341528.jpg,cat,0,test,woman,2341528.jpg,49,woman,49,2341528
images/2359515.jpg,cat,0,test,woman,2359515.jpg,49,woman,49,2359515
images/2399035.jpg,cat,0,test,woman,2399035.jpg,49,woman,49,2399035
images/2328699.jpg,cat,0,test,woman,2328699.jpg,49,woman,49,2328699
images/2375613.jpg,cat,0,test,woman,2375613.jpg,49,woman,49,2375613
images/2417278.jpg,cat,0,test,woman,2417278.jpg,49,woman,49,2417278
images/2398392.jpg,cat,0,test,woman,2398392.jpg,49,woman,49,2398392
images/2365280.jpg,cat,0,test,woman,2365280.jpg,49,woman,49,2365280
images/2355955.jpg,cat,0,test,woman,2355955.jpg,49,woman,49,2355955
images/2370358.jpg,cat,0,test,woman,2370358.jpg,49,woman,49,2370358
images/498173.jpg,cat,0,test,woman,498173.jpg,49,woman,49,498173
images/2391248.jpg,cat,0,test,woman,2391248.jpg,49,woman,49,2391248
images/2416598.jpg,cat,0,test,woman,2416598.jpg,49,woman,49,2416598
images/2353942.jpg,cat,0,test,woman,2353942.jpg,49,woman,49,2353942
images/2337954.jpg,cat,0,test,woman,2337954.jpg,49,woman,49,2337954
images/2349347.jpg,cat,0,test,woman,2349347.jpg,49,woman,49,2349347
images/2325026.jpg,cat,0,test,woman,2325026.jpg,49,woman,49,2325026
images/2378301.jpg,cat,0,test,woman,2378301.jpg,49,woman,49,2378301
images/2411533.jpg,cat,0,test,woman,2411533.jpg,49,woman,49,2411533
images/2334954.jpg,cat,0,test,woman,2334954.jpg,49,woman,49,2334954
images/2395075.jpg,cat,0,test,woman,2395075.jpg,49,woman,49,2395075
images/2320229.jpg,cat,0,test,woman,2320229.jpg,49,woman,49,2320229
images/2320706.jpg,cat,0,test,woman,2320706.jpg,49,woman,49,2320706
images/2348290.jpg,cat,0,test,woman,2348290.jpg,49,woman,49,2348290
images/2411491.jpg,cat,0,test,woman,2411491.jpg,49,woman,49,2411491
images/2411640.jpg,cat,0,test,woman,2411640.jpg,49,woman,49,2411640
images/2320118.jpg,cat,0,test,woman,2320118.jpg,49,woman,49,2320118
images/2359186.jpg,cat,0,test,man,2359186.jpg,26,man,26,2359186
images/2392210.jpg,cat,0,test,man,2392210.jpg,26,man,26,2392210
images/2345661.jpg,cat,0,test,man,2345661.jpg,26,man,26,2345661
images/2359938.jpg,cat,0,test,man,2359938.jpg,26,man,26,2359938
images/2392688.jpg,cat,0,test,man,2392688.jpg,26,man,26,2392688
images/2348602.jpg,cat,0,test,man,2348602.jpg,26,man,26,2348602
images/2351311.jpg,cat,0,test,man,2351311.jpg,26,man,26,2351311
images/2369731.jpg,cat,0,test,man,2369731.jpg,26,man,26,2369731
images/2388058.jpg,cat,0,test,man,2388058.jpg,26,man,26,2388058
images/2320852.jpg,cat,0,test,man,2320852.jpg,26,man,26,2320852
images/2341818.jpg,cat,0,test,man,2341818.jpg,26,man,26,2341818
images/2373489.jpg,cat,0,test,man,2373489.jpg,26,man,26,2373489
images/2344608.jpg,cat,0,test,man,2344608.jpg,26,man,26,2344608
images/2370815.jpg,cat,0,test,man,2370815.jpg,26,man,26,2370815
images/2316968.jpg,cat,0,test,man,2316968.jpg,26,man,26,2316968
images/2339491.jpg,cat,0,test,man,2339491.jpg,26,man,26,2339491
images/2344774.jpg,cat,0,test,man,2344774.jpg,26,man,26,2344774
images/2375052.jpg,cat,0,test,man,2375052.jpg,26,man,26,2375052
images/2399835.jpg,cat,0,test,man,2399835.jpg,26,man,26,2399835
images/2365600.jpg,cat,0,test,man,2365600.jpg,26,man,26,2365600
images/2396156.jpg,cat,0,test,man,2396156.jpg,26,man,26,2396156
images/2387173.jpg,cat,0,test,man,2387173.jpg,26,man,26,2387173
images/2347638.jpg,cat,0,test,man,2347638.jpg,26,man,26,2347638
images/2338665.jpg,cat,0,test,man,2338665.jpg,26,man,26,2338665
images/2365280.jpg,cat,0,test,man,2365280.jpg,26,man,26,2365280
images/2349067.jpg,cat,0,test,man,2349067.jpg,26,man,26,2349067
images/2320463.jpg,cat,0,test,man,2320463.jpg,26,man,26,2320463
images/2376971.jpg,cat,0,test,man,2376971.jpg,26,man,26,2376971
images/2344455.jpg,cat,0,test,man,2344455.jpg,26,man,26,2344455
images/2398449.jpg,cat,0,test,man,2398449.jpg,26,man,26,2398449
images/2333663.jpg,cat,0,test,man,2333663.jpg,26,man,26,2333663
images/2346461.jpg,cat,0,test,man,2346461.jpg,26,man,26,2346461
images/2318323.jpg,cat,0,test,man,2318323.jpg,26,man,26,2318323
images/2387993.jpg,cat,0,test,man,2387993.jpg,26,man,26,2387993
images/2342934.jpg,cat,0,test,man,2342934.jpg,26,man,26,2342934
images/2417622.jpg,cat,0,test,man,2417622.jpg,26,man,26,2417622
images/2318026.jpg,cat,0,test,man,2318026.jpg,26,man,26,2318026
images/2383592.jpg,cat,0,test,man,2383592.jpg,26,man,26,2383592
images/2335265.jpg,cat,0,test,man,2335265.jpg,26,man,26,2335265
images/2325675.jpg,cat,0,test,man,2325675.jpg,26,man,26,2325675
images/2379376.jpg,cat,0,test,man,2379376.jpg,26,man,26,2379376
images/2324496.jpg,cat,0,test,man,2324496.jpg,26,man,26,2324496
images/2370970.jpg,cat,0,test,man,2370970.jpg,26,man,26,2370970
images/2398676.jpg,cat,0,test,man,2398676.jpg,26,man,26,2398676
images/2410178.jpg,cat,0,test,man,2410178.jpg,26,man,26,2410178
images/2404313.jpg,cat,0,test,man,2404313.jpg,26,man,26,2404313
images/2377487.jpg,cat,0,test,man,2377487.jpg,26,man,26,2377487
images/2322701.jpg,cat,0,test,man,2322701.jpg,26,man,26,2322701
images/2319077.jpg,cat,0,test,man,2319077.jpg,26,man,26,2319077
images/2363650.jpg,cat,0,test,man,2363650.jpg,26,man,26,2363650
images/2409571.jpg,cat,0,test,man,2409571.jpg,26,man,26,2409571
images/2362337.jpg,cat,0,test,man,2362337.jpg,26,man,26,2362337
images/2410144.jpg,cat,0,test,man,2410144.jpg,26,man,26,2410144
images/2336236.jpg,cat,0,test,man,2336236.jpg,26,man,26,2336236
images/2393006.jpg,cat,0,test,man,2393006.jpg,26,man,26,2393006
images/2386737.jpg,cat,0,test,man,2386737.jpg,26,man,26,2386737
images/2416999.jpg,cat,0,test,man,2416999.jpg,26,man,26,2416999
images/2400119.jpg,cat,0,test,man,2400119.jpg,26,man,26,2400119
images/2361055.jpg,cat,0,test,man,2361055.jpg,26,man,26,2361055
images/2323143.jpg,cat,0,test,man,2323143.jpg,26,man,26,2323143
images/2409429.jpg,cat,0,test,man,2409429.jpg,26,man,26,2409429
images/2327526.jpg,cat,0,test,man,2327526.jpg,26,man,26,2327526
images/2416781.jpg,cat,0,test,man,2416781.jpg,26,man,26,2416781
images/2405440.jpg,cat,0,test,man,2405440.jpg,26,man,26,2405440
images/2330607.jpg,cat,0,test,man,2330607.jpg,26,man,26,2330607
images/2328589.jpg,cat,0,test,man,2328589.jpg,26,man,26,2328589
images/2350366.jpg,cat,0,test,man,2350366.jpg,26,man,26,2350366
images/2405998.jpg,cat,0,test,man,2405998.jpg,26,man,26,2405998
images/2344983.jpg,cat,0,test,man,2344983.jpg,26,man,26,2344983
images/2356168.jpg,cat,0,test,man,2356168.jpg,26,man,26,2356168
images/2361396.jpg,cat,0,test,man,2361396.jpg,26,man,26,2361396
images/2356777.jpg,cat,0,test,man,2356777.jpg,26,man,26,2356777
images/2317010.jpg,cat,0,test,man,2317010.jpg,26,man,26,2317010
images/2327233.jpg,cat,0,test,man,2327233.jpg,26,man,26,2327233
images/2336070.jpg,cat,0,test,man,2336070.jpg,26,man,26,2336070
images/2356215.jpg,cat,0,test,man,2356215.jpg,26,man,26,2356215
images/2319723.jpg,cat,0,test,man,2319723.jpg,26,man,26,2319723
images/2319042.jpg,cat,0,test,man,2319042.jpg,26,man,26,2319042
images/2363235.jpg,cat,0,test,man,2363235.jpg,26,man,26,2363235
images/2399424.jpg,cat,0,test,man,2399424.jpg,26,man,26,2399424
images/2417473.jpg,cat,0,test,man,2417473.jpg,26,man,26,2417473
images/713943.jpg,cat,0,test,man,713943.jpg,26,man,26,713943
images/2381353.jpg,cat,0,test,man,2381353.jpg,26,man,26,2381353
images/2411533.jpg,cat,0,test,man,2411533.jpg,26,man,26,2411533
images/2338437.jpg,cat,0,test,man,2338437.jpg,26,man,26,2338437
images/2389607.jpg,cat,0,test,man,2389607.jpg,26,man,26,2389607
images/2358681.jpg,cat,0,test,man,2358681.jpg,26,man,26,2358681
images/2346072.jpg,cat,0,test,man,2346072.jpg,26,man,26,2346072
images/2394168.jpg,cat,0,test,man,2394168.jpg,26,man,26,2394168
images/2359523.jpg,cat,0,test,man,2359523.jpg,26,man,26,2359523
images/2396723.jpg,cat,0,test,man,2396723.jpg,26,man,26,2396723
images/2413895.jpg,cat,0,test,man,2413895.jpg,26,man,26,2413895
images/2327337.jpg,cat,0,test,man,2327337.jpg,26,man,26,2327337
images/2359073.jpg,cat,0,test,man,2359073.jpg,26,man,26,2359073
images/2329132.jpg,cat,0,test,man,2329132.jpg,26,man,26,2329132
images/2323788.jpg,cat,0,test,man,2323788.jpg,26,man,26,2323788
images/2414530.jpg,cat,0,test,man,2414530.jpg,26,man,26,2414530
images/2387451.jpg,cat,0,test,man,2387451.jpg,26,man,26,2387451
images/2339912.jpg,cat,0,test,man,2339912.jpg,26,man,26,2339912
images/2330820.jpg,cat,0,test,man,2330820.jpg,26,man,26,2330820
images/2344153.jpg,cat,0,test,man,2344153.jpg,26,man,26,2344153
images/2338755.jpg,cat,0,test,man,2338755.jpg,26,man,26,2338755
images/2330905.jpg,cat,0,test,man,2330905.jpg,26,man,26,2330905
images/2408328.jpg,cat,0,test,man,2408328.jpg,26,man,26,2408328
images/2358583.jpg,cat,0,test,man,2358583.jpg,26,man,26,2358583
images/2377724.jpg,cat,0,test,man,2377724.jpg,26,man,26,2377724
images/2382240.jpg,cat,0,test,man,2382240.jpg,26,man,26,2382240
images/2385844.jpg,cat,0,test,man,2385844.jpg,26,man,26,2385844
images/2334954.jpg,cat,0,test,man,2334954.jpg,26,man,26,2334954
images/2333558.jpg,cat,0,test,man,2333558.jpg,26,man,26,2333558
images/2416805.jpg,cat,0,test,man,2416805.jpg,26,man,26,2416805
images/2337697.jpg,cat,0,test,man,2337697.jpg,26,man,26,2337697
images/2344881.jpg,cat,0,test,grass,2344881.jpg,20,grass,20,2344881
images/2332575.jpg,cat,0,test,grass,2332575.jpg,20,grass,20,2332575
images/2327653.jpg,cat,0,test,grass,2327653.jpg,20,grass,20,2327653
images/2409821.jpg,cat,0,test,grass,2409821.jpg,20,grass,20,2409821
images/2414288.jpg,cat,0,test,grass,2414288.jpg,20,grass,20,2414288
images/2406287.jpg,cat,0,test,grass,2406287.jpg,20,grass,20,2406287
images/2368850.jpg,cat,0,test,grass,2368850.jpg,20,grass,20,2368850
images/2406642.jpg,cat,0,test,grass,2406642.jpg,20,grass,20,2406642
images/2319714.jpg,cat,0,test,grass,2319714.jpg,20,grass,20,2319714
images/2329454.jpg,cat,0,test,grass,2329454.jpg,20,grass,20,2329454
images/2354651.jpg,cat,0,test,grass,2354651.jpg,20,grass,20,2354651
images/107934.jpg,cat,0,test,grass,107934.jpg,20,grass,20,107934
images/2319162.jpg,cat,0,test,grass,2319162.jpg,20,grass,20,2319162
images/2354780.jpg,cat,0,test,grass,2354780.jpg,20,grass,20,2354780
images/2340167.jpg,cat,0,test,grass,2340167.jpg,20,grass,20,2340167
images/2391263.jpg,cat,0,test,grass,2391263.jpg,20,grass,20,2391263
images/2377865.jpg,cat,0,test,grass,2377865.jpg,20,grass,20,2377865
images/2322726.jpg,cat,0,test,grass,2322726.jpg,20,grass,20,2322726
images/2325394.jpg,cat,0,test,grass,2325394.jpg,20,grass,20,2325394
images/2415044.jpg,cat,0,test,grass,2415044.jpg,20,grass,20,2415044
images/2392322.jpg,cat,0,test,grass,2392322.jpg,20,grass,20,2392322
images/2408999.jpg,cat,0,test,grass,2408999.jpg,20,grass,20,2408999
images/2400854.jpg,cat,0,test,grass,2400854.jpg,20,grass,20,2400854
images/2346461.jpg,cat,0,test,grass,2346461.jpg,20,grass,20,2346461
images/2377814.jpg,cat,0,test,grass,2377814.jpg,20,grass,20,2377814
images/2380485.jpg,cat,0,test,grass,2380485.jpg,20,grass,20,2380485
images/2342449.jpg,cat,0,test,grass,2342449.jpg,20,grass,20,2342449
images/2344063.jpg,cat,0,test,grass,2344063.jpg,20,grass,20,2344063
images/2386959.jpg,cat,0,test,grass,2386959.jpg,20,grass,20,2386959
images/4759.jpg,cat,0,test,grass,4759.jpg,20,grass,20,4759
images/2395877.jpg,cat,0,test,grass,2395877.jpg,20,grass,20,2395877
images/2345984.jpg,cat,0,test,grass,2345984.jpg,20,grass,20,2345984
images/2389700.jpg,cat,0,test,grass,2389700.jpg,20,grass,20,2389700
images/2327773.jpg,cat,0,test,grass,2327773.jpg,20,grass,20,2327773
images/2396145.jpg,cat,0,test,grass,2396145.jpg,20,grass,20,2396145
images/2324856.jpg,cat,0,test,grass,2324856.jpg,20,grass,20,2324856
images/2332802.jpg,cat,0,test,grass,2332802.jpg,20,grass,20,2332802
images/2344059.jpg,cat,0,test,grass,2344059.jpg,20,grass,20,2344059
images/2411940.jpg,cat,0,test,grass,2411940.jpg,20,grass,20,2411940
images/2364131.jpg,cat,0,test,grass,2364131.jpg,20,grass,20,2364131
images/2320534.jpg,cat,0,test,grass,2320534.jpg,20,grass,20,2320534
images/2321807.jpg,cat,0,test,grass,2321807.jpg,20,grass,20,2321807
images/2317046.jpg,cat,0,test,grass,2317046.jpg,20,grass,20,2317046
images/2327479.jpg,cat,0,test,grass,2327479.jpg,20,grass,20,2327479
images/2385544.jpg,cat,0,test,grass,2385544.jpg,20,grass,20,2385544
images/2405862.jpg,cat,0,test,grass,2405862.jpg,20,grass,20,2405862
images/2334714.jpg,cat,0,test,grass,2334714.jpg,20,grass,20,2334714
images/2379905.jpg,cat,0,test,grass,2379905.jpg,20,grass,20,2379905
images/2382515.jpg,cat,0,test,grass,2382515.jpg,20,grass,20,2382515
images/2368434.jpg,cat,0,test,grass,2368434.jpg,20,grass,20,2368434
images/2315363.jpg,cat,0,test,grass,2315363.jpg,20,grass,20,2315363
images/2338720.jpg,cat,0,test,grass,2338720.jpg,20,grass,20,2338720
images/2361396.jpg,cat,0,test,grass,2361396.jpg,20,grass,20,2361396
images/2354880.jpg,cat,0,test,grass,2354880.jpg,20,grass,20,2354880
images/2339137.jpg,cat,0,test,grass,2339137.jpg,20,grass,20,2339137
images/2347384.jpg,cat,0,test,grass,2347384.jpg,20,grass,20,2347384
images/2391586.jpg,cat,0,test,grass,2391586.jpg,20,grass,20,2391586
images/2352795.jpg,cat,0,test,grass,2352795.jpg,20,grass,20,2352795
images/2406785.jpg,cat,0,test,grass,2406785.jpg,20,grass,20,2406785
images/2398951.jpg,cat,0,test,grass,2398951.jpg,20,grass,20,2398951
images/2351697.jpg,cat,0,test,grass,2351697.jpg,20,grass,20,2351697
images/2416026.jpg,cat,0,test,grass,2416026.jpg,20,grass,20,2416026
images/2399043.jpg,cat,0,test,grass,2399043.jpg,20,grass,20,2399043
images/2352634.jpg,cat,0,test,grass,2352634.jpg,20,grass,20,2352634
images/2401065.jpg,cat,0,test,grass,2401065.jpg,20,grass,20,2401065
images/2368712.jpg,cat,0,test,grass,2368712.jpg,20,grass,20,2368712
images/2359473.jpg,cat,0,test,grass,2359473.jpg,20,grass,20,2359473
images/2356915.jpg,cat,0,test,grass,2356915.jpg,20,grass,20,2356915
images/2350759.jpg,cat,0,test,grass,2350759.jpg,20,grass,20,2350759
images/2417416.jpg,cat,0,test,grass,2417416.jpg,20,grass,20,2417416
images/2368563.jpg,cat,0,test,grass,2368563.jpg,20,grass,20,2368563
images/2404458.jpg,cat,0,test,grass,2404458.jpg,20,grass,20,2404458
images/2331732.jpg,cat,0,test,grass,2331732.jpg,20,grass,20,2331732
images/2384529.jpg,cat,0,test,grass,2384529.jpg,20,grass,20,2384529
images/2381353.jpg,cat,0,test,grass,2381353.jpg,20,grass,20,2381353
images/2397444.jpg,cat,0,test,grass,2397444.jpg,20,grass,20,2397444
images/2378903.jpg,cat,0,test,grass,2378903.jpg,20,grass,20,2378903
images/2351659.jpg,cat,0,test,grass,2351659.jpg,20,grass,20,2351659
images/2395196.jpg,cat,0,test,grass,2395196.jpg,20,grass,20,2395196
images/2339150.jpg,cat,0,test,grass,2339150.jpg,20,grass,20,2339150
images/2392683.jpg,cat,0,test,grass,2392683.jpg,20,grass,20,2392683
images/2363195.jpg,cat,0,test,grass,2363195.jpg,20,grass,20,2363195
images/2356590.jpg,cat,0,test,grass,2356590.jpg,20,grass,20,2356590
images/2410395.jpg,cat,0,test,grass,2410395.jpg,20,grass,20,2410395
images/2374695.jpg,cat,0,test,grass,2374695.jpg,20,grass,20,2374695
images/2400503.jpg,cat,0,test,grass,2400503.jpg,20,grass,20,2400503
images/2355930.jpg,cat,0,test,grass,2355930.jpg,20,grass,20,2355930
images/2355512.jpg,cat,0,test,grass,2355512.jpg,20,grass,20,2355512
images/2348317.jpg,cat,0,test,grass,2348317.jpg,20,grass,20,2348317
images/2356163.jpg,cat,0,test,grass,2356163.jpg,20,grass,20,2356163
images/2405855.jpg,cat,0,test,grass,2405855.jpg,20,grass,20,2405855
images/2318233.jpg,cat,0,test,grass,2318233.jpg,20,grass,20,2318233
images/2320210.jpg,cat,0,test,grass,2320210.jpg,20,grass,20,2320210
images/2416465.jpg,cat,0,test,grass,2416465.jpg,20,grass,20,2416465
images/2387937.jpg,cat,0,test,grass,2387937.jpg,20,grass,20,2387937
images/2334954.jpg,cat,0,test,grass,2334954.jpg,20,grass,20,2334954
images/2352283.jpg,cat,0,test,grass,2352283.jpg,20,grass,20,2352283
images/2345426.jpg,cat,0,test,grass,2345426.jpg,20,grass,20,2345426
images/2321986.jpg,cat,0,test,grass,2321986.jpg,20,grass,20,2321986
images/2407287.jpg,cat,0,test,hat,2407287.jpg,21,hat,21,2407287
images/2382515.jpg,cat,0,test,hat,2382515.jpg,21,hat,21,2382515
images/2335265.jpg,cat,0,test,hat,2335265.jpg,21,hat,21,2335265
images/2316594.jpg,cat,0,test,hat,2316594.jpg,21,hat,21,2316594
images/2353340.jpg,cat,0,test,hat,2353340.jpg,21,hat,21,2353340
images/2320852.jpg,cat,0,test,hat,2320852.jpg,21,hat,21,2320852
images/2315509.jpg,cat,0,test,hat,2315509.jpg,21,hat,21,2315509
images/2356276.jpg,cat,0,test,hat,2356276.jpg,21,hat,21,2356276
images/2384876.jpg,cat,0,test,hat,2384876.jpg,21,hat,21,2384876
images/2377487.jpg,cat,0,test,hat,2377487.jpg,21,hat,21,2377487
images/2317010.jpg,cat,0,test,hat,2317010.jpg,21,hat,21,2317010
images/2338263.jpg,cat,0,test,hat,2338263.jpg,21,hat,21,2338263
images/2363536.jpg,cat,0,test,hat,2363536.jpg,21,hat,21,2363536
images/2374314.jpg,cat,0,test,hat,2374314.jpg,21,hat,21,2374314
images/2386732.jpg,cat,0,test,hat,2386732.jpg,21,hat,21,2386732
images/2416473.jpg,cat,0,test,hat,2416473.jpg,21,hat,21,2416473
images/2321990.jpg,cat,0,test,hat,2321990.jpg,21,hat,21,2321990
images/2374741.jpg,cat,0,test,hat,2374741.jpg,21,hat,21,2374741
images/2360902.jpg,cat,0,test,hat,2360902.jpg,21,hat,21,2360902
images/2318483.jpg,cat,0,test,hat,2318483.jpg,21,hat,21,2318483
images/2388593.jpg,cat,0,test,hat,2388593.jpg,21,hat,21,2388593
images/2408809.jpg,cat,0,test,hat,2408809.jpg,21,hat,21,2408809
images/2362337.jpg,cat,0,test,hat,2362337.jpg,21,hat,21,2362337
images/2336889.jpg,cat,0,test,hat,2336889.jpg,21,hat,21,2336889
images/2331569.jpg,cat,0,test,hat,2331569.jpg,21,hat,21,2331569
images/2341528.jpg,cat,0,test,hat,2341528.jpg,21,hat,21,2341528
images/2338665.jpg,cat,0,test,hat,2338665.jpg,21,hat,21,2338665
images/2396216.jpg,cat,0,test,hat,2396216.jpg,21,hat,21,2396216
images/2416999.jpg,cat,0,test,hat,2416999.jpg,21,hat,21,2416999
images/2377353.jpg,cat,0,test,hat,2377353.jpg,21,hat,21,2377353
images/2362385.jpg,cat,0,test,hat,2362385.jpg,21,hat,21,2362385
images/2349680.jpg,cat,0,test,hat,2349680.jpg,21,hat,21,2349680
images/2409709.jpg,cat,0,test,hat,2409709.jpg,21,hat,21,2409709
images/2338363.jpg,cat,0,test,hat,2338363.jpg,21,hat,21,2338363
images/2346461.jpg,cat,0,test,hat,2346461.jpg,21,hat,21,2346461
images/2387059.jpg,cat,0,test,hat,2387059.jpg,21,hat,21,2387059
images/2335022.jpg,cat,0,test,motorcycle,2335022.jpg,28,motorcycle,28,2335022
images/2416999.jpg,cat,0,test,motorcycle,2416999.jpg,28,motorcycle,28,2416999
images/2367355.jpg,cat,0,test,motorcycle,2367355.jpg,28,motorcycle,28,2367355
images/2338755.jpg,cat,0,test,motorcycle,2338755.jpg,28,motorcycle,28,2338755
images/2356777.jpg,cat,0,test,motorcycle,2356777.jpg,28,motorcycle,28,2356777
images/2391263.jpg,cat,0,test,motorcycle,2391263.jpg,28,motorcycle,28,2391263
images/2363152.jpg,cat,0,test,motorcycle,2363152.jpg,28,motorcycle,28,2363152
images/2378325.jpg,cat,0,test,motorcycle,2378325.jpg,28,motorcycle,28,2378325
images/2342680.jpg,cat,0,test,motorcycle,2342680.jpg,28,motorcycle,28,2342680
images/2355734.jpg,cat,0,test,motorcycle,2355734.jpg,28,motorcycle,28,2355734
images/2361300.jpg,cat,0,train,bookshelf,2361300.jpg,4,bookshelf,4,2361300
images/2319260.jpg,cat,0,val,bookshelf,2319260.jpg,4,bookshelf,4,2319260
images/2398639.jpg,cat,0,train,bookshelf,2398639.jpg,4,bookshelf,4,2398639
images/2395193.jpg,cat,0,train,bookshelf,2395193.jpg,4,bookshelf,4,2395193
images/2399526.jpg,cat,0,train,bookshelf,2399526.jpg,4,bookshelf,4,2399526
images/2364074.jpg,cat,0,train,bookshelf,2364074.jpg,4,bookshelf,4,2364074
images/2324064.jpg,cat,0,train,bookshelf,2324064.jpg,4,bookshelf,4,2324064
images/2364431.jpg,cat,0,train,bookshelf,2364431.jpg,4,bookshelf,4,2364431
images/2372725.jpg,cat,0,test,bookshelf,2372725.jpg,4,bookshelf,4,2372725
images/2343780.jpg,cat,0,val,bookshelf,2343780.jpg,4,bookshelf,4,2343780
images/2382390.jpg,cat,0,train,bookshelf,2382390.jpg,4,bookshelf,4,2382390
images/2392699.jpg,cat,0,val,bookshelf,2392699.jpg,4,bookshelf,4,2392699
images/2355400.jpg,cat,0,train,bookshelf,2355400.jpg,4,bookshelf,4,2355400
images/2328959.jpg,cat,0,test,bookshelf,2328959.jpg,4,bookshelf,4,2328959
images/2387323.jpg,cat,0,train,bookshelf,2387323.jpg,4,bookshelf,4,2387323
images/2389179.jpg,cat,0,train,bookshelf,2389179.jpg,4,bookshelf,4,2389179
images/2340179.jpg,cat,0,train,bookshelf,2340179.jpg,4,bookshelf,4,2340179
images/2339912.jpg,cat,0,train,bookshelf,2339912.jpg,4,bookshelf,4,2339912
images/2408383.jpg,cat,0,train,bookshelf,2408383.jpg,4,bookshelf,4,2408383
images/2406766.jpg,cat,0,train,bookshelf,2406766.jpg,4,bookshelf,4,2406766
images/713492.jpg,cat,0,train,bookshelf,713492.jpg,4,bookshelf,4,713492
images/2356497.jpg,cat,0,train,bookshelf,2356497.jpg,4,bookshelf,4,2356497
images/2363570.jpg,cat,0,val,bookshelf,2363570.jpg,4,bookshelf,4,2363570
images/2410796.jpg,cat,0,train,bookshelf,2410796.jpg,4,bookshelf,4,2410796
images/2357484.jpg,cat,0,train,bookshelf,2357484.jpg,4,bookshelf,4,2357484
images/2385836.jpg,cat,0,test,bookshelf,2385836.jpg,4,bookshelf,4,2385836
images/2356120.jpg,cat,0,train,bookshelf,2356120.jpg,4,bookshelf,4,2356120
images/2376838.jpg,cat,0,train,bookshelf,2376838.jpg,4,bookshelf,4,2376838
images/2405710.jpg,cat,0,train,bookshelf,2405710.jpg,4,bookshelf,4,2405710
images/2416463.jpg,cat,0,train,bookshelf,2416463.jpg,4,bookshelf,4,2416463
images/2417434.jpg,cat,0,train,bookshelf,2417434.jpg,4,bookshelf,4,2417434
images/2329487.jpg,cat,0,train,bookshelf,2329487.jpg,4,bookshelf,4,2329487
images/2318872.jpg,cat,0,train,bookshelf,2318872.jpg,4,bookshelf,4,2318872
images/2395075.jpg,cat,0,train,bookshelf,2395075.jpg,4,bookshelf,4,2395075
images/2416400.jpg,cat,0,train,dog,2416400.jpg,15,dog,15,2416400
images/2346772.jpg,cat,0,train,dog,2346772.jpg,15,dog,15,2346772
images/2344881.jpg,cat,0,val,dog,2344881.jpg,15,dog,15,2344881
images/2317705.jpg,cat,0,train,dog,2317705.jpg,15,dog,15,2317705
images/2359938.jpg,cat,0,train,dog,2359938.jpg,15,dog,15,2359938
images/2324062.jpg,cat,0,train,dog,2324062.jpg,15,dog,15,2324062
images/2392688.jpg,cat,0,train,dog,2392688.jpg,15,dog,15,2392688
images/2327653.jpg,cat,0,val,dog,2327653.jpg,15,dog,15,2327653
images/2368434.jpg,cat,0,test,dog,2368434.jpg,15,dog,15,2368434
images/2394168.jpg,cat,0,train,dog,2394168.jpg,15,dog,15,2394168
images/2403329.jpg,cat,0,train,dog,2403329.jpg,15,dog,15,2403329
images/2402100.jpg,cat,0,train,dog,2402100.jpg,15,dog,15,2402100
images/2397167.jpg,cat,0,train,dog,2397167.jpg,15,dog,15,2397167
images/2322897.jpg,cat,0,train,dog,2322897.jpg,15,dog,15,2322897
images/2416154.jpg,cat,0,test,dog,2416154.jpg,15,dog,15,2416154
images/2355278.jpg,cat,0,train,dog,2355278.jpg,15,dog,15,2355278
images/2339137.jpg,cat,0,val,dog,2339137.jpg,15,dog,15,2339137
images/2330184.jpg,cat,0,train,dog,2330184.jpg,15,dog,15,2330184
images/2359073.jpg,cat,0,train,dog,2359073.jpg,15,dog,15,2359073
images/2316968.jpg,cat,0,train,dog,2316968.jpg,15,dog,15,2316968
images/2339511.jpg,cat,0,train,dog,2339511.jpg,15,dog,15,2339511
images/2400368.jpg,cat,0,train,dog,2400368.jpg,15,dog,15,2400368
images/2336077.jpg,cat,0,train,dog,2336077.jpg,15,dog,15,2336077
images/2387315.jpg,cat,0,train,dog,2387315.jpg,15,dog,15,2387315
images/2391586.jpg,cat,0,train,dog,2391586.jpg,15,dog,15,2391586
images/2344063.jpg,cat,0,train,dog,2344063.jpg,15,dog,15,2344063
images/2377255.jpg,cat,0,train,dog,2377255.jpg,15,dog,15,2377255
images/2408383.jpg,cat,0,train,dog,2408383.jpg,15,dog,15,2408383
images/2319449.jpg,cat,0,train,dog,2319449.jpg,15,dog,15,2319449
images/2324518.jpg,cat,0,train,dog,2324518.jpg,15,dog,15,2324518
images/2396989.jpg,cat,0,train,dog,2396989.jpg,15,dog,15,2396989
images/2367226.jpg,cat,0,train,dog,2367226.jpg,15,dog,15,2367226
images/2415206.jpg,cat,0,train,dog,2415206.jpg,15,dog,15,2415206
images/2319723.jpg,cat,0,test,dog,2319723.jpg,15,dog,15,2319723
images/2365600.jpg,cat,0,val,dog,2365600.jpg,15,dog,15,2365600
images/2402079.jpg,cat,0,test,dog,2402079.jpg,15,dog,15,2402079
images/2406003.jpg,cat,0,train,dog,2406003.jpg,15,dog,15,2406003
images/2397277.jpg,cat,0,val,dog,2397277.jpg,15,dog,15,2397277
images/2320517.jpg,cat,0,train,dog,2320517.jpg,15,dog,15,2320517
images/2414023.jpg,cat,0,train,dog,2414023.jpg,15,dog,15,2414023
images/2346853.jpg,cat,0,test,dog,2346853.jpg,15,dog,15,2346853
images/2368563.jpg,cat,0,val,dog,2368563.jpg,15,dog,15,2368563
images/2382789.jpg,cat,0,train,dog,2382789.jpg,15,dog,15,2382789
images/2381433.jpg,cat,0,train,dog,2381433.jpg,15,dog,15,2381433
images/2353191.jpg,cat,0,train,dog,2353191.jpg,15,dog,15,2353191
images/2416435.jpg,cat,0,train,dog,2416435.jpg,15,dog,15,2416435
images/2374046.jpg,cat,0,train,dog,2374046.jpg,15,dog,15,2374046
images/713943.jpg,cat,0,test,dog,713943.jpg,15,dog,15,713943
images/2353942.jpg,cat,0,train,dog,2353942.jpg,15,dog,15,2353942
images/2373581.jpg,cat,0,val,dog,2373581.jpg,15,dog,15,2373581
images/2395369.jpg,cat,0,train,dog,2395369.jpg,15,dog,15,2395369
images/2416465.jpg,cat,0,train,dog,2416465.jpg,15,dog,15,2416465
images/2411533.jpg,cat,0,train,dog,2411533.jpg,15,dog,15,2411533
images/2330381.jpg,cat,0,test,dog,2330381.jpg,15,dog,15,2330381
images/2344455.jpg,cat,0,train,dog,2344455.jpg,15,dog,15,2344455
images/2361867.jpg,cat,0,val,dog,2361867.jpg,15,dog,15,2361867
images/2386317.jpg,cat,0,val,dog,2386317.jpg,15,dog,15,2386317
images/2330673.jpg,cat,0,train,dog,2330673.jpg,15,dog,15,2330673
images/2398449.jpg,cat,0,train,dog,2398449.jpg,15,dog,15,2398449
images/2417872.jpg,cat,0,test,dog,2417872.jpg,15,dog,15,2417872
images/2318872.jpg,cat,0,train,dog,2318872.jpg,15,dog,15,2318872
images/2317863.jpg,cat,0,val,dog,2317863.jpg,15,dog,15,2317863
images/3753.jpg,cat,0,train,dog,3753.jpg,15,dog,15,3753
images/2371528.jpg,cat,0,train,dog,2371528.jpg,15,dog,15,2371528
images/2320118.jpg,cat,0,train,dog,2320118.jpg,15,dog,15,2320118
images/2324062.jpg,cat,0,val,blinds,2324062.jpg,2,blinds,2,2324062
images/2407461.jpg,cat,0,train,blinds,2407461.jpg,2,blinds,2,2407461
images/2324465.jpg,cat,0,train,blinds,2324465.jpg,2,blinds,2,2324465
images/2364122.jpg,cat,0,train,blinds,2364122.jpg,2,blinds,2,2364122
images/2406468.jpg,cat,0,train,blinds,2406468.jpg,2,blinds,2,2406468
images/2354070.jpg,cat,0,train,blinds,2354070.jpg,2,blinds,2,2354070
images/2365698.jpg,cat,0,train,blinds,2365698.jpg,2,blinds,2,2365698
images/2323795.jpg,cat,0,val,blinds,2323795.jpg,2,blinds,2,2323795
images/2349617.jpg,cat,0,val,blinds,2349617.jpg,2,blinds,2,2349617
images/2332972.jpg,cat,0,train,blinds,2332972.jpg,2,blinds,2,2332972
images/2383626.jpg,cat,0,train,blinds,2383626.jpg,2,blinds,2,2383626
images/2405998.jpg,cat,0,val,blinds,2405998.jpg,2,blinds,2,2405998
images/2318737.jpg,cat,0,train,blinds,2318737.jpg,2,blinds,2,2318737
images/2378915.jpg,cat,0,train,blinds,2378915.jpg,2,blinds,2,2378915
images/2370815.jpg,cat,0,train,blinds,2370815.jpg,2,blinds,2,2370815
images/2330914.jpg,cat,0,train,blinds,2330914.jpg,2,blinds,2,2330914
images/2414520.jpg,cat,0,train,blinds,2414520.jpg,2,blinds,2,2414520
images/2414437.jpg,cat,0,train,blinds,2414437.jpg,2,blinds,2,2414437
images/2396163.jpg,cat,0,train,blinds,2396163.jpg,2,blinds,2,2396163
images/2320576.jpg,cat,0,val,blinds,2320576.jpg,2,blinds,2,2320576
images/2385325.jpg,cat,0,train,blinds,2385325.jpg,2,blinds,2,2385325
images/2356248.jpg,cat,0,train,blinds,2356248.jpg,2,blinds,2,2356248
images/2336151.jpg,cat,0,train,blinds,2336151.jpg,2,blinds,2,2336151
images/2377255.jpg,cat,0,val,blinds,2377255.jpg,2,blinds,2,2377255
images/2378620.jpg,cat,0,train,blinds,2378620.jpg,2,blinds,2,2378620
images/2386734.jpg,cat,0,test,blinds,2386734.jpg,2,blinds,2,2386734
images/2323784.jpg,cat,0,train,blinds,2323784.jpg,2,blinds,2,2323784
images/2368874.jpg,cat,0,train,blinds,2368874.jpg,2,blinds,2,2368874
images/2324103.jpg,cat,0,train,blinds,2324103.jpg,2,blinds,2,2324103
images/2405446.jpg,cat,0,train,blinds,2405446.jpg,2,blinds,2,2405446
images/2399043.jpg,cat,0,val,blinds,2399043.jpg,2,blinds,2,2399043
images/2346630.jpg,cat,0,train,blinds,2346630.jpg,2,blinds,2,2346630
images/2388477.jpg,cat,0,train,blinds,2388477.jpg,2,blinds,2,2388477
images/2362337.jpg,cat,0,train,blinds,2362337.jpg,2,blinds,2,2362337
images/2399679.jpg,cat,0,train,blinds,2399679.jpg,2,blinds,2,2399679
images/2387465.jpg,cat,0,train,blinds,2387465.jpg,2,blinds,2,2387465
images/2337648.jpg,cat,0,test,blinds,2337648.jpg,2,blinds,2,2337648
images/2323828.jpg,cat,0,test,blinds,2323828.jpg,2,blinds,2,2323828
images/2415288.jpg,cat,0,val,blinds,2415288.jpg,2,blinds,2,2415288
images/2355990.jpg,cat,0,val,blinds,2355990.jpg,2,blinds,2,2355990
images/2416463.jpg,cat,0,train,blinds,2416463.jpg,2,blinds,2,2416463
images/2316027.jpg,cat,0,train,blinds,2316027.jpg,2,blinds,2,2316027
images/2327526.jpg,cat,0,train,blinds,2327526.jpg,2,blinds,2,2327526
images/2398449.jpg,cat,0,val,blinds,2398449.jpg,2,blinds,2,2398449
images/1592365.jpg,cat,0,train,blinds,1592365.jpg,2,blinds,2,1592365
images/2382529.jpg,cat,0,train,sink,2382529.jpg,39,sink,39,2382529
images/2347887.jpg,cat,0,train,sink,2347887.jpg,39,sink,39,2347887
images/2407754.jpg,cat,0,train,sink,2407754.jpg,39,sink,39,2407754
images/2378767.jpg,cat,0,train,sink,2378767.jpg,39,sink,39,2378767
images/2337651.jpg,cat,0,train,sink,2337651.jpg,39,sink,39,2337651
images/2351235.jpg,cat,0,train,sink,2351235.jpg,39,sink,39,2351235
images/2352997.jpg,cat,0,val,sink,2352997.jpg,39,sink,39,2352997
images/2378387.jpg,cat,0,train,sink,2378387.jpg,39,sink,39,2378387
images/2358144.jpg,cat,0,val,sink,2358144.jpg,39,sink,39,2358144
images/2372296.jpg,cat,0,val,sink,2372296.jpg,39,sink,39,2372296
images/2345064.jpg,cat,0,train,sink,2345064.jpg,39,sink,39,2345064
images/2405575.jpg,cat,0,train,sink,2405575.jpg,39,sink,39,2405575
images/2338416.jpg,cat,0,train,sink,2338416.jpg,39,sink,39,2338416
images/2372708.jpg,cat,0,train,sink,2372708.jpg,39,sink,39,2372708
images/2411012.jpg,cat,0,train,sink,2411012.jpg,39,sink,39,2411012
images/2335078.jpg,cat,0,train,sink,2335078.jpg,39,sink,39,2335078
images/2369997.jpg,cat,0,train,sink,2369997.jpg,39,sink,39,2369997
images/2365944.jpg,cat,0,val,sink,2365944.jpg,39,sink,39,2365944
images/2402707.jpg,cat,0,train,sink,2402707.jpg,39,sink,39,2402707
images/2337686.jpg,cat,0,val,sink,2337686.jpg,39,sink,39,2337686
images/2338762.jpg,cat,0,test,sink,2338762.jpg,39,sink,39,2338762
images/2401555.jpg,cat,0,train,sink,2401555.jpg,39,sink,39,2401555
images/2377325.jpg,cat,0,train,sink,2377325.jpg,39,sink,39,2377325
images/2361670.jpg,cat,0,train,sink,2361670.jpg,39,sink,39,2361670
images/2408480.jpg,cat,0,train,sink,2408480.jpg,39,sink,39,2408480
images/2317764.jpg,cat,0,train,sink,2317764.jpg,39,sink,39,2317764
images/2340076.jpg,cat,0,val,sink,2340076.jpg,39,sink,39,2340076
images/2377255.jpg,cat,0,test,sink,2377255.jpg,39,sink,39,2377255
images/2413166.jpg,cat,0,train,sink,2413166.jpg,39,sink,39,2413166
images/2333321.jpg,cat,0,train,sink,2333321.jpg,39,sink,39,2333321
images/2408324.jpg,cat,0,train,sink,2408324.jpg,39,sink,39,2408324
images/2391390.jpg,cat,0,train,sink,2391390.jpg,39,sink,39,2391390
images/2404757.jpg,cat,0,train,sink,2404757.jpg,39,sink,39,2404757
images/2347198.jpg,cat,0,train,sink,2347198.jpg,39,sink,39,2347198
images/2328258.jpg,cat,0,val,sink,2328258.jpg,39,sink,39,2328258
images/2349994.jpg,cat,0,train,sink,2349994.jpg,39,sink,39,2349994
images/2406806.jpg,cat,0,train,sink,2406806.jpg,39,sink,39,2406806
images/2375097.jpg,cat,0,train,sink,2375097.jpg,39,sink,39,2375097
images/2371082.jpg,cat,0,train,sink,2371082.jpg,39,sink,39,2371082
images/2359483.jpg,cat,0,train,sink,2359483.jpg,39,sink,39,2359483
images/2321677.jpg,cat,0,train,sink,2321677.jpg,39,sink,39,2321677
images/2388878.jpg,cat,0,train,sink,2388878.jpg,39,sink,39,2388878
images/2390330.jpg,cat,0,train,sink,2390330.jpg,39,sink,39,2390330
images/2337404.jpg,cat,0,train,sink,2337404.jpg,39,sink,39,2337404
images/2384243.jpg,cat,0,val,sink,2384243.jpg,39,sink,39,2384243
images/2378477.jpg,cat,0,train,sink,2378477.jpg,39,sink,39,2378477
images/2344649.jpg,cat,0,train,sink,2344649.jpg,39,sink,39,2344649
images/2339958.jpg,cat,0,train,sink,2339958.jpg,39,sink,39,2339958
images/1159417.jpg,cat,0,val,sink,1159417.jpg,39,sink,39,1159417
images/2387214.jpg,cat,0,train,sink,2387214.jpg,39,sink,39,2387214
images/2369317.jpg,cat,0,train,sink,2369317.jpg,39,sink,39,2369317
images/2328570.jpg,cat,0,train,sink,2328570.jpg,39,sink,39,2328570
images/2403564.jpg,cat,0,train,sink,2403564.jpg,39,sink,39,2403564
images/2371695.jpg,cat,0,train,sink,2371695.jpg,39,sink,39,2371695
images/2373581.jpg,cat,0,train,sink,2373581.jpg,39,sink,39,2373581
images/2366556.jpg,cat,0,train,sink,2366556.jpg,39,sink,39,2366556
images/2400803.jpg,cat,0,test,sink,2400803.jpg,39,sink,39,2400803
images/2344978.jpg,cat,0,test,sink,2344978.jpg,39,sink,39,2344978
images/2326898.jpg,cat,0,train,sink,2326898.jpg,39,sink,39,2326898
images/2348332.jpg,cat,0,train,sink,2348332.jpg,39,sink,39,2348332
images/2392720.jpg,cat,0,train,faucet,2392720.jpg,16,faucet,16,2392720
images/2382529.jpg,cat,0,val,faucet,2382529.jpg,16,faucet,16,2382529
images/2347887.jpg,cat,0,train,faucet,2347887.jpg,16,faucet,16,2347887
images/2407754.jpg,cat,0,train,faucet,2407754.jpg,16,faucet,16,2407754
images/2378767.jpg,cat,0,train,faucet,2378767.jpg,16,faucet,16,2378767
images/2351235.jpg,cat,0,train,faucet,2351235.jpg,16,faucet,16,2351235
images/2352997.jpg,cat,0,val,faucet,2352997.jpg,16,faucet,16,2352997
images/2378387.jpg,cat,0,train,faucet,2378387.jpg,16,faucet,16,2378387
images/2358144.jpg,cat,0,train,faucet,2358144.jpg,16,faucet,16,2358144
images/2339878.jpg,cat,0,val,faucet,2339878.jpg,16,faucet,16,2339878
images/2345064.jpg,cat,0,train,faucet,2345064.jpg,16,faucet,16,2345064
images/2405575.jpg,cat,0,train,faucet,2405575.jpg,16,faucet,16,2405575
images/2338416.jpg,cat,0,train,faucet,2338416.jpg,16,faucet,16,2338416
images/2372708.jpg,cat,0,train,faucet,2372708.jpg,16,faucet,16,2372708
images/2411012.jpg,cat,0,val,faucet,2411012.jpg,16,faucet,16,2411012
images/2335078.jpg,cat,0,train,faucet,2335078.jpg,16,faucet,16,2335078
images/2369997.jpg,cat,0,train,faucet,2369997.jpg,16,faucet,16,2369997
images/2373613.jpg,cat,0,val,faucet,2373613.jpg,16,faucet,16,2373613
images/2402707.jpg,cat,0,train,faucet,2402707.jpg,16,faucet,16,2402707
images/2337686.jpg,cat,0,train,faucet,2337686.jpg,16,faucet,16,2337686
images/2338762.jpg,cat,0,train,faucet,2338762.jpg,16,faucet,16,2338762
images/2340505.jpg,cat,0,train,faucet,2340505.jpg,16,faucet,16,2340505
images/2401555.jpg,cat,0,train,faucet,2401555.jpg,16,faucet,16,2401555
images/2377325.jpg,cat,0,train,faucet,2377325.jpg,16,faucet,16,2377325
images/2317764.jpg,cat,0,train,faucet,2317764.jpg,16,faucet,16,2317764
images/2377255.jpg,cat,0,train,faucet,2377255.jpg,16,faucet,16,2377255
images/2413166.jpg,cat,0,train,faucet,2413166.jpg,16,faucet,16,2413166
images/2333321.jpg,cat,0,train,faucet,2333321.jpg,16,faucet,16,2333321
images/2408324.jpg,cat,0,train,faucet,2408324.jpg,16,faucet,16,2408324
images/2391390.jpg,cat,0,train,faucet,2391390.jpg,16,faucet,16,2391390
images/2404757.jpg,cat,0,train,faucet,2404757.jpg,16,faucet,16,2404757
images/2347198.jpg,cat,0,train,faucet,2347198.jpg,16,faucet,16,2347198
images/2350900.jpg,cat,0,train,faucet,2350900.jpg,16,faucet,16,2350900
images/2369867.jpg,cat,0,train,faucet,2369867.jpg,16,faucet,16,2369867
images/2328258.jpg,cat,0,train,faucet,2328258.jpg,16,faucet,16,2328258
images/2349994.jpg,cat,0,train,faucet,2349994.jpg,16,faucet,16,2349994
images/2406806.jpg,cat,0,train,faucet,2406806.jpg,16,faucet,16,2406806
images/2375097.jpg,cat,0,val,faucet,2375097.jpg,16,faucet,16,2375097
images/2371082.jpg,cat,0,train,faucet,2371082.jpg,16,faucet,16,2371082
images/2388878.jpg,cat,0,train,faucet,2388878.jpg,16,faucet,16,2388878
images/2410144.jpg,cat,0,train,faucet,2410144.jpg,16,faucet,16,2410144
images/2337404.jpg,cat,0,train,faucet,2337404.jpg,16,faucet,16,2337404
images/2384243.jpg,cat,0,train,faucet,2384243.jpg,16,faucet,16,2384243
images/2378477.jpg,cat,0,train,faucet,2378477.jpg,16,faucet,16,2378477
images/2344649.jpg,cat,0,train,faucet,2344649.jpg,16,faucet,16,2344649
images/2339958.jpg,cat,0,train,faucet,2339958.jpg,16,faucet,16,2339958
images/2387214.jpg,cat,0,val,faucet,2387214.jpg,16,faucet,16,2387214
images/2328570.jpg,cat,0,train,faucet,2328570.jpg,16,faucet,16,2328570
images/2403564.jpg,cat,0,train,faucet,2403564.jpg,16,faucet,16,2403564
images/2371695.jpg,cat,0,val,faucet,2371695.jpg,16,faucet,16,2371695
images/2373581.jpg,cat,0,train,faucet,2373581.jpg,16,faucet,16,2373581
images/2366556.jpg,cat,0,train,faucet,2366556.jpg,16,faucet,16,2366556
images/2326898.jpg,cat,0,train,faucet,2326898.jpg,16,faucet,16,2326898
images/2381542.jpg,cat,0,train,faucet,2381542.jpg,16,faucet,16,2381542
images/2359186.jpg,cat,0,train,keyboard,2359186.jpg,25,keyboard,25,2359186
images/2343843.jpg,cat,0,train,keyboard,2343843.jpg,25,keyboard,25,2343843
images/2347119.jpg,cat,0,val,keyboard,2347119.jpg,25,keyboard,25,2347119
images/2365930.jpg,cat,0,val,keyboard,2365930.jpg,25,keyboard,25,2365930
images/2378178.jpg,cat,0,train,keyboard,2378178.jpg,25,keyboard,25,2378178
images/2388058.jpg,cat,0,test,keyboard,2388058.jpg,25,keyboard,25,2388058
images/2382390.jpg,cat,0,train,keyboard,2382390.jpg,25,keyboard,25,2382390
images/2338098.jpg,cat,0,train,keyboard,2338098.jpg,25,keyboard,25,2338098
images/2318737.jpg,cat,0,train,keyboard,2318737.jpg,25,keyboard,25,2318737
images/2344622.jpg,cat,0,train,keyboard,2344622.jpg,25,keyboard,25,2344622
images/2413065.jpg,cat,0,train,keyboard,2413065.jpg,25,keyboard,25,2413065
images/2337548.jpg,cat,0,train,keyboard,2337548.jpg,25,keyboard,25,2337548
images/2322420.jpg,cat,0,train,keyboard,2322420.jpg,25,keyboard,25,2322420
images/2371747.jpg,cat,0,val,keyboard,2371747.jpg,25,keyboard,25,2371747
images/2378620.jpg,cat,0,train,keyboard,2378620.jpg,25,keyboard,25,2378620
images/2319932.jpg,cat,0,test,keyboard,2319932.jpg,25,keyboard,25,2319932
images/2336619.jpg,cat,0,train,keyboard,2336619.jpg,25,keyboard,25,2336619
images/2413062.jpg,cat,0,train,keyboard,2413062.jpg,25,keyboard,25,2413062
images/2323350.jpg,cat,0,train,keyboard,2323350.jpg,25,keyboard,25,2323350
images/2347958.jpg,cat,0,val,keyboard,2347958.jpg,25,keyboard,25,2347958
images/2349067.jpg,cat,0,val,keyboard,2349067.jpg,25,keyboard,25,2349067
images/2398618.jpg,cat,0,val,keyboard,2398618.jpg,25,keyboard,25,2398618
images/2376123.jpg,cat,0,train,keyboard,2376123.jpg,25,keyboard,25,2376123
images/2414031.jpg,cat,0,train,keyboard,2414031.jpg,25,keyboard,25,2414031
images/2406171.jpg,cat,0,val,keyboard,2406171.jpg,25,keyboard,25,2406171
images/2323229.jpg,cat,0,train,keyboard,2323229.jpg,25,keyboard,25,2323229
images/2347016.jpg,cat,0,test,keyboard,2347016.jpg,25,keyboard,25,2347016
images/2387750.jpg,cat,0,val,keyboard,2387750.jpg,25,keyboard,25,2387750
images/2376971.jpg,cat,0,train,keyboard,2376971.jpg,25,keyboard,25,2376971
images/2374442.jpg,cat,0,train,keyboard,2374442.jpg,25,keyboard,25,2374442
images/2405438.jpg,cat,0,train,keyboard,2405438.jpg,25,keyboard,25,2405438
images/2356023.jpg,cat,0,val,keyboard,2356023.jpg,25,keyboard,25,2356023
images/2390497.jpg,cat,0,train,keyboard,2390497.jpg,25,keyboard,25,2390497
images/2409848.jpg,cat,0,val,keyboard,2409848.jpg,25,keyboard,25,2409848
images/2416021.jpg,cat,0,val,keyboard,2416021.jpg,25,keyboard,25,2416021
images/2326267.jpg,cat,0,val,keyboard,2326267.jpg,25,keyboard,25,2326267
images/2381795.jpg,cat,0,train,keyboard,2381795.jpg,25,keyboard,25,2381795
images/2404061.jpg,cat,0,train,keyboard,2404061.jpg,25,keyboard,25,2404061
images/2377814.jpg,cat,0,val,keyboard,2377814.jpg,25,keyboard,25,2377814
images/2366443.jpg,cat,0,train,keyboard,2366443.jpg,25,keyboard,25,2366443
images/2375840.jpg,cat,0,train,keyboard,2375840.jpg,25,keyboard,25,2375840
images/2416311.jpg,cat,0,test,keyboard,2416311.jpg,25,keyboard,25,2416311
images/2371381.jpg,cat,0,train,keyboard,2371381.jpg,25,keyboard,25,2371381
images/2403785.jpg,cat,0,val,keyboard,2403785.jpg,25,keyboard,25,2403785
images/2318723.jpg,cat,0,val,keyboard,2318723.jpg,25,keyboard,25,2318723
images/2340605.jpg,cat,0,test,keyboard,2340605.jpg,25,keyboard,25,2340605
images/2406732.jpg,cat,0,train,keyboard,2406732.jpg,25,keyboard,25,2406732
images/2352254.jpg,cat,0,val,keyboard,2352254.jpg,25,keyboard,25,2352254
images/2323389.jpg,cat,0,train,keyboard,2323389.jpg,25,keyboard,25,2323389
images/150460.jpg,cat,0,train,keyboard,150460.jpg,25,keyboard,25,150460
images/2348112.jpg,cat,0,train,keyboard,2348112.jpg,25,keyboard,25,2348112
images/2383661.jpg,cat,0,train,keyboard,2383661.jpg,25,keyboard,25,2383661
images/2334972.jpg,cat,0,train,keyboard,2334972.jpg,25,keyboard,25,2334972
images/2367153.jpg,cat,0,train,keyboard,2367153.jpg,25,keyboard,25,2367153
images/2382977.jpg,cat,0,train,keyboard,2382977.jpg,25,keyboard,25,2382977
images/2386737.jpg,cat,0,train,keyboard,2386737.jpg,25,keyboard,25,2386737
images/2390873.jpg,cat,0,test,keyboard,2390873.jpg,25,keyboard,25,2390873
images/2399916.jpg,cat,0,train,keyboard,2399916.jpg,25,keyboard,25,2399916
images/2375671.jpg,cat,0,train,keyboard,2375671.jpg,25,keyboard,25,2375671
images/2409429.jpg,cat,0,val,keyboard,2409429.jpg,25,keyboard,25,2409429
images/2402511.jpg,cat,0,val,keyboard,2402511.jpg,25,keyboard,25,2402511
images/2334778.jpg,cat,0,train,keyboard,2334778.jpg,25,keyboard,25,2334778
images/2363975.jpg,cat,0,train,keyboard,2363975.jpg,25,keyboard,25,2363975
images/2319607.jpg,cat,0,test,keyboard,2319607.jpg,25,keyboard,25,2319607
images/2384728.jpg,cat,0,train,keyboard,2384728.jpg,25,keyboard,25,2384728
images/2388034.jpg,cat,0,val,keyboard,2388034.jpg,25,keyboard,25,2388034
images/2320723.jpg,cat,0,train,keyboard,2320723.jpg,25,keyboard,25,2320723
images/2396611.jpg,cat,0,train,keyboard,2396611.jpg,25,keyboard,25,2396611
images/2383626.jpg,cat,0,val,keyboard,2383626.jpg,25,keyboard,25,2383626
images/2397167.jpg,cat,0,train,keyboard,2397167.jpg,25,keyboard,25,2397167
images/2374156.jpg,cat,0,val,keyboard,2374156.jpg,25,keyboard,25,2374156
images/2347708.jpg,cat,0,train,keyboard,2347708.jpg,25,keyboard,25,2347708
images/2384738.jpg,cat,0,train,keyboard,2384738.jpg,25,keyboard,25,2384738
images/2334177.jpg,cat,0,train,keyboard,2334177.jpg,25,keyboard,25,2334177
images/2368296.jpg,cat,0,train,keyboard,2368296.jpg,25,keyboard,25,2368296
images/2317678.jpg,cat,0,train,keyboard,2317678.jpg,25,keyboard,25,2317678
images/2391141.jpg,cat,0,train,keyboard,2391141.jpg,25,keyboard,25,2391141
images/2377574.jpg,cat,0,train,keyboard,2377574.jpg,25,keyboard,25,2377574
images/2351211.jpg,cat,0,train,keyboard,2351211.jpg,25,keyboard,25,2351211
images/2412685.jpg,cat,0,val,keyboard,2412685.jpg,25,keyboard,25,2412685
images/2326882.jpg,cat,0,train,keyboard,2326882.jpg,25,keyboard,25,2326882
images/2319723.jpg,cat,0,train,keyboard,2319723.jpg,25,keyboard,25,2319723
images/2364975.jpg,cat,0,train,keyboard,2364975.jpg,25,keyboard,25,2364975
images/2403201.jpg,cat,0,train,keyboard,2403201.jpg,25,keyboard,25,2403201
images/2395559.jpg,cat,0,train,keyboard,2395559.jpg,25,keyboard,25,2395559
images/2362873.jpg,cat,0,train,keyboard,2362873.jpg,25,keyboard,25,2362873
images/2398910.jpg,cat,0,train,keyboard,2398910.jpg,25,keyboard,25,2398910
images/2316630.jpg,cat,0,val,keyboard,2316630.jpg,25,keyboard,25,2316630
images/2387465.jpg,cat,0,val,keyboard,2387465.jpg,25,keyboard,25,2387465
images/2389522.jpg,cat,0,train,keyboard,2389522.jpg,25,keyboard,25,2389522
images/2337399.jpg,cat,0,train,keyboard,2337399.jpg,25,keyboard,25,2337399
images/2347162.jpg,cat,0,train,keyboard,2347162.jpg,25,keyboard,25,2347162
images/1159417.jpg,cat,0,train,keyboard,1159417.jpg,25,keyboard,25,1159417
images/2354642.jpg,cat,0,train,keyboard,2354642.jpg,25,keyboard,25,2354642
images/2416463.jpg,cat,0,test,keyboard,2416463.jpg,25,keyboard,25,2416463
images/2379768.jpg,cat,0,test,keyboard,2379768.jpg,25,keyboard,25,2379768
images/2353009.jpg,cat,0,train,keyboard,2353009.jpg,25,keyboard,25,2353009
images/2399226.jpg,cat,0,test,keyboard,2399226.jpg,25,keyboard,25,2399226
images/2402514.jpg,cat,0,train,keyboard,2402514.jpg,25,keyboard,25,2402514
images/2327194.jpg,cat,0,train,keyboard,2327194.jpg,25,keyboard,25,2327194
images/2330048.jpg,cat,0,train,keyboard,2330048.jpg,25,keyboard,25,2330048
images/2336090.jpg,cat,0,train,keyboard,2336090.jpg,25,keyboard,25,2336090
images/2385605.jpg,cat,0,train,keyboard,2385605.jpg,25,keyboard,25,2385605
images/2371852.jpg,cat,0,test,keyboard,2371852.jpg,25,keyboard,25,2371852
images/2341660.jpg,cat,0,train,keyboard,2341660.jpg,25,keyboard,25,2341660
images/2368458.jpg,cat,0,train,keyboard,2368458.jpg,25,keyboard,25,2368458
images/2392829.jpg,cat,0,train,keyboard,2392829.jpg,25,keyboard,25,2392829
images/2391719.jpg,cat,0,train,keyboard,2391719.jpg,25,keyboard,25,2391719
images/2320055.jpg,cat,0,train,keyboard,2320055.jpg,25,keyboard,25,2320055
images/2373601.jpg,cat,0,train,keyboard,2373601.jpg,25,keyboard,25,2373601
images/2366326.jpg,cat,0,train,keyboard,2366326.jpg,25,keyboard,25,2366326
images/2316439.jpg,cat,0,train,keyboard,2316439.jpg,25,keyboard,25,2316439
images/2320069.jpg,cat,0,train,keyboard,2320069.jpg,25,keyboard,25,2320069
images/2369411.jpg,cat,0,train,keyboard,2369411.jpg,25,keyboard,25,2369411
images/2330820.jpg,cat,0,test,keyboard,2330820.jpg,25,keyboard,25,2330820
images/2343020.jpg,cat,0,test,keyboard,2343020.jpg,25,keyboard,25,2343020
images/2381181.jpg,cat,0,train,keyboard,2381181.jpg,25,keyboard,25,2381181
images/2416656.jpg,cat,0,train,keyboard,2416656.jpg,25,keyboard,25,2416656
images/2338574.jpg,cat,0,train,keyboard,2338574.jpg,25,keyboard,25,2338574
images/2381617.jpg,cat,0,train,keyboard,2381617.jpg,25,keyboard,25,2381617
images/2337102.jpg,cat,0,train,keyboard,2337102.jpg,25,keyboard,25,2337102
images/2386525.jpg,cat,0,train,keyboard,2386525.jpg,25,keyboard,25,2386525
images/713936.jpg,cat,0,train,keyboard,713936.jpg,25,keyboard,25,713936
images/2394932.jpg,cat,0,train,keyboard,2394932.jpg,25,keyboard,25,2394932
images/2390878.jpg,cat,0,val,keyboard,2390878.jpg,25,keyboard,25,2390878
images/2340064.jpg,cat,0,val,keyboard,2340064.jpg,25,keyboard,25,2340064
images/2321805.jpg,cat,0,train,keyboard,2321805.jpg,25,keyboard,25,2321805
images/2381823.jpg,cat,0,train,keyboard,2381823.jpg,25,keyboard,25,2381823
images/2335548.jpg,cat,0,test,keyboard,2335548.jpg,25,keyboard,25,2335548
images/2382757.jpg,cat,0,train,keyboard,2382757.jpg,25,keyboard,25,2382757
images/2392850.jpg,cat,0,train,keyboard,2392850.jpg,25,keyboard,25,2392850
images/2350463.jpg,cat,0,train,keyboard,2350463.jpg,25,keyboard,25,2350463
images/2359610.jpg,cat,0,train,keyboard,2359610.jpg,25,keyboard,25,2359610
images/2392210.jpg,cat,0,val,screen,2392210.jpg,36,screen,36,2392210
images/2366274.jpg,cat,0,train,screen,2366274.jpg,36,screen,36,2366274
images/2343843.jpg,cat,0,train,screen,2343843.jpg,36,screen,36,2343843
images/713414.jpg,cat,0,train,screen,713414.jpg,36,screen,36,713414
images/2378178.jpg,cat,0,test,screen,2378178.jpg,36,screen,36,2378178
images/2364122.jpg,cat,0,val,screen,2364122.jpg,36,screen,36,2364122
images/2327653.jpg,cat,0,train,screen,2327653.jpg,36,screen,36,2327653
images/2376421.jpg,cat,0,val,screen,2376421.jpg,36,screen,36,2376421
images/2356157.jpg,cat,0,train,screen,2356157.jpg,36,screen,36,2356157
images/2378882.jpg,cat,0,train,screen,2378882.jpg,36,screen,36,2378882
images/2338098.jpg,cat,0,train,screen,2338098.jpg,36,screen,36,2338098
images/2332661.jpg,cat,0,test,screen,2332661.jpg,36,screen,36,2332661
images/2337548.jpg,cat,0,train,screen,2337548.jpg,36,screen,36,2337548
images/2386371.jpg,cat,0,val,screen,2386371.jpg,36,screen,36,2386371
images/2346231.jpg,cat,0,train,screen,2346231.jpg,36,screen,36,2346231
images/2348719.jpg,cat,0,train,screen,2348719.jpg,36,screen,36,2348719
images/2315550.jpg,cat,0,train,screen,2315550.jpg,36,screen,36,2315550
images/2339491.jpg,cat,0,train,screen,2339491.jpg,36,screen,36,2339491
images/2316330.jpg,cat,0,train,screen,2316330.jpg,36,screen,36,2316330
images/2319932.jpg,cat,0,train,screen,2319932.jpg,36,screen,36,2319932
images/2391981.jpg,cat,0,train,screen,2391981.jpg,36,screen,36,2391981
images/2389921.jpg,cat,0,train,screen,2389921.jpg,36,screen,36,2389921
images/2357484.jpg,cat,0,train,screen,2357484.jpg,36,screen,36,2357484
images/2323350.jpg,cat,0,train,screen,2323350.jpg,36,screen,36,2323350
images/2343156.jpg,cat,0,train,screen,2343156.jpg,36,screen,36,2343156
images/2385836.jpg,cat,0,val,screen,2385836.jpg,36,screen,36,2385836
images/2406171.jpg,cat,0,train,screen,2406171.jpg,36,screen,36,2406171
images/2394773.jpg,cat,0,train,screen,2394773.jpg,36,screen,36,2394773
images/2323229.jpg,cat,0,train,screen,2323229.jpg,36,screen,36,2323229
images/2322691.jpg,cat,0,train,screen,2322691.jpg,36,screen,36,2322691
images/2387750.jpg,cat,0,train,screen,2387750.jpg,36,screen,36,2387750
images/2374442.jpg,cat,0,train,screen,2374442.jpg,36,screen,36,2374442
images/2416021.jpg,cat,0,val,screen,2416021.jpg,36,screen,36,2416021
images/2417255.jpg,cat,0,train,screen,2417255.jpg,36,screen,36,2417255
images/2381795.jpg,cat,0,test,screen,2381795.jpg,36,screen,36,2381795
images/2404061.jpg,cat,0,val,screen,2404061.jpg,36,screen,36,2404061
images/2377814.jpg,cat,0,train,screen,2377814.jpg,36,screen,36,2377814
images/2403329.jpg,cat,0,train,screen,2403329.jpg,36,screen,36,2403329
images/2343780.jpg,cat,0,train,screen,2343780.jpg,36,screen,36,2343780
images/2375840.jpg,cat,0,train,screen,2375840.jpg,36,screen,36,2375840
images/2388543.jpg,cat,0,val,screen,2388543.jpg,36,screen,36,2388543
images/2338660.jpg,cat,0,train,screen,2338660.jpg,36,screen,36,2338660
images/2399138.jpg,cat,0,train,screen,2399138.jpg,36,screen,36,2399138
images/2408324.jpg,cat,0,train,screen,2408324.jpg,36,screen,36,2408324
images/2321990.jpg,cat,0,train,screen,2321990.jpg,36,screen,36,2321990
images/2378744.jpg,cat,0,test,screen,2378744.jpg,36,screen,36,2378744
images/2391709.jpg,cat,0,train,screen,2391709.jpg,36,screen,36,2391709
images/2363570.jpg,cat,0,train,screen,2363570.jpg,36,screen,36,2363570
images/2383661.jpg,cat,0,train,screen,2383661.jpg,36,screen,36,2383661
images/2386737.jpg,cat,0,train,screen,2386737.jpg,36,screen,36,2386737
images/2390873.jpg,cat,0,train,screen,2390873.jpg,36,screen,36,2390873
images/2398995.jpg,cat,0,val,screen,2398995.jpg,36,screen,36,2398995
images/2357079.jpg,cat,0,train,screen,2357079.jpg,36,screen,36,2357079
images/2369453.jpg,cat,0,train,screen,2369453.jpg,36,screen,36,2369453
images/2375671.jpg,cat,0,train,screen,2375671.jpg,36,screen,36,2375671
images/2369607.jpg,cat,0,val,screen,2369607.jpg,36,screen,36,2369607
images/2338063.jpg,cat,0,val,screen,2338063.jpg,36,screen,36,2338063
images/2371196.jpg,cat,0,train,screen,2371196.jpg,36,screen,36,2371196
images/2319607.jpg,cat,0,train,screen,2319607.jpg,36,screen,36,2319607
images/2384728.jpg,cat,0,train,screen,2384728.jpg,36,screen,36,2384728
images/2396611.jpg,cat,0,train,screen,2396611.jpg,36,screen,36,2396611
images/2383626.jpg,cat,0,train,screen,2383626.jpg,36,screen,36,2383626
images/2316594.jpg,cat,0,train,screen,2316594.jpg,36,screen,36,2316594
images/2386515.jpg,cat,0,train,screen,2386515.jpg,36,screen,36,2386515
images/2384738.jpg,cat,0,train,screen,2384738.jpg,36,screen,36,2384738
images/2337354.jpg,cat,0,train,screen,2337354.jpg,36,screen,36,2337354
images/2334177.jpg,cat,0,train,screen,2334177.jpg,36,screen,36,2334177
images/2368296.jpg,cat,0,val,screen,2368296.jpg,36,screen,36,2368296
images/2391141.jpg,cat,0,val,screen,2391141.jpg,36,screen,36,2391141
images/2377574.jpg,cat,0,train,screen,2377574.jpg,36,screen,36,2377574
images/2351211.jpg,cat,0,train,screen,2351211.jpg,36,screen,36,2351211
images/2360603.jpg,cat,0,train,screen,2360603.jpg,36,screen,36,2360603
images/2319723.jpg,cat,0,train,screen,2319723.jpg,36,screen,36,2319723
images/2403201.jpg,cat,0,val,screen,2403201.jpg,36,screen,36,2403201
images/2337662.jpg,cat,0,train,screen,2337662.jpg,36,screen,36,2337662
images/2362873.jpg,cat,0,train,screen,2362873.jpg,36,screen,36,2362873
images/2316630.jpg,cat,0,val,screen,2316630.jpg,36,screen,36,2316630
images/2387912.jpg,cat,0,train,screen,2387912.jpg,36,screen,36,2387912
images/2398075.jpg,cat,0,train,screen,2398075.jpg,36,screen,36,2398075
images/2401526.jpg,cat,0,train,screen,2401526.jpg,36,screen,36,2401526
images/2416463.jpg,cat,0,train,screen,2416463.jpg,36,screen,36,2416463
images/2368640.jpg,cat,0,val,screen,2368640.jpg,36,screen,36,2368640
images/2379768.jpg,cat,0,val,screen,2379768.jpg,36,screen,36,2379768
images/2353009.jpg,cat,0,train,screen,2353009.jpg,36,screen,36,2353009
images/2389607.jpg,cat,0,test,screen,2389607.jpg,36,screen,36,2389607
images/2395075.jpg,cat,0,train,screen,2395075.jpg,36,screen,36,2395075
images/2326277.jpg,cat,0,train,screen,2326277.jpg,36,screen,36,2326277
images/2330048.jpg,cat,0,train,screen,2330048.jpg,36,screen,36,2330048
images/2338242.jpg,cat,0,train,screen,2338242.jpg,36,screen,36,2338242
images/2321840.jpg,cat,0,val,screen,2321840.jpg,36,screen,36,2321840
images/2368458.jpg,cat,0,train,screen,2368458.jpg,36,screen,36,2368458
images/2349617.jpg,cat,0,train,screen,2349617.jpg,36,screen,36,2349617
images/2392829.jpg,cat,0,test,screen,2392829.jpg,36,screen,36,2392829
images/2320055.jpg,cat,0,train,screen,2320055.jpg,36,screen,36,2320055
images/2415590.jpg,cat,0,train,screen,2415590.jpg,36,screen,36,2415590
images/2330581.jpg,cat,0,train,screen,2330581.jpg,36,screen,36,2330581
images/2399787.jpg,cat,0,val,screen,2399787.jpg,36,screen,36,2399787
images/2316439.jpg,cat,0,test,screen,2316439.jpg,36,screen,36,2316439
images/2369411.jpg,cat,0,val,screen,2369411.jpg,36,screen,36,2369411
images/2329019.jpg,cat,0,train,screen,2329019.jpg,36,screen,36,2329019
images/2349209.jpg,cat,0,train,screen,2349209.jpg,36,screen,36,2349209
images/2330820.jpg,cat,0,train,screen,2330820.jpg,36,screen,36,2330820
images/2381181.jpg,cat,0,val,screen,2381181.jpg,36,screen,36,2381181
images/2416656.jpg,cat,0,train,screen,2416656.jpg,36,screen,36,2416656
images/2338574.jpg,cat,0,train,screen,2338574.jpg,36,screen,36,2338574
images/2383641.jpg,cat,0,train,screen,2383641.jpg,36,screen,36,2383641
images/2337102.jpg,cat,0,train,screen,2337102.jpg,36,screen,36,2337102
images/713936.jpg,cat,0,train,screen,713936.jpg,36,screen,36,713936
images/2399276.jpg,cat,0,train,screen,2399276.jpg,36,screen,36,2399276
images/2379821.jpg,cat,0,val,screen,2379821.jpg,36,screen,36,2379821
images/2396479.jpg,cat,0,val,screen,2396479.jpg,36,screen,36,2396479
images/2370358.jpg,cat,0,train,screen,2370358.jpg,36,screen,36,2370358
images/2377724.jpg,cat,0,val,screen,2377724.jpg,36,screen,36,2377724
images/2321805.jpg,cat,0,train,screen,2321805.jpg,36,screen,36,2321805
images/2335548.jpg,cat,0,train,screen,2335548.jpg,36,screen,36,2335548
images/2372150.jpg,cat,0,train,screen,2372150.jpg,36,screen,36,2372150
images/2379860.jpg,cat,0,train,screen,2379860.jpg,36,screen,36,2379860
images/2359186.jpg,cat,0,train,computer,2359186.jpg,10,computer,10,2359186
images/2334778.jpg,cat,0,train,computer,2334778.jpg,10,computer,10,2334778
images/2366274.jpg,cat,0,train,computer,2366274.jpg,10,computer,10,2366274
images/2336090.jpg,cat,0,train,computer,2336090.jpg,10,computer,10,2336090
images/2319607.jpg,cat,0,train,computer,2319607.jpg,10,computer,10,2319607
images/2351231.jpg,cat,0,train,computer,2351231.jpg,10,computer,10,2351231
images/2364431.jpg,cat,0,val,computer,2364431.jpg,10,computer,10,2364431
images/2383626.jpg,cat,0,train,computer,2383626.jpg,10,computer,10,2383626
images/2382390.jpg,cat,0,train,computer,2382390.jpg,10,computer,10,2382390
images/2338098.jpg,cat,0,train,computer,2338098.jpg,10,computer,10,2338098
images/2320055.jpg,cat,0,val,computer,2320055.jpg,10,computer,10,2320055
images/2318737.jpg,cat,0,train,computer,2318737.jpg,10,computer,10,2318737
images/2366443.jpg,cat,0,val,computer,2366443.jpg,10,computer,10,2366443
images/2356168.jpg,cat,0,train,computer,2356168.jpg,10,computer,10,2356168
images/2415590.jpg,cat,0,train,computer,2415590.jpg,10,computer,10,2415590
images/2400096.jpg,cat,0,train,computer,2400096.jpg,10,computer,10,2400096
images/2371381.jpg,cat,0,train,computer,2371381.jpg,10,computer,10,2371381
images/2360468.jpg,cat,0,val,computer,2360468.jpg,10,computer,10,2360468
images/2348978.jpg,cat,0,train,computer,2348978.jpg,10,computer,10,2348978
images/2399138.jpg,cat,0,val,computer,2399138.jpg,10,computer,10,2399138
images/2399787.jpg,cat,0,train,computer,2399787.jpg,10,computer,10,2399787
images/2373601.jpg,cat,0,train,computer,2373601.jpg,10,computer,10,2373601
images/2317678.jpg,cat,0,train,computer,2317678.jpg,10,computer,10,2317678
images/2368296.jpg,cat,0,val,computer,2368296.jpg,10,computer,10,2368296
images/2322420.jpg,cat,0,val,computer,2322420.jpg,10,computer,10,2322420
images/2372124.jpg,cat,0,train,computer,2372124.jpg,10,computer,10,2372124
images/2351211.jpg,cat,0,train,computer,2351211.jpg,10,computer,10,2351211
images/2412685.jpg,cat,0,train,computer,2412685.jpg,10,computer,10,2412685
images/2346231.jpg,cat,0,train,computer,2346231.jpg,10,computer,10,2346231
images/2348719.jpg,cat,0,train,computer,2348719.jpg,10,computer,10,2348719
images/2374289.jpg,cat,0,train,computer,2374289.jpg,10,computer,10,2374289
images/150460.jpg,cat,0,val,computer,150460.jpg,10,computer,10,150460
images/2348112.jpg,cat,0,train,computer,2348112.jpg,10,computer,10,2348112
images/2330820.jpg,cat,0,train,computer,2330820.jpg,10,computer,10,2330820
images/2319723.jpg,cat,0,train,computer,2319723.jpg,10,computer,10,2319723
images/2330905.jpg,cat,0,train,computer,2330905.jpg,10,computer,10,2330905
images/2362873.jpg,cat,0,val,computer,2362873.jpg,10,computer,10,2362873
images/2363570.jpg,cat,0,train,computer,2363570.jpg,10,computer,10,2363570
images/2334972.jpg,cat,0,train,computer,2334972.jpg,10,computer,10,2334972
images/2323987.jpg,cat,0,test,computer,2323987.jpg,10,computer,10,2323987
images/2336619.jpg,cat,0,train,computer,2336619.jpg,10,computer,10,2336619
images/2331812.jpg,cat,0,train,computer,2331812.jpg,10,computer,10,2331812
images/2387465.jpg,cat,0,train,computer,2387465.jpg,10,computer,10,2387465
images/2337399.jpg,cat,0,val,computer,2337399.jpg,10,computer,10,2337399
images/2381617.jpg,cat,0,train,computer,2381617.jpg,10,computer,10,2381617
images/2413062.jpg,cat,0,train,computer,2413062.jpg,10,computer,10,2413062
images/2347162.jpg,cat,0,train,computer,2347162.jpg,10,computer,10,2347162
images/2365724.jpg,cat,0,val,computer,2365724.jpg,10,computer,10,2365724
images/2337102.jpg,cat,0,train,computer,2337102.jpg,10,computer,10,2337102
images/2347958.jpg,cat,0,val,computer,2347958.jpg,10,computer,10,2347958
images/713936.jpg,cat,0,train,computer,713936.jpg,10,computer,10,713936
images/2349067.jpg,cat,0,train,computer,2349067.jpg,10,computer,10,2349067
images/2376123.jpg,cat,0,train,computer,2376123.jpg,10,computer,10,2376123
images/2400119.jpg,cat,0,val,computer,2400119.jpg,10,computer,10,2400119
images/2322691.jpg,cat,0,train,computer,2322691.jpg,10,computer,10,2322691
images/2323229.jpg,cat,0,train,computer,2323229.jpg,10,computer,10,2323229
images/2379768.jpg,cat,0,train,computer,2379768.jpg,10,computer,10,2379768
images/2364843.jpg,cat,0,train,computer,2364843.jpg,10,computer,10,2364843
images/2348423.jpg,cat,0,train,computer,2348423.jpg,10,computer,10,2348423
images/2326277.jpg,cat,0,test,computer,2326277.jpg,10,computer,10,2326277
images/2405438.jpg,cat,0,test,computer,2405438.jpg,10,computer,10,2405438
images/2359725.jpg,cat,0,train,computer,2359725.jpg,10,computer,10,2359725
images/2368029.jpg,cat,0,train,computer,2368029.jpg,10,computer,10,2368029
images/2387385.jpg,cat,0,val,monitor,2387385.jpg,27,monitor,27,2387385
images/2374615.jpg,cat,0,train,monitor,2374615.jpg,27,monitor,27,2374615
images/2336090.jpg,cat,0,val,monitor,2336090.jpg,27,monitor,27,2336090
images/2404061.jpg,cat,0,test,monitor,2404061.jpg,27,monitor,27,2404061
images/2392120.jpg,cat,0,train,monitor,2392120.jpg,27,monitor,27,2392120
images/2324064.jpg,cat,0,train,monitor,2324064.jpg,27,monitor,27,2324064
images/2364617.jpg,cat,0,train,monitor,2364617.jpg,27,monitor,27,2364617
images/2378882.jpg,cat,0,train,monitor,2378882.jpg,27,monitor,27,2378882
images/2382390.jpg,cat,0,train,monitor,2382390.jpg,27,monitor,27,2382390
images/713269.jpg,cat,0,train,monitor,713269.jpg,27,monitor,27,713269
images/2375840.jpg,cat,0,train,monitor,2375840.jpg,27,monitor,27,2375840
images/2400096.jpg,cat,0,train,monitor,2400096.jpg,27,monitor,27,2400096
images/2403785.jpg,cat,0,train,monitor,2403785.jpg,27,monitor,27,2403785
images/2348978.jpg,cat,0,train,monitor,2348978.jpg,27,monitor,27,2348978
images/2338660.jpg,cat,0,train,monitor,2338660.jpg,27,monitor,27,2338660
images/2399787.jpg,cat,0,val,monitor,2399787.jpg,27,monitor,27,2399787
images/2322420.jpg,cat,0,val,monitor,2322420.jpg,27,monitor,27,2322420
images/2371747.jpg,cat,0,train,monitor,2371747.jpg,27,monitor,27,2371747
images/2320069.jpg,cat,0,train,monitor,2320069.jpg,27,monitor,27,2320069
images/2378620.jpg,cat,0,train,monitor,2378620.jpg,27,monitor,27,2378620
images/150460.jpg,cat,0,val,monitor,150460.jpg,27,monitor,27,150460
images/2348112.jpg,cat,0,test,monitor,2348112.jpg,27,monitor,27,2348112
images/2369280.jpg,cat,0,train,monitor,2369280.jpg,27,monitor,27,2369280
images/2378777.jpg,cat,0,train,monitor,2378777.jpg,27,monitor,27,2378777
images/2416656.jpg,cat,0,train,monitor,2416656.jpg,27,monitor,27,2416656
images/2362873.jpg,cat,0,train,monitor,2362873.jpg,27,monitor,27,2362873
images/2398910.jpg,cat,0,train,monitor,2398910.jpg,27,monitor,27,2398910
images/2321952.jpg,cat,0,train,monitor,2321952.jpg,27,monitor,27,2321952
images/2334972.jpg,cat,0,test,monitor,2334972.jpg,27,monitor,27,2334972
images/2336619.jpg,cat,0,train,monitor,2336619.jpg,27,monitor,27,2336619
images/2331812.jpg,cat,0,val,monitor,2331812.jpg,27,monitor,27,2331812
images/2337399.jpg,cat,0,train,monitor,2337399.jpg,27,monitor,27,2337399
images/2398075.jpg,cat,0,train,monitor,2398075.jpg,27,monitor,27,2398075
images/2347649.jpg,cat,0,test,monitor,2347649.jpg,27,monitor,27,2347649
images/2389522.jpg,cat,0,train,monitor,2389522.jpg,27,monitor,27,2389522
images/2347162.jpg,cat,0,train,monitor,2347162.jpg,27,monitor,27,2347162
images/2415288.jpg,cat,0,test,monitor,2415288.jpg,27,monitor,27,2415288
images/2349067.jpg,cat,0,train,monitor,2349067.jpg,27,monitor,27,2349067
images/2390878.jpg,cat,0,train,monitor,2390878.jpg,27,monitor,27,2390878
images/2417434.jpg,cat,0,val,monitor,2417434.jpg,27,monitor,27,2417434
images/2382757.jpg,cat,0,test,monitor,2382757.jpg,27,monitor,27,2382757
images/2389607.jpg,cat,0,train,monitor,2389607.jpg,27,monitor,27,2389607
images/2390497.jpg,cat,0,train,monitor,2390497.jpg,27,monitor,27,2390497
images/2416021.jpg,cat,0,val,papers,2416021.jpg,30,papers,30,2416021
images/2330607.jpg,cat,0,train,papers,2330607.jpg,30,papers,30,2330607
images/2367704.jpg,cat,0,train,papers,2367704.jpg,30,papers,30,2367704
images/2342361.jpg,cat,0,train,papers,2342361.jpg,30,papers,30,2342361
images/2355258.jpg,cat,0,train,papers,2355258.jpg,30,papers,30,2355258
images/2357546.jpg,cat,0,train,papers,2357546.jpg,30,papers,30,2357546
images/2392120.jpg,cat,0,train,papers,2392120.jpg,30,papers,30,2392120
images/2354973.jpg,cat,0,train,papers,2354973.jpg,30,papers,30,2354973
images/2374156.jpg,cat,0,train,papers,2374156.jpg,30,papers,30,2374156
images/2394511.jpg,cat,0,train,papers,2394511.jpg,30,papers,30,2394511
images/2353340.jpg,cat,0,train,papers,2353340.jpg,30,papers,30,2353340
images/2327337.jpg,cat,0,val,papers,2327337.jpg,30,papers,30,2327337
images/2316968.jpg,cat,0,train,papers,2316968.jpg,30,papers,30,2316968
images/2412539.jpg,cat,0,train,papers,2412539.jpg,30,papers,30,2412539
images/2400368.jpg,cat,0,train,papers,2400368.jpg,30,papers,30,2400368
images/2392574.jpg,cat,0,val,papers,2392574.jpg,30,papers,30,2392574
images/2348529.jpg,cat,0,train,papers,2348529.jpg,30,papers,30,2348529
images/713492.jpg,cat,0,train,papers,713492.jpg,30,papers,30,713492
images/2389921.jpg,cat,0,val,papers,2389921.jpg,30,papers,30,2389921
images/2387465.jpg,cat,0,train,papers,2387465.jpg,30,papers,30,2387465
images/2323828.jpg,cat,0,train,papers,2323828.jpg,30,papers,30,2323828
images/2375327.jpg,cat,0,train,papers,2375327.jpg,30,papers,30,2375327
images/2360615.jpg,cat,0,train,papers,2360615.jpg,30,papers,30,2360615
images/2409593.jpg,cat,0,train,papers,2409593.jpg,30,papers,30,2409593
images/2351222.jpg,cat,0,train,papers,2351222.jpg,30,papers,30,2351222
images/2406304.jpg,cat,0,train,papers,2406304.jpg,30,papers,30,2406304
images/2378891.jpg,cat,0,train,papers,2378891.jpg,30,papers,30,2378891
images/2366274.jpg,cat,0,train,counter,2366274.jpg,12,counter,12,2366274
images/2372277.jpg,cat,0,val,counter,2372277.jpg,12,counter,12,2372277
images/2319260.jpg,cat,0,train,counter,2319260.jpg,12,counter,12,2319260
images/2326715.jpg,cat,0,train,counter,2326715.jpg,12,counter,12,2326715
images/2413460.jpg,cat,0,train,counter,2413460.jpg,12,counter,12,2413460
images/2348332.jpg,cat,0,test,counter,2348332.jpg,12,counter,12,2348332
images/2356449.jpg,cat,0,train,counter,2356449.jpg,12,counter,12,2356449
images/2416781.jpg,cat,0,test,counter,2416781.jpg,12,counter,12,2416781
images/2378387.jpg,cat,0,train,counter,2378387.jpg,12,counter,12,2378387
images/2325123.jpg,cat,0,train,counter,2325123.jpg,12,counter,12,2325123
images/2345064.jpg,cat,0,train,counter,2345064.jpg,12,counter,12,2345064
images/2382390.jpg,cat,0,train,counter,2382390.jpg,12,counter,12,2382390
images/2405575.jpg,cat,0,train,counter,2405575.jpg,12,counter,12,2405575
images/2378205.jpg,cat,0,train,counter,2378205.jpg,12,counter,12,2378205
images/2368323.jpg,cat,0,train,counter,2368323.jpg,12,counter,12,2368323
images/2377325.jpg,cat,0,train,counter,2377325.jpg,12,counter,12,2377325
images/2340076.jpg,cat,0,val,counter,2340076.jpg,12,counter,12,2340076
images/2377255.jpg,cat,0,train,counter,2377255.jpg,12,counter,12,2377255
images/2333321.jpg,cat,0,val,counter,2333321.jpg,12,counter,12,2333321
images/2408324.jpg,cat,0,train,counter,2408324.jpg,12,counter,12,2408324
images/1593105.jpg,cat,0,train,counter,1593105.jpg,12,counter,12,1593105
images/2391390.jpg,cat,0,val,counter,2391390.jpg,12,counter,12,2391390
images/2375948.jpg,cat,0,train,counter,2375948.jpg,12,counter,12,2375948
images/2375854.jpg,cat,0,train,counter,2375854.jpg,12,counter,12,2375854
images/2404980.jpg,cat,0,train,counter,2404980.jpg,12,counter,12,2404980
images/2329154.jpg,cat,0,train,counter,2329154.jpg,12,counter,12,2329154
images/2369867.jpg,cat,0,test,counter,2369867.jpg,12,counter,12,2369867
images/2406003.jpg,cat,0,train,counter,2406003.jpg,12,counter,12,2406003
images/2342394.jpg,cat,0,train,counter,2342394.jpg,12,counter,12,2342394
images/2410144.jpg,cat,0,train,counter,2410144.jpg,12,counter,12,2410144
images/2333402.jpg,cat,0,test,counter,2333402.jpg,12,counter,12,2333402
images/2378477.jpg,cat,0,train,counter,2378477.jpg,12,counter,12,2378477
images/2409879.jpg,cat,0,train,counter,2409879.jpg,12,counter,12,2409879
images/2387214.jpg,cat,0,train,counter,2387214.jpg,12,counter,12,2387214
images/2371695.jpg,cat,0,train,counter,2371695.jpg,12,counter,12,2371695
images/2373581.jpg,cat,0,train,counter,2373581.jpg,12,counter,12,2373581
images/2366556.jpg,cat,0,test,counter,2366556.jpg,12,counter,12,2366556
images/2320463.jpg,cat,0,train,counter,2320463.jpg,12,counter,12,2320463
images/2408874.jpg,cat,0,train,counter,2408874.jpg,12,counter,12,2408874
images/2345631.jpg,cat,0,test,counter,2345631.jpg,12,counter,12,2345631
images/2395075.jpg,cat,0,train,counter,2395075.jpg,12,counter,12,2395075
images/2369607.jpg,cat,0,test,counter,2369607.jpg,12,counter,12,2369607
images/2317569.jpg,cat,0,train,counter,2317569.jpg,12,counter,12,2317569
images/2337697.jpg,cat,0,test,counter,2337697.jpg,12,counter,12,2337697
images/2369110.jpg,cat,0,val,toilet,2369110.jpg,45,toilet,45,2369110
images/2338997.jpg,cat,0,test,toilet,2338997.jpg,45,toilet,45,2338997
images/2365314.jpg,cat,0,val,toilet,2365314.jpg,45,toilet,45,2365314
images/2360309.jpg,cat,0,train,toilet,2360309.jpg,45,toilet,45,2360309
images/2372296.jpg,cat,0,train,toilet,2372296.jpg,45,toilet,45,2372296
images/2359183.jpg,cat,0,test,toilet,2359183.jpg,45,toilet,45,2359183
images/2332093.jpg,cat,0,val,toilet,2332093.jpg,45,toilet,45,2332093
images/2403146.jpg,cat,0,train,toilet,2403146.jpg,45,toilet,45,2403146
images/2351429.jpg,cat,0,test,toilet,2351429.jpg,45,toilet,45,2351429
images/2417682.jpg,cat,0,val,toilet,2417682.jpg,45,toilet,45,2417682
images/2356745.jpg,cat,0,val,toilet,2356745.jpg,45,toilet,45,2356745
images/2370237.jpg,cat,0,val,toilet,2370237.jpg,45,toilet,45,2370237
images/2393038.jpg,cat,0,train,toilet,2393038.jpg,45,toilet,45,2393038
images/2335078.jpg,cat,0,train,toilet,2335078.jpg,45,toilet,45,2335078
images/2365944.jpg,cat,0,val,toilet,2365944.jpg,45,toilet,45,2365944
images/2368323.jpg,cat,0,train,toilet,2368323.jpg,45,toilet,45,2368323
images/107962.jpg,cat,0,train,toilet,107962.jpg,45,toilet,45,107962
images/2338762.jpg,cat,0,train,toilet,2338762.jpg,45,toilet,45,2338762
images/2340505.jpg,cat,0,test,toilet,2340505.jpg,45,toilet,45,2340505
images/2359998.jpg,cat,0,train,toilet,2359998.jpg,45,toilet,45,2359998
images/2370817.jpg,cat,0,val,toilet,2370817.jpg,45,toilet,45,2370817
images/2373001.jpg,cat,0,train,toilet,2373001.jpg,45,toilet,45,2373001
images/2333321.jpg,cat,0,train,toilet,2333321.jpg,45,toilet,45,2333321
images/2354797.jpg,cat,0,train,toilet,2354797.jpg,45,toilet,45,2354797
images/2391390.jpg,cat,0,val,toilet,2391390.jpg,45,toilet,45,2391390
images/2404757.jpg,cat,0,test,toilet,2404757.jpg,45,toilet,45,2404757
images/2404980.jpg,cat,0,test,toilet,2404980.jpg,45,toilet,45,2404980
images/2362900.jpg,cat,0,train,toilet,2362900.jpg,45,toilet,45,2362900
images/2388878.jpg,cat,0,val,toilet,2388878.jpg,45,toilet,45,2388878
images/2332813.jpg,cat,0,train,toilet,2332813.jpg,45,toilet,45,2332813
images/2332523.jpg,cat,0,val,toilet,2332523.jpg,45,toilet,45,2332523
images/2334353.jpg,cat,0,val,toilet,2334353.jpg,45,toilet,45,2334353
images/2344649.jpg,cat,0,test,toilet,2344649.jpg,45,toilet,45,2344649
images/2336954.jpg,cat,0,train,toilet,2336954.jpg,45,toilet,45,2336954
images/2369317.jpg,cat,0,val,toilet,2369317.jpg,45,toilet,45,2369317
images/2328570.jpg,cat,0,train,toilet,2328570.jpg,45,toilet,45,2328570
images/2327663.jpg,cat,0,train,toilet,2327663.jpg,45,toilet,45,2327663
images/2396599.jpg,cat,0,train,toilet,2396599.jpg,45,toilet,45,2396599
images/2345284.jpg,cat,0,train,toilet,2345284.jpg,45,toilet,45,2345284
images/2396073.jpg,cat,0,train,toilet,2396073.jpg,45,toilet,45,2396073
images/2340326.jpg,cat,0,val,toilet,2340326.jpg,45,toilet,45,2340326
images/2387786.jpg,cat,0,train,toilet,2387786.jpg,45,toilet,45,2387786
images/2344978.jpg,cat,0,train,toilet,2344978.jpg,45,toilet,45,2344978
images/2346380.jpg,cat,0,train,toilet,2346380.jpg,45,toilet,45,2346380
images/2387763.jpg,cat,0,train,toilet,2387763.jpg,45,toilet,45,2387763
images/2381542.jpg,cat,0,test,toilet,2381542.jpg,45,toilet,45,2381542
images/2326345.jpg,cat,0,train,paper,2326345.jpg,29,paper,29,2326345
images/2325386.jpg,cat,0,train,paper,2325386.jpg,29,paper,29,2325386
images/713414.jpg,cat,0,val,paper,713414.jpg,29,paper,29,713414
images/2349445.jpg,cat,0,train,paper,2349445.jpg,29,paper,29,2349445
images/2332588.jpg,cat,0,train,paper,2332588.jpg,29,paper,29,2332588
images/2376421.jpg,cat,0,train,paper,2376421.jpg,29,paper,29,2376421
images/2361058.jpg,cat,0,val,paper,2361058.jpg,29,paper,29,2361058
images/2379491.jpg,cat,0,train,paper,2379491.jpg,29,paper,29,2379491
images/2330907.jpg,cat,0,train,paper,2330907.jpg,29,paper,29,2330907
images/713794.jpg,cat,0,train,paper,713794.jpg,29,paper,29,713794
images/2368323.jpg,cat,0,train,paper,2368323.jpg,29,paper,29,2368323
images/2387323.jpg,cat,0,train,paper,2387323.jpg,29,paper,29,2387323
images/2321277.jpg,cat,0,train,paper,2321277.jpg,29,paper,29,2321277
images/2326030.jpg,cat,0,train,paper,2326030.jpg,29,paper,29,2326030
images/2383236.jpg,cat,0,val,paper,2383236.jpg,29,paper,29,2383236
images/2371747.jpg,cat,0,val,paper,2371747.jpg,29,paper,29,2371747
images/2406766.jpg,cat,0,train,paper,2406766.jpg,29,paper,29,2406766
images/2406003.jpg,cat,0,train,paper,2406003.jpg,29,paper,29,2406003
images/2372339.jpg,cat,0,train,paper,2372339.jpg,29,paper,29,2372339
images/2347958.jpg,cat,0,train,paper,2347958.jpg,29,paper,29,2347958
images/1159326.jpg,cat,0,train,paper,1159326.jpg,29,paper,29,1159326
images/2347016.jpg,cat,0,train,paper,2347016.jpg,29,paper,29,2347016
images/2336124.jpg,cat,0,train,paper,2336124.jpg,29,paper,29,2336124
images/2318502.jpg,cat,0,val,paper,2318502.jpg,29,paper,29,2318502
images/2387741.jpg,cat,0,train,paper,2387741.jpg,29,paper,29,2387741
images/2354973.jpg,cat,0,val,paper,2354973.jpg,29,paper,29,2354973
images/2389687.jpg,cat,0,val,paper,2389687.jpg,29,paper,29,2389687
images/2403785.jpg,cat,0,train,paper,2403785.jpg,29,paper,29,2403785
images/2370970.jpg,cat,0,test,paper,2370970.jpg,29,paper,29,2370970
images/2406732.jpg,cat,0,train,paper,2406732.jpg,29,paper,29,2406732
images/2374289.jpg,cat,0,train,paper,2374289.jpg,29,paper,29,2374289
images/150460.jpg,cat,0,train,paper,150460.jpg,29,paper,29,150460
images/2359364.jpg,cat,0,train,paper,2359364.jpg,29,paper,29,2359364
images/2378744.jpg,cat,0,train,paper,2378744.jpg,29,paper,29,2378744
images/2382977.jpg,cat,0,val,paper,2382977.jpg,29,paper,29,2382977
images/2338890.jpg,cat,0,val,paper,2338890.jpg,29,paper,29,2338890
images/2399916.jpg,cat,0,train,paper,2399916.jpg,29,paper,29,2399916
images/2327526.jpg,cat,0,train,paper,2327526.jpg,29,paper,29,2327526
images/2363536.jpg,cat,0,train,paper,2363536.jpg,29,paper,29,2363536
images/2375986.jpg,cat,0,train,paper,2375986.jpg,29,paper,29,2375986
images/2370492.jpg,cat,0,test,paper,2370492.jpg,29,paper,29,2370492
images/3753.jpg,cat,0,val,paper,3753.jpg,29,paper,29,3753
images/2412724.jpg,cat,0,val,paper,2412724.jpg,29,paper,29,2412724
images/2338063.jpg,cat,0,train,paper,2338063.jpg,29,paper,29,2338063
images/2384738.jpg,cat,0,val,paper,2384738.jpg,29,paper,29,2384738
images/2402493.jpg,cat,0,val,paper,2402493.jpg,29,paper,29,2402493
images/2368296.jpg,cat,0,train,paper,2368296.jpg,29,paper,29,2368296
images/2367309.jpg,cat,0,train,paper,2367309.jpg,29,paper,29,2367309
images/2412841.jpg,cat,0,val,paper,2412841.jpg,29,paper,29,2412841
images/2376106.jpg,cat,0,train,paper,2376106.jpg,29,paper,29,2376106
images/2403201.jpg,cat,0,train,paper,2403201.jpg,29,paper,29,2403201
images/2337662.jpg,cat,0,train,paper,2337662.jpg,29,paper,29,2337662
images/2404216.jpg,cat,0,val,paper,2404216.jpg,29,paper,29,2404216
images/2365359.jpg,cat,0,train,paper,2365359.jpg,29,paper,29,2365359
images/2334534.jpg,cat,0,test,paper,2334534.jpg,29,paper,29,2334534
images/2354642.jpg,cat,0,train,paper,2354642.jpg,29,paper,29,2354642
images/2406304.jpg,cat,0,test,paper,2406304.jpg,29,paper,29,2406304
images/2402514.jpg,cat,0,train,paper,2402514.jpg,29,paper,29,2402514
images/2416814.jpg,cat,0,train,paper,2416814.jpg,29,paper,29,2416814
images/2348953.jpg,cat,0,train,paper,2348953.jpg,29,paper,29,2348953
images/2406389.jpg,cat,0,train,paper,2406389.jpg,29,paper,29,2406389
images/2345717.jpg,cat,0,train,paper,2345717.jpg,29,paper,29,2345717
images/2338242.jpg,cat,0,val,paper,2338242.jpg,29,paper,29,2338242
images/2373733.jpg,cat,0,train,paper,2373733.jpg,29,paper,29,2373733
images/2390033.jpg,cat,0,train,paper,2390033.jpg,29,paper,29,2390033
images/2371852.jpg,cat,0,test,paper,2371852.jpg,29,paper,29,2371852
images/2380920.jpg,cat,0,train,paper,2380920.jpg,29,paper,29,2380920
images/2371101.jpg,cat,0,train,paper,2371101.jpg,29,paper,29,2371101
images/2353340.jpg,cat,0,train,paper,2353340.jpg,29,paper,29,2353340
images/2359073.jpg,cat,0,val,paper,2359073.jpg,29,paper,29,2359073
images/2399787.jpg,cat,0,train,paper,2399787.jpg,29,paper,29,2399787
images/2408194.jpg,cat,0,train,paper,2408194.jpg,29,paper,29,2408194
images/2390369.jpg,cat,0,val,paper,2390369.jpg,29,paper,29,2390369
images/2378469.jpg,cat,0,train,paper,2378469.jpg,29,paper,29,2378469
images/2360922.jpg,cat,0,test,paper,2360922.jpg,29,paper,29,2360922
images/2375097.jpg,cat,0,train,paper,2375097.jpg,29,paper,29,2375097
images/2337102.jpg,cat,0,train,paper,2337102.jpg,29,paper,29,2337102
images/2399035.jpg,cat,0,val,paper,2399035.jpg,29,paper,29,2399035
images/2406797.jpg,cat,0,val,paper,2406797.jpg,29,paper,29,2406797
images/2377724.jpg,cat,0,train,paper,2377724.jpg,29,paper,29,2377724
images/2326609.jpg,cat,0,train,paper,2326609.jpg,29,paper,29,2326609
images/2382757.jpg,cat,0,train,paper,2382757.jpg,29,paper,29,2382757
images/2350463.jpg,cat,0,train,paper,2350463.jpg,29,paper,29,2350463
images/2352506.jpg,cat,0,train,paper,2352506.jpg,29,paper,29,2352506
images/2338063.jpg,cat,0,train,speaker,2338063.jpg,42,speaker,42,2338063
images/2383592.jpg,cat,0,val,speaker,2383592.jpg,42,speaker,42,2383592
images/2392688.jpg,cat,0,train,speaker,2392688.jpg,42,speaker,42,2392688
images/2351231.jpg,cat,0,train,speaker,2351231.jpg,42,speaker,42,2351231
images/2364431.jpg,cat,0,test,speaker,2364431.jpg,42,speaker,42,2364431
images/2349617.jpg,cat,0,train,speaker,2349617.jpg,42,speaker,42,2349617
images/2403329.jpg,cat,0,train,speaker,2403329.jpg,42,speaker,42,2403329
images/2345671.jpg,cat,0,train,speaker,2345671.jpg,42,speaker,42,2345671
images/713269.jpg,cat,0,train,speaker,713269.jpg,42,speaker,42,713269
images/2374156.jpg,cat,0,train,speaker,2374156.jpg,42,speaker,42,2374156
images/2344622.jpg,cat,0,train,speaker,2344622.jpg,42,speaker,42,2344622
images/2337354.jpg,cat,0,train,speaker,2337354.jpg,42,speaker,42,2337354
images/2412539.jpg,cat,0,train,speaker,2412539.jpg,42,speaker,42,2412539
images/2320763.jpg,cat,0,train,speaker,2320763.jpg,42,speaker,42,2320763
images/2399787.jpg,cat,0,val,speaker,2399787.jpg,42,speaker,42,2399787
images/2335822.jpg,cat,0,train,speaker,2335822.jpg,42,speaker,42,2335822
images/2406732.jpg,cat,0,train,speaker,2406732.jpg,42,speaker,42,2406732
images/2412685.jpg,cat,0,train,speaker,2412685.jpg,42,speaker,42,2412685
images/2406766.jpg,cat,0,val,speaker,2406766.jpg,42,speaker,42,2406766
images/2384565.jpg,cat,0,train,speaker,2384565.jpg,42,speaker,42,2384565
images/2348112.jpg,cat,0,val,speaker,2348112.jpg,42,speaker,42,2348112
images/2340015.jpg,cat,0,train,speaker,2340015.jpg,42,speaker,42,2340015
images/2336619.jpg,cat,0,train,speaker,2336619.jpg,42,speaker,42,2336619
images/2387465.jpg,cat,0,val,speaker,2387465.jpg,42,speaker,42,2387465
images/2383641.jpg,cat,0,val,speaker,2383641.jpg,42,speaker,42,2383641
images/2389522.jpg,cat,0,train,speaker,2389522.jpg,42,speaker,42,2389522
images/2386169.jpg,cat,0,train,speaker,2386169.jpg,42,speaker,42,2386169
images/713936.jpg,cat,0,train,speaker,713936.jpg,42,speaker,42,713936
images/1159417.jpg,cat,0,train,speaker,1159417.jpg,42,speaker,42,1159417
images/1592349.jpg,cat,0,train,speaker,1592349.jpg,42,speaker,42,1592349
images/2410326.jpg,cat,0,train,speaker,2410326.jpg,42,speaker,42,2410326
images/2356120.jpg,cat,0,val,speaker,2356120.jpg,42,speaker,42,2356120
images/2379768.jpg,cat,0,train,speaker,2379768.jpg,42,speaker,42,2379768
images/2353009.jpg,cat,0,test,speaker,2353009.jpg,42,speaker,42,2353009
images/2374442.jpg,cat,0,train,speaker,2374442.jpg,42,speaker,42,2374442
images/2405438.jpg,cat,0,train,speaker,2405438.jpg,42,speaker,42,2405438
images/2346424.jpg,cat,0,test,speaker,2346424.jpg,42,speaker,42,2346424
images/2390497.jpg,cat,0,test,speaker,2390497.jpg,42,speaker,42,2390497
images/2409848.jpg,cat,0,test,computer mouse,2409848.jpg,11,computer mouse,11,2409848
images/2374615.jpg,cat,0,train,computer mouse,2374615.jpg,11,computer mouse,11,2374615
images/2365930.jpg,cat,0,train,computer mouse,2365930.jpg,11,computer mouse,11,2365930
images/2336090.jpg,cat,0,train,computer mouse,2336090.jpg,11,computer mouse,11,2336090
images/2404061.jpg,cat,0,train,computer mouse,2404061.jpg,11,computer mouse,11,2404061
images/2341660.jpg,cat,0,train,computer mouse,2341660.jpg,11,computer mouse,11,2341660
images/2361058.jpg,cat,0,train,computer mouse,2361058.jpg,11,computer mouse,11,2361058
images/2392829.jpg,cat,0,test,computer mouse,2392829.jpg,11,computer mouse,11,2392829
images/2318737.jpg,cat,0,train,computer mouse,2318737.jpg,11,computer mouse,11,2318737
images/2375840.jpg,cat,0,train,computer mouse,2375840.jpg,11,computer mouse,11,2375840
images/2340479.jpg,cat,0,val,computer mouse,2340479.jpg,11,computer mouse,11,2340479
images/2388543.jpg,cat,0,train,computer mouse,2388543.jpg,11,computer mouse,11,2388543
images/2384738.jpg,cat,0,train,computer mouse,2384738.jpg,11,computer mouse,11,2384738
images/2394511.jpg,cat,0,test,computer mouse,2394511.jpg,11,computer mouse,11,2394511
images/2371381.jpg,cat,0,train,computer mouse,2371381.jpg,11,computer mouse,11,2371381
images/2359073.jpg,cat,0,val,computer mouse,2359073.jpg,11,computer mouse,11,2359073
images/2403785.jpg,cat,0,test,computer mouse,2403785.jpg,11,computer mouse,11,2403785
images/2369743.jpg,cat,0,val,computer mouse,2369743.jpg,11,computer mouse,11,2369743
images/2373601.jpg,cat,0,train,computer mouse,2373601.jpg,11,computer mouse,11,2373601
images/2351211.jpg,cat,0,train,computer mouse,2351211.jpg,11,computer mouse,11,2351211
images/2371747.jpg,cat,0,test,computer mouse,2371747.jpg,11,computer mouse,11,2371747
images/2412685.jpg,cat,0,train,computer mouse,2412685.jpg,11,computer mouse,11,2412685
images/2378620.jpg,cat,0,train,computer mouse,2378620.jpg,11,computer mouse,11,2378620
images/2406863.jpg,cat,0,train,computer mouse,2406863.jpg,11,computer mouse,11,2406863
images/2342803.jpg,cat,0,train,computer mouse,2342803.jpg,11,computer mouse,11,2342803
images/2399043.jpg,cat,0,train,computer mouse,2399043.jpg,11,computer mouse,11,2399043
images/2319932.jpg,cat,0,train,computer mouse,2319932.jpg,11,computer mouse,11,2319932
images/2346371.jpg,cat,0,train,computer mouse,2346371.jpg,11,computer mouse,11,2346371
images/2402810.jpg,cat,0,val,computer mouse,2402810.jpg,11,computer mouse,11,2402810
images/2395559.jpg,cat,0,val,computer mouse,2395559.jpg,11,computer mouse,11,2395559
images/2334972.jpg,cat,0,train,computer mouse,2334972.jpg,11,computer mouse,11,2334972
images/2336619.jpg,cat,0,train,computer mouse,2336619.jpg,11,computer mouse,11,2336619
images/2367153.jpg,cat,0,val,computer mouse,2367153.jpg,11,computer mouse,11,2367153
images/2389522.jpg,cat,0,train,computer mouse,2389522.jpg,11,computer mouse,11,2389522
images/2398075.jpg,cat,0,test,computer mouse,2398075.jpg,11,computer mouse,11,2398075
images/2347162.jpg,cat,0,train,computer mouse,2347162.jpg,11,computer mouse,11,2347162
images/2358235.jpg,cat,0,train,computer mouse,2358235.jpg,11,computer mouse,11,2358235
images/713936.jpg,cat,0,val,computer mouse,713936.jpg,11,computer mouse,11,713936
images/2349067.jpg,cat,0,val,computer mouse,2349067.jpg,11,computer mouse,11,2349067
images/2398618.jpg,cat,0,val,computer mouse,2398618.jpg,11,computer mouse,11,2398618
images/2386737.jpg,cat,0,train,computer mouse,2386737.jpg,11,computer mouse,11,2386737
images/2374046.jpg,cat,0,train,computer mouse,2374046.jpg,11,computer mouse,11,2374046
images/2347016.jpg,cat,0,train,computer mouse,2347016.jpg,11,computer mouse,11,2347016
images/2353942.jpg,cat,0,train,computer mouse,2353942.jpg,11,computer mouse,11,2353942
images/2390878.jpg,cat,0,train,computer mouse,2390878.jpg,11,computer mouse,11,2390878
images/2373359.jpg,cat,0,train,computer mouse,2373359.jpg,11,computer mouse,11,2373359
images/2383527.jpg,cat,0,test,computer mouse,2383527.jpg,11,computer mouse,11,2383527
images/2411533.jpg,cat,0,train,computer mouse,2411533.jpg,11,computer mouse,11,2411533
images/2375671.jpg,cat,0,train,computer mouse,2375671.jpg,11,computer mouse,11,2375671
images/2409429.jpg,cat,0,train,computer mouse,2409429.jpg,11,computer mouse,11,2409429
images/2374442.jpg,cat,0,train,computer mouse,2374442.jpg,11,computer mouse,11,2374442
images/2405438.jpg,cat,0,val,computer mouse,2405438.jpg,11,computer mouse,11,2405438
images/2327526.jpg,cat,0,train,computer mouse,2327526.jpg,11,computer mouse,11,2327526
images/2344774.jpg,cat,0,test,boy,2344774.jpg,5,boy,5,2344774
images/2373104.jpg,cat,0,test,boy,2373104.jpg,5,boy,5,2373104
images/2330747.jpg,cat,0,test,boy,2330747.jpg,5,boy,5,2330747
images/2370471.jpg,cat,0,test,boy,2370471.jpg,5,boy,5,2370471
images/2328854.jpg,cat,0,test,boy,2328854.jpg,5,boy,5,2328854
images/2358681.jpg,cat,0,test,boy,2358681.jpg,5,boy,5,2358681
images/2346461.jpg,cat,0,test,boy,2346461.jpg,5,boy,5,2346461
images/2354192.jpg,cat,0,test,boy,2354192.jpg,5,boy,5,2354192
images/2355415.jpg,cat,0,test,boy,2355415.jpg,5,boy,5,2355415
images/1160084.jpg,cat,0,test,boy,1160084.jpg,5,boy,5,1160084
images/2365698.jpg,cat,0,test,boy,2365698.jpg,5,boy,5,2365698
images/2377865.jpg,cat,0,test,boy,2377865.jpg,5,boy,5,2377865
images/2378759.jpg,cat,0,test,boy,2378759.jpg,5,boy,5,2378759
images/2348715.jpg,cat,0,test,boy,2348715.jpg,5,boy,5,2348715
images/2361051.jpg,cat,0,test,boy,2361051.jpg,5,boy,5,2361051
images/2351984.jpg,cat,0,test,boy,2351984.jpg,5,boy,5,2351984
images/2348953.jpg,cat,0,test,boy,2348953.jpg,5,boy,5,2348953
images/2405440.jpg,cat,0,test,boy,2405440.jpg,5,boy,5,2405440
images/2403463.jpg,cat,0,test,horse,2403463.jpg,23,horse,23,2403463
images/2318026.jpg,cat,0,test,horse,2318026.jpg,23,horse,23,2318026
images/2323143.jpg,cat,0,test,horse,2323143.jpg,23,horse,23,2323143
images/2368712.jpg,cat,0,test,horse,2368712.jpg,23,horse,23,2368712
images/2385544.jpg,cat,0,test,horse,2385544.jpg,23,horse,23,2385544
images/2315813.jpg,cat,0,test,horse,2315813.jpg,23,horse,23,2315813
images/2328699.jpg,cat,0,test,horse,2328699.jpg,23,horse,23,2328699
images/2346461.jpg,cat,0,test,horse,2346461.jpg,23,horse,23,2346461
images/2359938.jpg,dog,1,val,woman,2359938.jpg,99,woman,49,2359938
images/2409697.jpg,dog,1,val,woman,2409697.jpg,99,woman,49,2409697
images/2316169.jpg,dog,1,train,woman,2316169.jpg,99,woman,49,2316169
images/2410817.jpg,dog,1,train,woman,2410817.jpg,99,woman,49,2410817
images/2335476.jpg,dog,1,train,woman,2335476.jpg,99,woman,49,2335476
images/2318441.jpg,dog,1,train,woman,2318441.jpg,99,woman,49,2318441
images/2322259.jpg,dog,1,train,woman,2322259.jpg,99,woman,49,2322259
images/2374573.jpg,dog,1,train,woman,2374573.jpg,99,woman,49,2374573
images/2323804.jpg,dog,1,train,woman,2323804.jpg,99,woman,49,2323804
images/2356619.jpg,dog,1,val,woman,2356619.jpg,99,woman,49,2356619
images/2373351.jpg,dog,1,train,woman,2373351.jpg,99,woman,49,2373351
images/2381417.jpg,dog,1,val,woman,2381417.jpg,99,woman,49,2381417
images/2384517.jpg,dog,1,train,woman,2384517.jpg,99,woman,49,2384517
images/2375883.jpg,dog,1,train,woman,2375883.jpg,99,woman,49,2375883
images/2384339.jpg,dog,1,test,woman,2384339.jpg,99,woman,49,2384339
images/2324546.jpg,dog,1,train,woman,2324546.jpg,99,woman,49,2324546
images/2353501.jpg,dog,1,train,woman,2353501.jpg,99,woman,49,2353501
images/2402353.jpg,dog,1,train,woman,2402353.jpg,99,woman,49,2402353
images/1592181.jpg,dog,1,train,woman,1592181.jpg,99,woman,49,1592181
images/2408562.jpg,dog,1,val,woman,2408562.jpg,99,woman,49,2408562
images/2391492.jpg,dog,1,train,woman,2391492.jpg,99,woman,49,2391492
images/2393362.jpg,dog,1,train,woman,2393362.jpg,99,woman,49,2393362
images/2415617.jpg,dog,1,train,woman,2415617.jpg,99,woman,49,2415617
images/2407227.jpg,dog,1,val,woman,2407227.jpg,99,woman,49,2407227
images/2379484.jpg,dog,1,val,woman,2379484.jpg,99,woman,49,2379484
images/2360057.jpg,dog,1,test,woman,2360057.jpg,99,woman,49,2360057
images/2382042.jpg,dog,1,train,woman,2382042.jpg,99,woman,49,2382042
images/2363530.jpg,dog,1,val,woman,2363530.jpg,99,woman,49,2363530
images/2348412.jpg,dog,1,train,woman,2348412.jpg,99,woman,49,2348412
images/2343433.jpg,dog,1,train,woman,2343433.jpg,99,woman,49,2343433
images/2394449.jpg,dog,1,val,woman,2394449.jpg,99,woman,49,2394449
images/2353510.jpg,dog,1,test,woman,2353510.jpg,99,woman,49,2353510
images/2368409.jpg,dog,1,train,woman,2368409.jpg,99,woman,49,2368409
images/2371032.jpg,dog,1,train,woman,2371032.jpg,99,woman,49,2371032
images/2376104.jpg,dog,1,train,woman,2376104.jpg,99,woman,49,2376104
images/2355266.jpg,dog,1,train,woman,2355266.jpg,99,woman,49,2355266
images/2347216.jpg,dog,1,train,woman,2347216.jpg,99,woman,49,2347216
images/2387995.jpg,dog,1,train,woman,2387995.jpg,99,woman,49,2387995
images/286019.jpg,dog,1,test,woman,286019.jpg,99,woman,49,286019
images/2387140.jpg,dog,1,train,woman,2387140.jpg,99,woman,49,2387140
images/2377704.jpg,dog,1,train,woman,2377704.jpg,99,woman,49,2377704
images/2370727.jpg,dog,1,train,woman,2370727.jpg,99,woman,49,2370727
images/498019.jpg,dog,1,train,woman,498019.jpg,99,woman,49,498019
images/2320410.jpg,dog,1,train,woman,2320410.jpg,99,woman,49,2320410
images/2358897.jpg,dog,1,train,woman,2358897.jpg,99,woman,49,2358897
images/2388985.jpg,dog,1,val,woman,2388985.jpg,99,woman,49,2388985
images/2315606.jpg,dog,1,val,woman,2315606.jpg,99,woman,49,2315606
images/2338488.jpg,dog,1,train,woman,2338488.jpg,99,woman,49,2338488
images/2360562.jpg,dog,1,train,woman,2360562.jpg,99,woman,49,2360562
images/2376391.jpg,dog,1,test,woman,2376391.jpg,99,woman,49,2376391
images/2377429.jpg,dog,1,train,woman,2377429.jpg,99,woman,49,2377429
images/722.jpg,dog,1,train,woman,722.jpg,99,woman,49,722
images/2414301.jpg,dog,1,train,woman,2414301.jpg,99,woman,49,2414301
images/2413346.jpg,dog,1,train,woman,2413346.jpg,99,woman,49,2413346
images/2379730.jpg,dog,1,train,woman,2379730.jpg,99,woman,49,2379730
images/2385923.jpg,dog,1,test,woman,2385923.jpg,99,woman,49,2385923
images/2377018.jpg,dog,1,train,woman,2377018.jpg,99,woman,49,2377018
images/2386795.jpg,dog,1,val,woman,2386795.jpg,99,woman,49,2386795
images/2417191.jpg,dog,1,train,woman,2417191.jpg,99,woman,49,2417191
images/2333478.jpg,dog,1,train,woman,2333478.jpg,99,woman,49,2333478
images/2382301.jpg,dog,1,test,woman,2382301.jpg,99,woman,49,2382301
images/2334261.jpg,dog,1,val,woman,2334261.jpg,99,woman,49,2334261
images/2368734.jpg,dog,1,train,woman,2368734.jpg,99,woman,49,2368734
images/2373754.jpg,dog,1,val,woman,2373754.jpg,99,woman,49,2373754
images/2320636.jpg,dog,1,train,woman,2320636.jpg,99,woman,49,2320636
images/2321661.jpg,dog,1,test,woman,2321661.jpg,99,woman,49,2321661
images/2369.jpg,dog,1,test,woman,2369.jpg,99,woman,49,2369
images/2350677.jpg,dog,1,train,woman,2350677.jpg,99,woman,49,2350677
images/2328869.jpg,dog,1,val,woman,2328869.jpg,99,woman,49,2328869
images/2361529.jpg,dog,1,train,woman,2361529.jpg,99,woman,49,2361529
images/2361415.jpg,dog,1,train,woman,2361415.jpg,99,woman,49,2361415
images/2382399.jpg,dog,1,train,woman,2382399.jpg,99,woman,49,2382399
images/2346200.jpg,dog,1,train,woman,2346200.jpg,99,woman,49,2346200
images/2368435.jpg,dog,1,test,woman,2368435.jpg,99,woman,49,2368435
images/2379063.jpg,dog,1,train,woman,2379063.jpg,99,woman,49,2379063
images/2392123.jpg,dog,1,train,woman,2392123.jpg,99,woman,49,2392123
images/2329292.jpg,dog,1,train,woman,2329292.jpg,99,woman,49,2329292
images/2394272.jpg,dog,1,train,woman,2394272.jpg,99,woman,49,2394272
images/2341324.jpg,dog,1,test,woman,2341324.jpg,99,woman,49,2341324
images/2377375.jpg,dog,1,test,woman,2377375.jpg,99,woman,49,2377375
images/2413880.jpg,dog,1,train,woman,2413880.jpg,99,woman,49,2413880
images/1160042.jpg,dog,1,train,woman,1160042.jpg,99,woman,49,1160042
images/2395104.jpg,dog,1,train,woman,2395104.jpg,99,woman,49,2395104
images/2347070.jpg,dog,1,train,woman,2347070.jpg,99,woman,49,2347070
images/2384455.jpg,dog,1,val,woman,2384455.jpg,99,woman,49,2384455
images/2383229.jpg,dog,1,train,woman,2383229.jpg,99,woman,49,2383229
images/2400986.jpg,dog,1,val,woman,2400986.jpg,99,woman,49,2400986
images/2324106.jpg,dog,1,test,woman,2324106.jpg,99,woman,49,2324106
images/2387862.jpg,dog,1,test,woman,2387862.jpg,99,woman,49,2387862
images/2341652.jpg,dog,1,train,woman,2341652.jpg,99,woman,49,2341652
images/2374195.jpg,dog,1,test,woman,2374195.jpg,99,woman,49,2374195
images/2376475.jpg,dog,1,val,woman,2376475.jpg,99,woman,49,2376475
images/2360206.jpg,dog,1,test,woman,2360206.jpg,99,woman,49,2360206
images/2343137.jpg,dog,1,train,woman,2343137.jpg,99,woman,49,2343137
images/2349888.jpg,dog,1,train,woman,2349888.jpg,99,woman,49,2349888
images/2387128.jpg,dog,1,train,woman,2387128.jpg,99,woman,49,2387128
images/2394611.jpg,dog,1,train,woman,2394611.jpg,99,woman,49,2394611
images/2371922.jpg,dog,1,val,woman,2371922.jpg,99,woman,49,2371922
images/2366433.jpg,dog,1,test,woman,2366433.jpg,99,woman,49,2366433
images/588.jpg,dog,1,train,woman,588.jpg,99,woman,49,588
images/2404081.jpg,dog,1,train,woman,2404081.jpg,99,woman,49,2404081
images/2353948.jpg,dog,1,train,woman,2353948.jpg,99,woman,49,2353948
images/2331177.jpg,dog,1,train,woman,2331177.jpg,99,woman,49,2331177
images/2402346.jpg,dog,1,train,woman,2402346.jpg,99,woman,49,2402346
images/2361824.jpg,dog,1,train,woman,2361824.jpg,99,woman,49,2361824
images/1831.jpg,dog,1,train,woman,1831.jpg,99,woman,49,1831
images/2383252.jpg,dog,1,val,woman,2383252.jpg,99,woman,49,2383252
images/1592440.jpg,dog,1,train,woman,1592440.jpg,99,woman,49,1592440
images/2332528.jpg,dog,1,val,woman,2332528.jpg,99,woman,49,2332528
images/2327030.jpg,dog,1,test,woman,2327030.jpg,99,woman,49,2327030
images/2364444.jpg,dog,1,train,woman,2364444.jpg,99,woman,49,2364444
images/2387137.jpg,dog,1,test,woman,2387137.jpg,99,woman,49,2387137
images/2318154.jpg,dog,1,test,woman,2318154.jpg,99,woman,49,2318154
images/2385453.jpg,dog,1,train,woman,2385453.jpg,99,woman,49,2385453
images/2367545.jpg,dog,1,test,woman,2367545.jpg,99,woman,49,2367545
images/2365847.jpg,dog,1,train,woman,2365847.jpg,99,woman,49,2365847
images/2397601.jpg,dog,1,train,woman,2397601.jpg,99,woman,49,2397601
images/2329347.jpg,dog,1,train,woman,2329347.jpg,99,woman,49,2329347
images/2414471.jpg,dog,1,train,woman,2414471.jpg,99,woman,49,2414471
images/2399233.jpg,dog,1,train,woman,2399233.jpg,99,woman,49,2399233
images/2366841.jpg,dog,1,val,woman,2366841.jpg,99,woman,49,2366841
images/2343165.jpg,dog,1,train,woman,2343165.jpg,99,woman,49,2343165
images/2415707.jpg,dog,1,train,woman,2415707.jpg,99,woman,49,2415707
images/2359950.jpg,dog,1,train,woman,2359950.jpg,99,woman,49,2359950
images/1159610.jpg,dog,1,train,woman,1159610.jpg,99,woman,49,1159610
images/2334223.jpg,dog,1,train,woman,2334223.jpg,99,woman,49,2334223
images/2367351.jpg,dog,1,train,woman,2367351.jpg,99,woman,49,2367351
images/2414764.jpg,dog,1,train,woman,2414764.jpg,99,woman,49,2414764
images/2375612.jpg,dog,1,train,woman,2375612.jpg,99,woman,49,2375612
images/2315773.jpg,dog,1,test,woman,2315773.jpg,99,woman,49,2315773
images/2404537.jpg,dog,1,val,woman,2404537.jpg,99,woman,49,2404537
images/2331500.jpg,dog,1,train,woman,2331500.jpg,99,woman,49,2331500
images/2318308.jpg,dog,1,train,woman,2318308.jpg,99,woman,49,2318308
images/2415470.jpg,dog,1,val,woman,2415470.jpg,99,woman,49,2415470
images/2392197.jpg,dog,1,train,woman,2392197.jpg,99,woman,49,2392197
images/2412423.jpg,dog,1,train,woman,2412423.jpg,99,woman,49,2412423
images/2379225.jpg,dog,1,train,woman,2379225.jpg,99,woman,49,2379225
images/2322106.jpg,dog,1,train,woman,2322106.jpg,99,woman,49,2322106
images/2415110.jpg,dog,1,val,woman,2415110.jpg,99,woman,49,2415110
images/2400135.jpg,dog,1,train,woman,2400135.jpg,99,woman,49,2400135
images/2381402.jpg,dog,1,train,woman,2381402.jpg,99,woman,49,2381402
images/2392036.jpg,dog,1,train,woman,2392036.jpg,99,woman,49,2392036
images/2398619.jpg,dog,1,train,woman,2398619.jpg,99,woman,49,2398619
images/2411533.jpg,dog,1,train,woman,2411533.jpg,99,woman,49,2411533
images/2363812.jpg,dog,1,train,woman,2363812.jpg,99,woman,49,2363812
images/2406866.jpg,dog,1,train,woman,2406866.jpg,99,woman,49,2406866
images/2325485.jpg,dog,1,train,woman,2325485.jpg,99,woman,49,2325485
images/2356123.jpg,dog,1,train,woman,2356123.jpg,99,woman,49,2356123
images/2379667.jpg,dog,1,val,woman,2379667.jpg,99,woman,49,2379667
images/2357995.jpg,dog,1,train,woman,2357995.jpg,99,woman,49,2357995
images/2368944.jpg,dog,1,train,woman,2368944.jpg,99,woman,49,2368944
images/2413820.jpg,dog,1,val,woman,2413820.jpg,99,woman,49,2413820
images/2389504.jpg,dog,1,train,woman,2389504.jpg,99,woman,49,2389504
images/2325387.jpg,dog,1,train,woman,2325387.jpg,99,woman,49,2325387
images/3424.jpg,dog,1,train,woman,3424.jpg,99,woman,49,3424
images/2367595.jpg,dog,1,test,woman,2367595.jpg,99,woman,49,2367595
images/2315716.jpg,dog,1,train,woman,2315716.jpg,99,woman,49,2315716
images/2348342.jpg,dog,1,train,woman,2348342.jpg,99,woman,49,2348342
images/2407435.jpg,dog,1,train,woman,2407435.jpg,99,woman,49,2407435
images/2388687.jpg,dog,1,train,woman,2388687.jpg,99,woman,49,2388687
images/2405419.jpg,dog,1,val,woman,2405419.jpg,99,woman,49,2405419
images/2382121.jpg,dog,1,train,woman,2382121.jpg,99,woman,49,2382121
images/2389127.jpg,dog,1,train,woman,2389127.jpg,99,woman,49,2389127
images/2354002.jpg,dog,1,val,woman,2354002.jpg,99,woman,49,2354002
images/2326167.jpg,dog,1,train,woman,2326167.jpg,99,woman,49,2326167
images/2402665.jpg,dog,1,val,woman,2402665.jpg,99,woman,49,2402665
images/2337421.jpg,dog,1,train,woman,2337421.jpg,99,woman,49,2337421
images/2342900.jpg,dog,1,val,woman,2342900.jpg,99,woman,49,2342900
images/2324234.jpg,dog,1,train,woman,2324234.jpg,99,woman,49,2324234
images/2352286.jpg,dog,1,val,woman,2352286.jpg,99,woman,49,2352286
images/2335388.jpg,dog,1,test,woman,2335388.jpg,99,woman,49,2335388
images/2414053.jpg,dog,1,val,woman,2414053.jpg,99,woman,49,2414053
images/2406798.jpg,dog,1,train,woman,2406798.jpg,99,woman,49,2406798
images/2369147.jpg,dog,1,train,woman,2369147.jpg,99,woman,49,2369147
images/2377194.jpg,dog,1,test,woman,2377194.jpg,99,woman,49,2377194
images/2361561.jpg,dog,1,train,woman,2361561.jpg,99,woman,49,2361561
images/2329428.jpg,dog,1,train,woman,2329428.jpg,99,woman,49,2329428
images/2391621.jpg,dog,1,train,woman,2391621.jpg,99,woman,49,2391621
images/2319334.jpg,dog,1,train,woman,2319334.jpg,99,woman,49,2319334
images/2376077.jpg,dog,1,train,woman,2376077.jpg,99,woman,49,2376077
images/2360774.jpg,dog,1,val,woman,2360774.jpg,99,woman,49,2360774
images/2393911.jpg,dog,1,val,woman,2393911.jpg,99,woman,49,2393911
images/2345905.jpg,dog,1,val,woman,2345905.jpg,99,woman,49,2345905
images/2385023.jpg,dog,1,train,woman,2385023.jpg,99,woman,49,2385023
images/2339172.jpg,dog,1,test,woman,2339172.jpg,99,woman,49,2339172
images/2329691.jpg,dog,1,val,woman,2329691.jpg,99,woman,49,2329691
images/2407878.jpg,dog,1,train,woman,2407878.jpg,99,woman,49,2407878
images/2360221.jpg,dog,1,train,woman,2360221.jpg,99,woman,49,2360221
images/2321557.jpg,dog,1,train,woman,2321557.jpg,99,woman,49,2321557
images/2348551.jpg,dog,1,train,woman,2348551.jpg,99,woman,49,2348551
images/2414629.jpg,dog,1,train,woman,2414629.jpg,99,woman,49,2414629
images/2393935.jpg,dog,1,val,woman,2393935.jpg,99,woman,49,2393935
images/2403710.jpg,dog,1,train,woman,2403710.jpg,99,woman,49,2403710
images/2402737.jpg,dog,1,train,woman,2402737.jpg,99,woman,49,2402737
images/2377469.jpg,dog,1,train,woman,2377469.jpg,99,woman,49,2377469
images/2400408.jpg,dog,1,train,woman,2400408.jpg,99,woman,49,2400408
images/2364719.jpg,dog,1,train,woman,2364719.jpg,99,woman,49,2364719
images/1592658.jpg,dog,1,test,woman,1592658.jpg,99,woman,49,1592658
images/2400642.jpg,dog,1,train,woman,2400642.jpg,99,woman,49,2400642
images/2322354.jpg,dog,1,train,woman,2322354.jpg,99,woman,49,2322354
images/2356624.jpg,dog,1,train,woman,2356624.jpg,99,woman,49,2356624
images/2401465.jpg,dog,1,test,woman,2401465.jpg,99,woman,49,2401465
images/2397167.jpg,dog,1,train,woman,2397167.jpg,99,woman,49,2397167
images/2344647.jpg,dog,1,train,woman,2344647.jpg,99,woman,49,2344647
images/2416114.jpg,dog,1,train,woman,2416114.jpg,99,woman,49,2416114
images/2378582.jpg,dog,1,train,woman,2378582.jpg,99,woman,49,2378582
images/1592252.jpg,dog,1,train,woman,1592252.jpg,99,woman,49,1592252
images/2365964.jpg,dog,1,train,woman,2365964.jpg,99,woman,49,2365964
images/2416279.jpg,dog,1,train,woman,2416279.jpg,99,woman,49,2416279
images/2379154.jpg,dog,1,train,woman,2379154.jpg,99,woman,49,2379154
images/2365164.jpg,dog,1,train,woman,2365164.jpg,99,woman,49,2365164
images/285650.jpg,dog,1,train,woman,285650.jpg,99,woman,49,285650
images/2396988.jpg,dog,1,train,woman,2396988.jpg,99,woman,49,2396988
images/2371647.jpg,dog,1,train,woman,2371647.jpg,99,woman,49,2371647
images/2356036.jpg,dog,1,train,woman,2356036.jpg,99,woman,49,2356036
images/2318384.jpg,dog,1,train,woman,2318384.jpg,99,woman,49,2318384
images/2318049.jpg,dog,1,train,woman,2318049.jpg,99,woman,49,2318049
images/2359181.jpg,dog,1,val,woman,2359181.jpg,99,woman,49,2359181
images/2388411.jpg,dog,1,train,woman,2388411.jpg,99,woman,49,2388411
images/2409094.jpg,dog,1,train,woman,2409094.jpg,99,woman,49,2409094
images/2330481.jpg,dog,1,train,woman,2330481.jpg,99,woman,49,2330481
images/2322764.jpg,dog,1,train,woman,2322764.jpg,99,woman,49,2322764
images/2403205.jpg,dog,1,train,woman,2403205.jpg,99,woman,49,2403205
images/2383170.jpg,dog,1,val,woman,2383170.jpg,99,woman,49,2383170
images/2316789.jpg,dog,1,train,woman,2316789.jpg,99,woman,49,2316789
images/2340178.jpg,dog,1,train,woman,2340178.jpg,99,woman,49,2340178
images/2362530.jpg,dog,1,train,woman,2362530.jpg,99,woman,49,2362530
images/2399443.jpg,dog,1,val,woman,2399443.jpg,99,woman,49,2399443
images/2376697.jpg,dog,1,val,woman,2376697.jpg,99,woman,49,2376697
images/2402984.jpg,dog,1,train,woman,2402984.jpg,99,woman,49,2402984
images/2330759.jpg,dog,1,train,woman,2330759.jpg,99,woman,49,2330759
images/2395632.jpg,dog,1,train,woman,2395632.jpg,99,woman,49,2395632
images/2349696.jpg,dog,1,train,woman,2349696.jpg,99,woman,49,2349696
images/2416234.jpg,dog,1,train,woman,2416234.jpg,99,woman,49,2416234
images/2380921.jpg,dog,1,val,woman,2380921.jpg,99,woman,49,2380921
images/2353644.jpg,dog,1,train,woman,2353644.jpg,99,woman,49,2353644
images/2363971.jpg,dog,1,train,woman,2363971.jpg,99,woman,49,2363971
images/2395166.jpg,dog,1,val,woman,2395166.jpg,99,woman,49,2395166
images/2393573.jpg,dog,1,train,woman,2393573.jpg,99,woman,49,2393573
images/2352906.jpg,dog,1,train,woman,2352906.jpg,99,woman,49,2352906
images/2397787.jpg,dog,1,train,woman,2397787.jpg,99,woman,49,2397787
images/2336458.jpg,dog,1,train,woman,2336458.jpg,99,woman,49,2336458
images/2406821.jpg,dog,1,train,woman,2406821.jpg,99,woman,49,2406821
images/2367512.jpg,dog,1,val,woman,2367512.jpg,99,woman,49,2367512
images/2393152.jpg,dog,1,val,woman,2393152.jpg,99,woman,49,2393152
images/2323367.jpg,dog,1,train,woman,2323367.jpg,99,woman,49,2323367
images/2370877.jpg,dog,1,train,woman,2370877.jpg,99,woman,49,2370877
images/2316030.jpg,dog,1,train,woman,2316030.jpg,99,woman,49,2316030
images/2356877.jpg,dog,1,val,woman,2356877.jpg,99,woman,49,2356877
images/2391849.jpg,dog,1,train,woman,2391849.jpg,99,woman,49,2391849
images/2315875.jpg,dog,1,train,woman,2315875.jpg,99,woman,49,2315875
images/2396164.jpg,dog,1,test,woman,2396164.jpg,99,woman,49,2396164
images/2401902.jpg,dog,1,train,woman,2401902.jpg,99,woman,49,2401902
images/2335375.jpg,dog,1,train,woman,2335375.jpg,99,woman,49,2335375
images/2341368.jpg,dog,1,train,woman,2341368.jpg,99,woman,49,2341368
images/2404245.jpg,dog,1,train,woman,2404245.jpg,99,woman,49,2404245
images/2417119.jpg,dog,1,train,woman,2417119.jpg,99,woman,49,2417119
images/2323280.jpg,dog,1,train,woman,2323280.jpg,99,woman,49,2323280
images/2316688.jpg,dog,1,val,woman,2316688.jpg,99,woman,49,2316688
images/2413945.jpg,dog,1,train,woman,2413945.jpg,99,woman,49,2413945
images/2355519.jpg,dog,1,train,woman,2355519.jpg,99,woman,49,2355519
images/2365507.jpg,dog,1,train,woman,2365507.jpg,99,woman,49,2365507
images/2407605.jpg,dog,1,train,woman,2407605.jpg,99,woman,49,2407605
images/308.jpg,dog,1,val,woman,308.jpg,99,woman,49,308
images/2320118.jpg,dog,1,val,woman,2320118.jpg,99,woman,49,2320118
images/2412325.jpg,dog,1,val,woman,2412325.jpg,99,woman,49,2412325
images/2378957.jpg,dog,1,test,woman,2378957.jpg,99,woman,49,2378957
images/2338677.jpg,dog,1,train,woman,2338677.jpg,99,woman,49,2338677
images/2406272.jpg,dog,1,train,woman,2406272.jpg,99,woman,49,2406272
images/2413856.jpg,dog,1,train,woman,2413856.jpg,99,woman,49,2413856
images/2359038.jpg,dog,1,train,woman,2359038.jpg,99,woman,49,2359038
images/713048.jpg,dog,1,val,woman,713048.jpg,99,woman,49,713048
images/1592560.jpg,dog,1,train,woman,1592560.jpg,99,woman,49,1592560
images/2362800.jpg,dog,1,val,woman,2362800.jpg,99,woman,49,2362800
images/2355121.jpg,dog,1,train,woman,2355121.jpg,99,woman,49,2355121
images/2416836.jpg,dog,1,val,woman,2416836.jpg,99,woman,49,2416836
images/2372773.jpg,dog,1,train,woman,2372773.jpg,99,woman,49,2372773
images/2380863.jpg,dog,1,train,woman,2380863.jpg,99,woman,49,2380863
images/2399755.jpg,dog,1,train,woman,2399755.jpg,99,woman,49,2399755
images/2372332.jpg,dog,1,train,woman,2372332.jpg,99,woman,49,2372332
images/2395207.jpg,dog,1,train,woman,2395207.jpg,99,woman,49,2395207
images/2377106.jpg,dog,1,train,woman,2377106.jpg,99,woman,49,2377106
images/2395806.jpg,dog,1,train,woman,2395806.jpg,99,woman,49,2395806
images/2371249.jpg,dog,1,train,woman,2371249.jpg,99,woman,49,2371249
images/2334244.jpg,dog,1,train,woman,2334244.jpg,99,woman,49,2334244
images/2353942.jpg,dog,1,train,woman,2353942.jpg,99,woman,49,2353942
images/2377474.jpg,dog,1,train,woman,2377474.jpg,99,woman,49,2377474
images/2355579.jpg,dog,1,train,woman,2355579.jpg,99,woman,49,2355579
images/2317093.jpg,dog,1,train,woman,2317093.jpg,99,woman,49,2317093
images/2347727.jpg,dog,1,train,woman,2347727.jpg,99,woman,49,2347727
images/2353381.jpg,dog,1,train,woman,2353381.jpg,99,woman,49,2353381
images/2348791.jpg,dog,1,train,woman,2348791.jpg,99,woman,49,2348791
images/713331.jpg,dog,1,test,woman,713331.jpg,99,woman,49,713331
images/2394647.jpg,dog,1,train,woman,2394647.jpg,99,woman,49,2394647
images/2332334.jpg,dog,1,test,woman,2332334.jpg,99,woman,49,2332334
images/2386134.jpg,dog,1,val,woman,2386134.jpg,99,woman,49,2386134
images/2380064.jpg,dog,1,val,woman,2380064.jpg,99,woman,49,2380064
images/2382466.jpg,dog,1,train,woman,2382466.jpg,99,woman,49,2382466
images/2324193.jpg,dog,1,train,woman,2324193.jpg,99,woman,49,2324193
images/2377946.jpg,dog,1,train,woman,2377946.jpg,99,woman,49,2377946
images/2411557.jpg,dog,1,train,woman,2411557.jpg,99,woman,49,2411557
images/2318369.jpg,dog,1,train,woman,2318369.jpg,99,woman,49,2318369
images/2407734.jpg,dog,1,val,woman,2407734.jpg,99,woman,49,2407734
images/2318692.jpg,dog,1,train,woman,2318692.jpg,99,woman,49,2318692
images/2413579.jpg,dog,1,test,woman,2413579.jpg,99,woman,49,2413579
images/2335936.jpg,dog,1,train,woman,2335936.jpg,99,woman,49,2335936
images/2348065.jpg,dog,1,train,woman,2348065.jpg,99,woman,49,2348065
images/2328085.jpg,dog,1,train,woman,2328085.jpg,99,woman,49,2328085
images/2329456.jpg,dog,1,train,woman,2329456.jpg,99,woman,49,2329456
images/2387472.jpg,dog,1,train,woman,2387472.jpg,99,woman,49,2387472
images/2412794.jpg,dog,1,train,woman,2412794.jpg,99,woman,49,2412794
images/713479.jpg,dog,1,train,woman,713479.jpg,99,woman,49,713479
images/2386512.jpg,dog,1,val,woman,2386512.jpg,99,woman,49,2386512
images/2316980.jpg,dog,1,test,woman,2316980.jpg,99,woman,49,2316980
images/2366052.jpg,dog,1,train,woman,2366052.jpg,99,woman,49,2366052
images/2360443.jpg,dog,1,val,woman,2360443.jpg,99,woman,49,2360443
images/2339221.jpg,dog,1,train,woman,2339221.jpg,99,woman,49,2339221
images/2409740.jpg,dog,1,train,woman,2409740.jpg,99,woman,49,2409740
images/2411786.jpg,dog,1,val,woman,2411786.jpg,99,woman,49,2411786
images/2335189.jpg,dog,1,train,woman,2335189.jpg,99,woman,49,2335189
images/2386435.jpg,dog,1,train,woman,2386435.jpg,99,woman,49,2386435
images/2406283.jpg,dog,1,train,woman,2406283.jpg,99,woman,49,2406283
images/2367636.jpg,dog,1,train,woman,2367636.jpg,99,woman,49,2367636
images/2347373.jpg,dog,1,train,woman,2347373.jpg,99,woman,49,2347373
images/619.jpg,dog,1,test,woman,619.jpg,99,woman,49,619
images/2347725.jpg,dog,1,train,woman,2347725.jpg,99,woman,49,2347725
images/2370001.jpg,dog,1,train,woman,2370001.jpg,99,woman,49,2370001
images/2413586.jpg,dog,1,train,woman,2413586.jpg,99,woman,49,2413586
images/2397768.jpg,dog,1,train,woman,2397768.jpg,99,woman,49,2397768
images/2416883.jpg,dog,1,train,woman,2416883.jpg,99,woman,49,2416883
images/2393173.jpg,dog,1,val,woman,2393173.jpg,99,woman,49,2393173
images/2358659.jpg,dog,1,train,woman,2358659.jpg,99,woman,49,2358659
images/2326052.jpg,dog,1,val,woman,2326052.jpg,99,woman,49,2326052
images/2333137.jpg,dog,1,train,woman,2333137.jpg,99,woman,49,2333137
images/2333690.jpg,dog,1,train,woman,2333690.jpg,99,woman,49,2333690
images/2389743.jpg,dog,1,train,woman,2389743.jpg,99,woman,49,2389743
images/2404163.jpg,dog,1,train,woman,2404163.jpg,99,woman,49,2404163
images/2334564.jpg,dog,1,train,shirt,2334564.jpg,88,shirt,38,2334564
images/2359938.jpg,dog,1,train,shirt,2359938.jpg,88,shirt,38,2359938
images/2316169.jpg,dog,1,train,shirt,2316169.jpg,88,shirt,38,2316169
images/2350336.jpg,dog,1,test,shirt,2350336.jpg,88,shirt,38,2350336
images/2395684.jpg,dog,1,test,shirt,2395684.jpg,88,shirt,38,2395684
images/2403391.jpg,dog,1,train,shirt,2403391.jpg,88,shirt,38,2403391
images/2374573.jpg,dog,1,train,shirt,2374573.jpg,88,shirt,38,2374573
images/2323804.jpg,dog,1,train,shirt,2323804.jpg,88,shirt,38,2323804
images/2356619.jpg,dog,1,train,shirt,2356619.jpg,88,shirt,38,2356619
images/2373351.jpg,dog,1,train,shirt,2373351.jpg,88,shirt,38,2373351
images/2374386.jpg,dog,1,train,shirt,2374386.jpg,88,shirt,38,2374386
images/2397585.jpg,dog,1,test,shirt,2397585.jpg,88,shirt,38,2397585
images/2384339.jpg,dog,1,val,shirt,2384339.jpg,88,shirt,38,2384339
images/2324546.jpg,dog,1,train,shirt,2324546.jpg,88,shirt,38,2324546
images/2366961.jpg,dog,1,train,shirt,2366961.jpg,88,shirt,38,2366961
images/2408562.jpg,dog,1,train,shirt,2408562.jpg,88,shirt,38,2408562
images/2366353.jpg,dog,1,train,shirt,2366353.jpg,88,shirt,38,2366353
images/2376950.jpg,dog,1,test,shirt,2376950.jpg,88,shirt,38,2376950
images/2380237.jpg,dog,1,val,shirt,2380237.jpg,88,shirt,38,2380237
images/2361930.jpg,dog,1,train,shirt,2361930.jpg,88,shirt,38,2361930
images/2348946.jpg,dog,1,train,shirt,2348946.jpg,88,shirt,38,2348946
images/2415617.jpg,dog,1,train,shirt,2415617.jpg,88,shirt,38,2415617
images/2317995.jpg,dog,1,train,shirt,2317995.jpg,88,shirt,38,2317995
images/2393765.jpg,dog,1,train,shirt,2393765.jpg,88,shirt,38,2393765
images/2381209.jpg,dog,1,test,shirt,2381209.jpg,88,shirt,38,2381209
images/2358614.jpg,dog,1,train,shirt,2358614.jpg,88,shirt,38,2358614
images/2324236.jpg,dog,1,train,shirt,2324236.jpg,88,shirt,38,2324236
images/2360057.jpg,dog,1,train,shirt,2360057.jpg,88,shirt,38,2360057
images/2371420.jpg,dog,1,train,shirt,2371420.jpg,88,shirt,38,2371420
images/2352484.jpg,dog,1,train,shirt,2352484.jpg,88,shirt,38,2352484
images/2348412.jpg,dog,1,train,shirt,2348412.jpg,88,shirt,38,2348412
images/2343433.jpg,dog,1,train,shirt,2343433.jpg,88,shirt,38,2343433
images/2354475.jpg,dog,1,test,shirt,2354475.jpg,88,shirt,38,2354475
images/2394449.jpg,dog,1,test,shirt,2394449.jpg,88,shirt,38,2394449
images/2330356.jpg,dog,1,val,shirt,2330356.jpg,88,shirt,38,2330356
images/2368409.jpg,dog,1,val,shirt,2368409.jpg,88,shirt,38,2368409
images/2357994.jpg,dog,1,train,shirt,2357994.jpg,88,shirt,38,2357994
images/2371032.jpg,dog,1,train,shirt,2371032.jpg,88,shirt,38,2371032
images/1593164.jpg,dog,1,val,shirt,1593164.jpg,88,shirt,38,1593164
images/286019.jpg,dog,1,train,shirt,286019.jpg,88,shirt,38,286019
images/2317781.jpg,dog,1,train,shirt,2317781.jpg,88,shirt,38,2317781
images/2377704.jpg,dog,1,train,shirt,2377704.jpg,88,shirt,38,2377704
images/2395227.jpg,dog,1,test,shirt,2395227.jpg,88,shirt,38,2395227
images/2394992.jpg,dog,1,train,shirt,2394992.jpg,88,shirt,38,2394992
images/2377932.jpg,dog,1,train,shirt,2377932.jpg,88,shirt,38,2377932
images/498019.jpg,dog,1,train,shirt,498019.jpg,88,shirt,38,498019
images/2370415.jpg,dog,1,train,shirt,2370415.jpg,88,shirt,38,2370415
images/2320410.jpg,dog,1,train,shirt,2320410.jpg,88,shirt,38,2320410
images/2358897.jpg,dog,1,train,shirt,2358897.jpg,88,shirt,38,2358897
images/2358221.jpg,dog,1,train,shirt,2358221.jpg,88,shirt,38,2358221
images/2332586.jpg,dog,1,train,shirt,2332586.jpg,88,shirt,38,2332586
images/713188.jpg,dog,1,train,shirt,713188.jpg,88,shirt,38,713188
images/2388985.jpg,dog,1,train,shirt,2388985.jpg,88,shirt,38,2388985
images/2382504.jpg,dog,1,train,shirt,2382504.jpg,88,shirt,38,2382504
images/2315606.jpg,dog,1,train,shirt,2315606.jpg,88,shirt,38,2315606
images/2407510.jpg,dog,1,train,shirt,2407510.jpg,88,shirt,38,2407510
images/2338488.jpg,dog,1,train,shirt,2338488.jpg,88,shirt,38,2338488
images/2330218.jpg,dog,1,train,shirt,2330218.jpg,88,shirt,38,2330218
images/2382139.jpg,dog,1,train,shirt,2382139.jpg,88,shirt,38,2382139
images/2325354.jpg,dog,1,train,shirt,2325354.jpg,88,shirt,38,2325354
images/2414301.jpg,dog,1,train,shirt,2414301.jpg,88,shirt,38,2414301
images/2413346.jpg,dog,1,train,shirt,2413346.jpg,88,shirt,38,2413346
images/2323635.jpg,dog,1,train,shirt,2323635.jpg,88,shirt,38,2323635
images/2408366.jpg,dog,1,test,shirt,2408366.jpg,88,shirt,38,2408366
images/1592139.jpg,dog,1,val,shirt,1592139.jpg,88,shirt,38,1592139
images/2385923.jpg,dog,1,train,shirt,2385923.jpg,88,shirt,38,2385923
images/2376794.jpg,dog,1,train,shirt,2376794.jpg,88,shirt,38,2376794
images/2377018.jpg,dog,1,train,shirt,2377018.jpg,88,shirt,38,2377018
images/2405157.jpg,dog,1,train,shirt,2405157.jpg,88,shirt,38,2405157
images/2393332.jpg,dog,1,train,shirt,2393332.jpg,88,shirt,38,2393332
images/2382301.jpg,dog,1,train,shirt,2382301.jpg,88,shirt,38,2382301
images/2412687.jpg,dog,1,train,shirt,2412687.jpg,88,shirt,38,2412687
images/2334261.jpg,dog,1,test,shirt,2334261.jpg,88,shirt,38,2334261
images/2337026.jpg,dog,1,train,shirt,2337026.jpg,88,shirt,38,2337026
images/2351814.jpg,dog,1,train,shirt,2351814.jpg,88,shirt,38,2351814
images/2409245.jpg,dog,1,train,shirt,2409245.jpg,88,shirt,38,2409245
images/2368734.jpg,dog,1,train,shirt,2368734.jpg,88,shirt,38,2368734
images/2414515.jpg,dog,1,train,shirt,2414515.jpg,88,shirt,38,2414515
images/2320636.jpg,dog,1,train,shirt,2320636.jpg,88,shirt,38,2320636
images/2321661.jpg,dog,1,test,shirt,2321661.jpg,88,shirt,38,2321661
images/2377157.jpg,dog,1,train,shirt,2377157.jpg,88,shirt,38,2377157
images/2350677.jpg,dog,1,val,shirt,2350677.jpg,88,shirt,38,2350677
images/2361529.jpg,dog,1,test,shirt,2361529.jpg,88,shirt,38,2361529
images/2361415.jpg,dog,1,train,shirt,2361415.jpg,88,shirt,38,2361415
images/2382399.jpg,dog,1,train,shirt,2382399.jpg,88,shirt,38,2382399
images/2363708.jpg,dog,1,train,shirt,2363708.jpg,88,shirt,38,2363708
images/2357723.jpg,dog,1,train,shirt,2357723.jpg,88,shirt,38,2357723
images/2368834.jpg,dog,1,train,shirt,2368834.jpg,88,shirt,38,2368834
images/2398862.jpg,dog,1,val,shirt,2398862.jpg,88,shirt,38,2398862
images/2330531.jpg,dog,1,test,shirt,2330531.jpg,88,shirt,38,2330531
images/2392123.jpg,dog,1,train,shirt,2392123.jpg,88,shirt,38,2392123
images/2403124.jpg,dog,1,train,shirt,2403124.jpg,88,shirt,38,2403124
images/2394272.jpg,dog,1,train,shirt,2394272.jpg,88,shirt,38,2394272
images/2414707.jpg,dog,1,train,shirt,2414707.jpg,88,shirt,38,2414707
images/2367331.jpg,dog,1,train,shirt,2367331.jpg,88,shirt,38,2367331
images/2377375.jpg,dog,1,train,shirt,2377375.jpg,88,shirt,38,2377375
images/2337084.jpg,dog,1,train,shirt,2337084.jpg,88,shirt,38,2337084
images/2413880.jpg,dog,1,train,shirt,2413880.jpg,88,shirt,38,2413880
images/1160042.jpg,dog,1,train,shirt,1160042.jpg,88,shirt,38,1160042
images/1592176.jpg,dog,1,train,shirt,1592176.jpg,88,shirt,38,1592176
images/2341651.jpg,dog,1,val,shirt,2341651.jpg,88,shirt,38,2341651
images/2381352.jpg,dog,1,val,shirt,2381352.jpg,88,shirt,38,2381352
images/2391800.jpg,dog,1,train,shirt,2391800.jpg,88,shirt,38,2391800
images/2364372.jpg,dog,1,train,shirt,2364372.jpg,88,shirt,38,2364372
images/2395104.jpg,dog,1,train,shirt,2395104.jpg,88,shirt,38,2395104
images/2347070.jpg,dog,1,train,shirt,2347070.jpg,88,shirt,38,2347070
images/2344629.jpg,dog,1,train,shirt,2344629.jpg,88,shirt,38,2344629
images/2316075.jpg,dog,1,train,shirt,2316075.jpg,88,shirt,38,2316075
images/2383229.jpg,dog,1,train,shirt,2383229.jpg,88,shirt,38,2383229
images/713406.jpg,dog,1,val,shirt,713406.jpg,88,shirt,38,713406
images/2400986.jpg,dog,1,val,shirt,2400986.jpg,88,shirt,38,2400986
images/2386758.jpg,dog,1,test,shirt,2386758.jpg,88,shirt,38,2386758
images/2329565.jpg,dog,1,train,shirt,2329565.jpg,88,shirt,38,2329565
images/2356473.jpg,dog,1,train,shirt,2356473.jpg,88,shirt,38,2356473
images/2391053.jpg,dog,1,val,shirt,2391053.jpg,88,shirt,38,2391053
images/2358354.jpg,dog,1,val,shirt,2358354.jpg,88,shirt,38,2358354
images/2325645.jpg,dog,1,train,shirt,2325645.jpg,88,shirt,38,2325645
images/2390441.jpg,dog,1,train,shirt,2390441.jpg,88,shirt,38,2390441
images/2417574.jpg,dog,1,train,shirt,2417574.jpg,88,shirt,38,2417574
images/2386443.jpg,dog,1,train,shirt,2386443.jpg,88,shirt,38,2386443
images/2343137.jpg,dog,1,train,shirt,2343137.jpg,88,shirt,38,2343137
images/2342016.jpg,dog,1,train,shirt,2342016.jpg,88,shirt,38,2342016
images/2367813.jpg,dog,1,train,shirt,2367813.jpg,88,shirt,38,2367813
images/2372770.jpg,dog,1,train,shirt,2372770.jpg,88,shirt,38,2372770
images/2345520.jpg,dog,1,train,shirt,2345520.jpg,88,shirt,38,2345520
images/2337303.jpg,dog,1,train,shirt,2337303.jpg,88,shirt,38,2337303
images/2394611.jpg,dog,1,train,shirt,2394611.jpg,88,shirt,38,2394611
images/723.jpg,dog,1,train,shirt,723.jpg,88,shirt,38,723
images/2329720.jpg,dog,1,train,shirt,2329720.jpg,88,shirt,38,2329720
images/2328709.jpg,dog,1,train,shirt,2328709.jpg,88,shirt,38,2328709
images/588.jpg,dog,1,test,shirt,588.jpg,88,shirt,38,588
images/2404081.jpg,dog,1,train,shirt,2404081.jpg,88,shirt,38,2404081
images/2353948.jpg,dog,1,test,shirt,2353948.jpg,88,shirt,38,2353948
images/2354494.jpg,dog,1,train,shirt,2354494.jpg,88,shirt,38,2354494
images/2333590.jpg,dog,1,train,shirt,2333590.jpg,88,shirt,38,2333590
images/2361824.jpg,dog,1,test,shirt,2361824.jpg,88,shirt,38,2361824
images/1831.jpg,dog,1,val,shirt,1831.jpg,88,shirt,38,1831
images/2320476.jpg,dog,1,train,shirt,2320476.jpg,88,shirt,38,2320476
images/2351380.jpg,dog,1,val,shirt,2351380.jpg,88,shirt,38,2351380
images/2383252.jpg,dog,1,train,shirt,2383252.jpg,88,shirt,38,2383252
images/2415422.jpg,dog,1,train,shirt,2415422.jpg,88,shirt,38,2415422
images/2332528.jpg,dog,1,train,shirt,2332528.jpg,88,shirt,38,2332528
images/2326204.jpg,dog,1,test,shirt,2326204.jpg,88,shirt,38,2326204
images/2364444.jpg,dog,1,val,shirt,2364444.jpg,88,shirt,38,2364444
images/2387897.jpg,dog,1,val,shirt,2387897.jpg,88,shirt,38,2387897
images/2395217.jpg,dog,1,train,shirt,2395217.jpg,88,shirt,38,2395217
images/2411201.jpg,dog,1,train,shirt,2411201.jpg,88,shirt,38,2411201
images/2387137.jpg,dog,1,train,shirt,2387137.jpg,88,shirt,38,2387137
images/2342372.jpg,dog,1,train,shirt,2342372.jpg,88,shirt,38,2342372
images/2320868.jpg,dog,1,val,shirt,2320868.jpg,88,shirt,38,2320868
images/2412671.jpg,dog,1,train,shirt,2412671.jpg,88,shirt,38,2412671
images/2367545.jpg,dog,1,test,shirt,2367545.jpg,88,shirt,38,2367545
images/2372046.jpg,dog,1,val,shirt,2372046.jpg,88,shirt,38,2372046
images/2320655.jpg,dog,1,train,shirt,2320655.jpg,88,shirt,38,2320655
images/2378475.jpg,dog,1,val,shirt,2378475.jpg,88,shirt,38,2378475
images/2369591.jpg,dog,1,train,shirt,2369591.jpg,88,shirt,38,2369591
images/2365847.jpg,dog,1,test,shirt,2365847.jpg,88,shirt,38,2365847
images/2318934.jpg,dog,1,train,shirt,2318934.jpg,88,shirt,38,2318934
images/2336234.jpg,dog,1,train,shirt,2336234.jpg,88,shirt,38,2336234
images/2362815.jpg,dog,1,test,shirt,2362815.jpg,88,shirt,38,2362815
images/2408745.jpg,dog,1,train,shirt,2408745.jpg,88,shirt,38,2408745
images/2335060.jpg,dog,1,train,shirt,2335060.jpg,88,shirt,38,2335060
images/2414699.jpg,dog,1,test,shirt,2414699.jpg,88,shirt,38,2414699
images/2366841.jpg,dog,1,train,shirt,2366841.jpg,88,shirt,38,2366841
images/2401124.jpg,dog,1,train,shirt,2401124.jpg,88,shirt,38,2401124
images/2327346.jpg,dog,1,val,shirt,2327346.jpg,88,shirt,38,2327346
images/2343165.jpg,dog,1,val,shirt,2343165.jpg,88,shirt,38,2343165
images/2338125.jpg,dog,1,test,shirt,2338125.jpg,88,shirt,38,2338125
images/2360407.jpg,dog,1,test,shirt,2360407.jpg,88,shirt,38,2360407
images/2384081.jpg,dog,1,train,shirt,2384081.jpg,88,shirt,38,2384081
images/2359950.jpg,dog,1,train,shirt,2359950.jpg,88,shirt,38,2359950
images/2376639.jpg,dog,1,train,shirt,2376639.jpg,88,shirt,38,2376639
images/1159610.jpg,dog,1,test,shirt,1159610.jpg,88,shirt,38,1159610
images/2329647.jpg,dog,1,train,shirt,2329647.jpg,88,shirt,38,2329647
images/2366946.jpg,dog,1,train,shirt,2366946.jpg,88,shirt,38,2366946
images/2326452.jpg,dog,1,train,shirt,2326452.jpg,88,shirt,38,2326452
images/2334223.jpg,dog,1,train,shirt,2334223.jpg,88,shirt,38,2334223
images/2414764.jpg,dog,1,train,shirt,2414764.jpg,88,shirt,38,2414764
images/285822.jpg,dog,1,train,shirt,285822.jpg,88,shirt,38,285822
images/2370344.jpg,dog,1,train,shirt,2370344.jpg,88,shirt,38,2370344
images/2353034.jpg,dog,1,test,shirt,2353034.jpg,88,shirt,38,2353034
images/2331500.jpg,dog,1,train,shirt,2331500.jpg,88,shirt,38,2331500
images/2403149.jpg,dog,1,val,shirt,2403149.jpg,88,shirt,38,2403149
images/2392197.jpg,dog,1,train,shirt,2392197.jpg,88,shirt,38,2392197
images/2382281.jpg,dog,1,val,shirt,2382281.jpg,88,shirt,38,2382281
images/2414354.jpg,dog,1,val,shirt,2414354.jpg,88,shirt,38,2414354
images/2372856.jpg,dog,1,train,shirt,2372856.jpg,88,shirt,38,2372856
images/2345532.jpg,dog,1,train,shirt,2345532.jpg,88,shirt,38,2345532
images/2360542.jpg,dog,1,val,shirt,2360542.jpg,88,shirt,38,2360542
images/2412423.jpg,dog,1,val,shirt,2412423.jpg,88,shirt,38,2412423
images/2358778.jpg,dog,1,train,shirt,2358778.jpg,88,shirt,38,2358778
images/2359049.jpg,dog,1,train,shirt,2359049.jpg,88,shirt,38,2359049
images/2350312.jpg,dog,1,train,shirt,2350312.jpg,88,shirt,38,2350312
images/2400679.jpg,dog,1,test,shirt,2400679.jpg,88,shirt,38,2400679
images/2374930.jpg,dog,1,train,shirt,2374930.jpg,88,shirt,38,2374930
images/2415110.jpg,dog,1,train,shirt,2415110.jpg,88,shirt,38,2415110
images/2344769.jpg,dog,1,train,shirt,2344769.jpg,88,shirt,38,2344769
images/285707.jpg,dog,1,train,shirt,285707.jpg,88,shirt,38,285707
images/2381402.jpg,dog,1,val,shirt,2381402.jpg,88,shirt,38,2381402
images/2392036.jpg,dog,1,val,shirt,2392036.jpg,88,shirt,38,2392036
images/2357556.jpg,dog,1,train,shirt,2357556.jpg,88,shirt,38,2357556
images/2406866.jpg,dog,1,train,shirt,2406866.jpg,88,shirt,38,2406866
images/2334958.jpg,dog,1,train,shirt,2334958.jpg,88,shirt,38,2334958
images/2317257.jpg,dog,1,train,shirt,2317257.jpg,88,shirt,38,2317257
images/2325485.jpg,dog,1,test,shirt,2325485.jpg,88,shirt,38,2325485
images/2356123.jpg,dog,1,test,shirt,2356123.jpg,88,shirt,38,2356123
images/2358936.jpg,dog,1,train,shirt,2358936.jpg,88,shirt,38,2358936
images/2336716.jpg,dog,1,train,shirt,2336716.jpg,88,shirt,38,2336716
images/2319335.jpg,dog,1,train,shirt,2319335.jpg,88,shirt,38,2319335
images/2342517.jpg,dog,1,train,shirt,2342517.jpg,88,shirt,38,2342517
images/2363026.jpg,dog,1,train,shirt,2363026.jpg,88,shirt,38,2363026
images/2350609.jpg,dog,1,train,shirt,2350609.jpg,88,shirt,38,2350609
images/2331525.jpg,dog,1,train,shirt,2331525.jpg,88,shirt,38,2331525
images/2403075.jpg,dog,1,test,shirt,2403075.jpg,88,shirt,38,2403075
images/2367272.jpg,dog,1,val,shirt,2367272.jpg,88,shirt,38,2367272
images/2345593.jpg,dog,1,train,shirt,2345593.jpg,88,shirt,38,2345593
images/2413820.jpg,dog,1,test,shirt,2413820.jpg,88,shirt,38,2413820
images/2327325.jpg,dog,1,test,shirt,2327325.jpg,88,shirt,38,2327325
images/2317615.jpg,dog,1,test,shirt,2317615.jpg,88,shirt,38,2317615
images/2417801.jpg,dog,1,val,shirt,2417801.jpg,88,shirt,38,2417801
images/2351210.jpg,dog,1,train,shirt,2351210.jpg,88,shirt,38,2351210
images/1159281.jpg,dog,1,test,shirt,1159281.jpg,88,shirt,38,1159281
images/2317573.jpg,dog,1,train,shirt,2317573.jpg,88,shirt,38,2317573
images/2356330.jpg,dog,1,train,shirt,2356330.jpg,88,shirt,38,2356330
images/2370145.jpg,dog,1,train,shirt,2370145.jpg,88,shirt,38,2370145
images/2385858.jpg,dog,1,train,shirt,2385858.jpg,88,shirt,38,2385858
images/2315716.jpg,dog,1,train,shirt,2315716.jpg,88,shirt,38,2315716
images/2396549.jpg,dog,1,train,shirt,2396549.jpg,88,shirt,38,2396549
images/2404956.jpg,dog,1,train,shirt,2404956.jpg,88,shirt,38,2404956
images/2360637.jpg,dog,1,val,shirt,2360637.jpg,88,shirt,38,2360637
images/2348342.jpg,dog,1,train,shirt,2348342.jpg,88,shirt,38,2348342
images/2342359.jpg,dog,1,train,shirt,2342359.jpg,88,shirt,38,2342359
images/2388743.jpg,dog,1,train,shirt,2388743.jpg,88,shirt,38,2388743
images/2368196.jpg,dog,1,train,shirt,2368196.jpg,88,shirt,38,2368196
images/2319521.jpg,dog,1,train,shirt,2319521.jpg,88,shirt,38,2319521
images/2333895.jpg,dog,1,train,shirt,2333895.jpg,88,shirt,38,2333895
images/2348603.jpg,dog,1,train,shirt,2348603.jpg,88,shirt,38,2348603
images/2350150.jpg,dog,1,train,shirt,2350150.jpg,88,shirt,38,2350150
images/2371995.jpg,dog,1,train,shirt,2371995.jpg,88,shirt,38,2371995
images/2405419.jpg,dog,1,train,shirt,2405419.jpg,88,shirt,38,2405419
images/2354002.jpg,dog,1,train,shirt,2354002.jpg,88,shirt,38,2354002
images/2368426.jpg,dog,1,train,shirt,2368426.jpg,88,shirt,38,2368426
images/2401877.jpg,dog,1,train,shirt,2401877.jpg,88,shirt,38,2401877
images/2326167.jpg,dog,1,train,shirt,2326167.jpg,88,shirt,38,2326167
images/2351824.jpg,dog,1,train,shirt,2351824.jpg,88,shirt,38,2351824
images/2402665.jpg,dog,1,train,shirt,2402665.jpg,88,shirt,38,2402665
images/2321841.jpg,dog,1,train,shirt,2321841.jpg,88,shirt,38,2321841
images/2361091.jpg,dog,1,train,shirt,2361091.jpg,88,shirt,38,2361091
images/2342900.jpg,dog,1,train,shirt,2342900.jpg,88,shirt,38,2342900
images/2337414.jpg,dog,1,test,shirt,2337414.jpg,88,shirt,38,2337414
images/2330214.jpg,dog,1,val,shirt,2330214.jpg,88,shirt,38,2330214
images/2383516.jpg,dog,1,train,shirt,2383516.jpg,88,shirt,38,2383516
images/2352286.jpg,dog,1,train,shirt,2352286.jpg,88,shirt,38,2352286
images/2406301.jpg,dog,1,train,shirt,2406301.jpg,88,shirt,38,2406301
images/2361103.jpg,dog,1,train,shirt,2361103.jpg,88,shirt,38,2361103
images/2351186.jpg,dog,1,val,shirt,2351186.jpg,88,shirt,38,2351186
images/2406798.jpg,dog,1,train,shirt,2406798.jpg,88,shirt,38,2406798
images/2369147.jpg,dog,1,train,shirt,2369147.jpg,88,shirt,38,2369147
images/2377194.jpg,dog,1,train,shirt,2377194.jpg,88,shirt,38,2377194
images/2361561.jpg,dog,1,train,shirt,2361561.jpg,88,shirt,38,2361561
images/2391621.jpg,dog,1,test,shirt,2391621.jpg,88,shirt,38,2391621
images/2319334.jpg,dog,1,train,shirt,2319334.jpg,88,shirt,38,2319334
images/2360774.jpg,dog,1,train,shirt,2360774.jpg,88,shirt,38,2360774
images/2404862.jpg,dog,1,train,shirt,2404862.jpg,88,shirt,38,2404862
images/2393911.jpg,dog,1,train,shirt,2393911.jpg,88,shirt,38,2393911
images/2365471.jpg,dog,1,train,shirt,2365471.jpg,88,shirt,38,2365471
images/2413539.jpg,dog,1,val,shirt,2413539.jpg,88,shirt,38,2413539
images/2385023.jpg,dog,1,train,shirt,2385023.jpg,88,shirt,38,2385023
images/2329885.jpg,dog,1,train,shirt,2329885.jpg,88,shirt,38,2329885
images/2387430.jpg,dog,1,train,shirt,2387430.jpg,88,shirt,38,2387430
images/2376812.jpg,dog,1,test,shirt,2376812.jpg,88,shirt,38,2376812
images/2360221.jpg,dog,1,train,shirt,2360221.jpg,88,shirt,38,2360221
images/2405624.jpg,dog,1,train,shirt,2405624.jpg,88,shirt,38,2405624
images/2380760.jpg,dog,1,train,shirt,2380760.jpg,88,shirt,38,2380760
images/2346390.jpg,dog,1,val,shirt,2346390.jpg,88,shirt,38,2346390
images/2380687.jpg,dog,1,train,shirt,2380687.jpg,88,shirt,38,2380687
images/2394065.jpg,dog,1,train,shirt,2394065.jpg,88,shirt,38,2394065
images/497973.jpg,dog,1,train,shirt,497973.jpg,88,shirt,38,497973
images/2364866.jpg,dog,1,val,shirt,2364866.jpg,88,shirt,38,2364866
images/2331774.jpg,dog,1,train,shirt,2331774.jpg,88,shirt,38,2331774
images/2379912.jpg,dog,1,val,shirt,2379912.jpg,88,shirt,38,2379912
images/2351477.jpg,dog,1,train,shirt,2351477.jpg,88,shirt,38,2351477
images/2369860.jpg,dog,1,train,shirt,2369860.jpg,88,shirt,38,2369860
images/2402737.jpg,dog,1,train,shirt,2402737.jpg,88,shirt,38,2402737
images/2375053.jpg,dog,1,train,shirt,2375053.jpg,88,shirt,38,2375053
images/2330673.jpg,dog,1,train,shirt,2330673.jpg,88,shirt,38,2330673
images/2352588.jpg,dog,1,val,shirt,2352588.jpg,88,shirt,38,2352588
images/2391488.jpg,dog,1,train,shirt,2391488.jpg,88,shirt,38,2391488
images/2333861.jpg,dog,1,train,shirt,2333861.jpg,88,shirt,38,2333861
images/1592658.jpg,dog,1,train,shirt,1592658.jpg,88,shirt,38,1592658
images/2372581.jpg,dog,1,test,shirt,2372581.jpg,88,shirt,38,2372581
images/2361800.jpg,dog,1,val,shirt,2361800.jpg,88,shirt,38,2361800
images/2390652.jpg,dog,1,val,shirt,2390652.jpg,88,shirt,38,2390652
images/2318179.jpg,dog,1,train,shirt,2318179.jpg,88,shirt,38,2318179
images/2321342.jpg,dog,1,train,shirt,2321342.jpg,88,shirt,38,2321342
images/2344647.jpg,dog,1,train,shirt,2344647.jpg,88,shirt,38,2344647
images/2416114.jpg,dog,1,train,shirt,2416114.jpg,88,shirt,38,2416114
images/2364424.jpg,dog,1,train,shirt,2364424.jpg,88,shirt,38,2364424
images/2392115.jpg,dog,1,train,shirt,2392115.jpg,88,shirt,38,2392115
images/2416279.jpg,dog,1,train,shirt,2416279.jpg,88,shirt,38,2416279
images/2405708.jpg,dog,1,train,shirt,2405708.jpg,88,shirt,38,2405708
images/2394882.jpg,dog,1,train,shirt,2394882.jpg,88,shirt,38,2394882
images/2365164.jpg,dog,1,val,shirt,2365164.jpg,88,shirt,38,2365164
images/2394890.jpg,dog,1,val,shirt,2394890.jpg,88,shirt,38,2394890
images/2396988.jpg,dog,1,train,shirt,2396988.jpg,88,shirt,38,2396988
images/2403048.jpg,dog,1,val,shirt,2403048.jpg,88,shirt,38,2403048
images/2348134.jpg,dog,1,train,shirt,2348134.jpg,88,shirt,38,2348134
images/2340498.jpg,dog,1,train,shirt,2340498.jpg,88,shirt,38,2340498
images/2371647.jpg,dog,1,train,shirt,2371647.jpg,88,shirt,38,2371647
images/2402904.jpg,dog,1,test,shirt,2402904.jpg,88,shirt,38,2402904
images/2318384.jpg,dog,1,val,shirt,2318384.jpg,88,shirt,38,2318384
images/2316723.jpg,dog,1,train,shirt,2316723.jpg,88,shirt,38,2316723
images/2318049.jpg,dog,1,train,shirt,2318049.jpg,88,shirt,38,2318049
images/2380409.jpg,dog,1,train,shirt,2380409.jpg,88,shirt,38,2380409
images/2359181.jpg,dog,1,train,shirt,2359181.jpg,88,shirt,38,2359181
images/2388411.jpg,dog,1,train,shirt,2388411.jpg,88,shirt,38,2388411
images/2321511.jpg,dog,1,train,shirt,2321511.jpg,88,shirt,38,2321511
images/2350109.jpg,dog,1,train,shirt,2350109.jpg,88,shirt,38,2350109
images/2359753.jpg,dog,1,train,shirt,2359753.jpg,88,shirt,38,2359753
images/2355727.jpg,dog,1,val,shirt,2355727.jpg,88,shirt,38,2355727
images/2367186.jpg,dog,1,val,shirt,2367186.jpg,88,shirt,38,2367186
images/2374739.jpg,dog,1,val,shirt,2374739.jpg,88,shirt,38,2374739
images/2340353.jpg,dog,1,train,shirt,2340353.jpg,88,shirt,38,2340353
images/2322764.jpg,dog,1,train,shirt,2322764.jpg,88,shirt,38,2322764
images/2366617.jpg,dog,1,train,shirt,2366617.jpg,88,shirt,38,2366617
images/2316789.jpg,dog,1,train,shirt,2316789.jpg,88,shirt,38,2316789
images/2333842.jpg,dog,1,train,shirt,2333842.jpg,88,shirt,38,2333842
images/2322281.jpg,dog,1,train,shirt,2322281.jpg,88,shirt,38,2322281
images/2395632.jpg,dog,1,val,shirt,2395632.jpg,88,shirt,38,2395632
images/2416234.jpg,dog,1,test,shirt,2416234.jpg,88,shirt,38,2416234
images/2373955.jpg,dog,1,train,shirt,2373955.jpg,88,shirt,38,2373955
images/2318999.jpg,dog,1,train,shirt,2318999.jpg,88,shirt,38,2318999
images/2405853.jpg,dog,1,train,shirt,2405853.jpg,88,shirt,38,2405853
images/2388607.jpg,dog,1,train,shirt,2388607.jpg,88,shirt,38,2388607
images/2373751.jpg,dog,1,val,shirt,2373751.jpg,88,shirt,38,2373751
images/2363971.jpg,dog,1,val,shirt,2363971.jpg,88,shirt,38,2363971
images/2364024.jpg,dog,1,train,shirt,2364024.jpg,88,shirt,38,2364024
images/2359576.jpg,dog,1,train,shirt,2359576.jpg,88,shirt,38,2359576
images/2317661.jpg,dog,1,train,shirt,2317661.jpg,88,shirt,38,2317661
images/2395166.jpg,dog,1,val,shirt,2395166.jpg,88,shirt,38,2395166
images/2393573.jpg,dog,1,train,shirt,2393573.jpg,88,shirt,38,2393573
images/2352906.jpg,dog,1,train,shirt,2352906.jpg,88,shirt,38,2352906
images/2397787.jpg,dog,1,train,shirt,2397787.jpg,88,shirt,38,2397787
images/2373696.jpg,dog,1,train,shirt,2373696.jpg,88,shirt,38,2373696
images/2400991.jpg,dog,1,train,shirt,2400991.jpg,88,shirt,38,2400991
images/2390235.jpg,dog,1,val,shirt,2390235.jpg,88,shirt,38,2390235
images/2353356.jpg,dog,1,val,shirt,2353356.jpg,88,shirt,38,2353356
images/2406821.jpg,dog,1,val,shirt,2406821.jpg,88,shirt,38,2406821
images/2364515.jpg,dog,1,val,shirt,2364515.jpg,88,shirt,38,2364515
images/2346157.jpg,dog,1,train,shirt,2346157.jpg,88,shirt,38,2346157
images/2367512.jpg,dog,1,train,shirt,2367512.jpg,88,shirt,38,2367512
images/2382814.jpg,dog,1,train,shirt,2382814.jpg,88,shirt,38,2382814
images/2370.jpg,dog,1,val,shirt,2370.jpg,88,shirt,38,2370
images/2383718.jpg,dog,1,test,shirt,2383718.jpg,88,shirt,38,2383718
images/2341577.jpg,dog,1,train,shirt,2341577.jpg,88,shirt,38,2341577
images/2356877.jpg,dog,1,train,shirt,2356877.jpg,88,shirt,38,2356877
images/2391849.jpg,dog,1,val,shirt,2391849.jpg,88,shirt,38,2391849
images/2396164.jpg,dog,1,train,shirt,2396164.jpg,88,shirt,38,2396164
images/2388197.jpg,dog,1,train,shirt,2388197.jpg,88,shirt,38,2388197
images/2345151.jpg,dog,1,val,shirt,2345151.jpg,88,shirt,38,2345151
images/2401902.jpg,dog,1,test,shirt,2401902.jpg,88,shirt,38,2401902
images/2335375.jpg,dog,1,train,shirt,2335375.jpg,88,shirt,38,2335375
images/2329537.jpg,dog,1,val,shirt,2329537.jpg,88,shirt,38,2329537
images/2341368.jpg,dog,1,val,shirt,2341368.jpg,88,shirt,38,2341368
images/2417119.jpg,dog,1,train,shirt,2417119.jpg,88,shirt,38,2417119
images/2359224.jpg,dog,1,train,shirt,2359224.jpg,88,shirt,38,2359224
images/2323280.jpg,dog,1,test,shirt,2323280.jpg,88,shirt,38,2323280
images/2362620.jpg,dog,1,train,shirt,2362620.jpg,88,shirt,38,2362620
images/1592443.jpg,dog,1,train,shirt,1592443.jpg,88,shirt,38,1592443
images/2344149.jpg,dog,1,train,shirt,2344149.jpg,88,shirt,38,2344149
images/2375426.jpg,dog,1,train,shirt,2375426.jpg,88,shirt,38,2375426
images/2365507.jpg,dog,1,train,shirt,2365507.jpg,88,shirt,38,2365507
images/2339803.jpg,dog,1,train,shirt,2339803.jpg,88,shirt,38,2339803
images/2407605.jpg,dog,1,train,shirt,2407605.jpg,88,shirt,38,2407605
images/2398532.jpg,dog,1,train,shirt,2398532.jpg,88,shirt,38,2398532
images/2377573.jpg,dog,1,train,shirt,2377573.jpg,88,shirt,38,2377573
images/2320118.jpg,dog,1,train,shirt,2320118.jpg,88,shirt,38,2320118
images/2338677.jpg,dog,1,val,shirt,2338677.jpg,88,shirt,38,2338677
images/2350300.jpg,dog,1,train,shirt,2350300.jpg,88,shirt,38,2350300
images/2413856.jpg,dog,1,train,shirt,2413856.jpg,88,shirt,38,2413856
images/2359038.jpg,dog,1,train,shirt,2359038.jpg,88,shirt,38,2359038
images/2328062.jpg,dog,1,test,shirt,2328062.jpg,88,shirt,38,2328062
images/2371440.jpg,dog,1,val,shirt,2371440.jpg,88,shirt,38,2371440
images/2344110.jpg,dog,1,val,shirt,2344110.jpg,88,shirt,38,2344110
images/713048.jpg,dog,1,test,shirt,713048.jpg,88,shirt,38,713048
images/2340500.jpg,dog,1,val,shirt,2340500.jpg,88,shirt,38,2340500
images/2324914.jpg,dog,1,train,shirt,2324914.jpg,88,shirt,38,2324914
images/2368671.jpg,dog,1,train,shirt,2368671.jpg,88,shirt,38,2368671
images/2416475.jpg,dog,1,train,shirt,2416475.jpg,88,shirt,38,2416475
images/2390039.jpg,dog,1,train,shirt,2390039.jpg,88,shirt,38,2390039
images/2355121.jpg,dog,1,train,shirt,2355121.jpg,88,shirt,38,2355121
images/2377871.jpg,dog,1,test,shirt,2377871.jpg,88,shirt,38,2377871
images/2380863.jpg,dog,1,train,shirt,2380863.jpg,88,shirt,38,2380863
images/2399755.jpg,dog,1,test,shirt,2399755.jpg,88,shirt,38,2399755
images/2324410.jpg,dog,1,train,shirt,2324410.jpg,88,shirt,38,2324410
images/4592.jpg,dog,1,val,shirt,4592.jpg,88,shirt,38,4592
images/2365030.jpg,dog,1,train,shirt,2365030.jpg,88,shirt,38,2365030
images/2326497.jpg,dog,1,train,shirt,2326497.jpg,88,shirt,38,2326497
images/2409092.jpg,dog,1,train,shirt,2409092.jpg,88,shirt,38,2409092
images/2373458.jpg,dog,1,train,shirt,2373458.jpg,88,shirt,38,2373458
images/2339336.jpg,dog,1,train,shirt,2339336.jpg,88,shirt,38,2339336
images/2380985.jpg,dog,1,train,shirt,2380985.jpg,88,shirt,38,2380985
images/2395520.jpg,dog,1,train,shirt,2395520.jpg,88,shirt,38,2395520
images/2336848.jpg,dog,1,test,shirt,2336848.jpg,88,shirt,38,2336848
images/2408755.jpg,dog,1,train,shirt,2408755.jpg,88,shirt,38,2408755
images/2394647.jpg,dog,1,train,shirt,2394647.jpg,88,shirt,38,2394647
images/2386134.jpg,dog,1,test,shirt,2386134.jpg,88,shirt,38,2386134
images/2331644.jpg,dog,1,train,shirt,2331644.jpg,88,shirt,38,2331644
images/2369450.jpg,dog,1,train,shirt,2369450.jpg,88,shirt,38,2369450
images/2324536.jpg,dog,1,train,shirt,2324536.jpg,88,shirt,38,2324536
images/2318635.jpg,dog,1,train,shirt,2318635.jpg,88,shirt,38,2318635
images/2400563.jpg,dog,1,train,shirt,2400563.jpg,88,shirt,38,2400563
images/2411557.jpg,dog,1,test,shirt,2411557.jpg,88,shirt,38,2411557
images/2318369.jpg,dog,1,train,shirt,2318369.jpg,88,shirt,38,2318369
images/2407734.jpg,dog,1,val,shirt,2407734.jpg,88,shirt,38,2407734
images/2318692.jpg,dog,1,train,shirt,2318692.jpg,88,shirt,38,2318692
images/2379710.jpg,dog,1,train,shirt,2379710.jpg,88,shirt,38,2379710
images/2374798.jpg,dog,1,train,shirt,2374798.jpg,88,shirt,38,2374798
images/2335936.jpg,dog,1,train,shirt,2335936.jpg,88,shirt,38,2335936
images/2396422.jpg,dog,1,val,shirt,2396422.jpg,88,shirt,38,2396422
images/2338103.jpg,dog,1,val,shirt,2338103.jpg,88,shirt,38,2338103
images/2339367.jpg,dog,1,val,shirt,2339367.jpg,88,shirt,38,2339367
images/2396753.jpg,dog,1,train,shirt,2396753.jpg,88,shirt,38,2396753
images/2383956.jpg,dog,1,val,shirt,2383956.jpg,88,shirt,38,2383956
images/2339890.jpg,dog,1,train,shirt,2339890.jpg,88,shirt,38,2339890
images/2385897.jpg,dog,1,val,shirt,2385897.jpg,88,shirt,38,2385897
images/2374913.jpg,dog,1,val,shirt,2374913.jpg,88,shirt,38,2374913
images/2417150.jpg,dog,1,val,shirt,2417150.jpg,88,shirt,38,2417150
images/2386512.jpg,dog,1,train,shirt,2386512.jpg,88,shirt,38,2386512
images/2406155.jpg,dog,1,val,shirt,2406155.jpg,88,shirt,38,2406155
images/2350595.jpg,dog,1,train,shirt,2350595.jpg,88,shirt,38,2350595
images/2366052.jpg,dog,1,train,shirt,2366052.jpg,88,shirt,38,2366052
images/2360443.jpg,dog,1,train,shirt,2360443.jpg,88,shirt,38,2360443
images/2409740.jpg,dog,1,train,shirt,2409740.jpg,88,shirt,38,2409740
images/2347526.jpg,dog,1,train,shirt,2347526.jpg,88,shirt,38,2347526
images/2411786.jpg,dog,1,val,shirt,2411786.jpg,88,shirt,38,2411786
images/2335189.jpg,dog,1,train,shirt,2335189.jpg,88,shirt,38,2335189
images/2406283.jpg,dog,1,train,shirt,2406283.jpg,88,shirt,38,2406283
images/2367636.jpg,dog,1,train,shirt,2367636.jpg,88,shirt,38,2367636
images/2347373.jpg,dog,1,train,shirt,2347373.jpg,88,shirt,38,2347373
images/2363267.jpg,dog,1,train,shirt,2363267.jpg,88,shirt,38,2363267
images/2333871.jpg,dog,1,train,shirt,2333871.jpg,88,shirt,38,2333871
images/2345544.jpg,dog,1,train,shirt,2345544.jpg,88,shirt,38,2345544
images/2361973.jpg,dog,1,val,shirt,2361973.jpg,88,shirt,38,2361973
images/2370001.jpg,dog,1,val,shirt,2370001.jpg,88,shirt,38,2370001
images/2413586.jpg,dog,1,train,shirt,2413586.jpg,88,shirt,38,2413586
images/2397768.jpg,dog,1,train,shirt,2397768.jpg,88,shirt,38,2397768
images/2341743.jpg,dog,1,train,shirt,2341743.jpg,88,shirt,38,2341743
images/2416883.jpg,dog,1,train,shirt,2416883.jpg,88,shirt,38,2416883
images/2344583.jpg,dog,1,val,shirt,2344583.jpg,88,shirt,38,2344583
images/2324192.jpg,dog,1,train,shirt,2324192.jpg,88,shirt,38,2324192
images/2380091.jpg,dog,1,train,shirt,2380091.jpg,88,shirt,38,2380091
images/2393173.jpg,dog,1,test,shirt,2393173.jpg,88,shirt,38,2393173
images/2358659.jpg,dog,1,train,shirt,2358659.jpg,88,shirt,38,2358659
images/2392586.jpg,dog,1,train,shirt,2392586.jpg,88,shirt,38,2392586
images/2362928.jpg,dog,1,val,shirt,2362928.jpg,88,shirt,38,2362928
images/2325492.jpg,dog,1,train,shirt,2325492.jpg,88,shirt,38,2325492
images/2333690.jpg,dog,1,val,shirt,2333690.jpg,88,shirt,38,2333690
images/2389743.jpg,dog,1,train,shirt,2389743.jpg,88,shirt,38,2389743
images/2370923.jpg,dog,1,train,shirt,2370923.jpg,88,shirt,38,2370923
images/2367842.jpg,dog,1,train,truck,2367842.jpg,97,truck,47,2367842
images/2392123.jpg,dog,1,train,truck,2392123.jpg,97,truck,47,2392123
images/2390732.jpg,dog,1,train,truck,2390732.jpg,97,truck,47,2390732
images/2316038.jpg,dog,1,train,truck,2316038.jpg,97,truck,47,2316038
images/2416855.jpg,dog,1,train,truck,2416855.jpg,97,truck,47,2416855
images/2379667.jpg,dog,1,train,truck,2379667.jpg,97,truck,47,2379667
images/2339453.jpg,dog,1,train,truck,2339453.jpg,97,truck,47,2339453
images/107967.jpg,dog,1,train,truck,107967.jpg,97,truck,47,107967
images/2338012.jpg,dog,1,val,truck,2338012.jpg,97,truck,47,2338012
images/2388171.jpg,dog,1,train,truck,2388171.jpg,97,truck,47,2388171
images/2410303.jpg,dog,1,test,truck,2410303.jpg,97,truck,47,2410303
images/2408746.jpg,dog,1,train,truck,2408746.jpg,97,truck,47,2408746
images/2393918.jpg,dog,1,train,truck,2393918.jpg,97,truck,47,2393918
images/2369089.jpg,dog,1,train,truck,2369089.jpg,97,truck,47,2369089
images/2346902.jpg,dog,1,train,truck,2346902.jpg,97,truck,47,2346902
images/2369968.jpg,dog,1,test,truck,2369968.jpg,97,truck,47,2369968
images/285822.jpg,dog,1,train,truck,285822.jpg,97,truck,47,285822
images/2354523.jpg,dog,1,train,truck,2354523.jpg,97,truck,47,2354523
images/2371675.jpg,dog,1,val,truck,2371675.jpg,97,truck,47,2371675
images/2357815.jpg,dog,1,train,truck,2357815.jpg,97,truck,47,2357815
images/2372493.jpg,dog,1,train,truck,2372493.jpg,97,truck,47,2372493
images/2352782.jpg,dog,1,train,truck,2352782.jpg,97,truck,47,2352782
images/2397585.jpg,dog,1,test,truck,2397585.jpg,97,truck,47,2397585
images/2329912.jpg,dog,1,train,truck,2329912.jpg,97,truck,47,2329912
images/2399755.jpg,dog,1,train,truck,2399755.jpg,97,truck,47,2399755
images/2351550.jpg,dog,1,train,truck,2351550.jpg,97,truck,47,2351550
images/2380863.jpg,dog,1,val,truck,2380863.jpg,97,truck,47,2380863
images/2417890.jpg,dog,1,train,truck,2417890.jpg,97,truck,47,2417890
images/2362606.jpg,dog,1,train,truck,2362606.jpg,97,truck,47,2362606
images/2414629.jpg,dog,1,train,truck,2414629.jpg,97,truck,47,2414629
images/2398047.jpg,dog,1,train,truck,2398047.jpg,97,truck,47,2398047
images/2399207.jpg,dog,1,train,truck,2399207.jpg,97,truck,47,2399207
images/2370660.jpg,dog,1,val,truck,2370660.jpg,97,truck,47,2370660
images/2384576.jpg,dog,1,test,truck,2384576.jpg,97,truck,47,2384576
images/2386762.jpg,dog,1,test,truck,2386762.jpg,97,truck,47,2386762
images/1592385.jpg,dog,1,train,truck,1592385.jpg,97,truck,47,1592385
images/2378872.jpg,dog,1,val,truck,2378872.jpg,97,truck,47,2378872
images/2402433.jpg,dog,1,train,truck,2402433.jpg,97,truck,47,2402433
images/2337684.jpg,dog,1,train,truck,2337684.jpg,97,truck,47,2337684
images/2351815.jpg,dog,1,train,truck,2351815.jpg,97,truck,47,2351815
images/2373754.jpg,dog,1,train,truck,2373754.jpg,97,truck,47,2373754
images/2359911.jpg,dog,1,val,truck,2359911.jpg,97,truck,47,2359911
images/2370819.jpg,dog,1,train,truck,2370819.jpg,97,truck,47,2370819
images/2349742.jpg,dog,1,train,truck,2349742.jpg,97,truck,47,2349742
images/2337628.jpg,dog,1,train,truck,2337628.jpg,97,truck,47,2337628
images/2321113.jpg,dog,1,train,truck,2321113.jpg,97,truck,47,2321113
images/2395277.jpg,dog,1,test,truck,2395277.jpg,97,truck,47,2395277
images/2369.jpg,dog,1,val,truck,2369.jpg,97,truck,47,2369
images/2394687.jpg,dog,1,val,truck,2394687.jpg,97,truck,47,2394687
images/2332339.jpg,dog,1,train,truck,2332339.jpg,97,truck,47,2332339
images/2334244.jpg,dog,1,train,truck,2334244.jpg,97,truck,47,2334244
images/2402597.jpg,dog,1,val,truck,2402597.jpg,97,truck,47,2402597
images/2389743.jpg,dog,1,train,truck,2389743.jpg,97,truck,47,2389743
images/2374749.jpg,dog,1,train,truck,2374749.jpg,97,truck,47,2374749
images/2381618.jpg,dog,1,train,truck,2381618.jpg,97,truck,47,2381618
images/2373696.jpg,dog,1,train,truck,2373696.jpg,97,truck,47,2373696
images/2339161.jpg,dog,1,train,truck,2339161.jpg,97,truck,47,2339161
images/2401124.jpg,dog,1,val,truck,2401124.jpg,97,truck,47,2401124
images/2360436.jpg,dog,1,train,truck,2360436.jpg,97,truck,47,2360436
images/2319880.jpg,dog,1,train,truck,2319880.jpg,97,truck,47,2319880
images/2411487.jpg,dog,1,val,truck,2411487.jpg,97,truck,47,2411487
images/2414213.jpg,dog,1,train,truck,2414213.jpg,97,truck,47,2414213
images/2343433.jpg,dog,1,train,truck,2343433.jpg,97,truck,47,2343433
images/2383550.jpg,dog,1,train,sand,2383550.jpg,85,sand,35,2383550
images/2388687.jpg,dog,1,train,sand,2388687.jpg,85,sand,35,2388687
images/2405419.jpg,dog,1,train,sand,2405419.jpg,85,sand,35,2405419
images/2331063.jpg,dog,1,train,sand,2331063.jpg,85,sand,35,2331063
images/2386443.jpg,dog,1,train,sand,2386443.jpg,85,sand,35,2386443
images/2393152.jpg,dog,1,train,sand,2393152.jpg,85,sand,35,2393152
images/2323367.jpg,dog,1,train,sand,2323367.jpg,85,sand,35,2323367
images/2382814.jpg,dog,1,test,sand,2382814.jpg,85,sand,35,2382814
images/2382082.jpg,dog,1,train,sand,2382082.jpg,85,sand,35,2382082
images/2372721.jpg,dog,1,train,sand,2372721.jpg,85,sand,35,2372721
images/2374573.jpg,dog,1,test,sand,2374573.jpg,85,sand,35,2374573
images/2345384.jpg,dog,1,train,sand,2345384.jpg,85,sand,35,2345384
images/2372037.jpg,dog,1,train,sand,2372037.jpg,85,sand,35,2372037
images/2316030.jpg,dog,1,train,sand,2316030.jpg,85,sand,35,2316030
images/2394611.jpg,dog,1,test,sand,2394611.jpg,85,sand,35,2394611
images/2346815.jpg,dog,1,val,sand,2346815.jpg,85,sand,35,2346815
images/2400608.jpg,dog,1,train,sand,2400608.jpg,85,sand,35,2400608
images/2404081.jpg,dog,1,val,sand,2404081.jpg,85,sand,35,2404081
images/2376950.jpg,dog,1,train,sand,2376950.jpg,85,sand,35,2376950
images/2340388.jpg,dog,1,val,sand,2340388.jpg,85,sand,35,2340388
images/2381777.jpg,dog,1,train,sand,2381777.jpg,85,sand,35,2381777
images/2363530.jpg,dog,1,train,sand,2363530.jpg,85,sand,35,2363530
images/2352573.jpg,dog,1,train,sand,2352573.jpg,85,sand,35,2352573
images/2345765.jpg,dog,1,test,sand,2345765.jpg,85,sand,35,2345765
images/2354475.jpg,dog,1,train,sand,2354475.jpg,85,sand,35,2354475
images/2350468.jpg,dog,1,train,sand,2350468.jpg,85,sand,35,2350468
images/2368057.jpg,dog,1,val,sand,2368057.jpg,85,sand,35,2368057
images/2345635.jpg,dog,1,train,sand,2345635.jpg,85,sand,35,2345635
images/2380760.jpg,dog,1,train,sand,2380760.jpg,85,sand,35,2380760
images/2406607.jpg,dog,1,train,sand,2406607.jpg,85,sand,35,2406607
images/2377113.jpg,dog,1,train,sand,2377113.jpg,85,sand,35,2377113
images/2348253.jpg,dog,1,train,sand,2348253.jpg,85,sand,35,2348253
images/2339341.jpg,dog,1,train,sand,2339341.jpg,85,sand,35,2339341
images/2320868.jpg,dog,1,test,sand,2320868.jpg,85,sand,35,2320868
images/2339770.jpg,dog,1,train,sand,2339770.jpg,85,sand,35,2339770
images/2409721.jpg,dog,1,val,sand,2409721.jpg,85,sand,35,2409721
images/2344234.jpg,dog,1,val,sand,2344234.jpg,85,sand,35,2344234
images/2354569.jpg,dog,1,train,sand,2354569.jpg,85,sand,35,2354569
images/2361220.jpg,dog,1,test,sand,2361220.jpg,85,sand,35,2361220
images/2357485.jpg,dog,1,train,sand,2357485.jpg,85,sand,35,2357485
images/2349288.jpg,dog,1,train,sand,2349288.jpg,85,sand,35,2349288
images/2336027.jpg,dog,1,train,sand,2336027.jpg,85,sand,35,2336027
images/2348502.jpg,dog,1,val,sand,2348502.jpg,85,sand,35,2348502
images/2417487.jpg,dog,1,train,sand,2417487.jpg,85,sand,35,2417487
images/2335060.jpg,dog,1,train,sand,2335060.jpg,85,sand,35,2335060
images/2324403.jpg,dog,1,train,sand,2324403.jpg,85,sand,35,2324403
images/2354471.jpg,dog,1,train,sand,2354471.jpg,85,sand,35,2354471
images/2362763.jpg,dog,1,test,sand,2362763.jpg,85,sand,35,2362763
images/2346637.jpg,dog,1,train,sand,2346637.jpg,85,sand,35,2346637
images/2392565.jpg,dog,1,train,sand,2392565.jpg,85,sand,35,2392565
images/2379730.jpg,dog,1,train,sand,2379730.jpg,85,sand,35,2379730
images/2343526.jpg,dog,1,train,sand,2343526.jpg,85,sand,35,2343526
images/2334223.jpg,dog,1,train,sand,2334223.jpg,85,sand,35,2334223
images/2368054.jpg,dog,1,train,sand,2368054.jpg,85,sand,35,2368054
images/2366676.jpg,dog,1,train,sand,2366676.jpg,85,sand,35,2366676
images/2318179.jpg,dog,1,train,sand,2318179.jpg,85,sand,35,2318179
images/2392202.jpg,dog,1,train,sand,2392202.jpg,85,sand,35,2392202
images/2388726.jpg,dog,1,train,sand,2388726.jpg,85,sand,35,2388726
images/2332607.jpg,dog,1,train,sand,2332607.jpg,85,sand,35,2332607
images/2407612.jpg,dog,1,train,sand,2407612.jpg,85,sand,35,2407612
images/2404537.jpg,dog,1,train,sand,2404537.jpg,85,sand,35,2404537
images/2393332.jpg,dog,1,train,sand,2393332.jpg,85,sand,35,2393332
images/2371402.jpg,dog,1,train,sand,2371402.jpg,85,sand,35,2371402
images/2320542.jpg,dog,1,train,sand,2320542.jpg,85,sand,35,2320542
images/2412342.jpg,dog,1,train,sand,2412342.jpg,85,sand,35,2412342
images/2416731.jpg,dog,1,train,sand,2416731.jpg,85,sand,35,2416731
images/2356259.jpg,dog,1,val,sand,2356259.jpg,85,sand,35,2356259
images/2403048.jpg,dog,1,train,sand,2403048.jpg,85,sand,35,2403048
images/2355172.jpg,dog,1,val,sand,2355172.jpg,85,sand,35,2355172
images/2392036.jpg,dog,1,train,sand,2392036.jpg,85,sand,35,2392036
images/2362161.jpg,dog,1,train,sand,2362161.jpg,85,sand,35,2362161
images/2335823.jpg,dog,1,val,sand,2335823.jpg,85,sand,35,2335823
images/2364766.jpg,dog,1,train,sand,2364766.jpg,85,sand,35,2364766
images/2368610.jpg,dog,1,train,sand,2368610.jpg,85,sand,35,2368610
images/2323342.jpg,dog,1,train,sand,2323342.jpg,85,sand,35,2323342
images/2412794.jpg,dog,1,val,sand,2412794.jpg,85,sand,35,2412794
images/713680.jpg,dog,1,train,sand,713680.jpg,85,sand,35,713680
images/2410221.jpg,dog,1,train,sand,2410221.jpg,85,sand,35,2410221
images/2397204.jpg,dog,1,train,sand,2397204.jpg,85,sand,35,2397204
images/2388263.jpg,dog,1,train,sand,2388263.jpg,85,sand,35,2388263
images/2322764.jpg,dog,1,train,sand,2322764.jpg,85,sand,35,2322764
images/2350325.jpg,dog,1,train,sand,2350325.jpg,85,sand,35,2350325
images/2350595.jpg,dog,1,train,sand,2350595.jpg,85,sand,35,2350595
images/2327364.jpg,dog,1,train,sand,2327364.jpg,85,sand,35,2327364
images/2384455.jpg,dog,1,train,sand,2384455.jpg,85,sand,35,2384455
images/2368925.jpg,dog,1,train,sand,2368925.jpg,85,sand,35,2368925
images/2339561.jpg,dog,1,train,sand,2339561.jpg,85,sand,35,2339561
images/2345931.jpg,dog,1,val,sand,2345931.jpg,85,sand,35,2345931
images/2397768.jpg,dog,1,train,sand,2397768.jpg,85,sand,35,2397768
images/2365285.jpg,dog,1,train,sand,2365285.jpg,85,sand,35,2365285
images/2324192.jpg,dog,1,train,sand,2324192.jpg,85,sand,35,2324192
images/2340709.jpg,dog,1,train,sand,2340709.jpg,85,sand,35,2340709
images/2381223.jpg,dog,1,train,sand,2381223.jpg,85,sand,35,2381223
images/2360637.jpg,dog,1,test,sand,2360637.jpg,85,sand,35,2360637
images/2342008.jpg,dog,1,train,sand,2342008.jpg,85,sand,35,2342008
images/2339161.jpg,dog,1,val,sand,2339161.jpg,85,sand,35,2339161
images/2392675.jpg,dog,1,train,sand,2392675.jpg,85,sand,35,2392675
images/2334564.jpg,dog,1,train,man,2334564.jpg,76,man,26,2334564
images/2315539.jpg,dog,1,train,man,2315539.jpg,76,man,26,2315539
images/2359938.jpg,dog,1,train,man,2359938.jpg,76,man,26,2359938
images/2336712.jpg,dog,1,train,man,2336712.jpg,76,man,26,2336712
images/2409697.jpg,dog,1,val,man,2409697.jpg,76,man,26,2409697
images/2410817.jpg,dog,1,val,man,2410817.jpg,76,man,26,2410817
images/2350336.jpg,dog,1,val,man,2350336.jpg,76,man,26,2350336
images/2395684.jpg,dog,1,train,man,2395684.jpg,76,man,26,2395684
images/2417732.jpg,dog,1,train,man,2417732.jpg,76,man,26,2417732
images/2326960.jpg,dog,1,train,man,2326960.jpg,76,man,26,2326960
images/2350995.jpg,dog,1,train,man,2350995.jpg,76,man,26,2350995
images/2374386.jpg,dog,1,test,man,2374386.jpg,76,man,26,2374386
images/2381417.jpg,dog,1,train,man,2381417.jpg,76,man,26,2381417
images/2341071.jpg,dog,1,train,man,2341071.jpg,76,man,26,2341071
images/2384517.jpg,dog,1,train,man,2384517.jpg,76,man,26,2384517
images/2397585.jpg,dog,1,train,man,2397585.jpg,76,man,26,2397585
images/2375883.jpg,dog,1,train,man,2375883.jpg,76,man,26,2375883
images/2382688.jpg,dog,1,train,man,2382688.jpg,76,man,26,2382688
images/2384339.jpg,dog,1,train,man,2384339.jpg,76,man,26,2384339
images/2324546.jpg,dog,1,train,man,2324546.jpg,76,man,26,2324546
images/2366961.jpg,dog,1,train,man,2366961.jpg,76,man,26,2366961
images/2366353.jpg,dog,1,test,man,2366353.jpg,76,man,26,2366353
images/2391492.jpg,dog,1,test,man,2391492.jpg,76,man,26,2391492
images/2376950.jpg,dog,1,train,man,2376950.jpg,76,man,26,2376950
images/2361930.jpg,dog,1,train,man,2361930.jpg,76,man,26,2361930
images/2351205.jpg,dog,1,val,man,2351205.jpg,76,man,26,2351205
images/2409085.jpg,dog,1,train,man,2409085.jpg,76,man,26,2409085
images/2415617.jpg,dog,1,train,man,2415617.jpg,76,man,26,2415617
images/2393765.jpg,dog,1,train,man,2393765.jpg,76,man,26,2393765
images/2381209.jpg,dog,1,val,man,2381209.jpg,76,man,26,2381209
images/2358614.jpg,dog,1,val,man,2358614.jpg,76,man,26,2358614
images/2324236.jpg,dog,1,train,man,2324236.jpg,76,man,26,2324236
images/2379484.jpg,dog,1,train,man,2379484.jpg,76,man,26,2379484
images/2344455.jpg,dog,1,train,man,2344455.jpg,76,man,26,2344455
images/2386513.jpg,dog,1,train,man,2386513.jpg,76,man,26,2386513
images/2413278.jpg,dog,1,train,man,2413278.jpg,76,man,26,2413278
images/2412702.jpg,dog,1,val,man,2412702.jpg,76,man,26,2412702
images/2352484.jpg,dog,1,train,man,2352484.jpg,76,man,26,2352484
images/2343433.jpg,dog,1,train,man,2343433.jpg,76,man,26,2343433
images/2394449.jpg,dog,1,train,man,2394449.jpg,76,man,26,2394449
images/2330356.jpg,dog,1,train,man,2330356.jpg,76,man,26,2330356
images/2357994.jpg,dog,1,train,man,2357994.jpg,76,man,26,2357994
images/2371032.jpg,dog,1,train,man,2371032.jpg,76,man,26,2371032
images/2404933.jpg,dog,1,train,man,2404933.jpg,76,man,26,2404933
images/2345831.jpg,dog,1,train,man,2345831.jpg,76,man,26,2345831
images/2355266.jpg,dog,1,train,man,2355266.jpg,76,man,26,2355266
images/2370203.jpg,dog,1,train,man,2370203.jpg,76,man,26,2370203
images/2406607.jpg,dog,1,test,man,2406607.jpg,76,man,26,2406607
images/1593164.jpg,dog,1,train,man,1593164.jpg,76,man,26,1593164
images/286019.jpg,dog,1,train,man,286019.jpg,76,man,26,286019
images/2380834.jpg,dog,1,train,man,2380834.jpg,76,man,26,2380834
images/2377704.jpg,dog,1,train,man,2377704.jpg,76,man,26,2377704
images/2395227.jpg,dog,1,test,man,2395227.jpg,76,man,26,2395227
images/2400374.jpg,dog,1,val,man,2400374.jpg,76,man,26,2400374
images/2370727.jpg,dog,1,test,man,2370727.jpg,76,man,26,2370727
images/2377932.jpg,dog,1,train,man,2377932.jpg,76,man,26,2377932
images/498019.jpg,dog,1,train,man,498019.jpg,76,man,26,498019
images/2351550.jpg,dog,1,train,man,2351550.jpg,76,man,26,2351550
images/2320410.jpg,dog,1,train,man,2320410.jpg,76,man,26,2320410
images/2358897.jpg,dog,1,test,man,2358897.jpg,76,man,26,2358897
images/2358221.jpg,dog,1,train,man,2358221.jpg,76,man,26,2358221
images/2414534.jpg,dog,1,train,man,2414534.jpg,76,man,26,2414534
images/2324645.jpg,dog,1,train,man,2324645.jpg,76,man,26,2324645
images/2331066.jpg,dog,1,train,man,2331066.jpg,76,man,26,2331066
images/2315606.jpg,dog,1,train,man,2315606.jpg,76,man,26,2315606
images/2407510.jpg,dog,1,train,man,2407510.jpg,76,man,26,2407510
images/2316809.jpg,dog,1,train,man,2316809.jpg,76,man,26,2316809
images/2400958.jpg,dog,1,test,man,2400958.jpg,76,man,26,2400958
images/2360562.jpg,dog,1,train,man,2360562.jpg,76,man,26,2360562
images/2362379.jpg,dog,1,train,man,2362379.jpg,76,man,26,2362379
images/1591917.jpg,dog,1,train,man,1591917.jpg,76,man,26,1591917
images/2330218.jpg,dog,1,test,man,2330218.jpg,76,man,26,2330218
images/2346637.jpg,dog,1,train,man,2346637.jpg,76,man,26,2346637
images/2325354.jpg,dog,1,val,man,2325354.jpg,76,man,26,2325354
images/722.jpg,dog,1,val,man,722.jpg,76,man,26,722
images/2414301.jpg,dog,1,train,man,2414301.jpg,76,man,26,2414301
images/2413346.jpg,dog,1,train,man,2413346.jpg,76,man,26,2413346
images/2323635.jpg,dog,1,train,man,2323635.jpg,76,man,26,2323635
images/2343526.jpg,dog,1,train,man,2343526.jpg,76,man,26,2343526
images/2392202.jpg,dog,1,val,man,2392202.jpg,76,man,26,2392202
images/2385923.jpg,dog,1,val,man,2385923.jpg,76,man,26,2385923
images/2376794.jpg,dog,1,test,man,2376794.jpg,76,man,26,2376794
images/2380115.jpg,dog,1,train,man,2380115.jpg,76,man,26,2380115
images/2377018.jpg,dog,1,train,man,2377018.jpg,76,man,26,2377018
images/2393332.jpg,dog,1,train,man,2393332.jpg,76,man,26,2393332
images/2375589.jpg,dog,1,train,man,2375589.jpg,76,man,26,2375589
images/2417191.jpg,dog,1,val,man,2417191.jpg,76,man,26,2417191
images/2412687.jpg,dog,1,val,man,2412687.jpg,76,man,26,2412687
images/2317067.jpg,dog,1,val,man,2317067.jpg,76,man,26,2317067
images/2337026.jpg,dog,1,test,man,2337026.jpg,76,man,26,2337026
images/2351814.jpg,dog,1,train,man,2351814.jpg,76,man,26,2351814
images/2409245.jpg,dog,1,val,man,2409245.jpg,76,man,26,2409245
images/2334261.jpg,dog,1,train,man,2334261.jpg,76,man,26,2334261
images/2330764.jpg,dog,1,train,man,2330764.jpg,76,man,26,2330764
images/2368734.jpg,dog,1,train,man,2368734.jpg,76,man,26,2368734
images/2339756.jpg,dog,1,val,man,2339756.jpg,76,man,26,2339756
images/1592385.jpg,dog,1,train,man,1592385.jpg,76,man,26,1592385
images/2373754.jpg,dog,1,train,man,2373754.jpg,76,man,26,2373754
images/2320636.jpg,dog,1,val,man,2320636.jpg,76,man,26,2320636
images/2362554.jpg,dog,1,train,man,2362554.jpg,76,man,26,2362554
images/2321661.jpg,dog,1,train,man,2321661.jpg,76,man,26,2321661
images/2318372.jpg,dog,1,train,man,2318372.jpg,76,man,26,2318372
images/2356259.jpg,dog,1,val,man,2356259.jpg,76,man,26,2356259
images/2369.jpg,dog,1,val,man,2369.jpg,76,man,26,2369
images/2395889.jpg,dog,1,val,man,2395889.jpg,76,man,26,2395889
images/2377157.jpg,dog,1,test,man,2377157.jpg,76,man,26,2377157
images/2380298.jpg,dog,1,train,man,2380298.jpg,76,man,26,2380298
images/2384849.jpg,dog,1,train,man,2384849.jpg,76,man,26,2384849
images/2350677.jpg,dog,1,val,man,2350677.jpg,76,man,26,2350677
images/2416796.jpg,dog,1,train,man,2416796.jpg,76,man,26,2416796
images/2316952.jpg,dog,1,train,man,2316952.jpg,76,man,26,2316952
images/2322200.jpg,dog,1,test,man,2322200.jpg,76,man,26,2322200
images/2361529.jpg,dog,1,test,man,2361529.jpg,76,man,26,2361529
images/2382399.jpg,dog,1,train,man,2382399.jpg,76,man,26,2382399
images/713943.jpg,dog,1,train,man,713943.jpg,76,man,26,713943
images/2328869.jpg,dog,1,train,man,2328869.jpg,76,man,26,2328869
images/2375910.jpg,dog,1,train,man,2375910.jpg,76,man,26,2375910
images/2368834.jpg,dog,1,train,man,2368834.jpg,76,man,26,2368834
images/2379063.jpg,dog,1,train,man,2379063.jpg,76,man,26,2379063
images/2392123.jpg,dog,1,test,man,2392123.jpg,76,man,26,2392123
images/2403124.jpg,dog,1,test,man,2403124.jpg,76,man,26,2403124
images/2329292.jpg,dog,1,val,man,2329292.jpg,76,man,26,2329292
images/713723.jpg,dog,1,val,man,713723.jpg,76,man,26,713723
images/2414707.jpg,dog,1,train,man,2414707.jpg,76,man,26,2414707
images/2397149.jpg,dog,1,train,man,2397149.jpg,76,man,26,2397149
images/2367331.jpg,dog,1,train,man,2367331.jpg,76,man,26,2367331
images/2341324.jpg,dog,1,train,man,2341324.jpg,76,man,26,2341324
images/2337084.jpg,dog,1,train,man,2337084.jpg,76,man,26,2337084
images/2413880.jpg,dog,1,train,man,2413880.jpg,76,man,26,2413880
images/2319295.jpg,dog,1,train,man,2319295.jpg,76,man,26,2319295
images/1160042.jpg,dog,1,train,man,1160042.jpg,76,man,26,1160042
images/1592176.jpg,dog,1,train,man,1592176.jpg,76,man,26,1592176
images/2401769.jpg,dog,1,train,man,2401769.jpg,76,man,26,2401769
images/2341651.jpg,dog,1,test,man,2341651.jpg,76,man,26,2341651
images/2391800.jpg,dog,1,train,man,2391800.jpg,76,man,26,2391800
images/2347070.jpg,dog,1,train,man,2347070.jpg,76,man,26,2347070
images/2344629.jpg,dog,1,val,man,2344629.jpg,76,man,26,2344629
images/2384455.jpg,dog,1,train,man,2384455.jpg,76,man,26,2384455
images/2387900.jpg,dog,1,train,man,2387900.jpg,76,man,26,2387900
images/2416953.jpg,dog,1,train,man,2416953.jpg,76,man,26,2416953
images/2339561.jpg,dog,1,train,man,2339561.jpg,76,man,26,2339561
images/2316075.jpg,dog,1,train,man,2316075.jpg,76,man,26,2316075
images/2382138.jpg,dog,1,train,man,2382138.jpg,76,man,26,2382138
images/2400986.jpg,dog,1,train,man,2400986.jpg,76,man,26,2400986
images/2324106.jpg,dog,1,train,man,2324106.jpg,76,man,26,2324106
images/2387862.jpg,dog,1,train,man,2387862.jpg,76,man,26,2387862
images/2341652.jpg,dog,1,train,man,2341652.jpg,76,man,26,2341652
images/2329565.jpg,dog,1,val,man,2329565.jpg,76,man,26,2329565
images/2356473.jpg,dog,1,val,man,2356473.jpg,76,man,26,2356473
images/2367710.jpg,dog,1,test,man,2367710.jpg,76,man,26,2367710
images/2411951.jpg,dog,1,train,man,2411951.jpg,76,man,26,2411951
images/2346197.jpg,dog,1,train,man,2346197.jpg,76,man,26,2346197
images/2355329.jpg,dog,1,test,man,2355329.jpg,76,man,26,2355329
images/2339698.jpg,dog,1,train,man,2339698.jpg,76,man,26,2339698
images/2358354.jpg,dog,1,train,man,2358354.jpg,76,man,26,2358354
images/2325645.jpg,dog,1,train,man,2325645.jpg,76,man,26,2325645
images/2390441.jpg,dog,1,train,man,2390441.jpg,76,man,26,2390441
images/2384596.jpg,dog,1,train,man,2384596.jpg,76,man,26,2384596
images/2380827.jpg,dog,1,test,man,2380827.jpg,76,man,26,2380827
images/2417574.jpg,dog,1,train,man,2417574.jpg,76,man,26,2417574
images/2360206.jpg,dog,1,val,man,2360206.jpg,76,man,26,2360206
images/2342016.jpg,dog,1,train,man,2342016.jpg,76,man,26,2342016
images/2407359.jpg,dog,1,val,man,2407359.jpg,76,man,26,2407359
images/2316968.jpg,dog,1,train,man,2316968.jpg,76,man,26,2316968
images/2372493.jpg,dog,1,train,man,2372493.jpg,76,man,26,2372493
images/2367813.jpg,dog,1,val,man,2367813.jpg,76,man,26,2367813
images/2372770.jpg,dog,1,train,man,2372770.jpg,76,man,26,2372770
images/2345520.jpg,dog,1,train,man,2345520.jpg,76,man,26,2345520
images/2387128.jpg,dog,1,test,man,2387128.jpg,76,man,26,2387128
images/2337303.jpg,dog,1,val,man,2337303.jpg,76,man,26,2337303
images/2329720.jpg,dog,1,train,man,2329720.jpg,76,man,26,2329720
images/723.jpg,dog,1,train,man,723.jpg,76,man,26,723
images/2394611.jpg,dog,1,train,man,2394611.jpg,76,man,26,2394611
images/2342226.jpg,dog,1,train,man,2342226.jpg,76,man,26,2342226
images/2371922.jpg,dog,1,train,man,2371922.jpg,76,man,26,2371922
images/2357646.jpg,dog,1,train,man,2357646.jpg,76,man,26,2357646
images/2328709.jpg,dog,1,train,man,2328709.jpg,76,man,26,2328709
images/2346815.jpg,dog,1,train,man,2346815.jpg,76,man,26,2346815
images/2358851.jpg,dog,1,val,man,2358851.jpg,76,man,26,2358851
images/588.jpg,dog,1,val,man,588.jpg,76,man,26,588
images/2404081.jpg,dog,1,test,man,2404081.jpg,76,man,26,2404081
images/1831.jpg,dog,1,train,man,1831.jpg,76,man,26,1831
images/2320476.jpg,dog,1,train,man,2320476.jpg,76,man,26,2320476
images/2374749.jpg,dog,1,val,man,2374749.jpg,76,man,26,2374749
images/2351380.jpg,dog,1,train,man,2351380.jpg,76,man,26,2351380
images/2352355.jpg,dog,1,train,man,2352355.jpg,76,man,26,2352355
images/2332528.jpg,dog,1,val,man,2332528.jpg,76,man,26,2332528
images/2373141.jpg,dog,1,train,man,2373141.jpg,76,man,26,2373141
images/2385539.jpg,dog,1,train,man,2385539.jpg,76,man,26,2385539
images/2354681.jpg,dog,1,train,man,2354681.jpg,76,man,26,2354681
images/2361109.jpg,dog,1,val,man,2361109.jpg,76,man,26,2361109
images/2383945.jpg,dog,1,train,man,2383945.jpg,76,man,26,2383945
images/2318448.jpg,dog,1,train,man,2318448.jpg,76,man,26,2318448
images/2364444.jpg,dog,1,val,man,2364444.jpg,76,man,26,2364444
images/2395217.jpg,dog,1,train,man,2395217.jpg,76,man,26,2395217
images/2342372.jpg,dog,1,train,man,2342372.jpg,76,man,26,2342372
images/2320868.jpg,dog,1,train,man,2320868.jpg,76,man,26,2320868
images/2412671.jpg,dog,1,train,man,2412671.jpg,76,man,26,2412671
images/2318154.jpg,dog,1,train,man,2318154.jpg,76,man,26,2318154
images/2352946.jpg,dog,1,train,man,2352946.jpg,76,man,26,2352946
images/2323242.jpg,dog,1,val,man,2323242.jpg,76,man,26,2323242
images/2372046.jpg,dog,1,train,man,2372046.jpg,76,man,26,2372046
images/2320655.jpg,dog,1,train,man,2320655.jpg,76,man,26,2320655
images/2378475.jpg,dog,1,train,man,2378475.jpg,76,man,26,2378475
images/2337775.jpg,dog,1,train,man,2337775.jpg,76,man,26,2337775
images/2387231.jpg,dog,1,train,man,2387231.jpg,76,man,26,2387231
images/2365847.jpg,dog,1,train,man,2365847.jpg,76,man,26,2365847
images/2354569.jpg,dog,1,train,man,2354569.jpg,76,man,26,2354569
images/2366872.jpg,dog,1,train,man,2366872.jpg,76,man,26,2366872
images/2336234.jpg,dog,1,train,man,2336234.jpg,76,man,26,2336234
images/2357696.jpg,dog,1,train,man,2357696.jpg,76,man,26,2357696
images/2376395.jpg,dog,1,test,man,2376395.jpg,76,man,26,2376395
images/2366841.jpg,dog,1,train,man,2366841.jpg,76,man,26,2366841
images/2401124.jpg,dog,1,train,man,2401124.jpg,76,man,26,2401124
images/2417873.jpg,dog,1,test,man,2417873.jpg,76,man,26,2417873
images/2327346.jpg,dog,1,val,man,2327346.jpg,76,man,26,2327346
images/2396209.jpg,dog,1,train,man,2396209.jpg,76,man,26,2396209
images/2338125.jpg,dog,1,val,man,2338125.jpg,76,man,26,2338125
images/2384081.jpg,dog,1,train,man,2384081.jpg,76,man,26,2384081
images/2359950.jpg,dog,1,train,man,2359950.jpg,76,man,26,2359950
images/1159610.jpg,dog,1,train,man,1159610.jpg,76,man,26,1159610
images/2366946.jpg,dog,1,train,man,2366946.jpg,76,man,26,2366946
images/2326452.jpg,dog,1,train,man,2326452.jpg,76,man,26,2326452
images/2334223.jpg,dog,1,train,man,2334223.jpg,76,man,26,2334223
images/2414764.jpg,dog,1,val,man,2414764.jpg,76,man,26,2414764
images/2375612.jpg,dog,1,train,man,2375612.jpg,76,man,26,2375612
images/2402211.jpg,dog,1,train,man,2402211.jpg,76,man,26,2402211
images/2370344.jpg,dog,1,test,man,2370344.jpg,76,man,26,2370344
images/2361821.jpg,dog,1,train,man,2361821.jpg,76,man,26,2361821
images/2331500.jpg,dog,1,train,man,2331500.jpg,76,man,26,2331500
images/2371467.jpg,dog,1,train,man,2371467.jpg,76,man,26,2371467
images/2404193.jpg,dog,1,val,man,2404193.jpg,76,man,26,2404193
images/2412342.jpg,dog,1,test,man,2412342.jpg,76,man,26,2412342
images/2392197.jpg,dog,1,test,man,2392197.jpg,76,man,26,2392197
images/2414354.jpg,dog,1,train,man,2414354.jpg,76,man,26,2414354
images/107926.jpg,dog,1,val,man,107926.jpg,76,man,26,107926
images/2342959.jpg,dog,1,train,man,2342959.jpg,76,man,26,2342959
images/2345532.jpg,dog,1,train,man,2345532.jpg,76,man,26,2345532
images/2360542.jpg,dog,1,train,man,2360542.jpg,76,man,26,2360542
images/2349742.jpg,dog,1,train,man,2349742.jpg,76,man,26,2349742
images/2359049.jpg,dog,1,train,man,2359049.jpg,76,man,26,2359049
images/2350312.jpg,dog,1,train,man,2350312.jpg,76,man,26,2350312
images/2355950.jpg,dog,1,train,man,2355950.jpg,76,man,26,2355950
images/2373502.jpg,dog,1,train,man,2373502.jpg,76,man,26,2373502
images/2322106.jpg,dog,1,train,man,2322106.jpg,76,man,26,2322106
images/2344769.jpg,dog,1,val,man,2344769.jpg,76,man,26,2344769
images/2320693.jpg,dog,1,train,man,2320693.jpg,76,man,26,2320693
images/285707.jpg,dog,1,val,man,285707.jpg,76,man,26,285707
images/2398619.jpg,dog,1,train,man,2398619.jpg,76,man,26,2398619
images/2411533.jpg,dog,1,val,man,2411533.jpg,76,man,26,2411533
images/2409618.jpg,dog,1,train,man,2409618.jpg,76,man,26,2409618
images/2335823.jpg,dog,1,train,man,2335823.jpg,76,man,26,2335823
images/2321145.jpg,dog,1,train,man,2321145.jpg,76,man,26,2321145
images/2334958.jpg,dog,1,train,man,2334958.jpg,76,man,26,2334958
images/2358192.jpg,dog,1,train,man,2358192.jpg,76,man,26,2358192
images/2356123.jpg,dog,1,train,man,2356123.jpg,76,man,26,2356123
images/2342517.jpg,dog,1,train,man,2342517.jpg,76,man,26,2342517
images/2331525.jpg,dog,1,val,man,2331525.jpg,76,man,26,2331525
images/2398189.jpg,dog,1,train,man,2398189.jpg,76,man,26,2398189
images/2327325.jpg,dog,1,train,man,2327325.jpg,76,man,26,2327325
images/2317615.jpg,dog,1,train,man,2317615.jpg,76,man,26,2317615
images/2416699.jpg,dog,1,test,man,2416699.jpg,76,man,26,2416699
images/2317126.jpg,dog,1,train,man,2317126.jpg,76,man,26,2317126
images/2417801.jpg,dog,1,train,man,2417801.jpg,76,man,26,2417801
images/2363292.jpg,dog,1,test,man,2363292.jpg,76,man,26,2363292
images/2351210.jpg,dog,1,test,man,2351210.jpg,76,man,26,2351210
images/1159281.jpg,dog,1,train,man,1159281.jpg,76,man,26,1159281
images/2351991.jpg,dog,1,val,man,2351991.jpg,76,man,26,2351991
images/2368925.jpg,dog,1,train,man,2368925.jpg,76,man,26,2368925
images/2337125.jpg,dog,1,val,man,2337125.jpg,76,man,26,2337125
images/2356330.jpg,dog,1,train,man,2356330.jpg,76,man,26,2356330
images/2370145.jpg,dog,1,train,man,2370145.jpg,76,man,26,2370145
images/2388468.jpg,dog,1,val,man,2388468.jpg,76,man,26,2388468
images/2403560.jpg,dog,1,train,man,2403560.jpg,76,man,26,2403560
images/2372091.jpg,dog,1,train,man,2372091.jpg,76,man,26,2372091
images/2334171.jpg,dog,1,test,man,2334171.jpg,76,man,26,2334171
images/3424.jpg,dog,1,train,man,3424.jpg,76,man,26,3424
images/2351872.jpg,dog,1,val,man,2351872.jpg,76,man,26,2351872
images/2330479.jpg,dog,1,val,man,2330479.jpg,76,man,26,2330479
images/2384109.jpg,dog,1,train,man,2384109.jpg,76,man,26,2384109
images/2353922.jpg,dog,1,train,man,2353922.jpg,76,man,26,2353922
images/2340709.jpg,dog,1,train,man,2340709.jpg,76,man,26,2340709
images/2385858.jpg,dog,1,train,man,2385858.jpg,76,man,26,2385858
images/2315716.jpg,dog,1,train,man,2315716.jpg,76,man,26,2315716
images/2404956.jpg,dog,1,test,man,2404956.jpg,76,man,26,2404956
images/2360637.jpg,dog,1,train,man,2360637.jpg,76,man,26,2360637
images/2348342.jpg,dog,1,val,man,2348342.jpg,76,man,26,2348342
images/2388743.jpg,dog,1,train,man,2388743.jpg,76,man,26,2388743
images/2368196.jpg,dog,1,val,man,2368196.jpg,76,man,26,2368196
images/2369174.jpg,dog,1,train,man,2369174.jpg,76,man,26,2369174
images/2342359.jpg,dog,1,train,man,2342359.jpg,76,man,26,2342359
images/2319521.jpg,dog,1,train,man,2319521.jpg,76,man,26,2319521
images/2333895.jpg,dog,1,train,man,2333895.jpg,76,man,26,2333895
images/2407435.jpg,dog,1,train,man,2407435.jpg,76,man,26,2407435
images/2383550.jpg,dog,1,val,man,2383550.jpg,76,man,26,2383550
images/2392688.jpg,dog,1,train,man,2392688.jpg,76,man,26,2392688
images/2348603.jpg,dog,1,train,man,2348603.jpg,76,man,26,2348603
images/2410503.jpg,dog,1,train,man,2410503.jpg,76,man,26,2410503
images/2344528.jpg,dog,1,train,man,2344528.jpg,76,man,26,2344528
images/2350150.jpg,dog,1,train,man,2350150.jpg,76,man,26,2350150
images/2371995.jpg,dog,1,train,man,2371995.jpg,76,man,26,2371995
images/285910.jpg,dog,1,train,man,285910.jpg,76,man,26,285910
images/2382121.jpg,dog,1,train,man,2382121.jpg,76,man,26,2382121
images/2354589.jpg,dog,1,train,man,2354589.jpg,76,man,26,2354589
images/2401877.jpg,dog,1,train,man,2401877.jpg,76,man,26,2401877
images/713697.jpg,dog,1,train,man,713697.jpg,76,man,26,713697
images/2345272.jpg,dog,1,train,man,2345272.jpg,76,man,26,2345272
images/2360194.jpg,dog,1,val,man,2360194.jpg,76,man,26,2360194
images/2342900.jpg,dog,1,train,man,2342900.jpg,76,man,26,2342900
images/2337414.jpg,dog,1,train,man,2337414.jpg,76,man,26,2337414
images/2330214.jpg,dog,1,train,man,2330214.jpg,76,man,26,2330214
images/2407463.jpg,dog,1,val,man,2407463.jpg,76,man,26,2407463
images/2376054.jpg,dog,1,test,man,2376054.jpg,76,man,26,2376054
images/2324234.jpg,dog,1,train,man,2324234.jpg,76,man,26,2324234
images/2383516.jpg,dog,1,train,man,2383516.jpg,76,man,26,2383516
images/2365600.jpg,dog,1,train,man,2365600.jpg,76,man,26,2365600
images/2335388.jpg,dog,1,test,man,2335388.jpg,76,man,26,2335388
images/2361103.jpg,dog,1,train,man,2361103.jpg,76,man,26,2361103
images/2353702.jpg,dog,1,val,man,2353702.jpg,76,man,26,2353702
images/2370216.jpg,dog,1,train,man,2370216.jpg,76,man,26,2370216
images/2351186.jpg,dog,1,train,man,2351186.jpg,76,man,26,2351186
images/2406798.jpg,dog,1,val,man,2406798.jpg,76,man,26,2406798
images/2369147.jpg,dog,1,train,man,2369147.jpg,76,man,26,2369147
images/2377194.jpg,dog,1,train,man,2377194.jpg,76,man,26,2377194
images/2391621.jpg,dog,1,train,man,2391621.jpg,76,man,26,2391621
images/2319334.jpg,dog,1,val,man,2319334.jpg,76,man,26,2319334
images/2377531.jpg,dog,1,train,man,2377531.jpg,76,man,26,2377531
images/2376077.jpg,dog,1,train,man,2376077.jpg,76,man,26,2376077
images/2324942.jpg,dog,1,train,man,2324942.jpg,76,man,26,2324942
images/2360774.jpg,dog,1,train,man,2360774.jpg,76,man,26,2360774
images/2404862.jpg,dog,1,train,man,2404862.jpg,76,man,26,2404862
images/2393911.jpg,dog,1,test,man,2393911.jpg,76,man,26,2393911
images/2349281.jpg,dog,1,test,man,2349281.jpg,76,man,26,2349281
images/2345905.jpg,dog,1,train,man,2345905.jpg,76,man,26,2345905
images/2339172.jpg,dog,1,train,man,2339172.jpg,76,man,26,2339172
images/2387430.jpg,dog,1,val,man,2387430.jpg,76,man,26,2387430
images/2407878.jpg,dog,1,val,man,2407878.jpg,76,man,26,2407878
images/2376812.jpg,dog,1,train,man,2376812.jpg,76,man,26,2376812
images/2321557.jpg,dog,1,train,man,2321557.jpg,76,man,26,2321557
images/2405624.jpg,dog,1,test,man,2405624.jpg,76,man,26,2405624
images/2380760.jpg,dog,1,train,man,2380760.jpg,76,man,26,2380760
images/2377113.jpg,dog,1,train,man,2377113.jpg,76,man,26,2377113
images/2346869.jpg,dog,1,train,man,2346869.jpg,76,man,26,2346869
images/2346390.jpg,dog,1,val,man,2346390.jpg,76,man,26,2346390
images/2341726.jpg,dog,1,train,man,2341726.jpg,76,man,26,2341726
images/2391307.jpg,dog,1,train,man,2391307.jpg,76,man,26,2391307
images/2380687.jpg,dog,1,val,man,2380687.jpg,76,man,26,2380687
images/497973.jpg,dog,1,train,man,497973.jpg,76,man,26,497973
images/2364866.jpg,dog,1,train,man,2364866.jpg,76,man,26,2364866
images/2334398.jpg,dog,1,train,man,2334398.jpg,76,man,26,2334398
images/2348310.jpg,dog,1,train,man,2348310.jpg,76,man,26,2348310
images/2331774.jpg,dog,1,test,man,2331774.jpg,76,man,26,2331774
images/2379912.jpg,dog,1,train,man,2379912.jpg,76,man,26,2379912
images/2351477.jpg,dog,1,train,man,2351477.jpg,76,man,26,2351477
images/2403537.jpg,dog,1,train,man,2403537.jpg,76,man,26,2403537
images/2369860.jpg,dog,1,train,man,2369860.jpg,76,man,26,2369860
images/2403710.jpg,dog,1,train,man,2403710.jpg,76,man,26,2403710
images/2357190.jpg,dog,1,train,man,2357190.jpg,76,man,26,2357190
images/1159355.jpg,dog,1,train,man,1159355.jpg,76,man,26,1159355
images/2413397.jpg,dog,1,train,man,2413397.jpg,76,man,26,2413397
images/2377469.jpg,dog,1,train,man,2377469.jpg,76,man,26,2377469
images/2333171.jpg,dog,1,train,man,2333171.jpg,76,man,26,2333171
images/2375053.jpg,dog,1,test,man,2375053.jpg,76,man,26,2375053
images/2397739.jpg,dog,1,train,man,2397739.jpg,76,man,26,2397739
images/2391488.jpg,dog,1,val,man,2391488.jpg,76,man,26,2391488
images/2362525.jpg,dog,1,train,man,2362525.jpg,76,man,26,2362525
images/2316038.jpg,dog,1,train,man,2316038.jpg,76,man,26,2316038
images/2383376.jpg,dog,1,train,man,2383376.jpg,76,man,26,2383376
images/2372581.jpg,dog,1,train,man,2372581.jpg,76,man,26,2372581
images/2361800.jpg,dog,1,train,man,2361800.jpg,76,man,26,2361800
images/2400642.jpg,dog,1,val,man,2400642.jpg,76,man,26,2400642
images/2390652.jpg,dog,1,train,man,2390652.jpg,76,man,26,2390652
images/2318179.jpg,dog,1,train,man,2318179.jpg,76,man,26,2318179
images/2369464.jpg,dog,1,train,man,2369464.jpg,76,man,26,2369464
images/2365964.jpg,dog,1,train,man,2365964.jpg,76,man,26,2365964
images/2335788.jpg,dog,1,train,man,2335788.jpg,76,man,26,2335788
images/2338721.jpg,dog,1,train,man,2338721.jpg,76,man,26,2338721
images/2417556.jpg,dog,1,train,man,2417556.jpg,76,man,26,2417556
images/2394882.jpg,dog,1,train,man,2394882.jpg,76,man,26,2394882
images/2379154.jpg,dog,1,train,man,2379154.jpg,76,man,26,2379154
images/2365164.jpg,dog,1,train,man,2365164.jpg,76,man,26,2365164
images/713715.jpg,dog,1,train,man,713715.jpg,76,man,26,713715
images/2328838.jpg,dog,1,train,man,2328838.jpg,76,man,26,2328838
images/2394890.jpg,dog,1,train,man,2394890.jpg,76,man,26,2394890
images/2396988.jpg,dog,1,train,man,2396988.jpg,76,man,26,2396988
images/2316215.jpg,dog,1,train,man,2316215.jpg,76,man,26,2316215
images/2415276.jpg,dog,1,val,man,2415276.jpg,76,man,26,2415276
images/2403048.jpg,dog,1,train,man,2403048.jpg,76,man,26,2403048
images/2353801.jpg,dog,1,train,man,2353801.jpg,76,man,26,2353801
images/2348134.jpg,dog,1,train,man,2348134.jpg,76,man,26,2348134
images/2340498.jpg,dog,1,train,man,2340498.jpg,76,man,26,2340498
images/2402904.jpg,dog,1,train,man,2402904.jpg,76,man,26,2402904
images/2316723.jpg,dog,1,train,man,2316723.jpg,76,man,26,2316723
images/2347508.jpg,dog,1,val,man,2347508.jpg,76,man,26,2347508
images/2380409.jpg,dog,1,train,man,2380409.jpg,76,man,26,2380409
images/2388411.jpg,dog,1,train,man,2388411.jpg,76,man,26,2388411
images/2321511.jpg,dog,1,train,man,2321511.jpg,76,man,26,2321511
images/2409094.jpg,dog,1,val,man,2409094.jpg,76,man,26,2409094
images/2377830.jpg,dog,1,train,man,2377830.jpg,76,man,26,2377830
images/2350109.jpg,dog,1,train,man,2350109.jpg,76,man,26,2350109
images/2367186.jpg,dog,1,train,man,2367186.jpg,76,man,26,2367186
images/2355727.jpg,dog,1,train,man,2355727.jpg,76,man,26,2355727
images/2330481.jpg,dog,1,train,man,2330481.jpg,76,man,26,2330481
images/2374739.jpg,dog,1,val,man,2374739.jpg,76,man,26,2374739
images/2366617.jpg,dog,1,train,man,2366617.jpg,76,man,26,2366617
images/497940.jpg,dog,1,train,man,497940.jpg,76,man,26,497940
images/2383170.jpg,dog,1,train,man,2383170.jpg,76,man,26,2383170
images/2316789.jpg,dog,1,train,man,2316789.jpg,76,man,26,2316789
images/2322281.jpg,dog,1,train,man,2322281.jpg,76,man,26,2322281
images/2328885.jpg,dog,1,train,man,2328885.jpg,76,man,26,2328885
images/2357063.jpg,dog,1,train,man,2357063.jpg,76,man,26,2357063
images/2343283.jpg,dog,1,train,man,2343283.jpg,76,man,26,2343283
images/2330759.jpg,dog,1,train,man,2330759.jpg,76,man,26,2330759
images/2338674.jpg,dog,1,train,man,2338674.jpg,76,man,26,2338674
images/2395632.jpg,dog,1,test,man,2395632.jpg,76,man,26,2395632
images/2317981.jpg,dog,1,train,man,2317981.jpg,76,man,26,2317981
images/2349696.jpg,dog,1,train,man,2349696.jpg,76,man,26,2349696
images/2391456.jpg,dog,1,train,man,2391456.jpg,76,man,26,2391456
images/2416234.jpg,dog,1,train,man,2416234.jpg,76,man,26,2416234
images/2388780.jpg,dog,1,train,man,2388780.jpg,76,man,26,2388780
images/2405853.jpg,dog,1,train,man,2405853.jpg,76,man,26,2405853
images/2373751.jpg,dog,1,train,man,2373751.jpg,76,man,26,2373751
images/2353644.jpg,dog,1,val,man,2353644.jpg,76,man,26,2353644
images/2410152.jpg,dog,1,train,man,2410152.jpg,76,man,26,2410152
images/2356904.jpg,dog,1,train,man,2356904.jpg,76,man,26,2356904
images/2363971.jpg,dog,1,train,man,2363971.jpg,76,man,26,2363971
images/2398018.jpg,dog,1,test,man,2398018.jpg,76,man,26,2398018
images/2398939.jpg,dog,1,train,man,2398939.jpg,76,man,26,2398939
images/2360497.jpg,dog,1,train,man,2360497.jpg,76,man,26,2360497
images/2381952.jpg,dog,1,test,man,2381952.jpg,76,man,26,2381952
images/1591911.jpg,dog,1,train,man,1591911.jpg,76,man,26,1591911
images/2364024.jpg,dog,1,train,man,2364024.jpg,76,man,26,2364024
images/2408348.jpg,dog,1,train,man,2408348.jpg,76,man,26,2408348
images/2395166.jpg,dog,1,val,man,2395166.jpg,76,man,26,2395166
images/2416340.jpg,dog,1,val,man,2416340.jpg,76,man,26,2416340
images/2392675.jpg,dog,1,train,man,2392675.jpg,76,man,26,2392675
images/2397787.jpg,dog,1,train,man,2397787.jpg,76,man,26,2397787
images/2339161.jpg,dog,1,train,man,2339161.jpg,76,man,26,2339161
images/2373696.jpg,dog,1,val,man,2373696.jpg,76,man,26,2373696
images/2400991.jpg,dog,1,train,man,2400991.jpg,76,man,26,2400991
images/2336458.jpg,dog,1,train,man,2336458.jpg,76,man,26,2336458
images/2390235.jpg,dog,1,train,man,2390235.jpg,76,man,26,2390235
images/2355547.jpg,dog,1,train,man,2355547.jpg,76,man,26,2355547
images/2390506.jpg,dog,1,train,man,2390506.jpg,76,man,26,2390506
images/2406821.jpg,dog,1,train,man,2406821.jpg,76,man,26,2406821
images/2399674.jpg,dog,1,train,man,2399674.jpg,76,man,26,2399674
images/2364515.jpg,dog,1,train,man,2364515.jpg,76,man,26,2364515
images/2316469.jpg,dog,1,train,man,2316469.jpg,76,man,26,2316469
images/2346157.jpg,dog,1,train,man,2346157.jpg,76,man,26,2346157
images/2339453.jpg,dog,1,train,man,2339453.jpg,76,man,26,2339453
images/2397138.jpg,dog,1,train,man,2397138.jpg,76,man,26,2397138
images/2367512.jpg,dog,1,train,man,2367512.jpg,76,man,26,2367512
images/2391328.jpg,dog,1,train,man,2391328.jpg,76,man,26,2391328
images/2370.jpg,dog,1,train,man,2370.jpg,76,man,26,2370
images/2356084.jpg,dog,1,val,man,2356084.jpg,76,man,26,2356084
images/2357191.jpg,dog,1,val,man,2357191.jpg,76,man,26,2357191
images/2406584.jpg,dog,1,train,man,2406584.jpg,76,man,26,2406584
images/2367018.jpg,dog,1,train,man,2367018.jpg,76,man,26,2367018
images/1593220.jpg,dog,1,test,man,1593220.jpg,76,man,26,1593220
images/2341577.jpg,dog,1,train,man,2341577.jpg,76,man,26,2341577
images/2356877.jpg,dog,1,train,man,2356877.jpg,76,man,26,2356877
images/2391849.jpg,dog,1,train,man,2391849.jpg,76,man,26,2391849
images/2315875.jpg,dog,1,val,man,2315875.jpg,76,man,26,2315875
images/2345151.jpg,dog,1,val,man,2345151.jpg,76,man,26,2345151
images/2335375.jpg,dog,1,train,man,2335375.jpg,76,man,26,2335375
images/2329537.jpg,dog,1,train,man,2329537.jpg,76,man,26,2329537
images/2341368.jpg,dog,1,train,man,2341368.jpg,76,man,26,2341368
images/2404245.jpg,dog,1,train,man,2404245.jpg,76,man,26,2404245
images/2417119.jpg,dog,1,train,man,2417119.jpg,76,man,26,2417119
images/2356920.jpg,dog,1,train,man,2356920.jpg,76,man,26,2356920
images/2404534.jpg,dog,1,train,man,2404534.jpg,76,man,26,2404534
images/2323280.jpg,dog,1,val,man,2323280.jpg,76,man,26,2323280
images/2372176.jpg,dog,1,train,man,2372176.jpg,76,man,26,2372176
images/2362620.jpg,dog,1,test,man,2362620.jpg,76,man,26,2362620
images/2316688.jpg,dog,1,train,man,2316688.jpg,76,man,26,2316688
images/2380470.jpg,dog,1,train,man,2380470.jpg,76,man,26,2380470
images/2363486.jpg,dog,1,val,man,2363486.jpg,76,man,26,2363486
images/2382157.jpg,dog,1,train,man,2382157.jpg,76,man,26,2382157
images/2368914.jpg,dog,1,train,man,2368914.jpg,76,man,26,2368914
images/2344149.jpg,dog,1,train,man,2344149.jpg,76,man,26,2344149
images/2365507.jpg,dog,1,train,man,2365507.jpg,76,man,26,2365507
images/2339803.jpg,dog,1,val,man,2339803.jpg,76,man,26,2339803
images/2407605.jpg,dog,1,train,man,2407605.jpg,76,man,26,2407605
images/2398449.jpg,dog,1,train,man,2398449.jpg,76,man,26,2398449
images/2377573.jpg,dog,1,train,man,2377573.jpg,76,man,26,2377573
images/2394945.jpg,dog,1,test,man,2394945.jpg,76,man,26,2394945
images/2359741.jpg,dog,1,val,man,2359741.jpg,76,man,26,2359741
images/2405103.jpg,dog,1,train,man,2405103.jpg,76,man,26,2405103
images/2378957.jpg,dog,1,val,man,2378957.jpg,76,man,26,2378957
images/2338677.jpg,dog,1,train,man,2338677.jpg,76,man,26,2338677
images/2402324.jpg,dog,1,train,man,2402324.jpg,76,man,26,2402324
images/2328062.jpg,dog,1,val,man,2328062.jpg,76,man,26,2328062
images/2413856.jpg,dog,1,train,man,2413856.jpg,76,man,26,2413856
images/2371440.jpg,dog,1,val,man,2371440.jpg,76,man,26,2371440
images/2337587.jpg,dog,1,train,man,2337587.jpg,76,man,26,2337587
images/2320460.jpg,dog,1,train,man,2320460.jpg,76,man,26,2320460
images/2344110.jpg,dog,1,val,man,2344110.jpg,76,man,26,2344110
images/713048.jpg,dog,1,train,man,713048.jpg,76,man,26,713048
images/2380825.jpg,dog,1,train,man,2380825.jpg,76,man,26,2380825
images/2369749.jpg,dog,1,train,man,2369749.jpg,76,man,26,2369749
images/2340500.jpg,dog,1,train,man,2340500.jpg,76,man,26,2340500
images/2324914.jpg,dog,1,train,man,2324914.jpg,76,man,26,2324914
images/2361883.jpg,dog,1,train,man,2361883.jpg,76,man,26,2361883
images/2416475.jpg,dog,1,train,man,2416475.jpg,76,man,26,2416475
images/2372773.jpg,dog,1,train,man,2372773.jpg,76,man,26,2372773
images/2380863.jpg,dog,1,train,man,2380863.jpg,76,man,26,2380863
images/2372332.jpg,dog,1,test,man,2372332.jpg,76,man,26,2372332
images/2324410.jpg,dog,1,train,man,2324410.jpg,76,man,26,2324410
images/2409721.jpg,dog,1,val,man,2409721.jpg,76,man,26,2409721
images/2334964.jpg,dog,1,train,man,2334964.jpg,76,man,26,2334964
images/2345442.jpg,dog,1,train,man,2345442.jpg,76,man,26,2345442
images/1592815.jpg,dog,1,val,man,1592815.jpg,76,man,26,1592815
images/2340860.jpg,dog,1,test,man,2340860.jpg,76,man,26,2340860
images/2365030.jpg,dog,1,train,man,2365030.jpg,76,man,26,2365030
images/2350157.jpg,dog,1,train,man,2350157.jpg,76,man,26,2350157
images/2334244.jpg,dog,1,train,man,2334244.jpg,76,man,26,2334244
images/2417487.jpg,dog,1,train,man,2417487.jpg,76,man,26,2417487
images/2326497.jpg,dog,1,val,man,2326497.jpg,76,man,26,2326497
images/2318965.jpg,dog,1,val,man,2318965.jpg,76,man,26,2318965
images/2373458.jpg,dog,1,test,man,2373458.jpg,76,man,26,2373458
images/2339336.jpg,dog,1,train,man,2339336.jpg,76,man,26,2339336
images/2355579.jpg,dog,1,test,man,2355579.jpg,76,man,26,2355579
images/2380985.jpg,dog,1,train,man,2380985.jpg,76,man,26,2380985
images/2321730.jpg,dog,1,train,man,2321730.jpg,76,man,26,2321730
images/2317093.jpg,dog,1,val,man,2317093.jpg,76,man,26,2317093
images/2412854.jpg,dog,1,train,man,2412854.jpg,76,man,26,2412854
images/2330686.jpg,dog,1,train,man,2330686.jpg,76,man,26,2330686
images/2336848.jpg,dog,1,train,man,2336848.jpg,76,man,26,2336848
images/2408755.jpg,dog,1,train,man,2408755.jpg,76,man,26,2408755
images/713331.jpg,dog,1,train,man,713331.jpg,76,man,26,713331
images/2400462.jpg,dog,1,test,man,2400462.jpg,76,man,26,2400462
images/2369450.jpg,dog,1,test,man,2369450.jpg,76,man,26,2369450
images/2404065.jpg,dog,1,test,man,2404065.jpg,76,man,26,2404065
images/2400563.jpg,dog,1,train,man,2400563.jpg,76,man,26,2400563
images/1592944.jpg,dog,1,train,man,1592944.jpg,76,man,26,1592944
images/2411557.jpg,dog,1,train,man,2411557.jpg,76,man,26,2411557
images/2366845.jpg,dog,1,train,man,2366845.jpg,76,man,26,2366845
images/2319723.jpg,dog,1,train,man,2319723.jpg,76,man,26,2319723
images/2318369.jpg,dog,1,val,man,2318369.jpg,76,man,26,2318369
images/2407734.jpg,dog,1,train,man,2407734.jpg,76,man,26,2407734
images/2318692.jpg,dog,1,train,man,2318692.jpg,76,man,26,2318692
images/2374798.jpg,dog,1,val,man,2374798.jpg,76,man,26,2374798
images/2342762.jpg,dog,1,train,man,2342762.jpg,76,man,26,2342762
images/2362093.jpg,dog,1,train,man,2362093.jpg,76,man,26,2362093
images/2338103.jpg,dog,1,train,man,2338103.jpg,76,man,26,2338103
images/2339367.jpg,dog,1,train,man,2339367.jpg,76,man,26,2339367
images/2347131.jpg,dog,1,test,man,2347131.jpg,76,man,26,2347131
images/2328987.jpg,dog,1,train,man,2328987.jpg,76,man,26,2328987
images/2400303.jpg,dog,1,test,man,2400303.jpg,76,man,26,2400303
images/2396753.jpg,dog,1,train,man,2396753.jpg,76,man,26,2396753
images/2411487.jpg,dog,1,val,man,2411487.jpg,76,man,26,2411487
images/2368610.jpg,dog,1,train,man,2368610.jpg,76,man,26,2368610
images/2412794.jpg,dog,1,test,man,2412794.jpg,76,man,26,2412794
images/2385897.jpg,dog,1,train,man,2385897.jpg,76,man,26,2385897
images/2316133.jpg,dog,1,train,man,2316133.jpg,76,man,26,2316133
images/2374913.jpg,dog,1,train,man,2374913.jpg,76,man,26,2374913
images/713479.jpg,dog,1,train,man,713479.jpg,76,man,26,713479
images/2353822.jpg,dog,1,test,man,2353822.jpg,76,man,26,2353822
images/2397204.jpg,dog,1,train,man,2397204.jpg,76,man,26,2397204
images/2394168.jpg,dog,1,val,man,2394168.jpg,76,man,26,2394168
images/2417150.jpg,dog,1,train,man,2417150.jpg,76,man,26,2417150
images/2391620.jpg,dog,1,train,man,2391620.jpg,76,man,26,2391620
images/2386512.jpg,dog,1,train,man,2386512.jpg,76,man,26,2386512
images/2316980.jpg,dog,1,train,man,2316980.jpg,76,man,26,2316980
images/2406155.jpg,dog,1,train,man,2406155.jpg,76,man,26,2406155
images/2359073.jpg,dog,1,train,man,2359073.jpg,76,man,26,2359073
images/2316786.jpg,dog,1,train,man,2316786.jpg,76,man,26,2316786
images/2358622.jpg,dog,1,train,man,2358622.jpg,76,man,26,2358622
images/2366052.jpg,dog,1,train,man,2366052.jpg,76,man,26,2366052
images/2409740.jpg,dog,1,test,man,2409740.jpg,76,man,26,2409740
images/2411786.jpg,dog,1,train,man,2411786.jpg,76,man,26,2411786
images/2335189.jpg,dog,1,train,man,2335189.jpg,76,man,26,2335189
images/2386435.jpg,dog,1,train,man,2386435.jpg,76,man,26,2386435
images/2385853.jpg,dog,1,train,man,2385853.jpg,76,man,26,2385853
images/2347373.jpg,dog,1,train,man,2347373.jpg,76,man,26,2347373
images/2363267.jpg,dog,1,train,man,2363267.jpg,76,man,26,2363267
images/2349591.jpg,dog,1,test,man,2349591.jpg,76,man,26,2349591
images/2345544.jpg,dog,1,train,man,2345544.jpg,76,man,26,2345544
images/2361973.jpg,dog,1,val,man,2361973.jpg,76,man,26,2361973
images/2345931.jpg,dog,1,val,man,2345931.jpg,76,man,26,2345931
images/2413527.jpg,dog,1,val,man,2413527.jpg,76,man,26,2413527
images/2413586.jpg,dog,1,train,man,2413586.jpg,76,man,26,2413586
images/2368507.jpg,dog,1,train,man,2368507.jpg,76,man,26,2368507
images/2363861.jpg,dog,1,train,man,2363861.jpg,76,man,26,2363861
images/2397768.jpg,dog,1,val,man,2397768.jpg,76,man,26,2397768
images/2341743.jpg,dog,1,val,man,2341743.jpg,76,man,26,2341743
images/2344583.jpg,dog,1,train,man,2344583.jpg,76,man,26,2344583
images/2416883.jpg,dog,1,train,man,2416883.jpg,76,man,26,2416883
images/2332785.jpg,dog,1,train,man,2332785.jpg,76,man,26,2332785
images/2380091.jpg,dog,1,train,man,2380091.jpg,76,man,26,2380091
images/2375328.jpg,dog,1,val,man,2375328.jpg,76,man,26,2375328
images/2392586.jpg,dog,1,train,man,2392586.jpg,76,man,26,2392586
images/2348263.jpg,dog,1,val,man,2348263.jpg,76,man,26,2348263
images/2396084.jpg,dog,1,test,man,2396084.jpg,76,man,26,2396084
images/2372452.jpg,dog,1,train,man,2372452.jpg,76,man,26,2372452
images/2325492.jpg,dog,1,train,man,2325492.jpg,76,man,26,2325492
images/2373288.jpg,dog,1,train,man,2373288.jpg,76,man,26,2373288
images/2389743.jpg,dog,1,val,man,2389743.jpg,76,man,26,2389743
images/2371670.jpg,dog,1,train,man,2371670.jpg,76,man,26,2371670
images/2370647.jpg,dog,1,test,keyboard,2370647.jpg,75,keyboard,25,2370647
images/2368057.jpg,dog,1,test,keyboard,2368057.jpg,75,keyboard,25,2368057
images/2360679.jpg,dog,1,test,keyboard,2360679.jpg,75,keyboard,25,2360679
images/713723.jpg,dog,1,test,keyboard,713723.jpg,75,keyboard,25,713723
images/2370023.jpg,dog,1,test,keyboard,2370023.jpg,75,keyboard,25,2370023
images/2323945.jpg,dog,1,test,keyboard,2323945.jpg,75,keyboard,25,2323945
images/2397167.jpg,dog,1,test,keyboard,2397167.jpg,75,keyboard,25,2397167
images/2385624.jpg,dog,1,test,keyboard,2385624.jpg,75,keyboard,25,2385624
images/2338275.jpg,dog,1,test,keyboard,2338275.jpg,75,keyboard,25,2338275
images/2365761.jpg,dog,1,test,keyboard,2365761.jpg,75,keyboard,25,2365761
images/2390039.jpg,dog,1,test,keyboard,2390039.jpg,75,keyboard,25,2390039
images/2328105.jpg,dog,1,test,keyboard,2328105.jpg,75,keyboard,25,2328105
images/2403149.jpg,dog,1,test,keyboard,2403149.jpg,75,keyboard,25,2403149
images/2371612.jpg,dog,1,test,keyboard,2371612.jpg,75,keyboard,25,2371612
images/2316274.jpg,dog,1,test,keyboard,2316274.jpg,75,keyboard,25,2316274
images/1592555.jpg,dog,1,test,keyboard,1592555.jpg,75,keyboard,25,1592555
images/2365586.jpg,dog,1,test,keyboard,2365586.jpg,75,keyboard,25,2365586
images/2319723.jpg,dog,1,test,keyboard,2319723.jpg,75,keyboard,25,2319723
images/2384567.jpg,dog,1,test,keyboard,2384567.jpg,75,keyboard,25,2384567
images/2328011.jpg,dog,1,test,keyboard,2328011.jpg,75,keyboard,25,2328011
images/2394890.jpg,dog,1,test,keyboard,2394890.jpg,75,keyboard,25,2394890
images/2349556.jpg,dog,1,test,keyboard,2349556.jpg,75,keyboard,25,2349556
images/2417299.jpg,dog,1,test,keyboard,2417299.jpg,75,keyboard,25,2417299
images/2334564.jpg,dog,1,train,water,2334564.jpg,98,water,48,2334564
images/2316174.jpg,dog,1,train,water,2316174.jpg,98,water,48,2316174
images/2317636.jpg,dog,1,train,water,2317636.jpg,98,water,48,2317636
images/2404746.jpg,dog,1,train,water,2404746.jpg,98,water,48,2404746
images/2391053.jpg,dog,1,train,water,2391053.jpg,98,water,48,2391053
images/2383550.jpg,dog,1,train,water,2383550.jpg,98,water,48,2383550
images/2411620.jpg,dog,1,test,water,2411620.jpg,98,water,48,2411620
images/2344881.jpg,dog,1,train,water,2344881.jpg,98,water,48,2344881
images/2337205.jpg,dog,1,train,water,2337205.jpg,98,water,48,2337205
images/2316469.jpg,dog,1,train,water,2316469.jpg,98,water,48,2316469
images/2316635.jpg,dog,1,train,water,2316635.jpg,98,water,48,2316635
images/2359938.jpg,dog,1,train,water,2359938.jpg,98,water,48,2359938
images/2378740.jpg,dog,1,train,water,2378740.jpg,98,water,48,2378740
images/2358354.jpg,dog,1,train,water,2358354.jpg,98,water,48,2358354
images/2375263.jpg,dog,1,val,water,2375263.jpg,98,water,48,2375263
images/2344528.jpg,dog,1,test,water,2344528.jpg,98,water,48,2344528
images/2351390.jpg,dog,1,val,water,2351390.jpg,98,water,48,2351390
images/285910.jpg,dog,1,test,water,285910.jpg,98,water,48,285910
images/2405419.jpg,dog,1,train,water,2405419.jpg,98,water,48,2405419
images/2417732.jpg,dog,1,train,water,2417732.jpg,98,water,48,2417732
images/2403391.jpg,dog,1,val,water,2403391.jpg,98,water,48,2403391
images/2397138.jpg,dog,1,train,water,2397138.jpg,98,water,48,2397138
images/2323367.jpg,dog,1,val,water,2323367.jpg,98,water,48,2323367
images/2382814.jpg,dog,1,train,water,2382814.jpg,98,water,48,2382814
images/2342016.jpg,dog,1,train,water,2342016.jpg,98,water,48,2342016
images/2382082.jpg,dog,1,test,water,2382082.jpg,98,water,48,2382082
images/2365881.jpg,dog,1,train,water,2365881.jpg,98,water,48,2365881
images/2372721.jpg,dog,1,val,water,2372721.jpg,98,water,48,2372721
images/2372037.jpg,dog,1,train,water,2372037.jpg,98,water,48,2372037
images/2323804.jpg,dog,1,val,water,2323804.jpg,98,water,48,2323804
images/2356084.jpg,dog,1,train,water,2356084.jpg,98,water,48,2356084
images/2393666.jpg,dog,1,train,water,2393666.jpg,98,water,48,2393666
images/2373351.jpg,dog,1,train,water,2373351.jpg,98,water,48,2373351
images/2367120.jpg,dog,1,train,water,2367120.jpg,98,water,48,2367120
images/2345272.jpg,dog,1,train,water,2345272.jpg,98,water,48,2345272
images/2367813.jpg,dog,1,train,water,2367813.jpg,98,water,48,2367813
images/2345562.jpg,dog,1,train,water,2345562.jpg,98,water,48,2345562
images/2339024.jpg,dog,1,train,water,2339024.jpg,98,water,48,2339024
images/2349888.jpg,dog,1,train,water,2349888.jpg,98,water,48,2349888
images/2382674.jpg,dog,1,train,water,2382674.jpg,98,water,48,2382674
images/2357191.jpg,dog,1,train,water,2357191.jpg,98,water,48,2357191
images/2417914.jpg,dog,1,val,water,2417914.jpg,98,water,48,2417914
images/2406584.jpg,dog,1,train,water,2406584.jpg,98,water,48,2406584
images/2323850.jpg,dog,1,train,water,2323850.jpg,98,water,48,2323850
images/2393315.jpg,dog,1,test,water,2393315.jpg,98,water,48,2393315
images/2384339.jpg,dog,1,train,water,2384339.jpg,98,water,48,2384339
images/2371922.jpg,dog,1,train,water,2371922.jpg,98,water,48,2371922
images/2334236.jpg,dog,1,train,water,2334236.jpg,98,water,48,2334236
images/2417422.jpg,dog,1,train,water,2417422.jpg,98,water,48,2417422
images/2360314.jpg,dog,1,train,water,2360314.jpg,98,water,48,2360314
images/2333443.jpg,dog,1,train,water,2333443.jpg,98,water,48,2333443
images/2400930.jpg,dog,1,train,water,2400930.jpg,98,water,48,2400930
images/2350379.jpg,dog,1,train,water,2350379.jpg,98,water,48,2350379
images/2346815.jpg,dog,1,train,water,2346815.jpg,98,water,48,2346815
images/2388197.jpg,dog,1,train,water,2388197.jpg,98,water,48,2388197
images/2400608.jpg,dog,1,train,water,2400608.jpg,98,water,48,2400608
images/2319357.jpg,dog,1,test,water,2319357.jpg,98,water,48,2319357
images/2356920.jpg,dog,1,val,water,2356920.jpg,98,water,48,2356920
images/2339140.jpg,dog,1,val,water,2339140.jpg,98,water,48,2339140
images/2369402.jpg,dog,1,val,water,2369402.jpg,98,water,48,2369402
images/2358663.jpg,dog,1,train,water,2358663.jpg,98,water,48,2358663
images/2362620.jpg,dog,1,train,water,2362620.jpg,98,water,48,2362620
images/2348946.jpg,dog,1,test,water,2348946.jpg,98,water,48,2348946
images/2320932.jpg,dog,1,val,water,2320932.jpg,98,water,48,2320932
images/2372598.jpg,dog,1,val,water,2372598.jpg,98,water,48,2372598
images/2382157.jpg,dog,1,train,water,2382157.jpg,98,water,48,2382157
images/2381433.jpg,dog,1,val,water,2381433.jpg,98,water,48,2381433
images/2373155.jpg,dog,1,val,water,2373155.jpg,98,water,48,2373155
images/2362804.jpg,dog,1,val,water,2362804.jpg,98,water,48,2362804
images/2414304.jpg,dog,1,train,water,2414304.jpg,98,water,48,2414304
images/2361492.jpg,dog,1,train,water,2361492.jpg,98,water,48,2361492
images/2317995.jpg,dog,1,train,water,2317995.jpg,98,water,48,2317995
images/2362957.jpg,dog,1,val,water,2362957.jpg,98,water,48,2362957
images/2320476.jpg,dog,1,train,water,2320476.jpg,98,water,48,2320476
images/2365524.jpg,dog,1,test,water,2365524.jpg,98,water,48,2365524
images/2347660.jpg,dog,1,train,water,2347660.jpg,98,water,48,2347660
images/2368162.jpg,dog,1,train,water,2368162.jpg,98,water,48,2368162
images/2355865.jpg,dog,1,train,water,2355865.jpg,98,water,48,2355865
images/2363530.jpg,dog,1,train,water,2363530.jpg,98,water,48,2363530
images/2386513.jpg,dog,1,test,water,2386513.jpg,98,water,48,2386513
images/2352573.jpg,dog,1,test,water,2352573.jpg,98,water,48,2352573
images/2371137.jpg,dog,1,val,water,2371137.jpg,98,water,48,2371137
images/308.jpg,dog,1,train,water,308.jpg,98,water,48,308
images/2325567.jpg,dog,1,train,water,2325567.jpg,98,water,48,2325567
images/2345765.jpg,dog,1,train,water,2345765.jpg,98,water,48,2345765
images/2398609.jpg,dog,1,test,water,2398609.jpg,98,water,48,2398609
images/2348412.jpg,dog,1,train,water,2348412.jpg,98,water,48,2348412
images/2354475.jpg,dog,1,val,water,2354475.jpg,98,water,48,2354475
images/2352484.jpg,dog,1,val,water,2352484.jpg,98,water,48,2352484
images/2405103.jpg,dog,1,train,water,2405103.jpg,98,water,48,2405103
images/2403245.jpg,dog,1,train,water,2403245.jpg,98,water,48,2403245
images/2399017.jpg,dog,1,train,water,2399017.jpg,98,water,48,2399017
images/2397203.jpg,dog,1,val,water,2397203.jpg,98,water,48,2397203
images/2401778.jpg,dog,1,val,water,2401778.jpg,98,water,48,2401778
images/2372988.jpg,dog,1,train,water,2372988.jpg,98,water,48,2372988
images/2328720.jpg,dog,1,train,water,2328720.jpg,98,water,48,2328720
images/2362394.jpg,dog,1,train,water,2362394.jpg,98,water,48,2362394
images/2412108.jpg,dog,1,val,water,2412108.jpg,98,water,48,2412108
images/2398506.jpg,dog,1,train,water,2398506.jpg,98,water,48,2398506
images/2391725.jpg,dog,1,train,water,2391725.jpg,98,water,48,2391725
images/2348253.jpg,dog,1,train,water,2348253.jpg,98,water,48,2348253
images/2325500.jpg,dog,1,train,water,2325500.jpg,98,water,48,2325500
images/2363272.jpg,dog,1,train,water,2363272.jpg,98,water,48,2363272
images/2403975.jpg,dog,1,train,water,2403975.jpg,98,water,48,2403975
images/2395217.jpg,dog,1,train,water,2395217.jpg,98,water,48,2395217
images/2349993.jpg,dog,1,train,water,2349993.jpg,98,water,48,2349993
images/2317781.jpg,dog,1,train,water,2317781.jpg,98,water,48,2317781
images/2361883.jpg,dog,1,train,water,2361883.jpg,98,water,48,2361883
images/2365002.jpg,dog,1,train,water,2365002.jpg,98,water,48,2365002
images/2339341.jpg,dog,1,val,water,2339341.jpg,98,water,48,2339341
images/2327519.jpg,dog,1,train,water,2327519.jpg,98,water,48,2327519
images/2391307.jpg,dog,1,train,water,2391307.jpg,98,water,48,2391307
images/2404669.jpg,dog,1,val,water,2404669.jpg,98,water,48,2404669
images/2387137.jpg,dog,1,train,water,2387137.jpg,98,water,48,2387137
images/2321109.jpg,dog,1,test,water,2321109.jpg,98,water,48,2321109
images/2377282.jpg,dog,1,val,water,2377282.jpg,98,water,48,2377282
images/2351612.jpg,dog,1,train,water,2351612.jpg,98,water,48,2351612
images/2389092.jpg,dog,1,train,water,2389092.jpg,98,water,48,2389092
images/2391743.jpg,dog,1,val,water,2391743.jpg,98,water,48,2391743
images/2409721.jpg,dog,1,train,water,2409721.jpg,98,water,48,2409721
images/2353197.jpg,dog,1,test,water,2353197.jpg,98,water,48,2353197
images/2370415.jpg,dog,1,train,water,2370415.jpg,98,water,48,2370415
images/2344234.jpg,dog,1,train,water,2344234.jpg,98,water,48,2344234
images/2343149.jpg,dog,1,train,water,2343149.jpg,98,water,48,2343149
images/2368853.jpg,dog,1,train,water,2368853.jpg,98,water,48,2368853
images/2358897.jpg,dog,1,val,water,2358897.jpg,98,water,48,2358897
images/2380787.jpg,dog,1,train,water,2380787.jpg,98,water,48,2380787
images/2331774.jpg,dog,1,val,water,2331774.jpg,98,water,48,2331774
images/2354569.jpg,dog,1,train,water,2354569.jpg,98,water,48,2354569
images/2331118.jpg,dog,1,train,water,2331118.jpg,98,water,48,2331118
images/2361220.jpg,dog,1,test,water,2361220.jpg,98,water,48,2361220
images/2388648.jpg,dog,1,train,water,2388648.jpg,98,water,48,2388648
images/2381403.jpg,dog,1,train,water,2381403.jpg,98,water,48,2381403
images/2352435.jpg,dog,1,val,water,2352435.jpg,98,water,48,2352435
images/2341039.jpg,dog,1,val,water,2341039.jpg,98,water,48,2341039
images/2357485.jpg,dog,1,train,water,2357485.jpg,98,water,48,2357485
images/2366945.jpg,dog,1,train,water,2366945.jpg,98,water,48,2366945
images/2403710.jpg,dog,1,train,water,2403710.jpg,98,water,48,2403710
images/2378073.jpg,dog,1,train,water,2378073.jpg,98,water,48,2378073
images/2325642.jpg,dog,1,train,water,2325642.jpg,98,water,48,2325642
images/713188.jpg,dog,1,train,water,713188.jpg,98,water,48,713188
images/2362815.jpg,dog,1,test,water,2362815.jpg,98,water,48,2362815
images/2336027.jpg,dog,1,train,water,2336027.jpg,98,water,48,2336027
images/2334367.jpg,dog,1,val,water,2334367.jpg,98,water,48,2334367
images/2348502.jpg,dog,1,train,water,2348502.jpg,98,water,48,2348502
images/2409988.jpg,dog,1,test,water,2409988.jpg,98,water,48,2409988
images/2382950.jpg,dog,1,val,water,2382950.jpg,98,water,48,2382950
images/2381084.jpg,dog,1,train,water,2381084.jpg,98,water,48,2381084
images/2366640.jpg,dog,1,train,water,2366640.jpg,98,water,48,2366640
images/2363024.jpg,dog,1,train,water,2363024.jpg,98,water,48,2363024
images/2377474.jpg,dog,1,train,water,2377474.jpg,98,water,48,2377474
images/2354471.jpg,dog,1,train,water,2354471.jpg,98,water,48,2354471
images/2358799.jpg,dog,1,train,water,2358799.jpg,98,water,48,2358799
images/2395395.jpg,dog,1,train,water,2395395.jpg,98,water,48,2395395
images/2321730.jpg,dog,1,test,water,2321730.jpg,98,water,48,2321730
images/2346637.jpg,dog,1,train,water,2346637.jpg,98,water,48,2346637
images/2347851.jpg,dog,1,train,water,2347851.jpg,98,water,48,2347851
images/2349616.jpg,dog,1,train,water,2349616.jpg,98,water,48,2349616
images/2412384.jpg,dog,1,train,water,2412384.jpg,98,water,48,2412384
images/2322792.jpg,dog,1,train,water,2322792.jpg,98,water,48,2322792
images/2376639.jpg,dog,1,train,water,2376639.jpg,98,water,48,2376639
images/2372581.jpg,dog,1,test,water,2372581.jpg,98,water,48,2372581
images/2321114.jpg,dog,1,train,water,2321114.jpg,98,water,48,2321114
images/2359950.jpg,dog,1,train,water,2359950.jpg,98,water,48,2359950
images/2323635.jpg,dog,1,train,water,2323635.jpg,98,water,48,2323635
images/2342008.jpg,dog,1,train,water,2342008.jpg,98,water,48,2342008
images/2386802.jpg,dog,1,train,water,2386802.jpg,98,water,48,2386802
images/2329647.jpg,dog,1,train,water,2329647.jpg,98,water,48,2329647
images/2322354.jpg,dog,1,test,water,2322354.jpg,98,water,48,2322354
images/2379730.jpg,dog,1,train,water,2379730.jpg,98,water,48,2379730
images/2357991.jpg,dog,1,val,water,2357991.jpg,98,water,48,2357991
images/2334223.jpg,dog,1,train,water,2334223.jpg,98,water,48,2334223
images/2400993.jpg,dog,1,train,water,2400993.jpg,98,water,48,2400993
images/2338165.jpg,dog,1,val,water,2338165.jpg,98,water,48,2338165
images/2368054.jpg,dog,1,train,water,2368054.jpg,98,water,48,2368054
images/2343526.jpg,dog,1,test,water,2343526.jpg,98,water,48,2343526
images/2398702.jpg,dog,1,train,water,2398702.jpg,98,water,48,2398702
images/2392202.jpg,dog,1,train,water,2392202.jpg,98,water,48,2392202
images/2376794.jpg,dog,1,train,water,2376794.jpg,98,water,48,2376794
images/2324536.jpg,dog,1,train,water,2324536.jpg,98,water,48,2324536
images/2361821.jpg,dog,1,train,water,2361821.jpg,98,water,48,2361821
images/2404537.jpg,dog,1,train,water,2404537.jpg,98,water,48,2404537
images/2364424.jpg,dog,1,train,water,2364424.jpg,98,water,48,2364424
images/2380064.jpg,dog,1,train,water,2380064.jpg,98,water,48,2380064
images/2404065.jpg,dog,1,train,water,2404065.jpg,98,water,48,2404065
images/2393332.jpg,dog,1,val,water,2393332.jpg,98,water,48,2393332
images/2333478.jpg,dog,1,train,water,2333478.jpg,98,water,48,2333478
images/2376140.jpg,dog,1,test,water,2376140.jpg,98,water,48,2376140
images/2412342.jpg,dog,1,train,water,2412342.jpg,98,water,48,2412342
images/2320542.jpg,dog,1,train,water,2320542.jpg,98,water,48,2320542
images/2327579.jpg,dog,1,train,water,2327579.jpg,98,water,48,2327579
images/2342460.jpg,dog,1,train,water,2342460.jpg,98,water,48,2342460
images/2398047.jpg,dog,1,train,water,2398047.jpg,98,water,48,2398047
images/2355304.jpg,dog,1,train,water,2355304.jpg,98,water,48,2355304
images/2372055.jpg,dog,1,test,water,2372055.jpg,98,water,48,2372055
images/2382281.jpg,dog,1,test,water,2382281.jpg,98,water,48,2382281
images/2356713.jpg,dog,1,train,water,2356713.jpg,98,water,48,2356713
images/2345532.jpg,dog,1,train,water,2345532.jpg,98,water,48,2345532
images/2351952.jpg,dog,1,val,water,2351952.jpg,98,water,48,2351952
images/2363402.jpg,dog,1,train,water,2363402.jpg,98,water,48,2363402
images/2389952.jpg,dog,1,train,water,2389952.jpg,98,water,48,2389952
images/2356259.jpg,dog,1,val,water,2356259.jpg,98,water,48,2356259
images/1592064.jpg,dog,1,train,water,1592064.jpg,98,water,48,1592064
images/2316215.jpg,dog,1,val,water,2316215.jpg,98,water,48,2316215
images/2348065.jpg,dog,1,train,water,2348065.jpg,98,water,48,2348065
images/2322607.jpg,dog,1,test,water,2322607.jpg,98,water,48,2322607
images/2347131.jpg,dog,1,train,water,2347131.jpg,98,water,48,2347131
images/2353801.jpg,dog,1,val,water,2353801.jpg,98,water,48,2353801
images/2355172.jpg,dog,1,train,water,2355172.jpg,98,water,48,2355172
images/2350371.jpg,dog,1,val,water,2350371.jpg,98,water,48,2350371
images/2367136.jpg,dog,1,train,water,2367136.jpg,98,water,48,2367136
images/2351028.jpg,dog,1,train,water,2351028.jpg,98,water,48,2351028
images/2392036.jpg,dog,1,train,water,2392036.jpg,98,water,48,2392036
images/2362161.jpg,dog,1,train,water,2362161.jpg,98,water,48,2362161
images/2376547.jpg,dog,1,val,water,2376547.jpg,98,water,48,2376547
images/2360784.jpg,dog,1,train,water,2360784.jpg,98,water,48,2360784
images/2342562.jpg,dog,1,train,water,2342562.jpg,98,water,48,2342562
images/2368610.jpg,dog,1,test,water,2368610.jpg,98,water,48,2368610
images/2412794.jpg,dog,1,train,water,2412794.jpg,98,water,48,2412794
images/2414707.jpg,dog,1,val,water,2414707.jpg,98,water,48,2414707
images/713680.jpg,dog,1,train,water,713680.jpg,98,water,48,713680
images/2397204.jpg,dog,1,train,water,2397204.jpg,98,water,48,2397204
images/2417150.jpg,dog,1,train,water,2417150.jpg,98,water,48,2417150
images/2322764.jpg,dog,1,train,water,2322764.jpg,98,water,48,2322764
images/2390028.jpg,dog,1,test,water,2390028.jpg,98,water,48,2390028
images/2368944.jpg,dog,1,train,water,2368944.jpg,98,water,48,2368944
images/2346789.jpg,dog,1,train,water,2346789.jpg,98,water,48,2346789
images/2386631.jpg,dog,1,train,water,2386631.jpg,98,water,48,2386631
images/2403075.jpg,dog,1,train,water,2403075.jpg,98,water,48,2403075
images/2399443.jpg,dog,1,train,water,2399443.jpg,98,water,48,2399443
images/2319295.jpg,dog,1,val,water,2319295.jpg,98,water,48,2319295
images/2363815.jpg,dog,1,train,water,2363815.jpg,98,water,48,2363815
images/2382269.jpg,dog,1,test,water,2382269.jpg,98,water,48,2382269
images/2360443.jpg,dog,1,train,water,2360443.jpg,98,water,48,2360443
images/2346788.jpg,dog,1,test,water,2346788.jpg,98,water,48,2346788
images/2392690.jpg,dog,1,val,water,2392690.jpg,98,water,48,2392690
images/2327364.jpg,dog,1,train,water,2327364.jpg,98,water,48,2327364
images/2317126.jpg,dog,1,train,water,2317126.jpg,98,water,48,2317126
images/2417801.jpg,dog,1,val,water,2417801.jpg,98,water,48,2417801
images/2326800.jpg,dog,1,val,water,2326800.jpg,98,water,48,2326800
images/2363292.jpg,dog,1,val,water,2363292.jpg,98,water,48,2363292
images/2395632.jpg,dog,1,train,water,2395632.jpg,98,water,48,2395632
images/1159281.jpg,dog,1,train,water,1159281.jpg,98,water,48,1159281
images/2349591.jpg,dog,1,train,water,2349591.jpg,98,water,48,2349591
images/2353398.jpg,dog,1,train,water,2353398.jpg,98,water,48,2353398
images/2345931.jpg,dog,1,train,water,2345931.jpg,98,water,48,2345931
images/2416234.jpg,dog,1,train,water,2416234.jpg,98,water,48,2416234
images/2353113.jpg,dog,1,train,water,2353113.jpg,98,water,48,2353113
images/2397768.jpg,dog,1,train,water,2397768.jpg,98,water,48,2397768
images/2388607.jpg,dog,1,train,water,2388607.jpg,98,water,48,2388607
images/2365285.jpg,dog,1,test,water,2365285.jpg,98,water,48,2365285
images/2341393.jpg,dog,1,train,water,2341393.jpg,98,water,48,2341393
images/2361552.jpg,dog,1,train,water,2361552.jpg,98,water,48,2361552
images/2370845.jpg,dog,1,train,water,2370845.jpg,98,water,48,2370845
images/2326242.jpg,dog,1,train,water,2326242.jpg,98,water,48,2326242
images/2351872.jpg,dog,1,train,water,2351872.jpg,98,water,48,2351872
images/2329206.jpg,dog,1,train,water,2329206.jpg,98,water,48,2329206
images/2326052.jpg,dog,1,train,water,2326052.jpg,98,water,48,2326052
images/2393366.jpg,dog,1,train,water,2393366.jpg,98,water,48,2393366
images/2317003.jpg,dog,1,train,water,2317003.jpg,98,water,48,2317003
images/2324106.jpg,dog,1,train,water,2324106.jpg,98,water,48,2324106
images/2387862.jpg,dog,1,train,water,2387862.jpg,98,water,48,2387862
images/2350435.jpg,dog,1,test,water,2350435.jpg,98,water,48,2350435
images/1160209.jpg,dog,1,val,water,1160209.jpg,98,water,48,1160209
images/2381223.jpg,dog,1,train,water,2381223.jpg,98,water,48,2381223
images/2364024.jpg,dog,1,train,water,2364024.jpg,98,water,48,2364024
images/2396084.jpg,dog,1,train,water,2396084.jpg,98,water,48,2396084
images/2409587.jpg,dog,1,train,water,2409587.jpg,98,water,48,2409587
images/2346751.jpg,dog,1,val,water,2346751.jpg,98,water,48,2346751
images/2368415.jpg,dog,1,train,water,2368415.jpg,98,water,48,2368415
images/2319745.jpg,dog,1,val,water,2319745.jpg,98,water,48,2319745
images/2317661.jpg,dog,1,train,water,2317661.jpg,98,water,48,2317661
images/2348342.jpg,dog,1,train,water,2348342.jpg,98,water,48,2348342
images/2388743.jpg,dog,1,train,water,2388743.jpg,98,water,48,2388743
images/2370923.jpg,dog,1,train,water,2370923.jpg,98,water,48,2370923
images/2392675.jpg,dog,1,test,water,2392675.jpg,98,water,48,2392675
images/2336458.jpg,dog,1,train,water,2336458.jpg,98,water,48,2336458
images/2371670.jpg,dog,1,train,water,2371670.jpg,98,water,48,2371670
images/2413539.jpg,dog,1,val,skateboard,2413539.jpg,90,skateboard,40,2413539
images/2325037.jpg,dog,1,train,skateboard,2325037.jpg,90,skateboard,40,2325037
images/2365207.jpg,dog,1,train,skateboard,2365207.jpg,90,skateboard,40,2365207
images/2359753.jpg,dog,1,train,skateboard,2359753.jpg,90,skateboard,40,2359753
images/2330686.jpg,dog,1,train,skateboard,2330686.jpg,90,skateboard,40,2330686
images/2335476.jpg,dog,1,train,skateboard,2335476.jpg,90,skateboard,40,2335476
images/2367331.jpg,dog,1,train,skateboard,2367331.jpg,90,skateboard,40,2367331
images/2395684.jpg,dog,1,train,skateboard,2395684.jpg,90,skateboard,40,2395684
images/2394927.jpg,dog,1,train,skateboard,2394927.jpg,90,skateboard,40,2394927
images/2370877.jpg,dog,1,test,skateboard,2370877.jpg,90,skateboard,40,2370877
images/2317457.jpg,dog,1,train,skateboard,2317457.jpg,90,skateboard,40,2317457
images/2417829.jpg,dog,1,test,skateboard,2417829.jpg,90,skateboard,40,2417829
images/2386233.jpg,dog,1,val,skateboard,2386233.jpg,90,skateboard,40,2386233
images/2315773.jpg,dog,1,train,skateboard,2315773.jpg,90,skateboard,40,2315773
images/2364424.jpg,dog,1,train,skateboard,2364424.jpg,90,skateboard,40,2364424
images/2341071.jpg,dog,1,train,skateboard,2341071.jpg,90,skateboard,40,2341071
images/2417191.jpg,dog,1,test,skateboard,2417191.jpg,90,skateboard,40,2417191
images/2397704.jpg,dog,1,test,skateboard,2397704.jpg,90,skateboard,40,2397704
images/2380687.jpg,dog,1,train,skateboard,2380687.jpg,90,skateboard,40,2380687
images/2327348.jpg,dog,1,train,skateboard,2327348.jpg,90,skateboard,40,2327348
images/2343283.jpg,dog,1,train,skateboard,2343283.jpg,90,skateboard,40,2343283
images/2367018.jpg,dog,1,train,skateboard,2367018.jpg,90,skateboard,40,2367018
images/2405623.jpg,dog,1,val,skateboard,2405623.jpg,90,skateboard,40,2405623
images/2345544.jpg,dog,1,train,skateboard,2345544.jpg,90,skateboard,40,2345544
images/2401273.jpg,dog,1,train,skateboard,2401273.jpg,90,skateboard,40,2401273
images/2414053.jpg,dog,1,train,skateboard,2414053.jpg,90,skateboard,40,2414053
images/2414515.jpg,dog,1,val,skateboard,2414515.jpg,90,skateboard,40,2414515
images/2414354.jpg,dog,1,test,skateboard,2414354.jpg,90,skateboard,40,2414354
images/2332720.jpg,dog,1,train,skateboard,2332720.jpg,90,skateboard,40,2332720
images/2353948.jpg,dog,1,train,skateboard,2353948.jpg,90,skateboard,40,2353948
images/2342762.jpg,dog,1,val,skateboard,2342762.jpg,90,skateboard,40,2342762
images/2358758.jpg,dog,1,test,skateboard,2358758.jpg,90,skateboard,40,2358758
images/2365030.jpg,dog,1,val,skateboard,2365030.jpg,90,skateboard,40,2365030
images/2377194.jpg,dog,1,train,skateboard,2377194.jpg,90,skateboard,40,2377194
images/2336458.jpg,dog,1,train,skateboard,2336458.jpg,90,skateboard,40,2336458
images/2344769.jpg,dog,1,train,skateboard,2344769.jpg,90,skateboard,40,2344769
images/2324236.jpg,dog,1,train,skateboard,2324236.jpg,90,skateboard,40,2324236
images/2363708.jpg,dog,1,train,skateboard,2363708.jpg,90,skateboard,40,2363708
images/2359576.jpg,dog,1,train,skateboard,2359576.jpg,90,skateboard,40,2359576
images/2315606.jpg,dog,1,train,skateboard,2315606.jpg,90,skateboard,40,2315606
images/2365507.jpg,dog,1,train,skateboard,2365507.jpg,90,skateboard,40,2365507
images/2407510.jpg,dog,1,train,skateboard,2407510.jpg,90,skateboard,40,2407510
images/2345947.jpg,dog,1,train,skateboard,2345947.jpg,90,skateboard,40,2345947
images/2375053.jpg,dog,1,test,skateboard,2375053.jpg,90,skateboard,40,2375053
images/2341204.jpg,dog,1,train,skateboard,2341204.jpg,90,skateboard,40,2341204
images/2380985.jpg,dog,1,test,skateboard,2380985.jpg,90,skateboard,40,2380985
images/2334564.jpg,dog,1,train,hat,2334564.jpg,71,hat,21,2334564
images/2370647.jpg,dog,1,train,hat,2370647.jpg,71,hat,21,2370647
images/2367152.jpg,dog,1,test,hat,2367152.jpg,71,hat,21,2367152
images/2408376.jpg,dog,1,train,hat,2408376.jpg,71,hat,21,2408376
images/2355256.jpg,dog,1,train,hat,2355256.jpg,71,hat,21,2355256
images/2400991.jpg,dog,1,val,hat,2400991.jpg,71,hat,21,2400991
images/2322864.jpg,dog,1,train,hat,2322864.jpg,71,hat,21,2322864
images/2346157.jpg,dog,1,val,hat,2346157.jpg,71,hat,21,2346157
images/2358354.jpg,dog,1,train,hat,2358354.jpg,71,hat,21,2358354
images/2348603.jpg,dog,1,val,hat,2348603.jpg,71,hat,21,2348603
images/2336712.jpg,dog,1,train,hat,2336712.jpg,71,hat,21,2336712
images/2327415.jpg,dog,1,test,hat,2327415.jpg,71,hat,21,2327415
images/2394499.jpg,dog,1,val,hat,2394499.jpg,71,hat,21,2394499
images/2371995.jpg,dog,1,val,hat,2371995.jpg,71,hat,21,2371995
images/2356804.jpg,dog,1,train,hat,2356804.jpg,71,hat,21,2356804
images/2410817.jpg,dog,1,test,hat,2410817.jpg,71,hat,21,2410817
images/2417574.jpg,dog,1,train,hat,2417574.jpg,71,hat,21,2417574
images/2380827.jpg,dog,1,train,hat,2380827.jpg,71,hat,21,2380827
images/2360206.jpg,dog,1,test,hat,2360206.jpg,71,hat,21,2360206
images/2354002.jpg,dog,1,train,hat,2354002.jpg,71,hat,21,2354002
images/1592123.jpg,dog,1,train,hat,1592123.jpg,71,hat,21,1592123
images/2368426.jpg,dog,1,val,hat,2368426.jpg,71,hat,21,2368426
images/2370.jpg,dog,1,test,hat,2370.jpg,71,hat,21,2370
images/2405343.jpg,dog,1,train,hat,2405343.jpg,71,hat,21,2405343
images/2387128.jpg,dog,1,val,hat,2387128.jpg,71,hat,21,2387128
images/2384517.jpg,dog,1,train,hat,2384517.jpg,71,hat,21,2384517
images/2346042.jpg,dog,1,train,hat,2346042.jpg,71,hat,21,2346042
images/2324546.jpg,dog,1,train,hat,2324546.jpg,71,hat,21,2324546
images/2393247.jpg,dog,1,train,hat,2393247.jpg,71,hat,21,2393247
images/2330214.jpg,dog,1,train,hat,2330214.jpg,71,hat,21,2330214
images/2407463.jpg,dog,1,test,hat,2407463.jpg,71,hat,21,2407463
images/2341577.jpg,dog,1,train,hat,2341577.jpg,71,hat,21,2341577
images/2356877.jpg,dog,1,val,hat,2356877.jpg,71,hat,21,2356877
images/2402353.jpg,dog,1,train,hat,2402353.jpg,71,hat,21,2402353
images/2324234.jpg,dog,1,train,hat,2324234.jpg,71,hat,21,2324234
images/2391492.jpg,dog,1,test,hat,2391492.jpg,71,hat,21,2391492
images/2366433.jpg,dog,1,test,hat,2366433.jpg,71,hat,21,2366433
images/2356920.jpg,dog,1,train,hat,2356920.jpg,71,hat,21,2356920
images/2382157.jpg,dog,1,train,hat,2382157.jpg,71,hat,21,2382157
images/2415617.jpg,dog,1,train,hat,2415617.jpg,71,hat,21,2415617
images/2379484.jpg,dog,1,train,hat,2379484.jpg,71,hat,21,2379484
images/2375426.jpg,dog,1,train,hat,2375426.jpg,71,hat,21,2375426
images/2363530.jpg,dog,1,val,hat,2363530.jpg,71,hat,21,2363530
images/2316242.jpg,dog,1,train,hat,2316242.jpg,71,hat,21,2316242
images/2329335.jpg,dog,1,train,hat,2329335.jpg,71,hat,21,2329335
images/2383252.jpg,dog,1,train,hat,2383252.jpg,71,hat,21,2383252
images/2352484.jpg,dog,1,val,hat,2352484.jpg,71,hat,21,2352484
images/2331395.jpg,dog,1,train,hat,2331395.jpg,71,hat,21,2331395
images/2373696.jpg,dog,1,val,hat,2373696.jpg,71,hat,21,2373696
images/2336182.jpg,dog,1,train,hat,2336182.jpg,71,hat,21,2336182
images/2373141.jpg,dog,1,train,hat,2373141.jpg,71,hat,21,2373141
images/2365207.jpg,dog,1,train,hat,2365207.jpg,71,hat,21,2365207
images/2334611.jpg,dog,1,train,hat,2334611.jpg,71,hat,21,2334611
images/2328062.jpg,dog,1,train,hat,2328062.jpg,71,hat,21,2328062
images/2387430.jpg,dog,1,test,hat,2387430.jpg,71,hat,21,2387430
images/2337587.jpg,dog,1,train,hat,2337587.jpg,71,hat,21,2337587
images/2404933.jpg,dog,1,train,hat,2404933.jpg,71,hat,21,2404933
images/713048.jpg,dog,1,train,hat,713048.jpg,71,hat,21,713048
images/2346869.jpg,dog,1,test,hat,2346869.jpg,71,hat,21,2346869
images/2334928.jpg,dog,1,train,hat,2334928.jpg,71,hat,21,2334928
images/286019.jpg,dog,1,train,hat,286019.jpg,71,hat,21,286019
images/2395217.jpg,dog,1,train,hat,2395217.jpg,71,hat,21,2395217
images/2387140.jpg,dog,1,train,hat,2387140.jpg,71,hat,21,2387140
images/2380834.jpg,dog,1,val,hat,2380834.jpg,71,hat,21,2380834
images/2320868.jpg,dog,1,train,hat,2320868.jpg,71,hat,21,2320868
images/1592975.jpg,dog,1,train,hat,1592975.jpg,71,hat,21,1592975
images/2370727.jpg,dog,1,train,hat,2370727.jpg,71,hat,21,2370727
images/2377932.jpg,dog,1,train,hat,2377932.jpg,71,hat,21,2377932
images/497973.jpg,dog,1,train,hat,497973.jpg,71,hat,21,497973
images/2352946.jpg,dog,1,val,hat,2352946.jpg,71,hat,21,2352946
images/2324410.jpg,dog,1,val,hat,2324410.jpg,71,hat,21,2324410
images/2320410.jpg,dog,1,train,hat,2320410.jpg,71,hat,21,2320410
images/2406384.jpg,dog,1,test,hat,2406384.jpg,71,hat,21,2406384
images/2387231.jpg,dog,1,test,hat,2387231.jpg,71,hat,21,2387231
images/2340860.jpg,dog,1,train,hat,2340860.jpg,71,hat,21,2340860
images/2318934.jpg,dog,1,train,hat,2318934.jpg,71,hat,21,2318934
images/2340687.jpg,dog,1,train,hat,2340687.jpg,71,hat,21,2340687
images/2369860.jpg,dog,1,val,hat,2369860.jpg,71,hat,21,2369860
images/2414534.jpg,dog,1,train,hat,2414534.jpg,71,hat,21,2414534
images/2392606.jpg,dog,1,train,hat,2392606.jpg,71,hat,21,2392606
images/2386876.jpg,dog,1,val,hat,2386876.jpg,71,hat,21,2386876
images/2350157.jpg,dog,1,train,hat,2350157.jpg,71,hat,21,2350157
images/2371249.jpg,dog,1,train,hat,2371249.jpg,71,hat,21,2371249
images/2324645.jpg,dog,1,train,hat,2324645.jpg,71,hat,21,2324645
images/2362815.jpg,dog,1,train,hat,2362815.jpg,71,hat,21,2362815
images/2396028.jpg,dog,1,train,hat,2396028.jpg,71,hat,21,2396028
images/2334244.jpg,dog,1,val,hat,2334244.jpg,71,hat,21,2334244
images/2326497.jpg,dog,1,train,hat,2326497.jpg,71,hat,21,2326497
images/2398065.jpg,dog,1,train,hat,2398065.jpg,71,hat,21,2398065
images/2382950.jpg,dog,1,train,hat,2382950.jpg,71,hat,21,2382950
images/2412112.jpg,dog,1,val,hat,2412112.jpg,71,hat,21,2412112
images/2413397.jpg,dog,1,train,hat,2413397.jpg,71,hat,21,2413397
images/2400114.jpg,dog,1,train,hat,2400114.jpg,71,hat,21,2400114
images/2315606.jpg,dog,1,train,hat,2315606.jpg,71,hat,21,2315606
images/2399233.jpg,dog,1,train,hat,2399233.jpg,71,hat,21,2399233
images/2333171.jpg,dog,1,train,hat,2333171.jpg,71,hat,21,2333171
images/2316809.jpg,dog,1,train,hat,2316809.jpg,71,hat,21,2316809
images/2391488.jpg,dog,1,train,hat,2391488.jpg,71,hat,21,2391488
images/2341401.jpg,dog,1,train,hat,2341401.jpg,71,hat,21,2341401
images/2355579.jpg,dog,1,train,hat,2355579.jpg,71,hat,21,2355579
images/2338488.jpg,dog,1,train,hat,2338488.jpg,71,hat,21,2338488
images/2415707.jpg,dog,1,train,hat,2415707.jpg,71,hat,21,2415707
images/2362379.jpg,dog,1,train,hat,2362379.jpg,71,hat,21,2362379
images/2343165.jpg,dog,1,train,hat,2343165.jpg,71,hat,21,2343165
images/2325354.jpg,dog,1,train,hat,2325354.jpg,71,hat,21,2325354
images/2376639.jpg,dog,1,train,hat,2376639.jpg,71,hat,21,2376639
images/2376391.jpg,dog,1,train,hat,2376391.jpg,71,hat,21,2376391
images/2317093.jpg,dog,1,train,hat,2317093.jpg,71,hat,21,2317093
images/2413346.jpg,dog,1,train,hat,2413346.jpg,71,hat,21,2413346
images/2323635.jpg,dog,1,train,hat,2323635.jpg,71,hat,21,2323635
images/2334891.jpg,dog,1,val,hat,2334891.jpg,71,hat,21,2334891
images/2356624.jpg,dog,1,val,hat,2356624.jpg,71,hat,21,2356624
images/2348791.jpg,dog,1,test,hat,2348791.jpg,71,hat,21,2348791
images/2326452.jpg,dog,1,train,hat,2326452.jpg,71,hat,21,2326452
images/2375612.jpg,dog,1,val,hat,2375612.jpg,71,hat,21,2375612
images/2414764.jpg,dog,1,train,hat,2414764.jpg,71,hat,21,2414764
images/285822.jpg,dog,1,train,hat,285822.jpg,71,hat,21,285822
images/2385923.jpg,dog,1,test,hat,2385923.jpg,71,hat,21,2385923
images/2402933.jpg,dog,1,val,hat,2402933.jpg,71,hat,21,2402933
images/2404537.jpg,dog,1,train,hat,2404537.jpg,71,hat,21,2404537
images/2353034.jpg,dog,1,val,hat,2353034.jpg,71,hat,21,2353034
images/2417191.jpg,dog,1,train,hat,2417191.jpg,71,hat,21,2417191
images/1592252.jpg,dog,1,val,hat,1592252.jpg,71,hat,21,1592252
images/2400563.jpg,dog,1,train,hat,2400563.jpg,71,hat,21,2400563
images/2334261.jpg,dog,1,train,hat,2334261.jpg,71,hat,21,2334261
images/2317067.jpg,dog,1,val,hat,2317067.jpg,71,hat,21,2317067
images/2367771.jpg,dog,1,train,hat,2367771.jpg,71,hat,21,2367771
images/2409245.jpg,dog,1,train,hat,2409245.jpg,71,hat,21,2409245
images/2318692.jpg,dog,1,train,hat,2318692.jpg,71,hat,21,2318692
images/2382281.jpg,dog,1,test,hat,2382281.jpg,71,hat,21,2382281
images/2414515.jpg,dog,1,train,hat,2414515.jpg,71,hat,21,2414515
images/2365164.jpg,dog,1,test,hat,2365164.jpg,71,hat,21,2365164
images/2320636.jpg,dog,1,train,hat,2320636.jpg,71,hat,21,2320636
images/713715.jpg,dog,1,train,hat,713715.jpg,71,hat,21,713715
images/2345532.jpg,dog,1,test,hat,2345532.jpg,71,hat,21,2345532
images/2328838.jpg,dog,1,train,hat,2328838.jpg,71,hat,21,2328838
images/2356259.jpg,dog,1,test,hat,2356259.jpg,71,hat,21,2356259
images/2415276.jpg,dog,1,val,hat,2415276.jpg,71,hat,21,2415276
images/2355950.jpg,dog,1,train,hat,2355950.jpg,71,hat,21,2355950
images/2374930.jpg,dog,1,train,hat,2374930.jpg,71,hat,21,2374930
images/2384849.jpg,dog,1,train,hat,2384849.jpg,71,hat,21,2384849
images/2367662.jpg,dog,1,val,hat,2367662.jpg,71,hat,21,2367662
images/2328869.jpg,dog,1,train,hat,2328869.jpg,71,hat,21,2328869
images/2361415.jpg,dog,1,val,hat,2361415.jpg,71,hat,21,2361415
images/2393779.jpg,dog,1,train,hat,2393779.jpg,71,hat,21,2393779
images/2382399.jpg,dog,1,train,hat,2382399.jpg,71,hat,21,2382399
images/2381402.jpg,dog,1,train,hat,2381402.jpg,71,hat,21,2381402
images/2351028.jpg,dog,1,test,hat,2351028.jpg,71,hat,21,2351028
images/285707.jpg,dog,1,train,hat,285707.jpg,71,hat,21,285707
images/2411487.jpg,dog,1,train,hat,2411487.jpg,71,hat,21,2411487
images/2402597.jpg,dog,1,train,hat,2402597.jpg,71,hat,21,2402597
images/2379063.jpg,dog,1,val,hat,2379063.jpg,71,hat,21,2379063
images/2345976.jpg,dog,1,train,hat,2345976.jpg,71,hat,21,2345976
images/2397787.jpg,dog,1,train,hat,2397787.jpg,71,hat,21,2397787
images/2412794.jpg,dog,1,train,hat,2412794.jpg,71,hat,21,2412794
images/2325485.jpg,dog,1,train,hat,2325485.jpg,71,hat,21,2325485
images/2358650.jpg,dog,1,val,hat,2358650.jpg,71,hat,21,2358650
images/2374913.jpg,dog,1,train,hat,2374913.jpg,71,hat,21,2374913
images/2414707.jpg,dog,1,val,hat,2414707.jpg,71,hat,21,2414707
images/2353822.jpg,dog,1,train,hat,2353822.jpg,71,hat,21,2353822
images/2388411.jpg,dog,1,train,hat,2388411.jpg,71,hat,21,2388411
images/713479.jpg,dog,1,train,hat,713479.jpg,71,hat,21,713479
images/2397204.jpg,dog,1,train,hat,2397204.jpg,71,hat,21,2397204
images/2330481.jpg,dog,1,train,hat,2330481.jpg,71,hat,21,2330481
images/2367186.jpg,dog,1,train,hat,2367186.jpg,71,hat,21,2367186
images/713615.jpg,dog,1,val,hat,713615.jpg,71,hat,21,713615
images/2341219.jpg,dog,1,val,hat,2341219.jpg,71,hat,21,2341219
images/2341324.jpg,dog,1,train,hat,2341324.jpg,71,hat,21,2341324
images/2347300.jpg,dog,1,val,hat,2347300.jpg,71,hat,21,2347300
images/2316980.jpg,dog,1,train,hat,2316980.jpg,71,hat,21,2316980
images/2350609.jpg,dog,1,train,hat,2350609.jpg,71,hat,21,2350609
images/2367272.jpg,dog,1,train,hat,2367272.jpg,71,hat,21,2367272
images/2318030.jpg,dog,1,train,hat,2318030.jpg,71,hat,21,2318030
images/2358622.jpg,dog,1,train,hat,2358622.jpg,71,hat,21,2358622
images/2366052.jpg,dog,1,train,hat,2366052.jpg,71,hat,21,2366052
images/2343283.jpg,dog,1,train,hat,2343283.jpg,71,hat,21,2343283
images/2364372.jpg,dog,1,train,hat,2364372.jpg,71,hat,21,2364372
images/2416699.jpg,dog,1,val,hat,2416699.jpg,71,hat,21,2416699
images/2367636.jpg,dog,1,train,hat,2367636.jpg,71,hat,21,2367636
images/2338674.jpg,dog,1,train,hat,2338674.jpg,71,hat,21,2338674
images/2351991.jpg,dog,1,test,hat,2351991.jpg,71,hat,21,2351991
images/2349591.jpg,dog,1,val,hat,2349591.jpg,71,hat,21,2349591
images/2365888.jpg,dog,1,train,hat,2365888.jpg,71,hat,21,2365888
images/2391456.jpg,dog,1,train,hat,2391456.jpg,71,hat,21,2391456
images/2337125.jpg,dog,1,train,hat,2337125.jpg,71,hat,21,2337125
images/2360290.jpg,dog,1,train,hat,2360290.jpg,71,hat,21,2360290
images/2373955.jpg,dog,1,train,hat,2373955.jpg,71,hat,21,2373955
images/2336115.jpg,dog,1,train,hat,2336115.jpg,71,hat,21,2336115
images/2397768.jpg,dog,1,train,hat,2397768.jpg,71,hat,21,2397768
images/2373751.jpg,dog,1,val,hat,2373751.jpg,71,hat,21,2373751
images/2409626.jpg,dog,1,train,hat,2409626.jpg,71,hat,21,2409626
images/2370711.jpg,dog,1,train,hat,2370711.jpg,71,hat,21,2370711
images/2351872.jpg,dog,1,train,hat,2351872.jpg,71,hat,21,2351872
images/2400986.jpg,dog,1,train,hat,2400986.jpg,71,hat,21,2400986
images/2398018.jpg,dog,1,train,hat,2398018.jpg,71,hat,21,2398018
images/2353922.jpg,dog,1,train,hat,2353922.jpg,71,hat,21,2353922
images/2384109.jpg,dog,1,train,hat,2384109.jpg,71,hat,21,2384109
images/2385858.jpg,dog,1,train,hat,2385858.jpg,71,hat,21,2385858
images/2329565.jpg,dog,1,val,hat,2329565.jpg,71,hat,21,2329565
images/2325492.jpg,dog,1,train,hat,2325492.jpg,71,hat,21,2325492
images/2395166.jpg,dog,1,train,hat,2395166.jpg,71,hat,21,2395166
images/2416340.jpg,dog,1,train,hat,2416340.jpg,71,hat,21,2416340
images/2348342.jpg,dog,1,train,hat,2348342.jpg,71,hat,21,2348342
images/2352906.jpg,dog,1,train,hat,2352906.jpg,71,hat,21,2352906
images/2339161.jpg,dog,1,val,hat,2339161.jpg,71,hat,21,2339161
images/2414213.jpg,dog,1,train,hat,2414213.jpg,71,hat,21,2414213
images/2407435.jpg,dog,1,train,jacket,2407435.jpg,74,jacket,24,2407435
images/2400991.jpg,dog,1,train,jacket,2400991.jpg,74,jacket,24,2400991
images/2339453.jpg,dog,1,train,jacket,2339453.jpg,74,jacket,24,2339453
images/2410503.jpg,dog,1,val,jacket,2410503.jpg,74,jacket,24,2410503
images/2409697.jpg,dog,1,val,jacket,2409697.jpg,74,jacket,24,2409697
images/2371995.jpg,dog,1,train,jacket,2371995.jpg,74,jacket,24,2371995
images/2410817.jpg,dog,1,train,jacket,2410817.jpg,74,jacket,24,2410817
images/2384596.jpg,dog,1,train,jacket,2384596.jpg,74,jacket,24,2384596
images/2397138.jpg,dog,1,val,jacket,2397138.jpg,74,jacket,24,2397138
images/2367512.jpg,dog,1,test,jacket,2367512.jpg,74,jacket,24,2367512
images/2345272.jpg,dog,1,train,jacket,2345272.jpg,74,jacket,24,2345272
images/2387128.jpg,dog,1,train,jacket,2387128.jpg,74,jacket,24,2387128
images/2384517.jpg,dog,1,val,jacket,2384517.jpg,74,jacket,24,2384517
images/2393247.jpg,dog,1,train,jacket,2393247.jpg,74,jacket,24,2393247
images/2400930.jpg,dog,1,test,jacket,2400930.jpg,74,jacket,24,2400930
images/2357646.jpg,dog,1,test,jacket,2357646.jpg,74,jacket,24,2357646
images/2376054.jpg,dog,1,train,jacket,2376054.jpg,74,jacket,24,2376054
images/2406100.jpg,dog,1,train,jacket,2406100.jpg,74,jacket,24,2406100
images/2408331.jpg,dog,1,train,jacket,2408331.jpg,74,jacket,24,2408331
images/2345151.jpg,dog,1,train,jacket,2345151.jpg,74,jacket,24,2345151
images/2350379.jpg,dog,1,train,jacket,2350379.jpg,74,jacket,24,2350379
images/2414053.jpg,dog,1,train,jacket,2414053.jpg,74,jacket,24,2414053
images/2358851.jpg,dog,1,val,jacket,2358851.jpg,74,jacket,24,2358851
images/2366433.jpg,dog,1,train,jacket,2366433.jpg,74,jacket,24,2366433
images/2341368.jpg,dog,1,train,jacket,2341368.jpg,74,jacket,24,2341368
images/2353702.jpg,dog,1,test,jacket,2353702.jpg,74,jacket,24,2353702
images/2356920.jpg,dog,1,test,jacket,2356920.jpg,74,jacket,24,2356920
images/2361930.jpg,dog,1,train,jacket,2361930.jpg,74,jacket,24,2361930
images/2316688.jpg,dog,1,test,jacket,2316688.jpg,74,jacket,24,2316688
images/2393339.jpg,dog,1,train,jacket,2393339.jpg,74,jacket,24,2393339
images/2409085.jpg,dog,1,train,jacket,2409085.jpg,74,jacket,24,2409085
images/2377194.jpg,dog,1,train,jacket,2377194.jpg,74,jacket,24,2377194
images/2329428.jpg,dog,1,val,jacket,2329428.jpg,74,jacket,24,2329428
images/2368621.jpg,dog,1,val,jacket,2368621.jpg,74,jacket,24,2368621
images/2407227.jpg,dog,1,train,jacket,2407227.jpg,74,jacket,24,2407227
images/1831.jpg,dog,1,train,jacket,1831.jpg,74,jacket,24,1831
images/2381777.jpg,dog,1,train,jacket,2381777.jpg,74,jacket,24,2381777
images/2324942.jpg,dog,1,val,jacket,2324942.jpg,74,jacket,24,2324942
images/2352573.jpg,dog,1,test,jacket,2352573.jpg,74,jacket,24,2352573
images/2413278.jpg,dog,1,train,jacket,2413278.jpg,74,jacket,24,2413278
images/2383252.jpg,dog,1,val,jacket,2383252.jpg,74,jacket,24,2383252
images/2343433.jpg,dog,1,val,jacket,2343433.jpg,74,jacket,24,2343433
images/2363601.jpg,dog,1,train,jacket,2363601.jpg,74,jacket,24,2363601
images/2399017.jpg,dog,1,train,jacket,2399017.jpg,74,jacket,24,2399017
images/2378957.jpg,dog,1,train,jacket,2378957.jpg,74,jacket,24,2378957
images/2339172.jpg,dog,1,train,jacket,2339172.jpg,74,jacket,24,2339172
images/2357994.jpg,dog,1,train,jacket,2357994.jpg,74,jacket,24,2357994
images/2361109.jpg,dog,1,train,jacket,2361109.jpg,74,jacket,24,2361109
images/2328062.jpg,dog,1,train,jacket,2328062.jpg,74,jacket,24,2328062
images/2337587.jpg,dog,1,train,jacket,2337587.jpg,74,jacket,24,2337587
images/2327030.jpg,dog,1,train,jacket,2327030.jpg,74,jacket,24,2327030
images/2383945.jpg,dog,1,val,jacket,2383945.jpg,74,jacket,24,2383945
images/2321557.jpg,dog,1,val,jacket,2321557.jpg,74,jacket,24,2321557
images/2377113.jpg,dog,1,train,jacket,2377113.jpg,74,jacket,24,2377113
images/2406596.jpg,dog,1,train,jacket,2406596.jpg,74,jacket,24,2406596
images/2369004.jpg,dog,1,train,jacket,2369004.jpg,74,jacket,24,2369004
images/1593164.jpg,dog,1,val,jacket,1593164.jpg,74,jacket,24,1593164
images/286019.jpg,dog,1,train,jacket,286019.jpg,74,jacket,24,286019
images/2322034.jpg,dog,1,train,jacket,2322034.jpg,74,jacket,24,2322034
images/2357802.jpg,dog,1,val,jacket,2357802.jpg,74,jacket,24,2357802
images/2402417.jpg,dog,1,train,jacket,2402417.jpg,74,jacket,24,2402417
images/2404204.jpg,dog,1,train,jacket,2404204.jpg,74,jacket,24,2404204
images/2400374.jpg,dog,1,train,jacket,2400374.jpg,74,jacket,24,2400374
images/2372773.jpg,dog,1,train,jacket,2372773.jpg,74,jacket,24,2372773
images/2370727.jpg,dog,1,train,jacket,2370727.jpg,74,jacket,24,2370727
images/2352946.jpg,dog,1,val,jacket,2352946.jpg,74,jacket,24,2352946
images/2372332.jpg,dog,1,test,jacket,2372332.jpg,74,jacket,24,2372332
images/2414629.jpg,dog,1,train,jacket,2414629.jpg,74,jacket,24,2414629
images/2402349.jpg,dog,1,train,jacket,2402349.jpg,74,jacket,24,2402349
images/2387231.jpg,dog,1,val,jacket,2387231.jpg,74,jacket,24,2387231
images/2334964.jpg,dog,1,train,jacket,2334964.jpg,74,jacket,24,2334964
images/2348310.jpg,dog,1,train,jacket,2348310.jpg,74,jacket,24,2348310
images/2330171.jpg,dog,1,val,jacket,2330171.jpg,74,jacket,24,2330171
images/2414534.jpg,dog,1,train,jacket,2414534.jpg,74,jacket,24,2414534
images/2397601.jpg,dog,1,train,jacket,2397601.jpg,74,jacket,24,2397601
images/2368195.jpg,dog,1,train,jacket,2368195.jpg,74,jacket,24,2368195
images/2395806.jpg,dog,1,train,jacket,2395806.jpg,74,jacket,24,2395806
images/2350157.jpg,dog,1,test,jacket,2350157.jpg,74,jacket,24,2350157
images/1159355.jpg,dog,1,val,jacket,1159355.jpg,74,jacket,24,1159355
images/2388985.jpg,dog,1,train,jacket,2388985.jpg,74,jacket,24,2388985
images/2383771.jpg,dog,1,train,jacket,2383771.jpg,74,jacket,24,2383771
images/2409988.jpg,dog,1,train,jacket,2409988.jpg,74,jacket,24,2409988
images/2402737.jpg,dog,1,train,jacket,2402737.jpg,74,jacket,24,2402737
images/2400114.jpg,dog,1,train,jacket,2400114.jpg,74,jacket,24,2400114
images/2315606.jpg,dog,1,test,jacket,2315606.jpg,74,jacket,24,2315606
images/2366841.jpg,dog,1,test,jacket,2366841.jpg,74,jacket,24,2366841
images/2398334.jpg,dog,1,val,jacket,2398334.jpg,74,jacket,24,2398334
images/2355579.jpg,dog,1,train,jacket,2355579.jpg,74,jacket,24,2355579
images/2358535.jpg,dog,1,train,jacket,2358535.jpg,74,jacket,24,2358535
images/2384917.jpg,dog,1,train,jacket,2384917.jpg,74,jacket,24,2384917
images/2362379.jpg,dog,1,train,jacket,2362379.jpg,74,jacket,24,2362379
images/2364719.jpg,dog,1,train,jacket,2364719.jpg,74,jacket,24,2364719
images/2317093.jpg,dog,1,train,jacket,2317093.jpg,74,jacket,24,2317093
images/2402211.jpg,dog,1,train,jacket,2402211.jpg,74,jacket,24,2402211
images/1592395.jpg,dog,1,train,jacket,1592395.jpg,74,jacket,24,1592395
images/2392202.jpg,dog,1,val,jacket,2392202.jpg,74,jacket,24,2392202
images/2385923.jpg,dog,1,train,jacket,2385923.jpg,74,jacket,24,2385923
images/2369464.jpg,dog,1,train,jacket,2369464.jpg,74,jacket,24,2369464
images/2386795.jpg,dog,1,train,jacket,2386795.jpg,74,jacket,24,2386795
images/2377018.jpg,dog,1,train,jacket,2377018.jpg,74,jacket,24,2377018
images/2371467.jpg,dog,1,train,jacket,2371467.jpg,74,jacket,24,2371467
images/2400563.jpg,dog,1,train,jacket,2400563.jpg,74,jacket,24,2400563
images/2367771.jpg,dog,1,train,jacket,2367771.jpg,74,jacket,24,2367771
images/2409245.jpg,dog,1,train,jacket,2409245.jpg,74,jacket,24,2409245
images/2342460.jpg,dog,1,train,jacket,2342460.jpg,74,jacket,24,2342460
images/2330764.jpg,dog,1,val,jacket,2330764.jpg,74,jacket,24,2330764
images/2400362.jpg,dog,1,train,jacket,2400362.jpg,74,jacket,24,2400362
images/2320636.jpg,dog,1,test,jacket,2320636.jpg,74,jacket,24,2320636
images/2396392.jpg,dog,1,val,jacket,2396392.jpg,74,jacket,24,2396392
images/2342959.jpg,dog,1,train,jacket,2342959.jpg,74,jacket,24,2342959
images/2370819.jpg,dog,1,train,jacket,2370819.jpg,74,jacket,24,2370819
images/2318372.jpg,dog,1,train,jacket,2318372.jpg,74,jacket,24,2318372
images/2369.jpg,dog,1,train,jacket,2369.jpg,74,jacket,24,2369
images/2338103.jpg,dog,1,val,jacket,2338103.jpg,74,jacket,24,2338103
images/2347131.jpg,dog,1,train,jacket,2347131.jpg,74,jacket,24,2347131
images/2384849.jpg,dog,1,train,jacket,2384849.jpg,74,jacket,24,2384849
images/2322106.jpg,dog,1,train,jacket,2322106.jpg,74,jacket,24,2322106
images/2361415.jpg,dog,1,train,jacket,2361415.jpg,74,jacket,24,2361415
images/2381402.jpg,dog,1,train,jacket,2381402.jpg,74,jacket,24,2381402
images/2356554.jpg,dog,1,train,jacket,2356554.jpg,74,jacket,24,2356554
images/2346200.jpg,dog,1,train,jacket,2346200.jpg,74,jacket,24,2346200
images/2356036.jpg,dog,1,train,jacket,2356036.jpg,74,jacket,24,2356036
images/2335823.jpg,dog,1,train,jacket,2335823.jpg,74,jacket,24,2335823
images/2339057.jpg,dog,1,train,jacket,2339057.jpg,74,jacket,24,2339057
images/2324950.jpg,dog,1,train,jacket,2324950.jpg,74,jacket,24,2324950
images/2345976.jpg,dog,1,train,jacket,2345976.jpg,74,jacket,24,2345976
images/2358192.jpg,dog,1,train,jacket,2358192.jpg,74,jacket,24,2358192
images/2353822.jpg,dog,1,val,jacket,2353822.jpg,74,jacket,24,2353822
images/2397149.jpg,dog,1,val,jacket,2397149.jpg,74,jacket,24,2397149
images/2330481.jpg,dog,1,train,jacket,2330481.jpg,74,jacket,24,2330481
images/2336716.jpg,dog,1,train,jacket,2336716.jpg,74,jacket,24,2336716
images/713615.jpg,dog,1,train,jacket,713615.jpg,74,jacket,24,713615
images/2341324.jpg,dog,1,train,jacket,2341324.jpg,74,jacket,24,2341324
images/497940.jpg,dog,1,test,jacket,497940.jpg,74,jacket,24,497940
images/2403205.jpg,dog,1,test,jacket,2403205.jpg,74,jacket,24,2403205
images/2386512.jpg,dog,1,train,jacket,2386512.jpg,74,jacket,24,2386512
images/2347300.jpg,dog,1,train,jacket,2347300.jpg,74,jacket,24,2347300
images/2320130.jpg,dog,1,train,jacket,2320130.jpg,74,jacket,24,2320130
images/2316980.jpg,dog,1,train,jacket,2316980.jpg,74,jacket,24,2316980
images/2403075.jpg,dog,1,test,jacket,2403075.jpg,74,jacket,24,2403075
images/2413880.jpg,dog,1,train,jacket,2413880.jpg,74,jacket,24,2413880
images/2350325.jpg,dog,1,train,jacket,2350325.jpg,74,jacket,24,2350325
images/1160042.jpg,dog,1,train,jacket,1160042.jpg,74,jacket,24,1160042
images/2318030.jpg,dog,1,val,jacket,2318030.jpg,74,jacket,24,2318030
images/2398189.jpg,dog,1,train,jacket,2398189.jpg,74,jacket,24,2398189
images/2385853.jpg,dog,1,val,jacket,2385853.jpg,74,jacket,24,2385853
images/2343283.jpg,dog,1,val,jacket,2343283.jpg,74,jacket,24,2343283
images/2347373.jpg,dog,1,train,jacket,2347373.jpg,74,jacket,24,2347373
images/619.jpg,dog,1,train,jacket,619.jpg,74,jacket,24,619
images/2360290.jpg,dog,1,train,jacket,2360290.jpg,74,jacket,24,2360290
images/2316075.jpg,dog,1,train,jacket,2316075.jpg,74,jacket,24,2316075
images/2388468.jpg,dog,1,train,jacket,2388468.jpg,74,jacket,24,2388468
images/2403560.jpg,dog,1,train,jacket,2403560.jpg,74,jacket,24,2403560
images/713406.jpg,dog,1,test,jacket,713406.jpg,74,jacket,24,713406
images/2393173.jpg,dog,1,train,jacket,2393173.jpg,74,jacket,24,2393173
images/2356904.jpg,dog,1,train,jacket,2356904.jpg,74,jacket,24,2356904
images/3424.jpg,dog,1,train,jacket,3424.jpg,74,jacket,24,3424
images/2351872.jpg,dog,1,train,jacket,2351872.jpg,74,jacket,24,2351872
images/2400986.jpg,dog,1,train,jacket,2400986.jpg,74,jacket,24,2400986
images/2384109.jpg,dog,1,train,jacket,2384109.jpg,74,jacket,24,2384109
images/2408302.jpg,dog,1,train,jacket,2408302.jpg,74,jacket,24,2408302
images/2387862.jpg,dog,1,train,jacket,2387862.jpg,74,jacket,24,2387862
images/2342431.jpg,dog,1,train,jacket,2342431.jpg,74,jacket,24,2342431
images/2341652.jpg,dog,1,train,jacket,2341652.jpg,74,jacket,24,2341652
images/1591911.jpg,dog,1,val,jacket,1591911.jpg,74,jacket,24,1591911
images/2367595.jpg,dog,1,train,jacket,2367595.jpg,74,jacket,24,2367595
images/2416340.jpg,dog,1,train,jacket,2416340.jpg,74,jacket,24,2416340
images/2348342.jpg,dog,1,train,jacket,2348342.jpg,74,jacket,24,2348342
images/2337466.jpg,dog,1,train,jacket,2337466.jpg,74,jacket,24,2337466
images/2344881.jpg,dog,1,train,grass,2344881.jpg,70,grass,20,2344881
images/2388972.jpg,dog,1,train,grass,2388972.jpg,70,grass,20,2388972
images/2406944.jpg,dog,1,train,grass,2406944.jpg,70,grass,20,2406944
images/2409697.jpg,dog,1,train,grass,2409697.jpg,70,grass,20,2409697
images/2410817.jpg,dog,1,test,grass,2410817.jpg,70,grass,20,2410817
images/2395684.jpg,dog,1,train,grass,2395684.jpg,70,grass,20,2395684
images/2391905.jpg,dog,1,train,grass,2391905.jpg,70,grass,20,2391905
images/2369968.jpg,dog,1,train,grass,2369968.jpg,70,grass,20,2369968
images/2374573.jpg,dog,1,train,grass,2374573.jpg,70,grass,20,2374573
images/2389746.jpg,dog,1,train,grass,2389746.jpg,70,grass,20,2389746
images/2323804.jpg,dog,1,train,grass,2323804.jpg,70,grass,20,2323804
images/2381417.jpg,dog,1,train,grass,2381417.jpg,70,grass,20,2381417
images/2330843.jpg,dog,1,val,grass,2330843.jpg,70,grass,20,2330843
images/2366961.jpg,dog,1,train,grass,2366961.jpg,70,grass,20,2366961
images/2338393.jpg,dog,1,train,grass,2338393.jpg,70,grass,20,2338393
images/2408562.jpg,dog,1,test,grass,2408562.jpg,70,grass,20,2408562
images/2366353.jpg,dog,1,train,grass,2366353.jpg,70,grass,20,2366353
images/2376950.jpg,dog,1,train,grass,2376950.jpg,70,grass,20,2376950
images/2380237.jpg,dog,1,val,grass,2380237.jpg,70,grass,20,2380237
images/2393362.jpg,dog,1,train,grass,2393362.jpg,70,grass,20,2393362
images/2351205.jpg,dog,1,train,grass,2351205.jpg,70,grass,20,2351205
images/2317995.jpg,dog,1,train,grass,2317995.jpg,70,grass,20,2317995
images/2365905.jpg,dog,1,train,grass,2365905.jpg,70,grass,20,2365905
images/2375845.jpg,dog,1,train,grass,2375845.jpg,70,grass,20,2375845
images/2316506.jpg,dog,1,train,grass,2316506.jpg,70,grass,20,2316506
images/2395074.jpg,dog,1,train,grass,2395074.jpg,70,grass,20,2395074
images/2350468.jpg,dog,1,test,grass,2350468.jpg,70,grass,20,2350468
images/2343539.jpg,dog,1,train,grass,2343539.jpg,70,grass,20,2343539
images/2330356.jpg,dog,1,train,grass,2330356.jpg,70,grass,20,2330356
images/2353510.jpg,dog,1,train,grass,2353510.jpg,70,grass,20,2353510
images/2400727.jpg,dog,1,train,grass,2400727.jpg,70,grass,20,2400727
images/2355266.jpg,dog,1,train,grass,2355266.jpg,70,grass,20,2355266
images/2408931.jpg,dog,1,train,grass,2408931.jpg,70,grass,20,2408931
images/2406607.jpg,dog,1,train,grass,2406607.jpg,70,grass,20,2406607
images/2387995.jpg,dog,1,train,grass,2387995.jpg,70,grass,20,2387995
images/2325613.jpg,dog,1,val,grass,2325613.jpg,70,grass,20,2325613
images/2326801.jpg,dog,1,train,grass,2326801.jpg,70,grass,20,2326801
images/286019.jpg,dog,1,train,grass,286019.jpg,70,grass,20,286019
images/2323208.jpg,dog,1,train,grass,2323208.jpg,70,grass,20,2323208
images/2317457.jpg,dog,1,train,grass,2317457.jpg,70,grass,20,2317457
images/2380834.jpg,dog,1,train,grass,2380834.jpg,70,grass,20,2380834
images/2379476.jpg,dog,1,test,grass,2379476.jpg,70,grass,20,2379476
images/2377282.jpg,dog,1,train,grass,2377282.jpg,70,grass,20,2377282
images/2394992.jpg,dog,1,train,grass,2394992.jpg,70,grass,20,2394992
images/2340216.jpg,dog,1,train,grass,2340216.jpg,70,grass,20,2340216
images/2370727.jpg,dog,1,train,grass,2370727.jpg,70,grass,20,2370727
images/2328347.jpg,dog,1,train,grass,2328347.jpg,70,grass,20,2328347
images/2358897.jpg,dog,1,val,grass,2358897.jpg,70,grass,20,2358897
images/2414534.jpg,dog,1,train,grass,2414534.jpg,70,grass,20,2414534
images/2356015.jpg,dog,1,train,grass,2356015.jpg,70,grass,20,2356015
images/2410306.jpg,dog,1,train,grass,2410306.jpg,70,grass,20,2410306
images/2384862.jpg,dog,1,train,grass,2384862.jpg,70,grass,20,2384862
images/2315606.jpg,dog,1,train,grass,2315606.jpg,70,grass,20,2315606
images/2407510.jpg,dog,1,train,grass,2407510.jpg,70,grass,20,2407510
images/2317985.jpg,dog,1,train,grass,2317985.jpg,70,grass,20,2317985
images/2400958.jpg,dog,1,train,grass,2400958.jpg,70,grass,20,2400958
images/2379786.jpg,dog,1,train,grass,2379786.jpg,70,grass,20,2379786
images/2372715.jpg,dog,1,train,grass,2372715.jpg,70,grass,20,2372715
images/2371456.jpg,dog,1,train,grass,2371456.jpg,70,grass,20,2371456
images/2407763.jpg,dog,1,train,grass,2407763.jpg,70,grass,20,2407763
images/2368434.jpg,dog,1,train,grass,2368434.jpg,70,grass,20,2368434
images/2396838.jpg,dog,1,val,grass,2396838.jpg,70,grass,20,2396838
images/2392212.jpg,dog,1,train,grass,2392212.jpg,70,grass,20,2392212
images/2388328.jpg,dog,1,train,grass,2388328.jpg,70,grass,20,2388328
images/2325561.jpg,dog,1,train,grass,2325561.jpg,70,grass,20,2325561
images/2341928.jpg,dog,1,train,grass,2341928.jpg,70,grass,20,2341928
images/2366676.jpg,dog,1,train,grass,2366676.jpg,70,grass,20,2366676
images/2393918.jpg,dog,1,train,grass,2393918.jpg,70,grass,20,2393918
images/2339137.jpg,dog,1,train,grass,2339137.jpg,70,grass,20,2339137
images/2385923.jpg,dog,1,train,grass,2385923.jpg,70,grass,20,2385923
images/2410190.jpg,dog,1,train,grass,2410190.jpg,70,grass,20,2410190
images/2376794.jpg,dog,1,train,grass,2376794.jpg,70,grass,20,2376794
images/2354523.jpg,dog,1,train,grass,2354523.jpg,70,grass,20,2354523
images/2405157.jpg,dog,1,train,grass,2405157.jpg,70,grass,20,2405157
images/2412687.jpg,dog,1,train,grass,2412687.jpg,70,grass,20,2412687
images/2334261.jpg,dog,1,train,grass,2334261.jpg,70,grass,20,2334261
images/2414767.jpg,dog,1,train,grass,2414767.jpg,70,grass,20,2414767
images/2326727.jpg,dog,1,train,grass,2326727.jpg,70,grass,20,2326727
images/2387327.jpg,dog,1,train,grass,2387327.jpg,70,grass,20,2387327
images/2316429.jpg,dog,1,train,grass,2316429.jpg,70,grass,20,2316429
images/2385784.jpg,dog,1,test,grass,2385784.jpg,70,grass,20,2385784
images/2395889.jpg,dog,1,val,grass,2395889.jpg,70,grass,20,2395889
images/2328461.jpg,dog,1,train,grass,2328461.jpg,70,grass,20,2328461
images/2389474.jpg,dog,1,val,grass,2389474.jpg,70,grass,20,2389474
images/2384849.jpg,dog,1,train,grass,2384849.jpg,70,grass,20,2384849
images/2394687.jpg,dog,1,train,grass,2394687.jpg,70,grass,20,2394687
images/2328869.jpg,dog,1,test,grass,2328869.jpg,70,grass,20,2328869
images/2382399.jpg,dog,1,test,grass,2382399.jpg,70,grass,20,2382399
images/2392123.jpg,dog,1,train,grass,2392123.jpg,70,grass,20,2392123
images/2403124.jpg,dog,1,val,grass,2403124.jpg,70,grass,20,2403124
images/2354796.jpg,dog,1,train,grass,2354796.jpg,70,grass,20,2354796
images/2394272.jpg,dog,1,train,grass,2394272.jpg,70,grass,20,2394272
images/2347254.jpg,dog,1,val,grass,2347254.jpg,70,grass,20,2347254
images/2336693.jpg,dog,1,train,grass,2336693.jpg,70,grass,20,2336693
images/2341324.jpg,dog,1,train,grass,2341324.jpg,70,grass,20,2341324
images/2377375.jpg,dog,1,val,grass,2377375.jpg,70,grass,20,2377375
images/2352358.jpg,dog,1,test,grass,2352358.jpg,70,grass,20,2352358
images/2347300.jpg,dog,1,train,grass,2347300.jpg,70,grass,20,2347300
images/2319295.jpg,dog,1,train,grass,2319295.jpg,70,grass,20,2319295
images/2350951.jpg,dog,1,train,grass,2350951.jpg,70,grass,20,2350951
images/2395104.jpg,dog,1,train,grass,2395104.jpg,70,grass,20,2395104
images/2378738.jpg,dog,1,test,grass,2378738.jpg,70,grass,20,2378738
images/2378872.jpg,dog,1,train,grass,2378872.jpg,70,grass,20,2378872
images/2410840.jpg,dog,1,val,grass,2410840.jpg,70,grass,20,2410840
images/2376933.jpg,dog,1,train,grass,2376933.jpg,70,grass,20,2376933
images/2371798.jpg,dog,1,train,grass,2371798.jpg,70,grass,20,2371798
images/2383229.jpg,dog,1,train,grass,2383229.jpg,70,grass,20,2383229
images/2361552.jpg,dog,1,train,grass,2361552.jpg,70,grass,20,2361552
images/2335707.jpg,dog,1,train,grass,2335707.jpg,70,grass,20,2335707
images/2344218.jpg,dog,1,train,grass,2344218.jpg,70,grass,20,2344218
images/2387862.jpg,dog,1,train,grass,2387862.jpg,70,grass,20,2387862
images/2324371.jpg,dog,1,train,grass,2324371.jpg,70,grass,20,2324371
images/2386758.jpg,dog,1,val,grass,2386758.jpg,70,grass,20,2386758
images/2356473.jpg,dog,1,train,grass,2356473.jpg,70,grass,20,2356473
images/2416465.jpg,dog,1,train,grass,2416465.jpg,70,grass,20,2416465
images/2386037.jpg,dog,1,val,grass,2386037.jpg,70,grass,20,2386037
images/2404080.jpg,dog,1,train,grass,2404080.jpg,70,grass,20,2404080
images/2327653.jpg,dog,1,train,grass,2327653.jpg,70,grass,20,2327653
images/2325645.jpg,dog,1,val,grass,2325645.jpg,70,grass,20,2325645
images/2417574.jpg,dog,1,train,grass,2417574.jpg,70,grass,20,2417574
images/2319590.jpg,dog,1,train,grass,2319590.jpg,70,grass,20,2319590
images/2411794.jpg,dog,1,val,grass,2411794.jpg,70,grass,20,2411794
images/2319764.jpg,dog,1,train,grass,2319764.jpg,70,grass,20,2319764
images/2366422.jpg,dog,1,test,grass,2366422.jpg,70,grass,20,2366422
images/2361067.jpg,dog,1,test,grass,2361067.jpg,70,grass,20,2361067
images/2367813.jpg,dog,1,train,grass,2367813.jpg,70,grass,20,2367813
images/2337303.jpg,dog,1,train,grass,2337303.jpg,70,grass,20,2337303
images/2337403.jpg,dog,1,train,grass,2337403.jpg,70,grass,20,2337403
images/2338171.jpg,dog,1,train,grass,2338171.jpg,70,grass,20,2338171
images/2410228.jpg,dog,1,train,grass,2410228.jpg,70,grass,20,2410228
images/2366433.jpg,dog,1,train,grass,2366433.jpg,70,grass,20,2366433
images/2345130.jpg,dog,1,train,grass,2345130.jpg,70,grass,20,2345130
images/2338955.jpg,dog,1,train,grass,2338955.jpg,70,grass,20,2338955
images/2398376.jpg,dog,1,val,grass,2398376.jpg,70,grass,20,2398376
images/2351380.jpg,dog,1,train,grass,2351380.jpg,70,grass,20,2351380
images/2354835.jpg,dog,1,train,grass,2354835.jpg,70,grass,20,2354835
images/2320689.jpg,dog,1,train,grass,2320689.jpg,70,grass,20,2320689
images/2373141.jpg,dog,1,train,grass,2373141.jpg,70,grass,20,2373141
images/2385539.jpg,dog,1,train,grass,2385539.jpg,70,grass,20,2385539
images/2354681.jpg,dog,1,val,grass,2354681.jpg,70,grass,20,2354681
images/2343330.jpg,dog,1,train,grass,2343330.jpg,70,grass,20,2343330
images/2346434.jpg,dog,1,train,grass,2346434.jpg,70,grass,20,2346434
images/2361109.jpg,dog,1,test,grass,2361109.jpg,70,grass,20,2361109
images/2351907.jpg,dog,1,train,grass,2351907.jpg,70,grass,20,2351907
images/2353514.jpg,dog,1,test,grass,2353514.jpg,70,grass,20,2353514
images/2369004.jpg,dog,1,test,grass,2369004.jpg,70,grass,20,2369004
images/2364444.jpg,dog,1,train,grass,2364444.jpg,70,grass,20,2364444
images/2394079.jpg,dog,1,train,grass,2394079.jpg,70,grass,20,2394079
images/2409022.jpg,dog,1,val,grass,2409022.jpg,70,grass,20,2409022
images/2365002.jpg,dog,1,train,grass,2365002.jpg,70,grass,20,2365002
images/2385901.jpg,dog,1,val,grass,2385901.jpg,70,grass,20,2385901
images/1592975.jpg,dog,1,train,grass,1592975.jpg,70,grass,20,1592975
images/2363682.jpg,dog,1,train,grass,2363682.jpg,70,grass,20,2363682
images/2367545.jpg,dog,1,test,grass,2367545.jpg,70,grass,20,2367545
images/2344063.jpg,dog,1,val,grass,2344063.jpg,70,grass,20,2344063
images/2412671.jpg,dog,1,train,grass,2412671.jpg,70,grass,20,2412671
images/2340815.jpg,dog,1,train,grass,2340815.jpg,70,grass,20,2340815
images/2378475.jpg,dog,1,val,grass,2378475.jpg,70,grass,20,2378475
images/2386620.jpg,dog,1,train,grass,2386620.jpg,70,grass,20,2386620
images/2328960.jpg,dog,1,train,grass,2328960.jpg,70,grass,20,2328960
images/2410967.jpg,dog,1,train,grass,2410967.jpg,70,grass,20,2410967
images/2386876.jpg,dog,1,train,grass,2386876.jpg,70,grass,20,2386876
images/2367721.jpg,dog,1,train,grass,2367721.jpg,70,grass,20,2367721
images/2364202.jpg,dog,1,train,grass,2364202.jpg,70,grass,20,2364202
images/2334067.jpg,dog,1,test,grass,2334067.jpg,70,grass,20,2334067
images/2325910.jpg,dog,1,val,grass,2325910.jpg,70,grass,20,2325910
images/2356836.jpg,dog,1,train,grass,2356836.jpg,70,grass,20,2356836
images/2366841.jpg,dog,1,train,grass,2366841.jpg,70,grass,20,2366841
images/2336402.jpg,dog,1,train,grass,2336402.jpg,70,grass,20,2336402
images/2341401.jpg,dog,1,val,grass,2341401.jpg,70,grass,20,2341401
images/2337260.jpg,dog,1,val,grass,2337260.jpg,70,grass,20,2337260
images/2416991.jpg,dog,1,val,grass,2416991.jpg,70,grass,20,2416991
images/2384081.jpg,dog,1,train,grass,2384081.jpg,70,grass,20,2384081
images/1159610.jpg,dog,1,train,grass,1159610.jpg,70,grass,20,1159610
images/2329647.jpg,dog,1,train,grass,2329647.jpg,70,grass,20,2329647
images/2386802.jpg,dog,1,val,grass,2386802.jpg,70,grass,20,2386802
images/2413634.jpg,dog,1,train,grass,2413634.jpg,70,grass,20,2413634
images/2406932.jpg,dog,1,test,grass,2406932.jpg,70,grass,20,2406932
images/2414764.jpg,dog,1,train,grass,2414764.jpg,70,grass,20,2414764
images/2375612.jpg,dog,1,train,grass,2375612.jpg,70,grass,20,2375612
images/2402211.jpg,dog,1,test,grass,2402211.jpg,70,grass,20,2402211
images/2337501.jpg,dog,1,train,grass,2337501.jpg,70,grass,20,2337501
images/2371467.jpg,dog,1,val,grass,2371467.jpg,70,grass,20,2371467
images/2386721.jpg,dog,1,train,grass,2386721.jpg,70,grass,20,2386721
images/2382281.jpg,dog,1,train,grass,2382281.jpg,70,grass,20,2382281
images/2412423.jpg,dog,1,train,grass,2412423.jpg,70,grass,20,2412423
images/2321295.jpg,dog,1,train,grass,2321295.jpg,70,grass,20,2321295
images/2358778.jpg,dog,1,train,grass,2358778.jpg,70,grass,20,2358778
images/2395277.jpg,dog,1,train,grass,2395277.jpg,70,grass,20,2395277
images/2373502.jpg,dog,1,train,grass,2373502.jpg,70,grass,20,2373502
images/2344769.jpg,dog,1,train,grass,2344769.jpg,70,grass,20,2344769
images/2370359.jpg,dog,1,train,grass,2370359.jpg,70,grass,20,2370359
images/2408498.jpg,dog,1,train,grass,2408498.jpg,70,grass,20,2408498
images/2405432.jpg,dog,1,train,grass,2405432.jpg,70,grass,20,2405432
images/2357556.jpg,dog,1,train,grass,2357556.jpg,70,grass,20,2357556
images/2344526.jpg,dog,1,train,grass,2344526.jpg,70,grass,20,2344526
images/2376547.jpg,dog,1,test,grass,2376547.jpg,70,grass,20,2376547
images/2321145.jpg,dog,1,train,grass,2321145.jpg,70,grass,20,2321145
images/2406866.jpg,dog,1,train,grass,2406866.jpg,70,grass,20,2406866
images/2324950.jpg,dog,1,train,grass,2324950.jpg,70,grass,20,2324950
images/2384643.jpg,dog,1,test,grass,2384643.jpg,70,grass,20,2384643
images/2345110.jpg,dog,1,train,grass,2345110.jpg,70,grass,20,2345110
images/2393070.jpg,dog,1,train,grass,2393070.jpg,70,grass,20,2393070
images/2336716.jpg,dog,1,train,grass,2336716.jpg,70,grass,20,2336716
images/2357995.jpg,dog,1,train,grass,2357995.jpg,70,grass,20,2357995
images/2326569.jpg,dog,1,train,grass,2326569.jpg,70,grass,20,2326569
images/2363247.jpg,dog,1,train,grass,2363247.jpg,70,grass,20,2363247
images/2395470.jpg,dog,1,train,grass,2395470.jpg,70,grass,20,2395470
images/2398189.jpg,dog,1,train,grass,2398189.jpg,70,grass,20,2398189
images/2327325.jpg,dog,1,train,grass,2327325.jpg,70,grass,20,2327325
images/2375942.jpg,dog,1,train,grass,2375942.jpg,70,grass,20,2375942
images/2392690.jpg,dog,1,train,grass,2392690.jpg,70,grass,20,2392690
images/2317615.jpg,dog,1,train,grass,2317615.jpg,70,grass,20,2317615
images/2328890.jpg,dog,1,train,grass,2328890.jpg,70,grass,20,2328890
images/2382612.jpg,dog,1,train,grass,2382612.jpg,70,grass,20,2382612
images/2351991.jpg,dog,1,train,grass,2351991.jpg,70,grass,20,2351991
images/2382489.jpg,dog,1,val,grass,2382489.jpg,70,grass,20,2382489
images/2386600.jpg,dog,1,train,grass,2386600.jpg,70,grass,20,2386600
images/2351872.jpg,dog,1,train,grass,2351872.jpg,70,grass,20,2351872
images/2330479.jpg,dog,1,val,grass,2330479.jpg,70,grass,20,2330479
images/2340709.jpg,dog,1,test,grass,2340709.jpg,70,grass,20,2340709
images/2330800.jpg,dog,1,train,grass,2330800.jpg,70,grass,20,2330800
images/2367595.jpg,dog,1,test,grass,2367595.jpg,70,grass,20,2367595
images/2315716.jpg,dog,1,val,grass,2315716.jpg,70,grass,20,2315716
images/2346751.jpg,dog,1,test,grass,2346751.jpg,70,grass,20,2346751
images/2316592.jpg,dog,1,test,grass,2316592.jpg,70,grass,20,2316592
images/2368415.jpg,dog,1,train,grass,2368415.jpg,70,grass,20,2368415
images/2342285.jpg,dog,1,val,grass,2342285.jpg,70,grass,20,2342285
images/2348342.jpg,dog,1,val,grass,2348342.jpg,70,grass,20,2348342
images/2368196.jpg,dog,1,train,grass,2368196.jpg,70,grass,20,2368196
images/2333895.jpg,dog,1,train,grass,2333895.jpg,70,grass,20,2333895
images/2384885.jpg,dog,1,train,grass,2384885.jpg,70,grass,20,2384885
images/2404746.jpg,dog,1,train,grass,2404746.jpg,70,grass,20,2404746
images/2344528.jpg,dog,1,test,grass,2344528.jpg,70,grass,20,2344528
images/2350150.jpg,dog,1,train,grass,2350150.jpg,70,grass,20,2350150
images/2345658.jpg,dog,1,val,grass,2345658.jpg,70,grass,20,2345658
images/2356804.jpg,dog,1,train,grass,2356804.jpg,70,grass,20,2356804
images/2382121.jpg,dog,1,train,grass,2382121.jpg,70,grass,20,2382121
images/2388671.jpg,dog,1,train,grass,2388671.jpg,70,grass,20,2388671
images/2368426.jpg,dog,1,val,grass,2368426.jpg,70,grass,20,2368426
images/2401877.jpg,dog,1,train,grass,2401877.jpg,70,grass,20,2401877
images/2326167.jpg,dog,1,test,grass,2326167.jpg,70,grass,20,2326167
images/2388066.jpg,dog,1,val,grass,2388066.jpg,70,grass,20,2388066
images/2407990.jpg,dog,1,train,grass,2407990.jpg,70,grass,20,2407990
images/2331519.jpg,dog,1,val,grass,2331519.jpg,70,grass,20,2331519
images/2386233.jpg,dog,1,train,grass,2386233.jpg,70,grass,20,2386233
images/2323850.jpg,dog,1,train,grass,2323850.jpg,70,grass,20,2323850
images/2326904.jpg,dog,1,train,grass,2326904.jpg,70,grass,20,2326904
images/2402665.jpg,dog,1,train,grass,2402665.jpg,70,grass,20,2402665
images/2361091.jpg,dog,1,train,grass,2361091.jpg,70,grass,20,2361091
images/2374649.jpg,dog,1,train,grass,2374649.jpg,70,grass,20,2374649
images/2406301.jpg,dog,1,val,grass,2406301.jpg,70,grass,20,2406301
images/2340457.jpg,dog,1,train,grass,2340457.jpg,70,grass,20,2340457
images/2413867.jpg,dog,1,test,grass,2413867.jpg,70,grass,20,2413867
images/2351186.jpg,dog,1,train,grass,2351186.jpg,70,grass,20,2351186
images/2367060.jpg,dog,1,train,grass,2367060.jpg,70,grass,20,2367060
images/2327581.jpg,dog,1,val,grass,2327581.jpg,70,grass,20,2327581
images/2376444.jpg,dog,1,train,grass,2376444.jpg,70,grass,20,2376444
images/2329428.jpg,dog,1,train,grass,2329428.jpg,70,grass,20,2329428
images/2387864.jpg,dog,1,train,grass,2387864.jpg,70,grass,20,2387864
images/2379263.jpg,dog,1,train,grass,2379263.jpg,70,grass,20,2379263
images/2383950.jpg,dog,1,train,grass,2383950.jpg,70,grass,20,2383950
images/2372988.jpg,dog,1,train,grass,2372988.jpg,70,grass,20,2372988
images/2355607.jpg,dog,1,train,grass,2355607.jpg,70,grass,20,2355607
images/2355348.jpg,dog,1,test,grass,2355348.jpg,70,grass,20,2355348
images/2387430.jpg,dog,1,train,grass,2387430.jpg,70,grass,20,2387430
images/2391472.jpg,dog,1,train,grass,2391472.jpg,70,grass,20,2391472
images/2348551.jpg,dog,1,train,grass,2348551.jpg,70,grass,20,2348551
images/2403975.jpg,dog,1,train,grass,2403975.jpg,70,grass,20,2403975
images/2400922.jpg,dog,1,val,grass,2400922.jpg,70,grass,20,2400922
images/2350616.jpg,dog,1,train,grass,2350616.jpg,70,grass,20,2350616
images/2394065.jpg,dog,1,train,grass,2394065.jpg,70,grass,20,2394065
images/2402417.jpg,dog,1,train,grass,2402417.jpg,70,grass,20,2402417
images/497973.jpg,dog,1,train,grass,497973.jpg,70,grass,20,497973
images/2389092.jpg,dog,1,val,grass,2389092.jpg,70,grass,20,2389092
images/2385228.jpg,dog,1,test,grass,2385228.jpg,70,grass,20,2385228
images/2406001.jpg,dog,1,train,grass,2406001.jpg,70,grass,20,2406001
images/2403537.jpg,dog,1,val,grass,2403537.jpg,70,grass,20,2403537
images/2369860.jpg,dog,1,train,grass,2369860.jpg,70,grass,20,2369860
images/2317153.jpg,dog,1,train,grass,2317153.jpg,70,grass,20,2317153
images/2376453.jpg,dog,1,train,grass,2376453.jpg,70,grass,20,2376453
images/2385955.jpg,dog,1,train,grass,2385955.jpg,70,grass,20,2385955
images/2382659.jpg,dog,1,train,grass,2382659.jpg,70,grass,20,2382659
images/2408633.jpg,dog,1,train,grass,2408633.jpg,70,grass,20,2408633
images/2416755.jpg,dog,1,test,grass,2416755.jpg,70,grass,20,2416755
images/2361100.jpg,dog,1,train,grass,2361100.jpg,70,grass,20,2361100
images/2322231.jpg,dog,1,train,grass,2322231.jpg,70,grass,20,2322231
images/2316038.jpg,dog,1,train,grass,2316038.jpg,70,grass,20,2316038
images/2410321.jpg,dog,1,test,grass,2410321.jpg,70,grass,20,2410321
images/2411072.jpg,dog,1,train,grass,2411072.jpg,70,grass,20,2411072
images/2412384.jpg,dog,1,val,grass,2412384.jpg,70,grass,20,2412384
images/2390483.jpg,dog,1,train,grass,2390483.jpg,70,grass,20,2390483
images/2411743.jpg,dog,1,val,grass,2411743.jpg,70,grass,20,2411743
images/2366975.jpg,dog,1,train,grass,2366975.jpg,70,grass,20,2366975
images/2409069.jpg,dog,1,train,grass,2409069.jpg,70,grass,20,2409069
images/2321342.jpg,dog,1,test,grass,2321342.jpg,70,grass,20,2321342
images/2416114.jpg,dog,1,val,grass,2416114.jpg,70,grass,20,2416114
images/2382890.jpg,dog,1,train,grass,2382890.jpg,70,grass,20,2382890
images/2399677.jpg,dog,1,train,grass,2399677.jpg,70,grass,20,2399677
images/2392115.jpg,dog,1,train,grass,2392115.jpg,70,grass,20,2392115
images/2327579.jpg,dog,1,train,grass,2327579.jpg,70,grass,20,2327579
images/2318046.jpg,dog,1,train,grass,2318046.jpg,70,grass,20,2318046
images/2394681.jpg,dog,1,test,grass,2394681.jpg,70,grass,20,2394681
images/2328838.jpg,dog,1,train,grass,2328838.jpg,70,grass,20,2328838
images/2368563.jpg,dog,1,train,grass,2368563.jpg,70,grass,20,2368563
images/2385490.jpg,dog,1,train,grass,2385490.jpg,70,grass,20,2385490
images/2396988.jpg,dog,1,val,grass,2396988.jpg,70,grass,20,2396988
images/2371268.jpg,dog,1,train,grass,2371268.jpg,70,grass,20,2371268
images/2403048.jpg,dog,1,val,grass,2403048.jpg,70,grass,20,2403048
images/2367662.jpg,dog,1,train,grass,2367662.jpg,70,grass,20,2367662
images/2340498.jpg,dog,1,train,grass,2340498.jpg,70,grass,20,2340498
images/2387387.jpg,dog,1,train,grass,2387387.jpg,70,grass,20,2387387
images/2356036.jpg,dog,1,train,grass,2356036.jpg,70,grass,20,2356036
images/2402904.jpg,dog,1,val,grass,2402904.jpg,70,grass,20,2402904
images/2371836.jpg,dog,1,train,grass,2371836.jpg,70,grass,20,2371836
images/2334422.jpg,dog,1,train,grass,2334422.jpg,70,grass,20,2334422
images/2378384.jpg,dog,1,train,grass,2378384.jpg,70,grass,20,2378384
images/2394277.jpg,dog,1,train,grass,2394277.jpg,70,grass,20,2394277
images/2318049.jpg,dog,1,train,grass,2318049.jpg,70,grass,20,2318049
images/2383045.jpg,dog,1,train,grass,2383045.jpg,70,grass,20,2383045
images/2359181.jpg,dog,1,val,grass,2359181.jpg,70,grass,20,2359181
images/2376600.jpg,dog,1,train,grass,2376600.jpg,70,grass,20,2376600
images/2417154.jpg,dog,1,train,grass,2417154.jpg,70,grass,20,2417154
images/2355727.jpg,dog,1,train,grass,2355727.jpg,70,grass,20,2355727
images/2322764.jpg,dog,1,train,grass,2322764.jpg,70,grass,20,2322764
images/497940.jpg,dog,1,test,grass,497940.jpg,70,grass,20,497940
images/2410303.jpg,dog,1,train,grass,2410303.jpg,70,grass,20,2410303
images/2383170.jpg,dog,1,train,grass,2383170.jpg,70,grass,20,2383170
images/2362530.jpg,dog,1,train,grass,2362530.jpg,70,grass,20,2362530
images/2322281.jpg,dog,1,train,grass,2322281.jpg,70,grass,20,2322281
images/2339512.jpg,dog,1,train,grass,2339512.jpg,70,grass,20,2339512
images/2395888.jpg,dog,1,train,grass,2395888.jpg,70,grass,20,2395888
images/2328885.jpg,dog,1,train,grass,2328885.jpg,70,grass,20,2328885
images/2340940.jpg,dog,1,train,grass,2340940.jpg,70,grass,20,2340940
images/2371220.jpg,dog,1,train,grass,2371220.jpg,70,grass,20,2371220
images/2399207.jpg,dog,1,train,grass,2399207.jpg,70,grass,20,2399207
images/2330563.jpg,dog,1,test,grass,2330563.jpg,70,grass,20,2330563
images/2352572.jpg,dog,1,test,grass,2352572.jpg,70,grass,20,2352572
images/2388780.jpg,dog,1,val,grass,2388780.jpg,70,grass,20,2388780
images/2318999.jpg,dog,1,train,grass,2318999.jpg,70,grass,20,2318999
images/2368310.jpg,dog,1,val,grass,2368310.jpg,70,grass,20,2368310
images/2394117.jpg,dog,1,train,grass,2394117.jpg,70,grass,20,2394117
images/2380921.jpg,dog,1,test,grass,2380921.jpg,70,grass,20,2380921
images/2357609.jpg,dog,1,train,grass,2357609.jpg,70,grass,20,2357609
images/2373751.jpg,dog,1,train,grass,2373751.jpg,70,grass,20,2373751
images/2388607.jpg,dog,1,train,grass,2388607.jpg,70,grass,20,2388607
images/2388428.jpg,dog,1,val,grass,2388428.jpg,70,grass,20,2388428
images/2398018.jpg,dog,1,train,grass,2398018.jpg,70,grass,20,2398018
images/2381952.jpg,dog,1,train,grass,2381952.jpg,70,grass,20,2381952
images/2319745.jpg,dog,1,train,grass,2319745.jpg,70,grass,20,2319745
images/2416340.jpg,dog,1,train,grass,2416340.jpg,70,grass,20,2416340
images/2397787.jpg,dog,1,val,grass,2397787.jpg,70,grass,20,2397787
images/2373696.jpg,dog,1,test,grass,2373696.jpg,70,grass,20,2373696
images/2343674.jpg,dog,1,train,grass,2343674.jpg,70,grass,20,2343674
images/2315447.jpg,dog,1,train,grass,2315447.jpg,70,grass,20,2315447
images/2406421.jpg,dog,1,train,grass,2406421.jpg,70,grass,20,2406421
images/2390506.jpg,dog,1,train,grass,2390506.jpg,70,grass,20,2390506
images/2416861.jpg,dog,1,train,grass,2416861.jpg,70,grass,20,2416861
images/2399674.jpg,dog,1,test,grass,2399674.jpg,70,grass,20,2399674
images/2369270.jpg,dog,1,test,grass,2369270.jpg,70,grass,20,2369270
images/2325623.jpg,dog,1,train,grass,2325623.jpg,70,grass,20,2325623
images/2397138.jpg,dog,1,train,grass,2397138.jpg,70,grass,20,2397138
images/2323367.jpg,dog,1,train,grass,2323367.jpg,70,grass,20,2323367
images/2334355.jpg,dog,1,val,grass,2334355.jpg,70,grass,20,2334355
images/2395961.jpg,dog,1,train,grass,2395961.jpg,70,grass,20,2395961
images/2345384.jpg,dog,1,train,grass,2345384.jpg,70,grass,20,2345384
images/2400373.jpg,dog,1,test,grass,2400373.jpg,70,grass,20,2400373
images/2391849.jpg,dog,1,test,grass,2391849.jpg,70,grass,20,2391849
images/2359172.jpg,dog,1,val,grass,2359172.jpg,70,grass,20,2359172
images/2317373.jpg,dog,1,train,grass,2317373.jpg,70,grass,20,2317373
images/2356920.jpg,dog,1,train,grass,2356920.jpg,70,grass,20,2356920
images/2316688.jpg,dog,1,train,grass,2316688.jpg,70,grass,20,2316688
images/2317892.jpg,dog,1,val,grass,2317892.jpg,70,grass,20,2317892
images/2320708.jpg,dog,1,val,grass,2320708.jpg,70,grass,20,2320708
images/2396246.jpg,dog,1,train,grass,2396246.jpg,70,grass,20,2396246
images/2362957.jpg,dog,1,train,grass,2362957.jpg,70,grass,20,2362957
images/2370107.jpg,dog,1,train,grass,2370107.jpg,70,grass,20,2370107
images/2398532.jpg,dog,1,val,grass,2398532.jpg,70,grass,20,2398532
images/2357632.jpg,dog,1,train,grass,2357632.jpg,70,grass,20,2357632
images/2331238.jpg,dog,1,train,grass,2331238.jpg,70,grass,20,2331238
images/2410917.jpg,dog,1,train,grass,2410917.jpg,70,grass,20,2410917
images/2347473.jpg,dog,1,test,grass,2347473.jpg,70,grass,20,2347473
images/2412575.jpg,dog,1,train,grass,2412575.jpg,70,grass,20,2412575
images/2379893.jpg,dog,1,train,grass,2379893.jpg,70,grass,20,2379893
images/2344110.jpg,dog,1,train,grass,2344110.jpg,70,grass,20,2344110
images/2398506.jpg,dog,1,train,grass,2398506.jpg,70,grass,20,2398506
images/2403836.jpg,dog,1,train,grass,2403836.jpg,70,grass,20,2403836
images/2354435.jpg,dog,1,train,grass,2354435.jpg,70,grass,20,2354435
images/2383701.jpg,dog,1,train,grass,2383701.jpg,70,grass,20,2383701
images/2351612.jpg,dog,1,val,grass,2351612.jpg,70,grass,20,2351612
images/2416475.jpg,dog,1,train,grass,2416475.jpg,70,grass,20,2416475
images/2416836.jpg,dog,1,train,grass,2416836.jpg,70,grass,20,2416836
images/2350986.jpg,dog,1,train,grass,2350986.jpg,70,grass,20,2350986
images/2345442.jpg,dog,1,val,grass,2345442.jpg,70,grass,20,2345442
images/2354373.jpg,dog,1,train,grass,2354373.jpg,70,grass,20,2354373
images/2365030.jpg,dog,1,val,grass,2365030.jpg,70,grass,20,2365030
images/2395806.jpg,dog,1,test,grass,2395806.jpg,70,grass,20,2395806
images/2334244.jpg,dog,1,train,grass,2334244.jpg,70,grass,20,2334244
images/2396020.jpg,dog,1,train,grass,2396020.jpg,70,grass,20,2396020
images/2409092.jpg,dog,1,train,grass,2409092.jpg,70,grass,20,2409092
images/2411944.jpg,dog,1,train,grass,2411944.jpg,70,grass,20,2411944
images/2332540.jpg,dog,1,train,grass,2332540.jpg,70,grass,20,2332540
images/2330686.jpg,dog,1,train,grass,2330686.jpg,70,grass,20,2330686
images/713331.jpg,dog,1,train,grass,713331.jpg,70,grass,20,713331
images/2359221.jpg,dog,1,train,grass,2359221.jpg,70,grass,20,2359221
images/2369450.jpg,dog,1,test,grass,2369450.jpg,70,grass,20,2369450
images/2324536.jpg,dog,1,val,grass,2324536.jpg,70,grass,20,2324536
images/2393301.jpg,dog,1,train,grass,2393301.jpg,70,grass,20,2393301
images/2400793.jpg,dog,1,train,grass,2400793.jpg,70,grass,20,2400793
images/2370710.jpg,dog,1,val,grass,2370710.jpg,70,grass,20,2370710
images/2399469.jpg,dog,1,test,grass,2399469.jpg,70,grass,20,2399469
images/2391586.jpg,dog,1,train,grass,2391586.jpg,70,grass,20,2391586
images/2400563.jpg,dog,1,train,grass,2400563.jpg,70,grass,20,2400563
images/2341856.jpg,dog,1,train,grass,2341856.jpg,70,grass,20,2341856
images/2335002.jpg,dog,1,train,grass,2335002.jpg,70,grass,20,2335002
images/2363668.jpg,dog,1,train,grass,2363668.jpg,70,grass,20,2363668
images/2407258.jpg,dog,1,train,grass,2407258.jpg,70,grass,20,2407258
images/2411937.jpg,dog,1,train,grass,2411937.jpg,70,grass,20,2411937
images/2348065.jpg,dog,1,val,grass,2348065.jpg,70,grass,20,2348065
images/2362196.jpg,dog,1,test,grass,2362196.jpg,70,grass,20,2362196
images/2336811.jpg,dog,1,train,grass,2336811.jpg,70,grass,20,2336811
images/2400303.jpg,dog,1,train,grass,2400303.jpg,70,grass,20,2400303
images/2339890.jpg,dog,1,train,grass,2339890.jpg,70,grass,20,2339890
images/2385897.jpg,dog,1,train,grass,2385897.jpg,70,grass,20,2385897
images/2374913.jpg,dog,1,train,grass,2374913.jpg,70,grass,20,2374913
images/3553.jpg,dog,1,train,grass,3553.jpg,70,grass,20,3553
images/2326814.jpg,dog,1,train,grass,2326814.jpg,70,grass,20,2326814
images/2327725.jpg,dog,1,train,grass,2327725.jpg,70,grass,20,2327725
images/2358622.jpg,dog,1,val,grass,2358622.jpg,70,grass,20,2358622
images/2417829.jpg,dog,1,val,grass,2417829.jpg,70,grass,20,2417829
images/2360443.jpg,dog,1,train,grass,2360443.jpg,70,grass,20,2360443
images/2389470.jpg,dog,1,train,grass,2389470.jpg,70,grass,20,2389470
images/2363495.jpg,dog,1,val,grass,2363495.jpg,70,grass,20,2363495
images/2385853.jpg,dog,1,val,grass,2385853.jpg,70,grass,20,2385853
images/2405469.jpg,dog,1,train,grass,2405469.jpg,70,grass,20,2405469
images/2347373.jpg,dog,1,train,grass,2347373.jpg,70,grass,20,2347373
images/2363267.jpg,dog,1,train,grass,2363267.jpg,70,grass,20,2363267
images/2393598.jpg,dog,1,train,grass,2393598.jpg,70,grass,20,2393598
images/2374745.jpg,dog,1,train,grass,2374745.jpg,70,grass,20,2374745
images/2338009.jpg,dog,1,train,grass,2338009.jpg,70,grass,20,2338009
images/2402433.jpg,dog,1,train,grass,2402433.jpg,70,grass,20,2402433
images/2341743.jpg,dog,1,train,grass,2341743.jpg,70,grass,20,2341743
images/2416883.jpg,dog,1,train,grass,2416883.jpg,70,grass,20,2416883
images/2344583.jpg,dog,1,train,grass,2344583.jpg,70,grass,20,2344583
images/2332785.jpg,dog,1,train,grass,2332785.jpg,70,grass,20,2332785
images/2393173.jpg,dog,1,train,grass,2393173.jpg,70,grass,20,2393173
images/2320102.jpg,dog,1,train,grass,2320102.jpg,70,grass,20,2320102
images/2326326.jpg,dog,1,train,grass,2326326.jpg,70,grass,20,2326326
images/2331108.jpg,dog,1,train,grass,2331108.jpg,70,grass,20,2331108
images/2333137.jpg,dog,1,train,grass,2333137.jpg,70,grass,20,2333137
images/2372452.jpg,dog,1,test,grass,2372452.jpg,70,grass,20,2372452
images/2387928.jpg,dog,1,train,grass,2387928.jpg,70,grass,20,2387928
images/2344055.jpg,dog,1,train,grass,2344055.jpg,70,grass,20,2344055
images/2327260.jpg,dog,1,train,grass,2327260.jpg,70,grass,20,2327260
images/2395775.jpg,dog,1,train,grass,2395775.jpg,70,grass,20,2395775
images/2369270.jpg,dog,1,val,frisbee,2369270.jpg,69,frisbee,19,2369270
images/2379956.jpg,dog,1,train,frisbee,2379956.jpg,69,frisbee,19,2379956
images/2325623.jpg,dog,1,train,frisbee,2325623.jpg,69,frisbee,19,2325623
images/2406944.jpg,dog,1,train,frisbee,2406944.jpg,69,frisbee,19,2406944
images/2325645.jpg,dog,1,train,frisbee,2325645.jpg,69,frisbee,19,2325645
images/2410817.jpg,dog,1,val,frisbee,2410817.jpg,69,frisbee,19,2410817
images/2350336.jpg,dog,1,train,frisbee,2350336.jpg,69,frisbee,19,2350336
images/2319590.jpg,dog,1,train,frisbee,2319590.jpg,69,frisbee,19,2319590
images/2382814.jpg,dog,1,train,frisbee,2382814.jpg,69,frisbee,19,2382814
images/2366422.jpg,dog,1,val,frisbee,2366422.jpg,69,frisbee,19,2366422
images/2326167.jpg,dog,1,train,frisbee,2326167.jpg,69,frisbee,19,2326167
images/2365881.jpg,dog,1,train,frisbee,2365881.jpg,69,frisbee,19,2365881
images/2388066.jpg,dog,1,train,frisbee,2388066.jpg,69,frisbee,19,2388066
images/2407990.jpg,dog,1,val,frisbee,2407990.jpg,69,frisbee,19,2407990
images/2331519.jpg,dog,1,val,frisbee,2331519.jpg,69,frisbee,19,2331519
images/2356619.jpg,dog,1,train,frisbee,2356619.jpg,69,frisbee,19,2356619
images/2361067.jpg,dog,1,test,frisbee,2361067.jpg,69,frisbee,19,2361067
images/2367120.jpg,dog,1,train,frisbee,2367120.jpg,69,frisbee,19,2367120
images/2395961.jpg,dog,1,train,frisbee,2395961.jpg,69,frisbee,19,2395961
images/2367813.jpg,dog,1,train,frisbee,2367813.jpg,69,frisbee,19,2367813
images/2326904.jpg,dog,1,test,frisbee,2326904.jpg,69,frisbee,19,2326904
images/2402665.jpg,dog,1,train,frisbee,2402665.jpg,69,frisbee,19,2402665
images/2336530.jpg,dog,1,val,frisbee,2336530.jpg,69,frisbee,19,2336530
images/2330214.jpg,dog,1,test,frisbee,2330214.jpg,69,frisbee,19,2330214
images/2338393.jpg,dog,1,train,frisbee,2338393.jpg,69,frisbee,19,2338393
images/2356877.jpg,dog,1,train,frisbee,2356877.jpg,69,frisbee,19,2356877
images/2374649.jpg,dog,1,train,frisbee,2374649.jpg,69,frisbee,19,2374649
images/2408331.jpg,dog,1,train,frisbee,2408331.jpg,69,frisbee,19,2408331
images/2408562.jpg,dog,1,train,frisbee,2408562.jpg,69,frisbee,19,2408562
images/2322427.jpg,dog,1,train,frisbee,2322427.jpg,69,frisbee,19,2322427
images/2410228.jpg,dog,1,train,frisbee,2410228.jpg,69,frisbee,19,2410228
images/2380237.jpg,dog,1,train,frisbee,2380237.jpg,69,frisbee,19,2380237
images/2402346.jpg,dog,1,train,frisbee,2402346.jpg,69,frisbee,19,2402346
images/2396246.jpg,dog,1,train,frisbee,2396246.jpg,69,frisbee,19,2396246
images/2351205.jpg,dog,1,train,frisbee,2351205.jpg,69,frisbee,19,2351205
images/497913.jpg,dog,1,train,frisbee,497913.jpg,69,frisbee,19,497913
images/2351186.jpg,dog,1,train,frisbee,2351186.jpg,69,frisbee,19,2351186
images/2393339.jpg,dog,1,train,frisbee,2393339.jpg,69,frisbee,19,2393339
images/2393362.jpg,dog,1,train,frisbee,2393362.jpg,69,frisbee,19,2393362
images/2327581.jpg,dog,1,train,frisbee,2327581.jpg,69,frisbee,19,2327581
images/2376444.jpg,dog,1,train,frisbee,2376444.jpg,69,frisbee,19,2376444
images/2381209.jpg,dog,1,train,frisbee,2381209.jpg,69,frisbee,19,2381209
images/2351380.jpg,dog,1,test,frisbee,2351380.jpg,69,frisbee,19,2351380
images/2357632.jpg,dog,1,train,frisbee,2357632.jpg,69,frisbee,19,2357632
images/2377573.jpg,dog,1,train,frisbee,2377573.jpg,69,frisbee,19,2377573
images/2410917.jpg,dog,1,train,frisbee,2410917.jpg,69,frisbee,19,2410917
images/2316506.jpg,dog,1,train,frisbee,2316506.jpg,69,frisbee,19,2316506
images/2395074.jpg,dog,1,val,frisbee,2395074.jpg,69,frisbee,19,2395074
images/2343539.jpg,dog,1,train,frisbee,2343539.jpg,69,frisbee,19,2343539
images/2383950.jpg,dog,1,train,frisbee,2383950.jpg,69,frisbee,19,2383950
images/2385539.jpg,dog,1,val,frisbee,2385539.jpg,69,frisbee,19,2385539
images/2354681.jpg,dog,1,train,frisbee,2354681.jpg,69,frisbee,19,2354681
images/2343330.jpg,dog,1,val,frisbee,2343330.jpg,69,frisbee,19,2343330
images/2355607.jpg,dog,1,val,frisbee,2355607.jpg,69,frisbee,19,2355607
images/2324981.jpg,dog,1,train,frisbee,2324981.jpg,69,frisbee,19,2324981
images/2379893.jpg,dog,1,train,frisbee,2379893.jpg,69,frisbee,19,2379893
images/2413856.jpg,dog,1,train,frisbee,2413856.jpg,69,frisbee,19,2413856
images/2359038.jpg,dog,1,train,frisbee,2359038.jpg,69,frisbee,19,2359038
images/2355348.jpg,dog,1,val,frisbee,2355348.jpg,69,frisbee,19,2355348
images/2346434.jpg,dog,1,train,frisbee,2346434.jpg,69,frisbee,19,2346434
images/2362394.jpg,dog,1,train,frisbee,2362394.jpg,69,frisbee,19,2362394
images/2406327.jpg,dog,1,train,frisbee,2406327.jpg,69,frisbee,19,2406327
images/2360221.jpg,dog,1,train,frisbee,2360221.jpg,69,frisbee,19,2360221
images/2355266.jpg,dog,1,train,frisbee,2355266.jpg,69,frisbee,19,2355266
images/2354435.jpg,dog,1,train,frisbee,2354435.jpg,69,frisbee,19,2354435
images/2346869.jpg,dog,1,train,frisbee,2346869.jpg,69,frisbee,19,2346869
images/2369004.jpg,dog,1,train,frisbee,2369004.jpg,69,frisbee,19,2369004
images/2348551.jpg,dog,1,val,frisbee,2348551.jpg,69,frisbee,19,2348551
images/2364444.jpg,dog,1,test,frisbee,2364444.jpg,69,frisbee,19,2364444
images/2394079.jpg,dog,1,train,frisbee,2394079.jpg,69,frisbee,19,2394079
images/2350616.jpg,dog,1,train,frisbee,2350616.jpg,69,frisbee,19,2350616
images/2327519.jpg,dog,1,train,frisbee,2327519.jpg,69,frisbee,19,2327519
images/2416475.jpg,dog,1,train,frisbee,2416475.jpg,69,frisbee,19,2416475
images/2385901.jpg,dog,1,test,frisbee,2385901.jpg,69,frisbee,19,2385901
images/1592975.jpg,dog,1,test,frisbee,1592975.jpg,69,frisbee,19,1592975
images/2339770.jpg,dog,1,train,frisbee,2339770.jpg,69,frisbee,19,2339770
images/2363682.jpg,dog,1,train,frisbee,2363682.jpg,69,frisbee,19,2363682
images/2416836.jpg,dog,1,val,frisbee,2416836.jpg,69,frisbee,19,2416836
images/2389092.jpg,dog,1,test,frisbee,2389092.jpg,69,frisbee,19,2389092
images/2385228.jpg,dog,1,train,frisbee,2385228.jpg,69,frisbee,19,2385228
images/2364866.jpg,dog,1,train,frisbee,2364866.jpg,69,frisbee,19,2364866
images/2378475.jpg,dog,1,train,frisbee,2378475.jpg,69,frisbee,19,2378475
images/2323746.jpg,dog,1,train,frisbee,2323746.jpg,69,frisbee,19,2323746
images/2317786.jpg,dog,1,train,frisbee,2317786.jpg,69,frisbee,19,2317786
images/2365847.jpg,dog,1,train,frisbee,2365847.jpg,69,frisbee,19,2365847
images/2358221.jpg,dog,1,train,frisbee,2358221.jpg,69,frisbee,19,2358221
images/2328960.jpg,dog,1,test,frisbee,2328960.jpg,69,frisbee,19,2328960
images/2383227.jpg,dog,1,val,frisbee,2383227.jpg,69,frisbee,19,2383227
images/2367721.jpg,dog,1,train,frisbee,2367721.jpg,69,frisbee,19,2367721
images/2385955.jpg,dog,1,val,frisbee,2385955.jpg,69,frisbee,19,2385955
images/2382504.jpg,dog,1,val,frisbee,2382504.jpg,69,frisbee,19,2382504
images/2322293.jpg,dog,1,train,frisbee,2322293.jpg,69,frisbee,19,2322293
images/2408633.jpg,dog,1,train,frisbee,2408633.jpg,69,frisbee,19,2408633
images/2341401.jpg,dog,1,val,frisbee,2341401.jpg,69,frisbee,19,2341401
images/2337260.jpg,dog,1,train,frisbee,2337260.jpg,69,frisbee,19,2337260
images/2343165.jpg,dog,1,val,frisbee,2343165.jpg,69,frisbee,19,2343165
images/2356116.jpg,dog,1,test,frisbee,2356116.jpg,69,frisbee,19,2356116
images/2338125.jpg,dog,1,val,frisbee,2338125.jpg,69,frisbee,19,2338125
images/2411072.jpg,dog,1,train,frisbee,2411072.jpg,69,frisbee,19,2411072
images/2331781.jpg,dog,1,val,frisbee,2331781.jpg,69,frisbee,19,2331781
images/2376396.jpg,dog,1,val,frisbee,2376396.jpg,69,frisbee,19,2376396
images/2400642.jpg,dog,1,train,frisbee,2400642.jpg,69,frisbee,19,2400642
images/2366211.jpg,dog,1,train,frisbee,2366211.jpg,69,frisbee,19,2366211
images/2390483.jpg,dog,1,train,frisbee,2390483.jpg,69,frisbee,19,2390483
images/2336848.jpg,dog,1,train,frisbee,2336848.jpg,69,frisbee,19,2336848
images/2366975.jpg,dog,1,train,frisbee,2366975.jpg,69,frisbee,19,2366975
images/2405371.jpg,dog,1,train,frisbee,2405371.jpg,69,frisbee,19,2405371
images/2392212.jpg,dog,1,train,frisbee,2392212.jpg,69,frisbee,19,2392212
images/2336406.jpg,dog,1,train,frisbee,2336406.jpg,69,frisbee,19,2336406
images/2406932.jpg,dog,1,train,frisbee,2406932.jpg,69,frisbee,19,2406932
images/2321342.jpg,dog,1,train,frisbee,2321342.jpg,69,frisbee,19,2321342
images/2324642.jpg,dog,1,val,frisbee,2324642.jpg,69,frisbee,19,2324642
images/2369450.jpg,dog,1,train,frisbee,2369450.jpg,69,frisbee,19,2369450
images/2337501.jpg,dog,1,train,frisbee,2337501.jpg,69,frisbee,19,2337501
images/2393301.jpg,dog,1,test,frisbee,2393301.jpg,69,frisbee,19,2393301
images/2334261.jpg,dog,1,val,frisbee,2334261.jpg,69,frisbee,19,2334261
images/2392115.jpg,dog,1,train,frisbee,2392115.jpg,69,frisbee,19,2392115
images/2412687.jpg,dog,1,train,frisbee,2412687.jpg,69,frisbee,19,2412687
images/2327579.jpg,dog,1,train,frisbee,2327579.jpg,69,frisbee,19,2327579
images/2318046.jpg,dog,1,train,frisbee,2318046.jpg,69,frisbee,19,2318046
images/2411557.jpg,dog,1,train,frisbee,2411557.jpg,69,frisbee,19,2411557
images/2407734.jpg,dog,1,train,frisbee,2407734.jpg,69,frisbee,19,2407734
images/2318692.jpg,dog,1,test,frisbee,2318692.jpg,69,frisbee,19,2318692
images/2365446.jpg,dog,1,train,frisbee,2365446.jpg,69,frisbee,19,2365446
images/2372856.jpg,dog,1,test,frisbee,2372856.jpg,69,frisbee,19,2372856
images/2321661.jpg,dog,1,train,frisbee,2321661.jpg,69,frisbee,19,2321661
images/2335002.jpg,dog,1,val,frisbee,2335002.jpg,69,frisbee,19,2335002
images/2363668.jpg,dog,1,val,frisbee,2363668.jpg,69,frisbee,19,2363668
images/2407258.jpg,dog,1,train,frisbee,2407258.jpg,69,frisbee,19,2407258
images/2358778.jpg,dog,1,val,frisbee,2358778.jpg,69,frisbee,19,2358778
images/2411937.jpg,dog,1,train,frisbee,2411937.jpg,69,frisbee,19,2411937
images/2359049.jpg,dog,1,val,frisbee,2359049.jpg,69,frisbee,19,2359049
images/2395889.jpg,dog,1,train,frisbee,2395889.jpg,69,frisbee,19,2395889
images/2328461.jpg,dog,1,train,frisbee,2328461.jpg,69,frisbee,19,2328461
images/2377157.jpg,dog,1,train,frisbee,2377157.jpg,69,frisbee,19,2377157
images/2353581.jpg,dog,1,train,frisbee,2353581.jpg,69,frisbee,19,2353581
images/2400679.jpg,dog,1,train,frisbee,2400679.jpg,69,frisbee,19,2400679
images/2381657.jpg,dog,1,train,frisbee,2381657.jpg,69,frisbee,19,2381657
images/2320693.jpg,dog,1,train,frisbee,2320693.jpg,69,frisbee,19,2320693
images/2362196.jpg,dog,1,test,frisbee,2362196.jpg,69,frisbee,19,2362196
images/2382399.jpg,dog,1,train,frisbee,2382399.jpg,69,frisbee,19,2382399
images/2370359.jpg,dog,1,train,frisbee,2370359.jpg,69,frisbee,19,2370359
images/2389381.jpg,dog,1,val,frisbee,2389381.jpg,69,frisbee,19,2389381
images/2405432.jpg,dog,1,val,frisbee,2405432.jpg,69,frisbee,19,2405432
images/2400303.jpg,dog,1,train,frisbee,2400303.jpg,69,frisbee,19,2400303
images/2365318.jpg,dog,1,train,frisbee,2365318.jpg,69,frisbee,19,2365318
images/2353558.jpg,dog,1,train,frisbee,2353558.jpg,69,frisbee,19,2353558
images/2371836.jpg,dog,1,train,frisbee,2371836.jpg,69,frisbee,19,2371836
images/2408356.jpg,dog,1,train,frisbee,2408356.jpg,69,frisbee,19,2408356
images/2360784.jpg,dog,1,val,frisbee,2360784.jpg,69,frisbee,19,2360784
images/2394277.jpg,dog,1,train,frisbee,2394277.jpg,69,frisbee,19,2394277
images/2318049.jpg,dog,1,train,frisbee,2318049.jpg,69,frisbee,19,2318049
images/2368610.jpg,dog,1,val,frisbee,2368610.jpg,69,frisbee,19,2368610
images/2324950.jpg,dog,1,train,frisbee,2324950.jpg,69,frisbee,19,2324950
images/2345976.jpg,dog,1,train,frisbee,2345976.jpg,69,frisbee,19,2345976
images/2393070.jpg,dog,1,train,frisbee,2393070.jpg,69,frisbee,19,2393070
images/2392123.jpg,dog,1,train,frisbee,2392123.jpg,69,frisbee,19,2392123
images/2385897.jpg,dog,1,train,frisbee,2385897.jpg,69,frisbee,19,2385897
images/2394272.jpg,dog,1,train,frisbee,2394272.jpg,69,frisbee,19,2394272
images/2376600.jpg,dog,1,val,frisbee,2376600.jpg,69,frisbee,19,2376600
images/713680.jpg,dog,1,val,frisbee,713680.jpg,69,frisbee,19,713680
images/2350109.jpg,dog,1,train,frisbee,2350109.jpg,69,frisbee,19,2350109
images/2417154.jpg,dog,1,train,frisbee,2417154.jpg,69,frisbee,19,2417154
images/2388263.jpg,dog,1,train,frisbee,2388263.jpg,69,frisbee,19,2388263
images/2355727.jpg,dog,1,val,frisbee,2355727.jpg,69,frisbee,19,2355727
images/2336716.jpg,dog,1,val,frisbee,2336716.jpg,69,frisbee,19,2336716
images/2336693.jpg,dog,1,train,frisbee,2336693.jpg,69,frisbee,19,2336693
images/2326888.jpg,dog,1,train,frisbee,2326888.jpg,69,frisbee,19,2326888
images/2390028.jpg,dog,1,train,frisbee,2390028.jpg,69,frisbee,19,2390028
images/2391620.jpg,dog,1,train,frisbee,2391620.jpg,69,frisbee,19,2391620
images/2362530.jpg,dog,1,val,frisbee,2362530.jpg,69,frisbee,19,2362530
images/2322281.jpg,dog,1,train,frisbee,2322281.jpg,69,frisbee,19,2322281
images/2395470.jpg,dog,1,train,frisbee,2395470.jpg,69,frisbee,19,2395470
images/2382269.jpg,dog,1,train,frisbee,2382269.jpg,69,frisbee,19,2382269
images/2328885.jpg,dog,1,train,frisbee,2328885.jpg,69,frisbee,19,2328885
images/2411786.jpg,dog,1,val,frisbee,2411786.jpg,69,frisbee,19,2411786
images/2375942.jpg,dog,1,train,frisbee,2375942.jpg,69,frisbee,19,2375942
images/2381352.jpg,dog,1,val,frisbee,2381352.jpg,69,frisbee,19,2381352
images/2386435.jpg,dog,1,train,frisbee,2386435.jpg,69,frisbee,19,2386435
images/2317615.jpg,dog,1,train,frisbee,2317615.jpg,69,frisbee,19,2317615
images/2327364.jpg,dog,1,train,frisbee,2327364.jpg,69,frisbee,19,2327364
images/2337125.jpg,dog,1,val,frisbee,2337125.jpg,69,frisbee,19,2337125
images/2330563.jpg,dog,1,train,frisbee,2330563.jpg,69,frisbee,19,2330563
images/2352572.jpg,dog,1,test,frisbee,2352572.jpg,69,frisbee,19,2352572
images/2400868.jpg,dog,1,train,frisbee,2400868.jpg,69,frisbee,19,2400868
images/2410840.jpg,dog,1,train,frisbee,2410840.jpg,69,frisbee,19,2410840
images/2368310.jpg,dog,1,train,frisbee,2368310.jpg,69,frisbee,19,2368310
images/2363861.jpg,dog,1,train,frisbee,2363861.jpg,69,frisbee,19,2363861
images/2386600.jpg,dog,1,train,frisbee,2386600.jpg,69,frisbee,19,2386600
images/2376933.jpg,dog,1,train,frisbee,2376933.jpg,69,frisbee,19,2376933
images/2416883.jpg,dog,1,test,frisbee,2416883.jpg,69,frisbee,19,2416883
images/2373751.jpg,dog,1,train,frisbee,2373751.jpg,69,frisbee,19,2373751
images/2328764.jpg,dog,1,train,frisbee,2328764.jpg,69,frisbee,19,2328764
images/2358659.jpg,dog,1,train,frisbee,2358659.jpg,69,frisbee,19,2358659
images/2335707.jpg,dog,1,val,frisbee,2335707.jpg,69,frisbee,19,2335707
images/2333137.jpg,dog,1,train,frisbee,2333137.jpg,69,frisbee,19,2333137
images/2324371.jpg,dog,1,train,frisbee,2324371.jpg,69,frisbee,19,2324371
images/2386758.jpg,dog,1,train,frisbee,2386758.jpg,69,frisbee,19,2386758
images/2316592.jpg,dog,1,train,frisbee,2316592.jpg,69,frisbee,19,2316592
images/2386037.jpg,dog,1,train,frisbee,2386037.jpg,69,frisbee,19,2386037
images/2325492.jpg,dog,1,val,frisbee,2325492.jpg,69,frisbee,19,2325492
images/2395166.jpg,dog,1,train,frisbee,2395166.jpg,69,frisbee,19,2395166
images/2348342.jpg,dog,1,train,frisbee,2348342.jpg,69,frisbee,19,2348342
images/2397787.jpg,dog,1,train,frisbee,2397787.jpg,69,frisbee,19,2397787
images/2351698.jpg,dog,1,val,frisbee,2351698.jpg,69,frisbee,19,2351698
images/2315447.jpg,dog,1,train,frisbee,2315447.jpg,69,frisbee,19,2315447
images/2375173.jpg,dog,1,test,trees,2375173.jpg,96,trees,46,2375173
images/2388687.jpg,dog,1,train,trees,2388687.jpg,96,trees,46,2388687
images/2416861.jpg,dog,1,train,trees,2416861.jpg,96,trees,46,2416861
images/2382026.jpg,dog,1,train,trees,2382026.jpg,96,trees,46,2382026
images/2331072.jpg,dog,1,train,trees,2331072.jpg,96,trees,46,2331072
images/2348603.jpg,dog,1,train,trees,2348603.jpg,96,trees,46,2348603
images/2350150.jpg,dog,1,test,trees,2350150.jpg,96,trees,46,2350150
images/2325645.jpg,dog,1,train,trees,2325645.jpg,96,trees,46,2325645
images/2356804.jpg,dog,1,train,trees,2356804.jpg,96,trees,46,2356804
images/2411794.jpg,dog,1,train,trees,2411794.jpg,96,trees,46,2411794
images/2335476.jpg,dog,1,val,trees,2335476.jpg,96,trees,46,2335476
images/2397138.jpg,dog,1,train,trees,2397138.jpg,96,trees,46,2397138
images/2399492.jpg,dog,1,train,trees,2399492.jpg,96,trees,46,2399492
images/2374573.jpg,dog,1,train,trees,2374573.jpg,96,trees,46,2374573
images/2350995.jpg,dog,1,train,trees,2350995.jpg,96,trees,46,2350995
images/2395961.jpg,dog,1,train,trees,2395961.jpg,96,trees,46,2395961
images/2361067.jpg,dog,1,train,trees,2361067.jpg,96,trees,46,2361067
images/713697.jpg,dog,1,val,trees,713697.jpg,96,trees,46,713697
images/2413162.jpg,dog,1,train,trees,2413162.jpg,96,trees,46,2413162
images/2345272.jpg,dog,1,train,trees,2345272.jpg,96,trees,46,2345272
images/2406584.jpg,dog,1,train,trees,2406584.jpg,96,trees,46,2406584
images/2339024.jpg,dog,1,train,trees,2339024.jpg,96,trees,46,2339024
images/2374386.jpg,dog,1,train,trees,2374386.jpg,96,trees,46,2374386
images/2381417.jpg,dog,1,test,trees,2381417.jpg,96,trees,46,2381417
images/2384517.jpg,dog,1,train,trees,2384517.jpg,96,trees,46,2384517
images/2417914.jpg,dog,1,train,trees,2417914.jpg,96,trees,46,2417914
images/2393315.jpg,dog,1,train,trees,2393315.jpg,96,trees,46,2393315
images/2338393.jpg,dog,1,train,trees,2338393.jpg,96,trees,46,2338393
images/2376054.jpg,dog,1,train,trees,2376054.jpg,96,trees,46,2376054
images/2366353.jpg,dog,1,val,trees,2366353.jpg,96,trees,46,2366353
images/2401902.jpg,dog,1,train,trees,2401902.jpg,96,trees,46,2401902
images/2406301.jpg,dog,1,train,trees,2406301.jpg,96,trees,46,2406301
images/2398376.jpg,dog,1,train,trees,2398376.jpg,96,trees,46,2398376
images/2402346.jpg,dog,1,train,trees,2402346.jpg,96,trees,46,2402346
images/2366037.jpg,dog,1,train,trees,2366037.jpg,96,trees,46,2366037
images/1592443.jpg,dog,1,train,trees,1592443.jpg,96,trees,46,1592443
images/2376444.jpg,dog,1,train,trees,2376444.jpg,96,trees,46,2376444
images/2368914.jpg,dog,1,train,trees,2368914.jpg,96,trees,46,2368914
images/2361561.jpg,dog,1,train,trees,2361561.jpg,96,trees,46,2361561
images/2407543.jpg,dog,1,test,trees,2407543.jpg,96,trees,46,2407543
images/2365524.jpg,dog,1,val,trees,2365524.jpg,96,trees,46,2365524
images/2374749.jpg,dog,1,train,trees,2374749.jpg,96,trees,46,2374749
images/2355865.jpg,dog,1,train,trees,2355865.jpg,96,trees,46,2355865
images/2316137.jpg,dog,1,train,trees,2316137.jpg,96,trees,46,2316137
images/2398609.jpg,dog,1,train,trees,2398609.jpg,96,trees,46,2398609
images/2352484.jpg,dog,1,train,trees,2352484.jpg,96,trees,46,2352484
images/2359982.jpg,dog,1,val,trees,2359982.jpg,96,trees,46,2359982
images/2318961.jpg,dog,1,train,trees,2318961.jpg,96,trees,46,2318961
images/2405103.jpg,dog,1,val,trees,2405103.jpg,96,trees,46,2405103
images/2412325.jpg,dog,1,val,trees,2412325.jpg,96,trees,46,2412325
images/2415911.jpg,dog,1,val,trees,2415911.jpg,96,trees,46,2415911
images/2349548.jpg,dog,1,train,trees,2349548.jpg,96,trees,46,2349548
images/2373696.jpg,dog,1,train,trees,2373696.jpg,96,trees,46,2373696
images/2397203.jpg,dog,1,val,trees,2397203.jpg,96,trees,46,2397203
images/2320795.jpg,dog,1,val,trees,2320795.jpg,96,trees,46,2320795
images/2383950.jpg,dog,1,test,trees,2383950.jpg,96,trees,46,2383950
images/2335104.jpg,dog,1,test,trees,2335104.jpg,96,trees,46,2335104
images/2354681.jpg,dog,1,train,trees,2354681.jpg,96,trees,46,2354681
images/2365207.jpg,dog,1,train,trees,2365207.jpg,96,trees,46,2365207
images/2337587.jpg,dog,1,train,trees,2337587.jpg,96,trees,46,2337587
images/107967.jpg,dog,1,train,trees,107967.jpg,96,trees,46,107967
images/2403329.jpg,dog,1,train,trees,2403329.jpg,96,trees,46,2403329
images/2368737.jpg,dog,1,test,trees,2368737.jpg,96,trees,46,2368737
images/2403836.jpg,dog,1,val,trees,2403836.jpg,96,trees,46,2403836
images/2410952.jpg,dog,1,train,trees,2410952.jpg,96,trees,46,2410952
images/2387995.jpg,dog,1,val,trees,2387995.jpg,96,trees,46,2387995
images/2383663.jpg,dog,1,train,trees,2383663.jpg,96,trees,46,2383663
images/2363272.jpg,dog,1,train,trees,2363272.jpg,96,trees,46,2363272
images/2394079.jpg,dog,1,val,trees,2394079.jpg,96,trees,46,2394079
images/286019.jpg,dog,1,train,trees,286019.jpg,96,trees,46,286019
images/2403975.jpg,dog,1,train,trees,2403975.jpg,96,trees,46,2403975
images/2395217.jpg,dog,1,val,trees,2395217.jpg,96,trees,46,2395217
images/2350616.jpg,dog,1,train,trees,2350616.jpg,96,trees,46,2350616
images/2351612.jpg,dog,1,train,trees,2351612.jpg,96,trees,46,2351612
images/2395809.jpg,dog,1,train,trees,2395809.jpg,96,trees,46,2395809
images/2387137.jpg,dog,1,train,trees,2387137.jpg,96,trees,46,2387137
images/2402417.jpg,dog,1,train,trees,2402417.jpg,96,trees,46,2402417
images/2404204.jpg,dog,1,train,trees,2404204.jpg,96,trees,46,2404204
images/2412671.jpg,dog,1,test,trees,2412671.jpg,96,trees,46,2412671
images/2377871.jpg,dog,1,train,trees,2377871.jpg,96,trees,46,2377871
images/2394992.jpg,dog,1,train,trees,2394992.jpg,96,trees,46,2394992
images/2377932.jpg,dog,1,train,trees,2377932.jpg,96,trees,46,2377932
images/2344063.jpg,dog,1,train,trees,2344063.jpg,96,trees,46,2344063
images/2363682.jpg,dog,1,train,trees,2363682.jpg,96,trees,46,2363682
images/2391743.jpg,dog,1,train,trees,2391743.jpg,96,trees,46,2391743
images/2350986.jpg,dog,1,train,trees,2350986.jpg,96,trees,46,2350986
images/2378475.jpg,dog,1,train,trees,2378475.jpg,96,trees,46,2378475
images/2414629.jpg,dog,1,val,trees,2414629.jpg,96,trees,46,2414629
images/2384866.jpg,dog,1,train,trees,2384866.jpg,96,trees,46,2384866
images/2369591.jpg,dog,1,train,trees,2369591.jpg,96,trees,46,2369591
images/2387231.jpg,dog,1,val,trees,2387231.jpg,96,trees,46,2387231
images/2380787.jpg,dog,1,train,trees,2380787.jpg,96,trees,46,2380787
images/2351477.jpg,dog,1,train,trees,2351477.jpg,96,trees,46,2351477
images/2403537.jpg,dog,1,train,trees,2403537.jpg,96,trees,46,2403537
images/2358758.jpg,dog,1,val,trees,2358758.jpg,96,trees,46,2358758
images/2393780.jpg,dog,1,train,trees,2393780.jpg,96,trees,46,2393780
images/2329347.jpg,dog,1,val,trees,2329347.jpg,96,trees,46,2329347
images/2338473.jpg,dog,1,train,trees,2338473.jpg,96,trees,46,2338473
images/2350157.jpg,dog,1,train,trees,2350157.jpg,96,trees,46,2350157
images/2381721.jpg,dog,1,train,trees,2381721.jpg,96,trees,46,2381721
images/2365756.jpg,dog,1,val,trees,2365756.jpg,96,trees,46,2365756
images/2399812.jpg,dog,1,train,trees,2399812.jpg,96,trees,46,2399812
images/2341260.jpg,dog,1,train,trees,2341260.jpg,96,trees,46,2341260
images/2381084.jpg,dog,1,train,trees,2381084.jpg,96,trees,46,2381084
images/2407271.jpg,dog,1,val,trees,2407271.jpg,96,trees,46,2407271
images/2322293.jpg,dog,1,train,trees,2322293.jpg,96,trees,46,2322293
images/2375053.jpg,dog,1,test,trees,2375053.jpg,96,trees,46,2375053
images/2397739.jpg,dog,1,val,trees,2397739.jpg,96,trees,46,2397739
images/2358799.jpg,dog,1,val,trees,2358799.jpg,96,trees,46,2358799
images/2411944.jpg,dog,1,train,trees,2411944.jpg,96,trees,46,2411944
images/2360562.jpg,dog,1,train,trees,2360562.jpg,96,trees,46,2360562
images/2343165.jpg,dog,1,val,trees,2343165.jpg,96,trees,46,2343165
images/2356116.jpg,dog,1,train,trees,2356116.jpg,96,trees,46,2356116
images/2390732.jpg,dog,1,train,trees,2390732.jpg,96,trees,46,2390732
images/2362379.jpg,dog,1,train,trees,2362379.jpg,96,trees,46,2362379
images/2410321.jpg,dog,1,train,trees,2410321.jpg,96,trees,46,2410321
images/2376396.jpg,dog,1,train,trees,2376396.jpg,96,trees,46,2376396
images/1592658.jpg,dog,1,train,trees,1592658.jpg,96,trees,46,1592658
images/2359950.jpg,dog,1,train,trees,2359950.jpg,96,trees,46,2359950
images/2366211.jpg,dog,1,train,trees,2366211.jpg,96,trees,46,2366211
images/2392565.jpg,dog,1,train,trees,2392565.jpg,96,trees,46,2392565
images/2380923.jpg,dog,1,train,trees,2380923.jpg,96,trees,46,2380923
images/2363601.jpg,dog,1,train,trees,2363601.jpg,96,trees,46,2363601
images/2334891.jpg,dog,1,train,trees,2334891.jpg,96,trees,46,2334891
images/2386802.jpg,dog,1,train,trees,2386802.jpg,96,trees,46,2386802
images/2390585.jpg,dog,1,val,trees,2390585.jpg,96,trees,46,2390585
images/2401465.jpg,dog,1,train,trees,2401465.jpg,96,trees,46,2401465
images/2400993.jpg,dog,1,train,trees,2400993.jpg,96,trees,46,2400993
images/2343526.jpg,dog,1,train,trees,2343526.jpg,96,trees,46,2343526
images/2368054.jpg,dog,1,train,trees,2368054.jpg,96,trees,46,2368054
images/2402211.jpg,dog,1,train,trees,2402211.jpg,96,trees,46,2402211
images/2366676.jpg,dog,1,val,trees,2366676.jpg,96,trees,46,2366676
images/2393918.jpg,dog,1,train,trees,2393918.jpg,96,trees,46,2393918
images/2359221.jpg,dog,1,train,trees,2359221.jpg,96,trees,46,2359221
images/2397742.jpg,dog,1,val,trees,2397742.jpg,96,trees,46,2397742
images/2324642.jpg,dog,1,train,trees,2324642.jpg,96,trees,46,2324642
images/2405157.jpg,dog,1,val,trees,2405157.jpg,96,trees,46,2405157
images/2361821.jpg,dog,1,train,trees,2361821.jpg,96,trees,46,2361821
images/2393332.jpg,dog,1,train,trees,2393332.jpg,96,trees,46,2393332
images/2378582.jpg,dog,1,train,trees,2378582.jpg,96,trees,46,2378582
images/2333478.jpg,dog,1,val,trees,2333478.jpg,96,trees,46,2333478
images/2386721.jpg,dog,1,test,trees,2386721.jpg,96,trees,46,2386721
images/2382301.jpg,dog,1,train,trees,2382301.jpg,96,trees,46,2382301
images/2400563.jpg,dog,1,train,trees,2400563.jpg,96,trees,46,2400563
images/2392115.jpg,dog,1,train,trees,2392115.jpg,96,trees,46,2392115
images/2412342.jpg,dog,1,train,trees,2412342.jpg,96,trees,46,2412342
images/2380956.jpg,dog,1,val,trees,2380956.jpg,96,trees,46,2380956
images/2370660.jpg,dog,1,test,trees,2370660.jpg,96,trees,46,2370660
images/2355304.jpg,dog,1,val,trees,2355304.jpg,96,trees,46,2355304
images/2372055.jpg,dog,1,train,trees,2372055.jpg,96,trees,46,2372055
images/2414354.jpg,dog,1,train,trees,2414354.jpg,96,trees,46,2414354
images/107926.jpg,dog,1,val,trees,107926.jpg,96,trees,46,107926
images/2365446.jpg,dog,1,train,trees,2365446.jpg,96,trees,46,2365446
images/2362696.jpg,dog,1,train,trees,2362696.jpg,96,trees,46,2362696
images/1592064.jpg,dog,1,test,trees,1592064.jpg,96,trees,46,1592064
images/2322607.jpg,dog,1,train,trees,2322607.jpg,96,trees,46,2322607
images/2320693.jpg,dog,1,train,trees,2320693.jpg,96,trees,46,2320693
images/2393779.jpg,dog,1,test,trees,2393779.jpg,96,trees,46,2393779
images/2391432.jpg,dog,1,train,trees,2391432.jpg,96,trees,46,2391432
images/2345947.jpg,dog,1,test,trees,2345947.jpg,96,trees,46,2345947
images/2376547.jpg,dog,1,val,trees,2376547.jpg,96,trees,46,2376547
images/2387472.jpg,dog,1,train,trees,2387472.jpg,96,trees,46,2387472
images/2371836.jpg,dog,1,val,trees,2371836.jpg,96,trees,46,2371836
images/2398862.jpg,dog,1,train,trees,2398862.jpg,96,trees,46,2398862
images/2411487.jpg,dog,1,train,trees,2411487.jpg,96,trees,46,2411487
images/2347508.jpg,dog,1,train,trees,2347508.jpg,96,trees,46,2347508
images/2416855.jpg,dog,1,train,trees,2416855.jpg,96,trees,46,2416855
images/2392123.jpg,dog,1,train,trees,2392123.jpg,96,trees,46,2392123
images/2323342.jpg,dog,1,test,trees,2323342.jpg,96,trees,46,2323342
images/2397787.jpg,dog,1,train,trees,2397787.jpg,96,trees,46,2397787
images/2406744.jpg,dog,1,train,trees,2406744.jpg,96,trees,46,2406744
images/2334958.jpg,dog,1,train,trees,2334958.jpg,96,trees,46,2334958
images/2325485.jpg,dog,1,train,trees,2325485.jpg,96,trees,46,2325485
images/2394272.jpg,dog,1,val,trees,2394272.jpg,96,trees,46,2394272
images/2324476.jpg,dog,1,train,trees,2324476.jpg,96,trees,46,2324476
images/2356123.jpg,dog,1,test,trees,2356123.jpg,96,trees,46,2356123
images/2397149.jpg,dog,1,train,trees,2397149.jpg,96,trees,46,2397149
images/2417154.jpg,dog,1,train,trees,2417154.jpg,96,trees,46,2417154
images/713615.jpg,dog,1,train,trees,713615.jpg,96,trees,46,713615
images/2357995.jpg,dog,1,train,trees,2357995.jpg,96,trees,46,2357995
images/2367331.jpg,dog,1,train,trees,2367331.jpg,96,trees,46,2367331
images/2326569.jpg,dog,1,test,trees,2326569.jpg,96,trees,46,2326569
images/2361813.jpg,dog,1,train,trees,2361813.jpg,96,trees,46,2361813
images/2347300.jpg,dog,1,train,trees,2347300.jpg,96,trees,46,2347300
images/2322281.jpg,dog,1,train,trees,2322281.jpg,96,trees,46,2322281
images/2333842.jpg,dog,1,train,trees,2333842.jpg,96,trees,46,2333842
images/2318030.jpg,dog,1,val,trees,2318030.jpg,96,trees,46,2318030
images/2363495.jpg,dog,1,train,trees,2363495.jpg,96,trees,46,2363495
images/2411786.jpg,dog,1,train,trees,2411786.jpg,96,trees,46,2411786
images/2392690.jpg,dog,1,train,trees,2392690.jpg,96,trees,46,2392690
images/2343283.jpg,dog,1,val,trees,2343283.jpg,96,trees,46,2343283
images/2395104.jpg,dog,1,train,trees,2395104.jpg,96,trees,46,2395104
images/2347373.jpg,dog,1,train,trees,2347373.jpg,96,trees,46,2347373
images/2321501.jpg,dog,1,val,trees,2321501.jpg,96,trees,46,2321501
images/2346513.jpg,dog,1,train,trees,2346513.jpg,96,trees,46,2346513
images/2382612.jpg,dog,1,val,trees,2382612.jpg,96,trees,46,2382612
images/2395632.jpg,dog,1,train,trees,2395632.jpg,96,trees,46,2395632
images/2317981.jpg,dog,1,test,trees,2317981.jpg,96,trees,46,2317981
images/2345544.jpg,dog,1,train,trees,2345544.jpg,96,trees,46,2345544
images/2378872.jpg,dog,1,train,trees,2378872.jpg,96,trees,46,2378872
images/2382489.jpg,dog,1,train,trees,2382489.jpg,96,trees,46,2382489
images/2370145.jpg,dog,1,train,trees,2370145.jpg,96,trees,46,2370145
images/2368310.jpg,dog,1,test,trees,2368310.jpg,96,trees,46,2368310
images/2329851.jpg,dog,1,train,trees,2329851.jpg,96,trees,46,2329851
images/2352866.jpg,dog,1,train,trees,2352866.jpg,96,trees,46,2352866
images/2357609.jpg,dog,1,train,trees,2357609.jpg,96,trees,46,2357609
images/2388607.jpg,dog,1,train,trees,2388607.jpg,96,trees,46,2388607
images/2384109.jpg,dog,1,train,trees,2384109.jpg,96,trees,46,2384109
images/2355465.jpg,dog,1,train,trees,2355465.jpg,96,trees,46,2355465
images/2315716.jpg,dog,1,train,trees,2315716.jpg,96,trees,46,2315716
images/2364603.jpg,dog,1,train,trees,2364603.jpg,96,trees,46,2364603
images/2387928.jpg,dog,1,train,trees,2387928.jpg,96,trees,46,2387928
images/2325492.jpg,dog,1,train,trees,2325492.jpg,96,trees,46,2325492
images/2373288.jpg,dog,1,val,trees,2373288.jpg,96,trees,46,2373288
images/2342008.jpg,dog,1,train,trees,2342008.jpg,96,trees,46,2342008
images/2339161.jpg,dog,1,val,trees,2339161.jpg,96,trees,46,2339161
images/2343674.jpg,dog,1,train,trees,2343674.jpg,96,trees,46,2343674
images/2384885.jpg,dog,1,train,trees,2384885.jpg,96,trees,46,2384885
images/2316174.jpg,dog,1,val,boat,2316174.jpg,53,boat,3,2316174
images/2411620.jpg,dog,1,val,boat,2411620.jpg,53,boat,3,2411620
images/2359938.jpg,dog,1,train,boat,2359938.jpg,53,boat,3,2359938
images/2316469.jpg,dog,1,train,boat,2316469.jpg,53,boat,3,2316469
images/2417732.jpg,dog,1,train,boat,2417732.jpg,53,boat,3,2417732
images/2397138.jpg,dog,1,test,boat,2397138.jpg,53,boat,3,2397138
images/2373351.jpg,dog,1,val,boat,2373351.jpg,53,boat,3,2373351
images/2347233.jpg,dog,1,train,boat,2347233.jpg,53,boat,3,2347233
images/2345272.jpg,dog,1,train,boat,2345272.jpg,53,boat,3,2345272
images/2367120.jpg,dog,1,test,boat,2367120.jpg,53,boat,3,2367120
images/2352547.jpg,dog,1,val,boat,2352547.jpg,53,boat,3,2352547
images/2417914.jpg,dog,1,train,boat,2417914.jpg,53,boat,3,2417914
images/2334236.jpg,dog,1,train,boat,2334236.jpg,53,boat,3,2334236
images/2400930.jpg,dog,1,train,boat,2400930.jpg,53,boat,3,2400930
images/2360314.jpg,dog,1,test,boat,2360314.jpg,53,boat,3,2360314
images/2350379.jpg,dog,1,train,boat,2350379.jpg,53,boat,3,2350379
images/2400608.jpg,dog,1,train,boat,2400608.jpg,53,boat,3,2400608
images/2361103.jpg,dog,1,train,boat,2361103.jpg,53,boat,3,2361103
images/2356920.jpg,dog,1,train,boat,2356920.jpg,53,boat,3,2356920
images/2358663.jpg,dog,1,train,boat,2358663.jpg,53,boat,3,2358663
images/2320932.jpg,dog,1,test,boat,2320932.jpg,53,boat,3,2320932
images/2382157.jpg,dog,1,train,boat,2382157.jpg,53,boat,3,2382157
images/2368914.jpg,dog,1,train,boat,2368914.jpg,53,boat,3,2368914
images/2362804.jpg,dog,1,train,boat,2362804.jpg,53,boat,3,2362804
images/2361492.jpg,dog,1,val,boat,2361492.jpg,53,boat,3,2361492
images/2320476.jpg,dog,1,train,boat,2320476.jpg,53,boat,3,2320476
images/2386513.jpg,dog,1,test,boat,2386513.jpg,53,boat,3,2386513
images/2371137.jpg,dog,1,train,boat,2371137.jpg,53,boat,3,2371137
images/2408081.jpg,dog,1,train,boat,2408081.jpg,53,boat,3,2408081
images/2398609.jpg,dog,1,train,boat,2398609.jpg,53,boat,3,2398609
images/2352484.jpg,dog,1,train,boat,2352484.jpg,53,boat,3,2352484
images/2405103.jpg,dog,1,train,boat,2405103.jpg,53,boat,3,2405103
images/2397203.jpg,dog,1,train,boat,2397203.jpg,53,boat,3,2397203
images/2335104.jpg,dog,1,test,boat,2335104.jpg,53,boat,3,2335104
images/713048.jpg,dog,1,train,boat,713048.jpg,53,boat,3,713048
images/2340500.jpg,dog,1,train,boat,2340500.jpg,53,boat,3,2340500
images/2363272.jpg,dog,1,train,boat,2363272.jpg,53,boat,3,2363272
images/2319347.jpg,dog,1,train,boat,2319347.jpg,53,boat,3,2319347
images/2357802.jpg,dog,1,train,boat,2357802.jpg,53,boat,3,2357802
images/2387137.jpg,dog,1,train,boat,2387137.jpg,53,boat,3,2387137
images/2391743.jpg,dog,1,val,boat,2391743.jpg,53,boat,3,2391743
images/2388648.jpg,dog,1,train,boat,2388648.jpg,53,boat,3,2388648
images/2329347.jpg,dog,1,train,boat,2329347.jpg,53,boat,3,2329347
images/2334367.jpg,dog,1,train,boat,2334367.jpg,53,boat,3,2334367
images/2335060.jpg,dog,1,train,boat,2335060.jpg,53,boat,3,2335060
images/2382950.jpg,dog,1,val,boat,2382950.jpg,53,boat,3,2382950
images/2381084.jpg,dog,1,train,boat,2381084.jpg,53,boat,3,2381084
images/2358799.jpg,dog,1,train,boat,2358799.jpg,53,boat,3,2358799
images/2321730.jpg,dog,1,train,boat,2321730.jpg,53,boat,3,2321730
images/2349616.jpg,dog,1,train,boat,2349616.jpg,53,boat,3,2349616
images/2412384.jpg,dog,1,val,boat,2412384.jpg,53,boat,3,2412384
images/2392565.jpg,dog,1,train,boat,2392565.jpg,53,boat,3,2392565
images/2351083.jpg,dog,1,train,boat,2351083.jpg,53,boat,3,2351083
images/2395520.jpg,dog,1,train,boat,2395520.jpg,53,boat,3,2395520
images/2315354.jpg,dog,1,train,boat,2315354.jpg,53,boat,3,2315354
images/2368054.jpg,dog,1,train,boat,2368054.jpg,53,boat,3,2368054
images/2376794.jpg,dog,1,train,boat,2376794.jpg,53,boat,3,2376794
images/2361821.jpg,dog,1,train,boat,2361821.jpg,53,boat,3,2361821
images/2364424.jpg,dog,1,train,boat,2364424.jpg,53,boat,3,2364424
images/2337026.jpg,dog,1,train,boat,2337026.jpg,53,boat,3,2337026
images/2355304.jpg,dog,1,test,boat,2355304.jpg,53,boat,3,2355304
images/2372055.jpg,dog,1,train,boat,2372055.jpg,53,boat,3,2372055
images/2345532.jpg,dog,1,train,boat,2345532.jpg,53,boat,3,2345532
images/2353801.jpg,dog,1,train,boat,2353801.jpg,53,boat,3,2353801
images/2367136.jpg,dog,1,train,boat,2367136.jpg,53,boat,3,2367136
images/285707.jpg,dog,1,train,boat,285707.jpg,53,boat,3,285707
images/2379774.jpg,dog,1,train,boat,2379774.jpg,53,boat,3,2379774
images/2391432.jpg,dog,1,test,boat,2391432.jpg,53,boat,3,2391432
images/2376547.jpg,dog,1,train,boat,2376547.jpg,53,boat,3,2376547
images/2398862.jpg,dog,1,train,boat,2398862.jpg,53,boat,3,2398862
images/2364766.jpg,dog,1,train,boat,2364766.jpg,53,boat,3,2364766
images/2392123.jpg,dog,1,test,boat,2392123.jpg,53,boat,3,2392123
images/2414707.jpg,dog,1,test,boat,2414707.jpg,53,boat,3,2414707
images/2396912.jpg,dog,1,test,boat,2396912.jpg,53,boat,3,2396912
images/2358936.jpg,dog,1,val,boat,2358936.jpg,53,boat,3,2358936
images/2417150.jpg,dog,1,train,boat,2417150.jpg,53,boat,3,2417150
images/2363815.jpg,dog,1,train,boat,2363815.jpg,53,boat,3,2363815
images/2346788.jpg,dog,1,val,boat,2346788.jpg,53,boat,3,2346788
images/2317126.jpg,dog,1,train,boat,2317126.jpg,53,boat,3,2317126
images/2326800.jpg,dog,1,train,boat,2326800.jpg,53,boat,3,2326800
images/1159281.jpg,dog,1,train,boat,1159281.jpg,53,boat,3,1159281
images/2353398.jpg,dog,1,train,boat,2353398.jpg,53,boat,3,2353398
images/2410152.jpg,dog,1,train,boat,2410152.jpg,53,boat,3,2410152
images/2326242.jpg,dog,1,train,boat,2326242.jpg,53,boat,3,2326242
images/2393366.jpg,dog,1,train,boat,2393366.jpg,53,boat,3,2393366
images/2324106.jpg,dog,1,train,boat,2324106.jpg,53,boat,3,2324106
images/1160209.jpg,dog,1,train,boat,1160209.jpg,53,boat,3,1160209
images/2364024.jpg,dog,1,train,boat,2364024.jpg,53,boat,3,2364024
images/2368415.jpg,dog,1,train,boat,2368415.jpg,53,boat,3,2368415
images/2342008.jpg,dog,1,train,boat,2342008.jpg,53,boat,3,2342008
images/713207.jpg,dog,1,train,bandana,713207.jpg,50,bandana,0,713207
images/2404080.jpg,dog,1,train,bandana,2404080.jpg,50,bandana,0,2404080
images/2335618.jpg,dog,1,train,bandana,2335618.jpg,50,bandana,0,2335618
images/2358936.jpg,dog,1,train,bandana,2358936.jpg,50,bandana,0,2358936
images/2413634.jpg,dog,1,train,bandana,2413634.jpg,50,bandana,0,2413634
images/2362530.jpg,dog,1,train,bandana,2362530.jpg,50,bandana,0,2362530
images/2369450.jpg,dog,1,train,bandana,2369450.jpg,50,bandana,0,2369450
images/2366038.jpg,dog,1,train,bandana,2366038.jpg,50,bandana,0,2366038
images/2392426.jpg,dog,1,test,bandana,2392426.jpg,50,bandana,0,2392426
images/2357815.jpg,dog,1,train,bandana,2357815.jpg,50,bandana,0,2357815
images/2399686.jpg,dog,1,train,bandana,2399686.jpg,50,bandana,0,2399686
images/2350646.jpg,dog,1,train,bandana,2350646.jpg,50,bandana,0,2350646
images/2386795.jpg,dog,1,train,bandana,2386795.jpg,50,bandana,0,2386795
images/2393574.jpg,dog,1,val,bandana,2393574.jpg,50,bandana,0,2393574
images/2364253.jpg,dog,1,train,bandana,2364253.jpg,50,bandana,0,2364253
images/2358851.jpg,dog,1,val,bandana,2358851.jpg,50,bandana,0,2358851
images/2356713.jpg,dog,1,train,bandana,2356713.jpg,50,bandana,0,2356713
images/2323250.jpg,dog,1,train,bandana,2323250.jpg,50,bandana,0,2323250
images/2397731.jpg,dog,1,train,bandana,2397731.jpg,50,bandana,0,2397731
images/2391742.jpg,dog,1,val,bandana,2391742.jpg,50,bandana,0,2391742
images/2373502.jpg,dog,1,train,bandana,2373502.jpg,50,bandana,0,2373502
images/2342431.jpg,dog,1,train,bandana,2342431.jpg,50,bandana,0,2342431
images/2386001.jpg,dog,1,train,bandana,2386001.jpg,50,bandana,0,2386001
images/2378013.jpg,dog,1,train,bandana,2378013.jpg,50,bandana,0,2378013
images/2407510.jpg,dog,1,train,bandana,2407510.jpg,50,bandana,0,2407510
images/2352355.jpg,dog,1,train,bandana,2352355.jpg,50,bandana,0,2352355
images/2341204.jpg,dog,1,train,bandana,2341204.jpg,50,bandana,0,2341204
images/2413278.jpg,dog,1,train,bandana,2413278.jpg,50,bandana,0,2413278
images/2322516.jpg,dog,1,val,clothes,2322516.jpg,59,clothes,9,2322516
images/2397203.jpg,dog,1,val,clothes,2397203.jpg,59,clothes,9,2397203
images/2408641.jpg,dog,1,train,clothes,2408641.jpg,59,clothes,9,2408641
images/2360679.jpg,dog,1,val,clothes,2360679.jpg,59,clothes,9,2360679
images/2344635.jpg,dog,1,val,clothes,2344635.jpg,59,clothes,9,2344635
images/2317093.jpg,dog,1,train,clothes,2317093.jpg,59,clothes,9,2317093
images/2412854.jpg,dog,1,train,clothes,2412854.jpg,59,clothes,9,2412854
images/2397149.jpg,dog,1,train,clothes,2397149.jpg,59,clothes,9,2397149
images/2391558.jpg,dog,1,val,clothes,2391558.jpg,59,clothes,9,2391558
images/2387897.jpg,dog,1,train,clothes,2387897.jpg,59,clothes,9,2387897
images/2319347.jpg,dog,1,train,clothes,2319347.jpg,59,clothes,9,2319347
images/2387315.jpg,dog,1,train,clothes,2387315.jpg,59,clothes,9,2387315
images/2347373.jpg,dog,1,train,clothes,2347373.jpg,59,clothes,9,2347373
images/2371402.jpg,dog,1,test,clothes,2371402.jpg,59,clothes,9,2371402
images/2406977.jpg,dog,1,train,clothes,2406977.jpg,59,clothes,9,2406977
images/2399560.jpg,dog,1,train,clothes,2399560.jpg,59,clothes,9,2399560
images/2360647.jpg,dog,1,train,clothes,2360647.jpg,59,clothes,9,2360647
images/2401362.jpg,dog,1,train,clothes,2401362.jpg,59,clothes,9,2401362
images/2413586.jpg,dog,1,train,clothes,2413586.jpg,59,clothes,9,2413586
images/2393935.jpg,dog,1,val,clothes,2393935.jpg,59,clothes,9,2393935
images/2359215.jpg,dog,1,train,clothes,2359215.jpg,59,clothes,9,2359215
images/2396422.jpg,dog,1,train,clothes,2396422.jpg,59,clothes,9,2396422
images/2391742.jpg,dog,1,train,clothes,2391742.jpg,59,clothes,9,2391742
images/2400986.jpg,dog,1,train,clothes,2400986.jpg,59,clothes,9,2400986
images/2375910.jpg,dog,1,val,clothes,2375910.jpg,59,clothes,9,2375910
images/2361561.jpg,dog,1,train,clothes,2361561.jpg,59,clothes,9,2361561
images/2339807.jpg,dog,1,train,clothes,2339807.jpg,59,clothes,9,2339807
images/2399233.jpg,dog,1,val,clothes,2399233.jpg,59,clothes,9,2399233
images/2356036.jpg,dog,1,train,clothes,2356036.jpg,59,clothes,9,2356036
images/2316137.jpg,dog,1,train,clothes,2316137.jpg,59,clothes,9,2316137
images/2377314.jpg,dog,1,train,clothes,2377314.jpg,59,clothes,9,2377314
images/2383956.jpg,dog,1,train,clothes,2383956.jpg,59,clothes,9,2383956
images/2401870.jpg,dog,1,train,clothes,2401870.jpg,59,clothes,9,2401870
images/2350075.jpg,dog,1,train,clothes,2350075.jpg,59,clothes,9,2350075
images/2384917.jpg,dog,1,val,motorcycle,2384917.jpg,78,motorcycle,28,2384917
images/2364719.jpg,dog,1,train,motorcycle,2364719.jpg,78,motorcycle,28,2364719
images/2339698.jpg,dog,1,train,motorcycle,2339698.jpg,78,motorcycle,28,2339698
images/2367186.jpg,dog,1,test,motorcycle,2367186.jpg,78,motorcycle,28,2367186
images/2376812.jpg,dog,1,train,motorcycle,2376812.jpg,78,motorcycle,28,2376812
images/2403205.jpg,dog,1,train,motorcycle,2403205.jpg,78,motorcycle,28,2403205
images/2339641.jpg,dog,1,test,motorcycle,2339641.jpg,78,motorcycle,28,2339641
images/2383170.jpg,dog,1,train,motorcycle,2383170.jpg,78,motorcycle,28,2383170
images/2391328.jpg,dog,1,train,motorcycle,2391328.jpg,78,motorcycle,28,2391328
images/2382098.jpg,dog,1,train,motorcycle,2382098.jpg,78,motorcycle,28,2382098
images/2392426.jpg,dog,1,train,motorcycle,2392426.jpg,78,motorcycle,28,2392426
images/2377018.jpg,dog,1,train,motorcycle,2377018.jpg,78,motorcycle,28,2377018
images/2411201.jpg,dog,1,train,motorcycle,2411201.jpg,78,motorcycle,28,2411201
images/2376697.jpg,dog,1,train,motorcycle,2376697.jpg,78,motorcycle,28,2376697
images/2397422.jpg,dog,1,val,motorcycle,2397422.jpg,78,motorcycle,28,2397422
images/2382466.jpg,dog,1,train,motorcycle,2382466.jpg,78,motorcycle,28,2382466
images/2330843.jpg,dog,1,train,motorcycle,2330843.jpg,78,motorcycle,28,2330843
images/723.jpg,dog,1,train,motorcycle,723.jpg,78,motorcycle,28,723
images/2335788.jpg,dog,1,train,motorcycle,2335788.jpg,78,motorcycle,28,2335788
images/2388319.jpg,dog,1,train,motorcycle,2388319.jpg,78,motorcycle,28,2388319
images/2393598.jpg,dog,1,train,motorcycle,2393598.jpg,78,motorcycle,28,2393598
images/2337403.jpg,dog,1,val,motorcycle,2337403.jpg,78,motorcycle,28,2337403
images/2338721.jpg,dog,1,train,motorcycle,2338721.jpg,78,motorcycle,28,2338721
images/2392197.jpg,dog,1,train,motorcycle,2392197.jpg,78,motorcycle,28,2392197
images/2351815.jpg,dog,1,train,motorcycle,2351815.jpg,78,motorcycle,28,2351815
images/2341368.jpg,dog,1,train,motorcycle,2341368.jpg,78,motorcycle,28,2341368
images/2396392.jpg,dog,1,train,motorcycle,2396392.jpg,78,motorcycle,28,2396392
images/2417119.jpg,dog,1,train,motorcycle,2417119.jpg,78,motorcycle,28,2417119
images/2350312.jpg,dog,1,train,motorcycle,2350312.jpg,78,motorcycle,28,2350312
images/2391742.jpg,dog,1,val,motorcycle,2391742.jpg,78,motorcycle,28,2391742
images/2409085.jpg,dog,1,test,motorcycle,2409085.jpg,78,motorcycle,28,2409085
images/2361824.jpg,dog,1,train,motorcycle,2361824.jpg,78,motorcycle,28,2361824
images/2344149.jpg,dog,1,train,motorcycle,2344149.jpg,78,motorcycle,28,2344149
images/2348263.jpg,dog,1,train,motorcycle,2348263.jpg,78,motorcycle,28,2348263
images/2341652.jpg,dog,1,train,motorcycle,2341652.jpg,78,motorcycle,28,2341652
images/2342431.jpg,dog,1,train,motorcycle,2342431.jpg,78,motorcycle,28,2342431
images/2316952.jpg,dog,1,train,motorcycle,2316952.jpg,78,motorcycle,28,2316952
images/2375910.jpg,dog,1,train,motorcycle,2375910.jpg,78,motorcycle,28,2375910
images/2393921.jpg,dog,1,train,motorcycle,2393921.jpg,78,motorcycle,28,2393921
images/2384862.jpg,dog,1,train,motorcycle,2384862.jpg,78,motorcycle,28,2384862
images/2402737.jpg,dog,1,train,motorcycle,2402737.jpg,78,motorcycle,28,2402737
images/2316809.jpg,dog,1,train,motorcycle,2316809.jpg,78,motorcycle,28,2316809
images/2413278.jpg,dog,1,train,motorcycle,2413278.jpg,78,motorcycle,28,2413278
images/2397739.jpg,dog,1,train,motorcycle,2397739.jpg,78,motorcycle,28,2397739
images/2384917.jpg,dog,1,train,helmet,2384917.jpg,72,helmet,22,2384917
images/2332528.jpg,dog,1,train,helmet,2332528.jpg,72,helmet,22,2332528
images/2334958.jpg,dog,1,val,helmet,2334958.jpg,72,helmet,22,2334958
images/2384081.jpg,dog,1,val,helmet,2384081.jpg,72,helmet,22,2384081
images/2359950.jpg,dog,1,test,helmet,2359950.jpg,72,helmet,22,2359950
images/2339698.jpg,dog,1,test,helmet,2339698.jpg,72,helmet,22,2339698
images/2339453.jpg,dog,1,train,helmet,2339453.jpg,72,helmet,22,2339453
images/2365821.jpg,dog,1,train,helmet,2365821.jpg,72,helmet,22,2365821
images/2322764.jpg,dog,1,train,helmet,2322764.jpg,72,helmet,22,2322764
images/2403205.jpg,dog,1,train,helmet,2403205.jpg,72,helmet,22,2403205
images/2386512.jpg,dog,1,train,helmet,2386512.jpg,72,helmet,22,2386512
images/2386134.jpg,dog,1,train,helmet,2386134.jpg,72,helmet,22,2386134
images/2391328.jpg,dog,1,train,helmet,2391328.jpg,72,helmet,22,2391328
images/2324642.jpg,dog,1,val,helmet,2324642.jpg,72,helmet,22,2324642
images/2318030.jpg,dog,1,train,helmet,2318030.jpg,72,helmet,22,2318030
images/2385923.jpg,dog,1,train,helmet,2385923.jpg,72,helmet,22,2385923
images/2381489.jpg,dog,1,val,helmet,2381489.jpg,72,helmet,22,2381489
images/2377018.jpg,dog,1,val,helmet,2377018.jpg,72,helmet,22,2377018
images/2372773.jpg,dog,1,val,helmet,2372773.jpg,72,helmet,22,2372773
images/2330843.jpg,dog,1,test,helmet,2330843.jpg,72,helmet,22,2330843
images/2382466.jpg,dog,1,train,helmet,2382466.jpg,72,helmet,22,2382466
images/2414767.jpg,dog,1,train,helmet,2414767.jpg,72,helmet,22,2414767
images/2393598.jpg,dog,1,test,helmet,2393598.jpg,72,helmet,22,2393598
images/2337403.jpg,dog,1,train,helmet,2337403.jpg,72,helmet,22,2337403
images/2365586.jpg,dog,1,val,helmet,2365586.jpg,72,helmet,22,2365586
images/2345151.jpg,dog,1,val,helmet,2345151.jpg,72,helmet,22,2345151
images/2392197.jpg,dog,1,train,helmet,2392197.jpg,72,helmet,22,2392197
images/2341368.jpg,dog,1,train,helmet,2341368.jpg,72,helmet,22,2341368
images/2396392.jpg,dog,1,train,helmet,2396392.jpg,72,helmet,22,2396392
images/2340687.jpg,dog,1,val,helmet,2340687.jpg,72,helmet,22,2340687
images/2409085.jpg,dog,1,train,helmet,2409085.jpg,72,helmet,22,2409085
images/2344149.jpg,dog,1,train,helmet,2344149.jpg,72,helmet,22,2344149
images/2387862.jpg,dog,1,test,helmet,2387862.jpg,72,helmet,22,2387862
images/2341652.jpg,dog,1,train,helmet,2341652.jpg,72,helmet,22,2341652
images/2375910.jpg,dog,1,train,helmet,2375910.jpg,72,helmet,22,2375910
images/2319334.jpg,dog,1,train,helmet,2319334.jpg,72,helmet,22,2319334
images/2316952.jpg,dog,1,val,helmet,2316952.jpg,72,helmet,22,2316952
images/2393921.jpg,dog,1,test,helmet,2393921.jpg,72,helmet,22,2393921
images/2355347.jpg,dog,1,train,helmet,2355347.jpg,72,helmet,22,2355347
images/2402737.jpg,dog,1,train,helmet,2402737.jpg,72,helmet,22,2402737
images/2315606.jpg,dog,1,test,helmet,2315606.jpg,72,helmet,22,2315606
images/2360774.jpg,dog,1,train,helmet,2360774.jpg,72,helmet,22,2360774
images/2366841.jpg,dog,1,val,helmet,2366841.jpg,72,helmet,22,2366841
images/2368196.jpg,dog,1,train,helmet,2368196.jpg,72,helmet,22,2368196
images/2391053.jpg,dog,1,val,person,2391053.jpg,82,person,32,2391053
images/2337205.jpg,dog,1,val,person,2337205.jpg,82,person,32,2337205
images/2383550.jpg,dog,1,train,person,2383550.jpg,82,person,32,2383550
images/2378740.jpg,dog,1,train,person,2378740.jpg,82,person,32,2378740
images/2369270.jpg,dog,1,val,person,2369270.jpg,82,person,32,2369270
images/2339698.jpg,dog,1,train,person,2339698.jpg,82,person,32,2339698
images/2359938.jpg,dog,1,train,person,2359938.jpg,82,person,32,2359938
images/2348603.jpg,dog,1,train,person,2348603.jpg,82,person,32,2348603
images/2394499.jpg,dog,1,train,person,2394499.jpg,82,person,32,2394499
images/2325645.jpg,dog,1,train,person,2325645.jpg,82,person,32,2325645
images/2410817.jpg,dog,1,train,person,2410817.jpg,82,person,32,2410817
images/285910.jpg,dog,1,train,person,285910.jpg,82,person,32,285910
images/2331063.jpg,dog,1,val,person,2331063.jpg,82,person,32,2331063
images/2319590.jpg,dog,1,train,person,2319590.jpg,82,person,32,2319590
images/2403391.jpg,dog,1,train,person,2403391.jpg,82,person,32,2403391
images/2393152.jpg,dog,1,train,person,2393152.jpg,82,person,32,2393152
images/2324993.jpg,dog,1,test,person,2324993.jpg,82,person,32,2324993
images/2388671.jpg,dog,1,train,person,2388671.jpg,82,person,32,2388671
images/2323367.jpg,dog,1,train,person,2323367.jpg,82,person,32,2323367
images/2366.jpg,dog,1,train,person,2366.jpg,82,person,32,2366
images/2318441.jpg,dog,1,train,person,2318441.jpg,82,person,32,2318441
images/2322259.jpg,dog,1,train,person,2322259.jpg,82,person,32,2322259
images/2361385.jpg,dog,1,train,person,2361385.jpg,82,person,32,2361385
images/2407359.jpg,dog,1,train,person,2407359.jpg,82,person,32,2407359
images/713697.jpg,dog,1,train,person,713697.jpg,82,person,32,713697
images/2386233.jpg,dog,1,train,person,2386233.jpg,82,person,32,2386233
images/2367813.jpg,dog,1,train,person,2367813.jpg,82,person,32,2367813
images/2316030.jpg,dog,1,train,person,2316030.jpg,82,person,32,2316030
images/2387128.jpg,dog,1,val,person,2387128.jpg,82,person,32,2387128
images/2379316.jpg,dog,1,val,person,2379316.jpg,82,person,32,2379316
images/2374386.jpg,dog,1,train,person,2374386.jpg,82,person,32,2374386
images/2372605.jpg,dog,1,train,person,2372605.jpg,82,person,32,2372605
images/2337303.jpg,dog,1,train,person,2337303.jpg,82,person,32,2337303
images/2375883.jpg,dog,1,train,person,2375883.jpg,82,person,32,2375883
images/2341172.jpg,dog,1,train,person,2341172.jpg,82,person,32,2341172
images/2324546.jpg,dog,1,val,person,2324546.jpg,82,person,32,2324546
images/2372148.jpg,dog,1,val,person,2372148.jpg,82,person,32,2372148
images/2391849.jpg,dog,1,train,person,2391849.jpg,82,person,32,2391849
images/2402353.jpg,dog,1,train,person,2402353.jpg,82,person,32,2402353
images/2345151.jpg,dog,1,train,person,2345151.jpg,82,person,32,2345151
images/2346815.jpg,dog,1,train,person,2346815.jpg,82,person,32,2346815
images/2394144.jpg,dog,1,train,person,2394144.jpg,82,person,32,2394144
images/2400608.jpg,dog,1,train,person,2400608.jpg,82,person,32,2400608
images/2335375.jpg,dog,1,train,person,2335375.jpg,82,person,32,2335375
images/2406301.jpg,dog,1,train,person,2406301.jpg,82,person,32,2406301
images/588.jpg,dog,1,train,person,588.jpg,82,person,32,588
images/2402079.jpg,dog,1,train,person,2402079.jpg,82,person,32,2402079
images/2403772.jpg,dog,1,train,person,2403772.jpg,82,person,32,2403772
images/2353948.jpg,dog,1,train,person,2353948.jpg,82,person,32,2353948
images/2331177.jpg,dog,1,train,person,2331177.jpg,82,person,32,2331177
images/2380237.jpg,dog,1,train,person,2380237.jpg,82,person,32,2380237
images/2320517.jpg,dog,1,train,person,2320517.jpg,82,person,32,2320517
images/2316688.jpg,dog,1,train,person,2316688.jpg,82,person,32,2316688
images/2393339.jpg,dog,1,train,person,2393339.jpg,82,person,32,2393339
images/497913.jpg,dog,1,train,person,497913.jpg,82,person,32,497913
images/2406798.jpg,dog,1,train,person,2406798.jpg,82,person,32,2406798
images/1592443.jpg,dog,1,train,person,1592443.jpg,82,person,32,1592443
images/2362804.jpg,dog,1,train,person,2362804.jpg,82,person,32,2362804
images/2344149.jpg,dog,1,train,person,2344149.jpg,82,person,32,2344149
images/2361492.jpg,dog,1,train,person,2361492.jpg,82,person,32,2361492
images/2361561.jpg,dog,1,train,person,2361561.jpg,82,person,32,2361561
images/2405325.jpg,dog,1,val,person,2405325.jpg,82,person,32,2405325
images/2355519.jpg,dog,1,train,person,2355519.jpg,82,person,32,2355519
images/1831.jpg,dog,1,test,person,1831.jpg,82,person,32,1831
images/2365524.jpg,dog,1,test,person,2365524.jpg,82,person,32,2365524
images/2377200.jpg,dog,1,train,person,2377200.jpg,82,person,32,2377200
images/2351380.jpg,dog,1,train,person,2351380.jpg,82,person,32,2351380
images/2339803.jpg,dog,1,train,person,2339803.jpg,82,person,32,2339803
images/2360774.jpg,dog,1,train,person,2360774.jpg,82,person,32,2360774
images/2363530.jpg,dog,1,train,person,2363530.jpg,82,person,32,2363530
images/308.jpg,dog,1,train,person,308.jpg,82,person,32,308
images/2316242.jpg,dog,1,train,person,2316242.jpg,82,person,32,2316242
images/2398532.jpg,dog,1,train,person,2398532.jpg,82,person,32,2398532
images/2377573.jpg,dog,1,train,person,2377573.jpg,82,person,32,2377573
images/2383220.jpg,dog,1,train,person,2383220.jpg,82,person,32,2383220
images/2343433.jpg,dog,1,train,person,2343433.jpg,82,person,32,2343433
images/2394449.jpg,dog,1,train,person,2394449.jpg,82,person,32,2394449
images/2354475.jpg,dog,1,train,person,2354475.jpg,82,person,32,2354475
images/2369480.jpg,dog,1,train,person,2369480.jpg,82,person,32,2369480
images/2412325.jpg,dog,1,val,person,2412325.jpg,82,person,32,2412325
images/2349548.jpg,dog,1,train,person,2349548.jpg,82,person,32,2349548
images/2346772.jpg,dog,1,train,person,2346772.jpg,82,person,32,2346772
images/1592440.jpg,dog,1,val,person,1592440.jpg,82,person,32,1592440
images/2332528.jpg,dog,1,train,person,2332528.jpg,82,person,32,2332528
images/2349281.jpg,dog,1,val,person,2349281.jpg,82,person,32,2349281
images/2385539.jpg,dog,1,train,person,2385539.jpg,82,person,32,2385539
images/2397203.jpg,dog,1,train,person,2397203.jpg,82,person,32,2397203
images/2350300.jpg,dog,1,val,person,2350300.jpg,82,person,32,2350300
images/2357994.jpg,dog,1,train,person,2357994.jpg,82,person,32,2357994
images/2352998.jpg,dog,1,train,person,2352998.jpg,82,person,32,2352998
images/2393305.jpg,dog,1,train,person,2393305.jpg,82,person,32,2393305
images/2407878.jpg,dog,1,train,person,2407878.jpg,82,person,32,2407878
images/2409920.jpg,dog,1,train,person,2409920.jpg,82,person,32,2409920
images/2383945.jpg,dog,1,train,person,2383945.jpg,82,person,32,2383945
images/2321557.jpg,dog,1,train,person,2321557.jpg,82,person,32,2321557
images/2355266.jpg,dog,1,train,person,2355266.jpg,82,person,32,2355266
images/2406607.jpg,dog,1,train,person,2406607.jpg,82,person,32,2406607
images/2406596.jpg,dog,1,train,person,2406596.jpg,82,person,32,2406596
images/2322034.jpg,dog,1,train,person,2322034.jpg,82,person,32,2322034
images/2368671.jpg,dog,1,train,person,2368671.jpg,82,person,32,2368671
images/2317781.jpg,dog,1,train,person,2317781.jpg,82,person,32,2317781
images/2377704.jpg,dog,1,val,person,2377704.jpg,82,person,32,2377704
images/2416475.jpg,dog,1,train,person,2416475.jpg,82,person,32,2416475
images/2342372.jpg,dog,1,train,person,2342372.jpg,82,person,32,2342372
images/2395227.jpg,dog,1,val,person,2395227.jpg,82,person,32,2395227
images/2402417.jpg,dog,1,train,person,2402417.jpg,82,person,32,2402417
images/2320868.jpg,dog,1,train,person,2320868.jpg,82,person,32,2320868
images/1592975.jpg,dog,1,train,person,1592975.jpg,82,person,32,1592975
images/2340216.jpg,dog,1,val,person,2340216.jpg,82,person,32,2340216
images/2366850.jpg,dog,1,train,person,2366850.jpg,82,person,32,2366850
images/497973.jpg,dog,1,val,person,497973.jpg,82,person,32,497973
images/2394065.jpg,dog,1,test,person,2394065.jpg,82,person,32,2394065
images/2333815.jpg,dog,1,test,person,2333815.jpg,82,person,32,2333815
images/2372332.jpg,dog,1,train,person,2372332.jpg,82,person,32,2372332
images/2372773.jpg,dog,1,val,person,2372773.jpg,82,person,32,2372773
images/498019.jpg,dog,1,train,person,498019.jpg,82,person,32,498019
images/2353197.jpg,dog,1,train,person,2353197.jpg,82,person,32,2353197
images/2344234.jpg,dog,1,val,person,2344234.jpg,82,person,32,2344234
images/2406001.jpg,dog,1,test,person,2406001.jpg,82,person,32,2406001
images/2320410.jpg,dog,1,train,person,2320410.jpg,82,person,32,2320410
images/2387231.jpg,dog,1,test,person,2387231.jpg,82,person,32,2387231
images/2386620.jpg,dog,1,train,person,2386620.jpg,82,person,32,2386620
images/1593035.jpg,dog,1,train,person,1593035.jpg,82,person,32,1593035
images/2358897.jpg,dog,1,test,person,2358897.jpg,82,person,32,2358897
images/2348310.jpg,dog,1,train,person,2348310.jpg,82,person,32,2348310
images/2410104.jpg,dog,1,train,person,2410104.jpg,82,person,32,2410104
images/2358221.jpg,dog,1,train,person,2358221.jpg,82,person,32,2358221
images/2361220.jpg,dog,1,val,person,2361220.jpg,82,person,32,2361220
images/2330171.jpg,dog,1,train,person,2330171.jpg,82,person,32,2330171
images/2336234.jpg,dog,1,train,person,2336234.jpg,82,person,32,2336234
images/2401611.jpg,dog,1,train,person,2401611.jpg,82,person,32,2401611
images/2336257.jpg,dog,1,train,person,2336257.jpg,82,person,32,2336257
images/2351477.jpg,dog,1,val,person,2351477.jpg,82,person,32,2351477
images/2386876.jpg,dog,1,test,person,2386876.jpg,82,person,32,2386876
images/2367721.jpg,dog,1,train,person,2367721.jpg,82,person,32,2367721
images/2336027.jpg,dog,1,train,person,2336027.jpg,82,person,32,2336027
images/2388985.jpg,dog,1,train,person,2388985.jpg,82,person,32,2388985
images/2417487.jpg,dog,1,test,person,2417487.jpg,82,person,32,2417487
images/2398065.jpg,dog,1,train,person,2398065.jpg,82,person,32,2398065
images/2355347.jpg,dog,1,test,person,2355347.jpg,82,person,32,2355347
images/2382950.jpg,dog,1,train,person,2382950.jpg,82,person,32,2382950
images/2402737.jpg,dog,1,train,person,2402737.jpg,82,person,32,2402737
images/2315606.jpg,dog,1,train,person,2315606.jpg,82,person,32,2315606
images/2339336.jpg,dog,1,train,person,2339336.jpg,82,person,32,2339336
images/2377474.jpg,dog,1,test,person,2377474.jpg,82,person,32,2377474
images/2417872.jpg,dog,1,val,person,2417872.jpg,82,person,32,2417872
images/2397731.jpg,dog,1,train,person,2397731.jpg,82,person,32,2397731
images/2398334.jpg,dog,1,train,person,2398334.jpg,82,person,32,2398334
images/2333861.jpg,dog,1,test,person,2333861.jpg,82,person,32,2333861
images/2341401.jpg,dog,1,train,person,2341401.jpg,82,person,32,2341401
images/2355579.jpg,dog,1,train,person,2355579.jpg,82,person,32,2355579
images/2417873.jpg,dog,1,train,person,2417873.jpg,82,person,32,2417873
images/2332540.jpg,dog,1,val,person,2332540.jpg,82,person,32,2332540
images/2391488.jpg,dog,1,test,person,2391488.jpg,82,person,32,2391488
images/2384917.jpg,dog,1,train,person,2384917.jpg,82,person,32,2384917
images/2338125.jpg,dog,1,train,person,2338125.jpg,82,person,32,2338125
images/2360407.jpg,dog,1,train,person,2360407.jpg,82,person,32,2360407
images/2362379.jpg,dog,1,train,person,2362379.jpg,82,person,32,2362379
images/2367842.jpg,dog,1,train,person,2367842.jpg,82,person,32,2367842
images/2349616.jpg,dog,1,test,person,2349616.jpg,82,person,32,2349616
images/2367250.jpg,dog,1,train,person,2367250.jpg,82,person,32,2367250
images/2317971.jpg,dog,1,train,person,2317971.jpg,82,person,32,2317971
images/2325354.jpg,dog,1,val,person,2325354.jpg,82,person,32,2325354
images/2376639.jpg,dog,1,train,person,2376639.jpg,82,person,32,2376639
images/2361800.jpg,dog,1,train,person,2361800.jpg,82,person,32,2361800
images/2363601.jpg,dog,1,train,person,2363601.jpg,82,person,32,2363601
images/2365821.jpg,dog,1,train,person,2365821.jpg,82,person,32,2365821
images/2408366.jpg,dog,1,val,person,2408366.jpg,82,person,32,2408366
images/2386802.jpg,dog,1,test,person,2386802.jpg,82,person,32,2386802
images/2366975.jpg,dog,1,train,person,2366975.jpg,82,person,32,2366975
images/2401465.jpg,dog,1,train,person,2401465.jpg,82,person,32,2401465
images/2414764.jpg,dog,1,train,person,2414764.jpg,82,person,32,2414764
images/2402211.jpg,dog,1,train,person,2402211.jpg,82,person,32,2402211
images/1592139.jpg,dog,1,train,person,1592139.jpg,82,person,32,1592139
images/2392202.jpg,dog,1,train,person,2392202.jpg,82,person,32,2392202
images/285822.jpg,dog,1,train,person,285822.jpg,82,person,32,285822
images/2385923.jpg,dog,1,train,person,2385923.jpg,82,person,32,2385923
images/2380115.jpg,dog,1,train,person,2380115.jpg,82,person,32,2380115
images/2315773.jpg,dog,1,train,person,2315773.jpg,82,person,32,2315773
images/2369464.jpg,dog,1,train,person,2369464.jpg,82,person,32,2369464
images/2380064.jpg,dog,1,train,person,2380064.jpg,82,person,32,2380064
images/2416114.jpg,dog,1,val,person,2416114.jpg,82,person,32,2416114
images/2333478.jpg,dog,1,train,person,2333478.jpg,82,person,32,2333478
images/2342591.jpg,dog,1,train,person,2342591.jpg,82,person,32,2342591
images/2399677.jpg,dog,1,test,person,2399677.jpg,82,person,32,2399677
images/2318635.jpg,dog,1,train,person,2318635.jpg,82,person,32,2318635
images/2365964.jpg,dog,1,train,person,2365964.jpg,82,person,32,2365964
images/2338833.jpg,dog,1,train,person,2338833.jpg,82,person,32,2338833
images/2382466.jpg,dog,1,train,person,2382466.jpg,82,person,32,2382466
images/2367771.jpg,dog,1,train,person,2367771.jpg,82,person,32,2367771
images/2362606.jpg,dog,1,train,person,2362606.jpg,82,person,32,2362606
images/2414082.jpg,dog,1,train,person,2414082.jpg,82,person,32,2414082
images/2409245.jpg,dog,1,train,person,2409245.jpg,82,person,32,2409245
images/2320542.jpg,dog,1,train,person,2320542.jpg,82,person,32,2320542
images/2405708.jpg,dog,1,train,person,2405708.jpg,82,person,32,2405708
images/2411557.jpg,dog,1,train,person,2411557.jpg,82,person,32,2411557
images/2400362.jpg,dog,1,train,person,2400362.jpg,82,person,32,2400362
images/2365164.jpg,dog,1,train,person,2365164.jpg,82,person,32,2365164
images/2356713.jpg,dog,1,train,person,2356713.jpg,82,person,32,2356713
images/2362554.jpg,dog,1,val,person,2362554.jpg,82,person,32,2362554
images/2349742.jpg,dog,1,val,person,2349742.jpg,82,person,32,2349742
images/2358778.jpg,dog,1,train,person,2358778.jpg,82,person,32,2358778
images/2369.jpg,dog,1,train,person,2369.jpg,82,person,32,2369
images/2359049.jpg,dog,1,train,person,2359049.jpg,82,person,32,2359049
images/2395889.jpg,dog,1,test,person,2395889.jpg,82,person,32,2395889
images/2322607.jpg,dog,1,train,person,2322607.jpg,82,person,32,2322607
images/2353581.jpg,dog,1,val,person,2353581.jpg,82,person,32,2353581
images/2373502.jpg,dog,1,train,person,2373502.jpg,82,person,32,2373502
images/2367662.jpg,dog,1,train,person,2367662.jpg,82,person,32,2367662
images/2384849.jpg,dog,1,test,person,2384849.jpg,82,person,32,2384849
images/2381657.jpg,dog,1,test,person,2381657.jpg,82,person,32,2381657
images/2353801.jpg,dog,1,train,person,2353801.jpg,82,person,32,2353801
images/2348134.jpg,dog,1,train,person,2348134.jpg,82,person,32,2348134
images/2382399.jpg,dog,1,train,person,2382399.jpg,82,person,32,2382399
images/2351028.jpg,dog,1,val,person,2351028.jpg,82,person,32,2351028
images/2411533.jpg,dog,1,val,person,2411533.jpg,82,person,32,2411533
images/2321819.jpg,dog,1,train,person,2321819.jpg,82,person,32,2321819
images/2371647.jpg,dog,1,train,person,2371647.jpg,82,person,32,2371647
images/2362161.jpg,dog,1,val,person,2362161.jpg,82,person,32,2362161
images/2345947.jpg,dog,1,train,person,2345947.jpg,82,person,32,2345947
images/2357556.jpg,dog,1,val,person,2357556.jpg,82,person,32,2357556
images/2373693.jpg,dog,1,train,person,2373693.jpg,82,person,32,2373693
images/2387950.jpg,dog,1,train,person,2387950.jpg,82,person,32,2387950
images/2402597.jpg,dog,1,val,person,2402597.jpg,82,person,32,2402597
images/2330531.jpg,dog,1,train,person,2330531.jpg,82,person,32,2330531
images/2820.jpg,dog,1,train,person,2820.jpg,82,person,32,2820
images/2345976.jpg,dog,1,train,person,2345976.jpg,82,person,32,2345976
images/2392123.jpg,dog,1,train,person,2392123.jpg,82,person,32,2392123
images/2324476.jpg,dog,1,test,person,2324476.jpg,82,person,32,2324476
images/2336716.jpg,dog,1,train,person,2336716.jpg,82,person,32,2336716
images/713615.jpg,dog,1,train,person,713615.jpg,82,person,32,713615
images/2322764.jpg,dog,1,train,person,2322764.jpg,82,person,32,2322764
images/497940.jpg,dog,1,val,person,497940.jpg,82,person,32,497940
images/2319335.jpg,dog,1,train,person,2319335.jpg,82,person,32,2319335
images/2368944.jpg,dog,1,val,person,2368944.jpg,82,person,32,2368944
images/2326569.jpg,dog,1,train,person,2326569.jpg,82,person,32,2326569
images/2351887.jpg,dog,1,train,person,2351887.jpg,82,person,32,2351887
images/2386512.jpg,dog,1,test,person,2386512.jpg,82,person,32,2386512
images/2347300.jpg,dog,1,val,person,2347300.jpg,82,person,32,2347300
images/2337084.jpg,dog,1,train,person,2337084.jpg,82,person,32,2337084
images/2350609.jpg,dog,1,val,person,2350609.jpg,82,person,32,2350609
images/2403075.jpg,dog,1,val,person,2403075.jpg,82,person,32,2403075
images/2367272.jpg,dog,1,val,person,2367272.jpg,82,person,32,2367272
images/2319295.jpg,dog,1,test,person,2319295.jpg,82,person,32,2319295
images/2363026.jpg,dog,1,val,person,2363026.jpg,82,person,32,2363026
images/1160042.jpg,dog,1,train,person,1160042.jpg,82,person,32,1160042
images/2337254.jpg,dog,1,train,person,2337254.jpg,82,person,32,2337254
images/2381489.jpg,dog,1,train,person,2381489.jpg,82,person,32,2381489
images/1592176.jpg,dog,1,train,person,1592176.jpg,82,person,32,1592176
images/2395888.jpg,dog,1,val,person,2395888.jpg,82,person,32,2395888
images/2328885.jpg,dog,1,train,person,2328885.jpg,82,person,32,2328885
images/2411786.jpg,dog,1,test,person,2411786.jpg,82,person,32,2411786
images/2335189.jpg,dog,1,train,person,2335189.jpg,82,person,32,2335189
images/2385853.jpg,dog,1,train,person,2385853.jpg,82,person,32,2385853
images/2350211.jpg,dog,1,train,person,2350211.jpg,82,person,32,2350211
images/2330759.jpg,dog,1,train,person,2330759.jpg,82,person,32,2330759
images/2367636.jpg,dog,1,train,person,2367636.jpg,82,person,32,2367636
images/2374180.jpg,dog,1,train,person,2374180.jpg,82,person,32,2374180
images/2344629.jpg,dog,1,train,person,2344629.jpg,82,person,32,2344629
images/2321501.jpg,dog,1,train,person,2321501.jpg,82,person,32,2321501
images/2395632.jpg,dog,1,train,person,2395632.jpg,82,person,32,2395632
images/619.jpg,dog,1,train,person,619.jpg,82,person,32,619
images/1159281.jpg,dog,1,train,person,1159281.jpg,82,person,32,1159281
images/2333871.jpg,dog,1,test,person,2333871.jpg,82,person,32,2333871
images/2345544.jpg,dog,1,test,person,2345544.jpg,82,person,32,2345544
images/2330660.jpg,dog,1,train,person,2330660.jpg,82,person,32,2330660
images/2360290.jpg,dog,1,val,person,2360290.jpg,82,person,32,2360290
images/2388780.jpg,dog,1,train,person,2388780.jpg,82,person,32,2388780
images/2352866.jpg,dog,1,train,person,2352866.jpg,82,person,32,2352866
images/2413586.jpg,dog,1,test,person,2413586.jpg,82,person,32,2413586
images/2368507.jpg,dog,1,val,person,2368507.jpg,82,person,32,2368507
images/2388607.jpg,dog,1,train,person,2388607.jpg,82,person,32,2388607
images/2397768.jpg,dog,1,train,person,2397768.jpg,82,person,32,2397768
images/2341743.jpg,dog,1,train,person,2341743.jpg,82,person,32,2341743
images/2382138.jpg,dog,1,train,person,2382138.jpg,82,person,32,2382138
images/2324192.jpg,dog,1,train,person,2324192.jpg,82,person,32,2324192
images/2372091.jpg,dog,1,train,person,2372091.jpg,82,person,32,2372091
images/2359215.jpg,dog,1,train,person,2359215.jpg,82,person,32,2359215
images/2356904.jpg,dog,1,val,person,2356904.jpg,82,person,32,2356904
images/2351872.jpg,dog,1,val,person,2351872.jpg,82,person,32,2351872
images/2392586.jpg,dog,1,train,person,2392586.jpg,82,person,32,2392586
images/2408302.jpg,dog,1,train,person,2408302.jpg,82,person,32,2408302
images/2348263.jpg,dog,1,test,person,2348263.jpg,82,person,32,2348263
images/2324106.jpg,dog,1,train,person,2324106.jpg,82,person,32,2324106
images/2341652.jpg,dog,1,train,person,2341652.jpg,82,person,32,2341652
images/2362928.jpg,dog,1,val,person,2362928.jpg,82,person,32,2362928
images/2374195.jpg,dog,1,train,person,2374195.jpg,82,person,32,2374195
images/2373288.jpg,dog,1,train,person,2373288.jpg,82,person,32,2373288
images/2395166.jpg,dog,1,val,person,2395166.jpg,82,person,32,2395166
images/2360637.jpg,dog,1,train,person,2360637.jpg,82,person,32,2360637
images/2392675.jpg,dog,1,train,person,2392675.jpg,82,person,32,2392675
images/2342008.jpg,dog,1,test,person,2342008.jpg,82,person,32,2342008
images/2328158.jpg,dog,1,train,person,2328158.jpg,82,person,32,2328158
images/2329840.jpg,dog,1,train,person,2329840.jpg,82,person,32,2329840
images/2336458.jpg,dog,1,train,person,2336458.jpg,82,person,32,2336458
images/2371670.jpg,dog,1,val,person,2371670.jpg,82,person,32,2371670
images/2343165.jpg,dog,1,val,boy,2343165.jpg,55,boy,5,2343165
images/2393911.jpg,dog,1,train,boy,2393911.jpg,55,boy,5,2393911
images/2413539.jpg,dog,1,train,boy,2413539.jpg,55,boy,5,2413539
images/2323342.jpg,dog,1,val,boy,2323342.jpg,55,boy,5,2323342
images/2360407.jpg,dog,1,train,boy,2360407.jpg,55,boy,5,2360407
images/2317257.jpg,dog,1,val,boy,2317257.jpg,55,boy,5,2317257
images/2412575.jpg,dog,1,test,boy,2412575.jpg,55,boy,5,2412575
images/2326204.jpg,dog,1,val,boy,2326204.jpg,55,boy,5,2326204
images/2395551.jpg,dog,1,train,boy,2395551.jpg,55,boy,5,2395551
images/2388411.jpg,dog,1,train,boy,2388411.jpg,55,boy,5,2388411
images/2365207.jpg,dog,1,train,boy,2365207.jpg,55,boy,5,2365207
images/2329292.jpg,dog,1,val,boy,2329292.jpg,55,boy,5,2329292
images/2358650.jpg,dog,1,val,boy,2358650.jpg,55,boy,5,2358650
images/2382139.jpg,dog,1,train,boy,2382139.jpg,55,boy,5,2382139
images/2329885.jpg,dog,1,val,boy,2329885.jpg,55,boy,5,2329885
images/2325645.jpg,dog,1,train,boy,2325645.jpg,55,boy,5,2325645
images/2368737.jpg,dog,1,train,boy,2368737.jpg,55,boy,5,2368737
images/2326452.jpg,dog,1,train,boy,2326452.jpg,55,boy,5,2326452
images/2321342.jpg,dog,1,test,boy,2321342.jpg,55,boy,5,2321342
images/2324642.jpg,dog,1,val,boy,2324642.jpg,55,boy,5,2324642
images/2376794.jpg,dog,1,test,boy,2376794.jpg,55,boy,5,2376794
images/2417829.jpg,dog,1,val,boy,2417829.jpg,55,boy,5,2417829
images/2317781.jpg,dog,1,train,boy,2317781.jpg,55,boy,5,2317781
images/2366052.jpg,dog,1,train,boy,2366052.jpg,55,boy,5,2366052
images/2405157.jpg,dog,1,test,boy,2405157.jpg,55,boy,5,2405157
images/2362446.jpg,dog,1,train,boy,2362446.jpg,55,boy,5,2362446
images/2364424.jpg,dog,1,train,boy,2364424.jpg,55,boy,5,2364424
images/2411201.jpg,dog,1,train,boy,2411201.jpg,55,boy,5,2411201
images/2377704.jpg,dog,1,train,boy,2377704.jpg,55,boy,5,2377704
images/2406520.jpg,dog,1,val,boy,2406520.jpg,55,boy,5,2406520
images/2345520.jpg,dog,1,train,boy,2345520.jpg,55,boy,5,2345520
images/2391800.jpg,dog,1,train,boy,2391800.jpg,55,boy,5,2391800
images/2357802.jpg,dog,1,train,boy,2357802.jpg,55,boy,5,2357802
images/2350211.jpg,dog,1,val,boy,2350211.jpg,55,boy,5,2350211
images/497973.jpg,dog,1,val,boy,497973.jpg,55,boy,5,497973
images/2392115.jpg,dog,1,train,boy,2392115.jpg,55,boy,5,2392115
images/2342900.jpg,dog,1,test,boy,2342900.jpg,55,boy,5,2342900
images/2342591.jpg,dog,1,test,boy,2342591.jpg,55,boy,5,2342591
images/2324546.jpg,dog,1,train,boy,2324546.jpg,55,boy,5,2324546
images/2340216.jpg,dog,1,train,boy,2340216.jpg,55,boy,5,2340216
images/2400930.jpg,dog,1,train,boy,2400930.jpg,55,boy,5,2400930
images/2351210.jpg,dog,1,train,boy,2351210.jpg,55,boy,5,2351210
images/2406100.jpg,dog,1,train,boy,2406100.jpg,55,boy,5,2406100
images/2345544.jpg,dog,1,train,boy,2345544.jpg,55,boy,5,2345544
images/2411557.jpg,dog,1,val,boy,2411557.jpg,55,boy,5,2411557
images/2369591.jpg,dog,1,train,boy,2369591.jpg,55,boy,5,2369591
images/2400362.jpg,dog,1,train,boy,2400362.jpg,55,boy,5,2400362
images/2318692.jpg,dog,1,train,boy,2318692.jpg,55,boy,5,2318692
images/2384424.jpg,dog,1,train,boy,2384424.jpg,55,boy,5,2384424
images/2414515.jpg,dog,1,train,boy,2414515.jpg,55,boy,5,2414515
images/2335375.jpg,dog,1,val,boy,2335375.jpg,55,boy,5,2335375
images/2358897.jpg,dog,1,train,boy,2358897.jpg,55,boy,5,2358897
images/2318999.jpg,dog,1,val,boy,2318999.jpg,55,boy,5,2318999
images/2341743.jpg,dog,1,val,boy,2341743.jpg,55,boy,5,2341743
images/2417119.jpg,dog,1,test,boy,2417119.jpg,55,boy,5,2417119
images/2353948.jpg,dog,1,train,boy,2353948.jpg,55,boy,5,2353948
images/2388468.jpg,dog,1,train,boy,2388468.jpg,55,boy,5,2388468
images/2395889.jpg,dog,1,train,boy,2395889.jpg,55,boy,5,2395889
images/2371420.jpg,dog,1,test,boy,2371420.jpg,55,boy,5,2371420
images/2339367.jpg,dog,1,train,boy,2339367.jpg,55,boy,5,2339367
images/2344149.jpg,dog,1,train,boy,2344149.jpg,55,boy,5,2344149
images/2396028.jpg,dog,1,train,boy,2396028.jpg,55,boy,5,2396028
images/2357696.jpg,dog,1,test,boy,2357696.jpg,55,boy,5,2357696
images/2341651.jpg,dog,1,train,boy,2341651.jpg,55,boy,5,2341651
images/2383771.jpg,dog,1,train,boy,2383771.jpg,55,boy,5,2383771
images/2361415.jpg,dog,1,train,boy,2361415.jpg,55,boy,5,2361415
images/2382399.jpg,dog,1,train,boy,2382399.jpg,55,boy,5,2382399
images/2381209.jpg,dog,1,train,boy,2381209.jpg,55,boy,5,2381209
images/2409092.jpg,dog,1,train,boy,2409092.jpg,55,boy,5,2409092
images/2315606.jpg,dog,1,train,boy,2315606.jpg,55,boy,5,2315606
images/2315773.jpg,dog,1,train,boy,2315773.jpg,55,boy,5,2315773
images/2407605.jpg,dog,1,train,boy,2407605.jpg,55,boy,5,2407605
images/2337466.jpg,dog,1,train,boy,2337466.jpg,55,boy,5,2337466
images/2398862.jpg,dog,1,train,boy,2398862.jpg,55,boy,5,2398862
images/2324950.jpg,dog,1,test,boy,2324950.jpg,55,boy,5,2324950
images/2390506.jpg,dog,1,train,pole,2390506.jpg,83,pole,33,2390506
images/2337324.jpg,dog,1,train,pole,2337324.jpg,83,pole,33,2337324
images/2339698.jpg,dog,1,train,pole,2339698.jpg,83,pole,33,2339698
images/2348603.jpg,dog,1,train,pole,2348603.jpg,83,pole,33,2348603
images/2410503.jpg,dog,1,train,pole,2410503.jpg,83,pole,33,2410503
images/2325645.jpg,dog,1,train,pole,2325645.jpg,83,pole,33,2325645
images/2384596.jpg,dog,1,test,pole,2384596.jpg,83,pole,33,2384596
images/2395684.jpg,dog,1,train,pole,2395684.jpg,83,pole,33,2395684
images/2354002.jpg,dog,1,train,pole,2354002.jpg,83,pole,33,2354002
images/2391905.jpg,dog,1,test,pole,2391905.jpg,83,pole,33,2391905
images/2345384.jpg,dog,1,val,pole,2345384.jpg,83,pole,33,2345384
images/2361067.jpg,dog,1,test,pole,2361067.jpg,83,pole,33,2361067
images/713697.jpg,dog,1,train,pole,713697.jpg,83,pole,33,713697
images/2352547.jpg,dog,1,val,pole,2352547.jpg,83,pole,33,2352547
images/2413619.jpg,dog,1,train,pole,2413619.jpg,83,pole,33,2413619
images/2361091.jpg,dog,1,test,pole,2361091.jpg,83,pole,33,2361091
images/723.jpg,dog,1,val,pole,723.jpg,83,pole,33,723
images/2407463.jpg,dog,1,train,pole,2407463.jpg,83,pole,33,2407463
images/2401902.jpg,dog,1,train,pole,2401902.jpg,83,pole,33,2401902
images/2353702.jpg,dog,1,train,pole,2353702.jpg,83,pole,33,2353702
images/2317892.jpg,dog,1,test,pole,2317892.jpg,83,pole,33,2317892
images/2320932.jpg,dog,1,train,pole,2320932.jpg,83,pole,33,2320932
images/2361824.jpg,dog,1,val,pole,2361824.jpg,83,pole,33,2361824
images/2362804.jpg,dog,1,train,pole,2362804.jpg,83,pole,33,2362804
images/2344149.jpg,dog,1,train,pole,2344149.jpg,83,pole,33,2344149
images/2382687.jpg,dog,1,train,pole,2382687.jpg,83,pole,33,2382687
images/2361561.jpg,dog,1,val,pole,2361561.jpg,83,pole,33,2361561
images/2319334.jpg,dog,1,test,pole,2319334.jpg,83,pole,33,2319334
images/2317995.jpg,dog,1,train,pole,2317995.jpg,83,pole,33,2317995
images/2378865.jpg,dog,1,train,pole,2378865.jpg,83,pole,33,2378865
images/2349903.jpg,dog,1,test,pole,2349903.jpg,83,pole,33,2349903
images/2324942.jpg,dog,1,train,pole,2324942.jpg,83,pole,33,2324942
images/2407605.jpg,dog,1,train,pole,2407605.jpg,83,pole,33,2407605
images/2363530.jpg,dog,1,train,pole,2363530.jpg,83,pole,33,2363530
images/2342220.jpg,dog,1,train,pole,2342220.jpg,83,pole,33,2342220
images/308.jpg,dog,1,train,pole,308.jpg,83,pole,33,308
images/2368813.jpg,dog,1,train,pole,2368813.jpg,83,pole,33,2368813
images/2343433.jpg,dog,1,train,pole,2343433.jpg,83,pole,33,2343433
images/2373141.jpg,dog,1,train,pole,2373141.jpg,83,pole,33,2373141
images/2385539.jpg,dog,1,train,pole,2385539.jpg,83,pole,33,2385539
images/2406272.jpg,dog,1,train,pole,2406272.jpg,83,pole,33,2406272
images/2379893.jpg,dog,1,val,pole,2379893.jpg,83,pole,33,2379893
images/2407878.jpg,dog,1,train,pole,2407878.jpg,83,pole,33,2407878
images/2409920.jpg,dog,1,train,pole,2409920.jpg,83,pole,33,2409920
images/2355266.jpg,dog,1,train,pole,2355266.jpg,83,pole,33,2355266
images/2388214.jpg,dog,1,train,pole,2388214.jpg,83,pole,33,2388214
images/2406607.jpg,dog,1,train,pole,2406607.jpg,83,pole,33,2406607
images/2343674.jpg,dog,1,train,pole,2343674.jpg,83,pole,33,2343674
images/2406596.jpg,dog,1,train,pole,2406596.jpg,83,pole,33,2406596
images/2377113.jpg,dog,1,train,pole,2377113.jpg,83,pole,33,2377113
images/2363272.jpg,dog,1,train,pole,2363272.jpg,83,pole,33,2363272
images/2395809.jpg,dog,1,train,pole,2395809.jpg,83,pole,33,2395809
images/2404204.jpg,dog,1,train,pole,2404204.jpg,83,pole,33,2404204
images/2379476.jpg,dog,1,train,pole,2379476.jpg,83,pole,33,2379476
images/2333815.jpg,dog,1,train,pole,2333815.jpg,83,pole,33,2333815
images/2363682.jpg,dog,1,train,pole,2363682.jpg,83,pole,33,2363682
images/2367545.jpg,dog,1,train,pole,2367545.jpg,83,pole,33,2367545
images/2363038.jpg,dog,1,train,pole,2363038.jpg,83,pole,33,2363038
images/2324410.jpg,dog,1,train,pole,2324410.jpg,83,pole,33,2324410
images/2417890.jpg,dog,1,val,pole,2417890.jpg,83,pole,33,2417890
images/2369919.jpg,dog,1,train,pole,2369919.jpg,83,pole,33,2369919
images/2319449.jpg,dog,1,train,pole,2319449.jpg,83,pole,33,2319449
images/2378475.jpg,dog,1,train,pole,2378475.jpg,83,pole,33,2378475
images/2320410.jpg,dog,1,train,pole,2320410.jpg,83,pole,33,2320410
images/2384874.jpg,dog,1,test,pole,2384874.jpg,83,pole,33,2384874
images/2365847.jpg,dog,1,train,pole,2365847.jpg,83,pole,33,2365847
images/2322100.jpg,dog,1,test,pole,2322100.jpg,83,pole,33,2322100
images/2365030.jpg,dog,1,train,pole,2365030.jpg,83,pole,33,2365030
images/2410306.jpg,dog,1,train,pole,2410306.jpg,83,pole,33,2410306
images/2396020.jpg,dog,1,train,pole,2396020.jpg,83,pole,33,2396020
images/2365756.jpg,dog,1,val,pole,2365756.jpg,83,pole,33,2365756
images/2407271.jpg,dog,1,train,pole,2407271.jpg,83,pole,33,2407271
images/2399233.jpg,dog,1,train,pole,2399233.jpg,83,pole,33,2399233
images/2401124.jpg,dog,1,val,pole,2401124.jpg,83,pole,33,2401124
images/2391488.jpg,dog,1,train,pole,2391488.jpg,83,pole,33,2391488
images/2355579.jpg,dog,1,test,pole,2355579.jpg,83,pole,33,2355579
images/2349682.jpg,dog,1,val,pole,2349682.jpg,83,pole,33,2349682
images/2358535.jpg,dog,1,train,pole,2358535.jpg,83,pole,33,2358535
images/2360562.jpg,dog,1,train,pole,2360562.jpg,83,pole,33,2360562
images/2384917.jpg,dog,1,val,pole,2384917.jpg,83,pole,33,2384917
images/2410321.jpg,dog,1,train,pole,2410321.jpg,83,pole,33,2410321
images/2347851.jpg,dog,1,train,pole,2347851.jpg,83,pole,33,2347851
images/2347413.jpg,dog,1,train,pole,2347413.jpg,83,pole,33,2347413
images/2412384.jpg,dog,1,train,pole,2412384.jpg,83,pole,33,2412384
images/2377075.jpg,dog,1,train,pole,2377075.jpg,83,pole,33,2377075
images/2406485.jpg,dog,1,test,pole,2406485.jpg,83,pole,33,2406485
images/2413346.jpg,dog,1,train,pole,2413346.jpg,83,pole,33,2413346
images/2323635.jpg,dog,1,train,pole,2323635.jpg,83,pole,33,2323635
images/2365821.jpg,dog,1,test,pole,2365821.jpg,83,pole,33,2365821
images/2334891.jpg,dog,1,val,pole,2334891.jpg,83,pole,33,2334891
images/2409069.jpg,dog,1,train,pole,2409069.jpg,83,pole,33,2409069
images/2416819.jpg,dog,1,train,pole,2416819.jpg,83,pole,33,2416819
images/2401465.jpg,dog,1,train,pole,2401465.jpg,83,pole,33,2401465
images/2343526.jpg,dog,1,test,pole,2343526.jpg,83,pole,33,2343526
images/2367351.jpg,dog,1,val,pole,2367351.jpg,83,pole,33,2367351
images/2412049.jpg,dog,1,train,pole,2412049.jpg,83,pole,33,2412049
images/2361821.jpg,dog,1,val,pole,2361821.jpg,83,pole,33,2361821
images/2417191.jpg,dog,1,train,pole,2417191.jpg,83,pole,33,2417191
images/2370710.jpg,dog,1,train,pole,2370710.jpg,83,pole,33,2370710
images/2380929.jpg,dog,1,train,pole,2380929.jpg,83,pole,33,2380929
images/2327579.jpg,dog,1,train,pole,2327579.jpg,83,pole,33,2327579
images/2414767.jpg,dog,1,train,pole,2414767.jpg,83,pole,33,2414767
images/2386031.jpg,dog,1,train,pole,2386031.jpg,83,pole,33,2386031
images/2318046.jpg,dog,1,train,pole,2318046.jpg,83,pole,33,2318046
images/2417556.jpg,dog,1,test,pole,2417556.jpg,83,pole,33,2417556
images/2370660.jpg,dog,1,train,pole,2370660.jpg,83,pole,33,2370660
images/2328037.jpg,dog,1,train,pole,2328037.jpg,83,pole,33,2328037
images/2366845.jpg,dog,1,train,pole,2366845.jpg,83,pole,33,2366845
images/2368734.jpg,dog,1,train,pole,2368734.jpg,83,pole,33,2368734
images/2366619.jpg,dog,1,train,pole,2366619.jpg,83,pole,33,2366619
images/2320636.jpg,dog,1,val,pole,2320636.jpg,83,pole,33,2320636
images/2388375.jpg,dog,1,train,pole,2388375.jpg,83,pole,33,2388375
images/2412423.jpg,dog,1,train,pole,2412423.jpg,83,pole,33,2412423
images/2318372.jpg,dog,1,train,pole,2318372.jpg,83,pole,33,2318372
images/2395277.jpg,dog,1,train,pole,2395277.jpg,83,pole,33,2395277
images/1592064.jpg,dog,1,train,pole,1592064.jpg,83,pole,33,1592064
images/2405063.jpg,dog,1,val,pole,2405063.jpg,83,pole,33,2405063
images/2380298.jpg,dog,1,val,pole,2380298.jpg,83,pole,33,2380298
images/2371268.jpg,dog,1,train,pole,2371268.jpg,83,pole,33,2371268
images/2365556.jpg,dog,1,train,pole,2365556.jpg,83,pole,33,2365556
images/2394687.jpg,dog,1,val,pole,2394687.jpg,83,pole,33,2394687
images/2393779.jpg,dog,1,val,pole,2393779.jpg,83,pole,33,2393779
images/2396762.jpg,dog,1,train,pole,2396762.jpg,83,pole,33,2396762
images/2396753.jpg,dog,1,train,pole,2396753.jpg,83,pole,33,2396753
images/2318384.jpg,dog,1,train,pole,2318384.jpg,83,pole,33,2318384
images/2387950.jpg,dog,1,train,pole,2387950.jpg,83,pole,33,2387950
images/2380409.jpg,dog,1,train,pole,2380409.jpg,83,pole,33,2380409
images/2329292.jpg,dog,1,val,pole,2329292.jpg,83,pole,33,2329292
images/2385897.jpg,dog,1,test,pole,2385897.jpg,83,pole,33,2385897
images/2316133.jpg,dog,1,train,pole,2316133.jpg,83,pole,33,2316133
images/2359181.jpg,dog,1,val,pole,2359181.jpg,83,pole,33,2359181
images/2349275.jpg,dog,1,train,pole,2349275.jpg,83,pole,33,2349275
images/2379667.jpg,dog,1,train,pole,2379667.jpg,83,pole,33,2379667
images/2397149.jpg,dog,1,val,pole,2397149.jpg,83,pole,33,2397149
images/2359753.jpg,dog,1,test,pole,2359753.jpg,83,pole,33,2359753
images/2355727.jpg,dog,1,train,pole,2355727.jpg,83,pole,33,2355727
images/2336693.jpg,dog,1,train,pole,2336693.jpg,83,pole,33,2336693
images/2383170.jpg,dog,1,train,pole,2383170.jpg,83,pole,33,2383170
images/2316789.jpg,dog,1,train,pole,2316789.jpg,83,pole,33,2316789
images/2316980.jpg,dog,1,train,pole,2316980.jpg,83,pole,33,2316980
images/2372618.jpg,dog,1,train,pole,2372618.jpg,83,pole,33,2372618
images/2413880.jpg,dog,1,train,pole,2413880.jpg,83,pole,33,2413880
images/2319295.jpg,dog,1,train,pole,2319295.jpg,83,pole,33,2319295
images/2371675.jpg,dog,1,train,pole,2371675.jpg,83,pole,33,2371675
images/2413820.jpg,dog,1,train,pole,2413820.jpg,83,pole,33,2413820
images/2360443.jpg,dog,1,train,pole,2360443.jpg,83,pole,33,2360443
images/2350951.jpg,dog,1,train,pole,2350951.jpg,83,pole,33,2350951
images/2335189.jpg,dog,1,train,pole,2335189.jpg,83,pole,33,2335189
images/2343283.jpg,dog,1,train,pole,2343283.jpg,83,pole,33,2343283
images/2352572.jpg,dog,1,train,pole,2352572.jpg,83,pole,33,2352572
images/2370145.jpg,dog,1,val,pole,2370145.jpg,83,pole,33,2370145
images/2357609.jpg,dog,1,train,pole,2357609.jpg,83,pole,33,2357609
images/2358659.jpg,dog,1,train,pole,2358659.jpg,83,pole,33,2358659
images/2326242.jpg,dog,1,val,pole,2326242.jpg,83,pole,33,2326242
images/2351872.jpg,dog,1,val,pole,2351872.jpg,83,pole,33,2351872
images/2393366.jpg,dog,1,train,pole,2393366.jpg,83,pole,33,2393366
images/2348263.jpg,dog,1,train,pole,2348263.jpg,83,pole,33,2348263
images/2387862.jpg,dog,1,val,pole,2387862.jpg,83,pole,33,2387862
images/2336673.jpg,dog,1,train,pole,2336673.jpg,83,pole,33,2336673
images/2355465.jpg,dog,1,train,pole,2355465.jpg,83,pole,33,2355465
images/1160209.jpg,dog,1,train,pole,1160209.jpg,83,pole,33,1160209
images/2367595.jpg,dog,1,val,pole,2367595.jpg,83,pole,33,2367595
images/2376475.jpg,dog,1,train,pole,2376475.jpg,83,pole,33,2376475
images/2356431.jpg,dog,1,train,pole,2356431.jpg,83,pole,33,2356431
images/2409228.jpg,dog,1,train,pole,2409228.jpg,83,pole,33,2409228
images/2395166.jpg,dog,1,train,pole,2395166.jpg,83,pole,33,2395166
images/2348342.jpg,dog,1,train,pole,2348342.jpg,83,pole,33,2348342
images/2342008.jpg,dog,1,train,pole,2342008.jpg,83,pole,33,2342008
images/2414213.jpg,dog,1,val,pole,2414213.jpg,83,pole,33,2414213
images/2410321.jpg,dog,1,train,cow,2410321.jpg,63,cow,13,2410321
images/2416861.jpg,dog,1,train,cow,2416861.jpg,63,cow,13,2416861
images/2330389.jpg,dog,1,train,cow,2330389.jpg,63,cow,13,2330389
images/2404933.jpg,dog,1,train,cow,2404933.jpg,63,cow,13,2404933
images/2359012.jpg,dog,1,train,cow,2359012.jpg,63,cow,13,2359012
images/2350325.jpg,dog,1,train,cow,2350325.jpg,63,cow,13,2350325
images/2391905.jpg,dog,1,train,cow,2391905.jpg,63,cow,13,2391905
images/2369968.jpg,dog,1,train,cow,2369968.jpg,63,cow,13,2369968
images/2398189.jpg,dog,1,train,cow,2398189.jpg,63,cow,13,2398189
images/2358622.jpg,dog,1,test,cow,2358622.jpg,63,cow,13,2358622
images/2339341.jpg,dog,1,train,cow,2339341.jpg,63,cow,13,2339341
images/2346042.jpg,dog,1,val,cow,2346042.jpg,63,cow,13,2346042
images/2394992.jpg,dog,1,train,cow,2394992.jpg,63,cow,13,2394992
images/2352946.jpg,dog,1,train,cow,2352946.jpg,63,cow,13,2352946
images/2400563.jpg,dog,1,test,cow,2400563.jpg,63,cow,13,2400563
images/2354516.jpg,dog,1,train,cow,2354516.jpg,63,cow,13,2354516
images/2417648.jpg,dog,1,train,cow,2417648.jpg,63,cow,13,2417648
images/2361973.jpg,dog,1,train,cow,2361973.jpg,63,cow,13,2361973
images/107926.jpg,dog,1,train,cow,107926.jpg,63,cow,13,107926
images/2362696.jpg,dog,1,val,cow,2362696.jpg,63,cow,13,2362696
images/2388428.jpg,dog,1,train,cow,2388428.jpg,63,cow,13,2388428
images/2380091.jpg,dog,1,test,cow,2380091.jpg,63,cow,13,2380091
images/2412423.jpg,dog,1,train,cow,2412423.jpg,63,cow,13,2412423
images/2364208.jpg,dog,1,train,cow,2364208.jpg,63,cow,13,2364208
images/2345710.jpg,dog,1,train,cow,2345710.jpg,63,cow,13,2345710
images/2381721.jpg,dog,1,train,cow,2381721.jpg,63,cow,13,2381721
images/2328085.jpg,dog,1,train,cow,2328085.jpg,63,cow,13,2328085
images/2356473.jpg,dog,1,val,cow,2356473.jpg,63,cow,13,2356473
images/2341260.jpg,dog,1,train,cow,2341260.jpg,63,cow,13,2341260
images/2404956.jpg,dog,1,val,cow,2404956.jpg,63,cow,13,2404956
images/2416340.jpg,dog,1,train,cow,2416340.jpg,63,cow,13,2416340
images/2416400.jpg,dog,1,val,cat,2416400.jpg,57,cat,7,2416400
images/2346772.jpg,dog,1,train,cat,2346772.jpg,57,cat,7,2346772
images/2344881.jpg,dog,1,train,cat,2344881.jpg,57,cat,7,2344881
images/2317705.jpg,dog,1,train,cat,2317705.jpg,57,cat,7,2317705
images/2359938.jpg,dog,1,train,cat,2359938.jpg,57,cat,7,2359938
images/2324062.jpg,dog,1,train,cat,2324062.jpg,57,cat,7,2324062
images/2392688.jpg,dog,1,train,cat,2392688.jpg,57,cat,7,2392688
images/2327653.jpg,dog,1,train,cat,2327653.jpg,57,cat,7,2327653
images/2368434.jpg,dog,1,train,cat,2368434.jpg,57,cat,7,2368434
images/2394168.jpg,dog,1,train,cat,2394168.jpg,57,cat,7,2394168
images/2403329.jpg,dog,1,train,cat,2403329.jpg,57,cat,7,2403329
images/2402100.jpg,dog,1,train,cat,2402100.jpg,57,cat,7,2402100
images/2397167.jpg,dog,1,train,cat,2397167.jpg,57,cat,7,2397167
images/2322897.jpg,dog,1,val,cat,2322897.jpg,57,cat,7,2322897
images/2416154.jpg,dog,1,train,cat,2416154.jpg,57,cat,7,2416154
images/2355278.jpg,dog,1,train,cat,2355278.jpg,57,cat,7,2355278
images/2339137.jpg,dog,1,val,cat,2339137.jpg,57,cat,7,2339137
images/2330184.jpg,dog,1,train,cat,2330184.jpg,57,cat,7,2330184
images/2359073.jpg,dog,1,train,cat,2359073.jpg,57,cat,7,2359073
images/2316968.jpg,dog,1,train,cat,2316968.jpg,57,cat,7,2316968
images/2339511.jpg,dog,1,train,cat,2339511.jpg,57,cat,7,2339511
images/2400368.jpg,dog,1,train,cat,2400368.jpg,57,cat,7,2400368
images/2336077.jpg,dog,1,val,cat,2336077.jpg,57,cat,7,2336077
images/2387315.jpg,dog,1,train,cat,2387315.jpg,57,cat,7,2387315
images/2391586.jpg,dog,1,train,cat,2391586.jpg,57,cat,7,2391586
images/2344063.jpg,dog,1,train,cat,2344063.jpg,57,cat,7,2344063
images/2377255.jpg,dog,1,train,cat,2377255.jpg,57,cat,7,2377255
images/2408383.jpg,dog,1,train,cat,2408383.jpg,57,cat,7,2408383
images/2319449.jpg,dog,1,train,cat,2319449.jpg,57,cat,7,2319449
images/2324518.jpg,dog,1,val,cat,2324518.jpg,57,cat,7,2324518
images/2396989.jpg,dog,1,val,cat,2396989.jpg,57,cat,7,2396989
images/2367226.jpg,dog,1,train,cat,2367226.jpg,57,cat,7,2367226
images/2415206.jpg,dog,1,test,cat,2415206.jpg,57,cat,7,2415206
images/2319723.jpg,dog,1,train,cat,2319723.jpg,57,cat,7,2319723
images/2365600.jpg,dog,1,train,cat,2365600.jpg,57,cat,7,2365600
images/2402079.jpg,dog,1,train,cat,2402079.jpg,57,cat,7,2402079
images/2406003.jpg,dog,1,test,cat,2406003.jpg,57,cat,7,2406003
images/2397277.jpg,dog,1,train,cat,2397277.jpg,57,cat,7,2397277
images/2320517.jpg,dog,1,train,cat,2320517.jpg,57,cat,7,2320517
images/2414023.jpg,dog,1,train,cat,2414023.jpg,57,cat,7,2414023
images/2346853.jpg,dog,1,train,cat,2346853.jpg,57,cat,7,2346853
images/2368563.jpg,dog,1,train,cat,2368563.jpg,57,cat,7,2368563
images/2382789.jpg,dog,1,train,cat,2382789.jpg,57,cat,7,2382789
images/2381433.jpg,dog,1,train,cat,2381433.jpg,57,cat,7,2381433
images/2353191.jpg,dog,1,train,cat,2353191.jpg,57,cat,7,2353191
images/2416435.jpg,dog,1,train,cat,2416435.jpg,57,cat,7,2416435
images/2374046.jpg,dog,1,train,cat,2374046.jpg,57,cat,7,2374046
images/713943.jpg,dog,1,train,cat,713943.jpg,57,cat,7,713943
images/2353942.jpg,dog,1,train,cat,2353942.jpg,57,cat,7,2353942
images/2373581.jpg,dog,1,train,cat,2373581.jpg,57,cat,7,2373581
images/2395369.jpg,dog,1,val,cat,2395369.jpg,57,cat,7,2395369
images/2416465.jpg,dog,1,train,cat,2416465.jpg,57,cat,7,2416465
images/2411533.jpg,dog,1,train,cat,2411533.jpg,57,cat,7,2411533
images/2330381.jpg,dog,1,train,cat,2330381.jpg,57,cat,7,2330381
images/2344455.jpg,dog,1,train,cat,2344455.jpg,57,cat,7,2344455
images/2361867.jpg,dog,1,test,cat,2361867.jpg,57,cat,7,2361867
images/2386317.jpg,dog,1,train,cat,2386317.jpg,57,cat,7,2386317
images/2330673.jpg,dog,1,train,cat,2330673.jpg,57,cat,7,2330673
images/2398449.jpg,dog,1,train,cat,2398449.jpg,57,cat,7,2398449
images/2417872.jpg,dog,1,test,cat,2417872.jpg,57,cat,7,2417872
images/2318872.jpg,dog,1,train,cat,2318872.jpg,57,cat,7,2318872
images/2317863.jpg,dog,1,train,cat,2317863.jpg,57,cat,7,2317863
images/3753.jpg,dog,1,train,cat,3753.jpg,57,cat,7,3753
images/2371528.jpg,dog,1,train,cat,2371528.jpg,57,cat,7,2371528
images/2320118.jpg,dog,1,train,cat,2320118.jpg,57,cat,7,2320118
images/2369270.jpg,dog,1,train,dirt,2369270.jpg,64,dirt,14,2369270
images/2379956.jpg,dog,1,train,dirt,2379956.jpg,64,dirt,14,2379956
images/2351824.jpg,dog,1,train,dirt,2351824.jpg,64,dirt,14,2351824
images/2407359.jpg,dog,1,train,dirt,2407359.jpg,64,dirt,14,2407359
images/2346042.jpg,dog,1,train,dirt,2346042.jpg,64,dirt,14,2346042
images/2330843.jpg,dog,1,train,dirt,2330843.jpg,64,dirt,14,2330843
images/2368907.jpg,dog,1,train,dirt,2368907.jpg,64,dirt,14,2368907
images/2317373.jpg,dog,1,val,dirt,2317373.jpg,64,dirt,14,2317373
images/2320708.jpg,dog,1,train,dirt,2320708.jpg,64,dirt,14,2320708
images/2372598.jpg,dog,1,val,dirt,2372598.jpg,64,dirt,14,2372598
images/2367060.jpg,dog,1,test,dirt,2367060.jpg,64,dirt,14,2367060
images/2327581.jpg,dog,1,test,dirt,2327581.jpg,64,dirt,14,2327581
images/2365905.jpg,dog,1,train,dirt,2365905.jpg,64,dirt,14,2365905
images/2394945.jpg,dog,1,train,dirt,2394945.jpg,64,dirt,14,2394945
images/2375845.jpg,dog,1,train,dirt,2375845.jpg,64,dirt,14,2375845
images/2379263.jpg,dog,1,train,dirt,2379263.jpg,64,dirt,14,2379263
images/2355607.jpg,dog,1,train,dirt,2355607.jpg,64,dirt,14,2355607
images/2371440.jpg,dog,1,train,dirt,2371440.jpg,64,dirt,14,2371440
images/2368737.jpg,dog,1,val,dirt,2368737.jpg,64,dirt,14,2368737
images/2355266.jpg,dog,1,train,dirt,2355266.jpg,64,dirt,14,2355266
images/2416154.jpg,dog,1,train,dirt,2416154.jpg,64,dirt,14,2416154
images/2383663.jpg,dog,1,train,dirt,2383663.jpg,64,dirt,14,2383663
images/2409022.jpg,dog,1,train,dirt,2409022.jpg,64,dirt,14,2409022
images/2351612.jpg,dog,1,train,dirt,2351612.jpg,64,dirt,14,2351612
images/2380834.jpg,dog,1,train,dirt,2380834.jpg,64,dirt,14,2380834
images/2352783.jpg,dog,1,test,dirt,2352783.jpg,64,dirt,14,2352783
images/2395227.jpg,dog,1,train,dirt,2395227.jpg,64,dirt,14,2395227
images/2377282.jpg,dog,1,train,dirt,2377282.jpg,64,dirt,14,2377282
images/2344063.jpg,dog,1,test,dirt,2344063.jpg,64,dirt,14,2344063
images/2347332.jpg,dog,1,train,dirt,2347332.jpg,64,dirt,14,2347332
images/2317786.jpg,dog,1,train,dirt,2317786.jpg,64,dirt,14,2317786
images/2345442.jpg,dog,1,test,dirt,2345442.jpg,64,dirt,14,2345442
images/2340860.jpg,dog,1,val,dirt,2340860.jpg,64,dirt,14,2340860
images/2388648.jpg,dog,1,train,dirt,2388648.jpg,64,dirt,14,2388648
images/2317153.jpg,dog,1,val,dirt,2317153.jpg,64,dirt,14,2317153
images/2376453.jpg,dog,1,val,dirt,2376453.jpg,64,dirt,14,2376453
images/2357485.jpg,dog,1,train,dirt,2357485.jpg,64,dirt,14,2357485
images/2366945.jpg,dog,1,train,dirt,2366945.jpg,64,dirt,14,2366945
images/2407510.jpg,dog,1,test,dirt,2407510.jpg,64,dirt,14,2407510
images/2337260.jpg,dog,1,train,dirt,2337260.jpg,64,dirt,14,2337260
images/2380923.jpg,dog,1,train,dirt,2380923.jpg,64,dirt,14,2380923
images/2368434.jpg,dog,1,test,dirt,2368434.jpg,64,dirt,14,2368434
images/2386802.jpg,dog,1,train,dirt,2386802.jpg,64,dirt,14,2386802
images/2366946.jpg,dog,1,train,dirt,2366946.jpg,64,dirt,14,2366946
images/2392212.jpg,dog,1,train,dirt,2392212.jpg,64,dirt,14,2392212
images/2390585.jpg,dog,1,val,dirt,2390585.jpg,64,dirt,14,2390585
images/2325561.jpg,dog,1,train,dirt,2325561.jpg,64,dirt,14,2325561
images/2385757.jpg,dog,1,train,dirt,2385757.jpg,64,dirt,14,2385757
images/2367351.jpg,dog,1,val,dirt,2367351.jpg,64,dirt,14,2367351
images/2406932.jpg,dog,1,train,dirt,2406932.jpg,64,dirt,14,2406932
images/2337501.jpg,dog,1,val,dirt,2337501.jpg,64,dirt,14,2337501
images/2332607.jpg,dog,1,val,dirt,2332607.jpg,64,dirt,14,2332607
images/2365964.jpg,dog,1,train,dirt,2365964.jpg,64,dirt,14,2365964
images/2386031.jpg,dog,1,test,dirt,2386031.jpg,64,dirt,14,2386031
images/2375856.jpg,dog,1,train,dirt,2375856.jpg,64,dirt,14,2375856
images/2364208.jpg,dog,1,train,dirt,2364208.jpg,64,dirt,14,2364208
images/2411937.jpg,dog,1,train,dirt,2411937.jpg,64,dirt,14,2411937
images/2380298.jpg,dog,1,train,dirt,2380298.jpg,64,dirt,14,2380298
images/2328085.jpg,dog,1,val,dirt,2328085.jpg,64,dirt,14,2328085
images/2405432.jpg,dog,1,train,dirt,2405432.jpg,64,dirt,14,2405432
images/2362161.jpg,dog,1,train,dirt,2362161.jpg,64,dirt,14,2362161
images/2321145.jpg,dog,1,train,dirt,2321145.jpg,64,dirt,14,2321145
images/2403124.jpg,dog,1,train,dirt,2403124.jpg,64,dirt,14,2403124
images/2406744.jpg,dog,1,val,dirt,2406744.jpg,64,dirt,14,2406744
images/2380409.jpg,dog,1,test,dirt,2380409.jpg,64,dirt,14,2380409
images/2417154.jpg,dog,1,train,dirt,2417154.jpg,64,dirt,14,2417154
images/2383170.jpg,dog,1,test,dirt,2383170.jpg,64,dirt,14,2383170
images/2322281.jpg,dog,1,val,dirt,2322281.jpg,64,dirt,14,2322281
images/2389470.jpg,dog,1,train,dirt,2389470.jpg,64,dirt,14,2389470
images/2363495.jpg,dog,1,val,dirt,2363495.jpg,64,dirt,14,2363495
images/2364372.jpg,dog,1,train,dirt,2364372.jpg,64,dirt,14,2364372
images/2327364.jpg,dog,1,train,dirt,2327364.jpg,64,dirt,14,2327364
images/2363267.jpg,dog,1,train,dirt,2363267.jpg,64,dirt,14,2363267
images/2393598.jpg,dog,1,train,dirt,2393598.jpg,64,dirt,14,2393598
images/2384424.jpg,dog,1,train,dirt,2384424.jpg,64,dirt,14,2384424
images/2397768.jpg,dog,1,val,dirt,2397768.jpg,64,dirt,14,2397768
images/2344583.jpg,dog,1,train,dirt,2344583.jpg,64,dirt,14,2344583
images/2388428.jpg,dog,1,test,dirt,2388428.jpg,64,dirt,14,2388428
images/2397828.jpg,dog,1,train,dirt,2397828.jpg,64,dirt,14,2397828
images/2377179.jpg,dog,1,train,dirt,2377179.jpg,64,dirt,14,2377179
images/2397193.jpg,dog,1,train,dirt,2397193.jpg,64,dirt,14,2397193
images/2387928.jpg,dog,1,train,dirt,2387928.jpg,64,dirt,14,2387928
images/2395775.jpg,dog,1,train,dirt,2395775.jpg,64,dirt,14,2395775
images/2389743.jpg,dog,1,train,dirt,2389743.jpg,64,dirt,14,2389743
images/2343674.jpg,dog,1,train,dirt,2343674.jpg,64,dirt,14,2343674
images/2411951.jpg,dog,1,val,dirt,2411951.jpg,64,dirt,14,2411951
images/2370647.jpg,dog,1,train,tag,2370647.jpg,94,tag,44,2370647
images/2337205.jpg,dog,1,train,tag,2337205.jpg,94,tag,44,2337205
images/2355329.jpg,dog,1,train,tag,2355329.jpg,94,tag,44,2355329
images/2323699.jpg,dog,1,val,tag,2323699.jpg,94,tag,44,2323699
images/2347801.jpg,dog,1,train,tag,2347801.jpg,94,tag,44,2347801
images/107970.jpg,dog,1,train,tag,107970.jpg,94,tag,44,107970
images/2404687.jpg,dog,1,val,tag,2404687.jpg,94,tag,44,2404687
images/2417574.jpg,dog,1,train,tag,2417574.jpg,94,tag,44,2417574
images/2319590.jpg,dog,1,val,tag,2319590.jpg,94,tag,44,2319590
images/1592123.jpg,dog,1,train,tag,1592123.jpg,94,tag,44,1592123
images/2328105.jpg,dog,1,train,tag,2328105.jpg,94,tag,44,2328105
images/2346042.jpg,dog,1,val,tag,2346042.jpg,94,tag,44,2346042
images/1386.jpg,dog,1,train,tag,1386.jpg,94,tag,44,1386
images/2415243.jpg,dog,1,val,tag,2415243.jpg,94,tag,44,2415243
images/2342671.jpg,dog,1,train,tag,2342671.jpg,94,tag,44,2342671
images/2383718.jpg,dog,1,test,tag,2383718.jpg,94,tag,44,2383718
images/2393574.jpg,dog,1,val,tag,2393574.jpg,94,tag,44,2393574
images/2353468.jpg,dog,1,train,tag,2353468.jpg,94,tag,44,2353468
images/2340388.jpg,dog,1,val,tag,2340388.jpg,94,tag,44,2340388
images/2317892.jpg,dog,1,test,tag,2317892.jpg,94,tag,44,2317892
images/2353191.jpg,dog,1,val,tag,2353191.jpg,94,tag,44,2353191
images/2321237.jpg,dog,1,train,tag,2321237.jpg,94,tag,44,2321237
images/2402059.jpg,dog,1,train,tag,2402059.jpg,94,tag,44,2402059
images/2391621.jpg,dog,1,train,tag,2391621.jpg,94,tag,44,2391621
images/2368621.jpg,dog,1,train,tag,2368621.jpg,94,tag,44,2368621
images/2378865.jpg,dog,1,train,tag,2378865.jpg,94,tag,44,2378865
images/2377200.jpg,dog,1,train,tag,2377200.jpg,94,tag,44,2377200
images/2382042.jpg,dog,1,train,tag,2382042.jpg,94,tag,44,2382042
images/2381777.jpg,dog,1,val,tag,2381777.jpg,94,tag,44,2381777
images/2353465.jpg,dog,1,train,tag,2353465.jpg,94,tag,44,2353465
images/2391972.jpg,dog,1,train,tag,2391972.jpg,94,tag,44,2391972
images/2367488.jpg,dog,1,train,tag,2367488.jpg,94,tag,44,2367488
images/2375845.jpg,dog,1,train,tag,2375845.jpg,94,tag,44,2375845
images/2328720.jpg,dog,1,val,tag,2328720.jpg,94,tag,44,2328720
images/2322086.jpg,dog,1,train,tag,2322086.jpg,94,tag,44,2322086
images/2330389.jpg,dog,1,test,tag,2330389.jpg,94,tag,44,2330389
images/2339493.jpg,dog,1,train,tag,2339493.jpg,94,tag,44,2339493
images/2357994.jpg,dog,1,train,tag,2357994.jpg,94,tag,44,2357994
images/2409920.jpg,dog,1,train,tag,2409920.jpg,94,tag,44,2409920
images/2345068.jpg,dog,1,val,tag,2345068.jpg,94,tag,44,2345068
images/2400727.jpg,dog,1,train,tag,2400727.jpg,94,tag,44,2400727
images/2376104.jpg,dog,1,train,tag,2376104.jpg,94,tag,44,2376104
images/2377704.jpg,dog,1,train,tag,2377704.jpg,94,tag,44,2377704
images/2390039.jpg,dog,1,val,tag,2390039.jpg,94,tag,44,2390039
images/2380043.jpg,dog,1,train,tag,2380043.jpg,94,tag,44,2380043
images/2380220.jpg,dog,1,val,tag,2380220.jpg,94,tag,44,2380220
images/2363386.jpg,dog,1,train,tag,2363386.jpg,94,tag,44,2363386
images/2324410.jpg,dog,1,val,tag,2324410.jpg,94,tag,44,2324410
images/2415851.jpg,dog,1,train,tag,2415851.jpg,94,tag,44,2415851
images/2338060.jpg,dog,1,train,tag,2338060.jpg,94,tag,44,2338060
images/2401273.jpg,dog,1,train,tag,2401273.jpg,94,tag,44,2401273
images/2396329.jpg,dog,1,val,tag,2396329.jpg,94,tag,44,2396329
images/2318934.jpg,dog,1,train,tag,2318934.jpg,94,tag,44,2318934
images/2403057.jpg,dog,1,train,tag,2403057.jpg,94,tag,44,2403057
images/2376453.jpg,dog,1,train,tag,2376453.jpg,94,tag,44,2376453
images/2410967.jpg,dog,1,val,tag,2410967.jpg,94,tag,44,2410967
images/2403710.jpg,dog,1,train,tag,2403710.jpg,94,tag,44,2403710
images/2356015.jpg,dog,1,val,tag,2356015.jpg,94,tag,44,2356015
images/2357190.jpg,dog,1,train,tag,2357190.jpg,94,tag,44,2357190
images/2353942.jpg,dog,1,train,tag,2353942.jpg,94,tag,44,2353942
images/2400114.jpg,dog,1,train,tag,2400114.jpg,94,tag,44,2400114
images/2367714.jpg,dog,1,train,tag,2367714.jpg,94,tag,44,2367714
images/2408633.jpg,dog,1,train,tag,2408633.jpg,94,tag,44,2408633
images/2356836.jpg,dog,1,train,tag,2356836.jpg,94,tag,44,2356836
images/2330673.jpg,dog,1,val,tag,2330673.jpg,94,tag,44,2330673
images/2398334.jpg,dog,1,train,tag,2398334.jpg,94,tag,44,2398334
images/2400958.jpg,dog,1,train,tag,2400958.jpg,94,tag,44,2400958
images/2362763.jpg,dog,1,test,tag,2362763.jpg,94,tag,44,2362763
images/2362525.jpg,dog,1,train,tag,2362525.jpg,94,tag,44,2362525
images/2330218.jpg,dog,1,train,tag,2330218.jpg,94,tag,44,2330218
images/2410321.jpg,dog,1,train,tag,2410321.jpg,94,tag,44,2410321
images/2372715.jpg,dog,1,train,tag,2372715.jpg,94,tag,44,2372715
images/2367250.jpg,dog,1,val,tag,2367250.jpg,94,tag,44,2367250
images/2377864.jpg,dog,1,train,tag,2377864.jpg,94,tag,44,2377864
images/2401465.jpg,dog,1,train,tag,2401465.jpg,94,tag,44,2401465
images/2413160.jpg,dog,1,train,tag,2413160.jpg,94,tag,44,2413160
images/2383244.jpg,dog,1,train,tag,2383244.jpg,94,tag,44,2383244
images/2408110.jpg,dog,1,train,tag,2408110.jpg,94,tag,44,2408110
images/2385466.jpg,dog,1,train,tag,2385466.jpg,94,tag,44,2385466
images/2334734.jpg,dog,1,train,tag,2334734.jpg,94,tag,44,2334734
images/2380606.jpg,dog,1,val,tag,2380606.jpg,94,tag,44,2380606
images/2400793.jpg,dog,1,val,tag,2400793.jpg,94,tag,44,2400793
images/2402907.jpg,dog,1,train,tag,2402907.jpg,94,tag,44,2402907
images/2409245.jpg,dog,1,train,tag,2409245.jpg,94,tag,44,2409245
images/2380956.jpg,dog,1,train,tag,2380956.jpg,94,tag,44,2380956
images/2400362.jpg,dog,1,train,tag,2400362.jpg,94,tag,44,2400362
images/2372055.jpg,dog,1,val,tag,2372055.jpg,94,tag,44,2372055
images/2342762.jpg,dog,1,train,tag,2342762.jpg,94,tag,44,2342762
images/2364208.jpg,dog,1,train,tag,2364208.jpg,94,tag,44,2364208
images/2338103.jpg,dog,1,train,tag,2338103.jpg,94,tag,44,2338103
images/2361529.jpg,dog,1,val,tag,2361529.jpg,94,tag,44,2361529
images/2383524.jpg,dog,1,train,tag,2383524.jpg,94,tag,44,2383524
images/2362196.jpg,dog,1,train,tag,2362196.jpg,94,tag,44,2362196
images/2365318.jpg,dog,1,train,tag,2365318.jpg,94,tag,44,2365318
images/2410147.jpg,dog,1,val,tag,2410147.jpg,94,tag,44,2410147
images/2322093.jpg,dog,1,train,tag,2322093.jpg,94,tag,44,2322093
images/2347254.jpg,dog,1,train,tag,2347254.jpg,94,tag,44,2347254
images/2321901.jpg,dog,1,val,tag,2321901.jpg,94,tag,44,2321901
images/2331525.jpg,dog,1,train,tag,2331525.jpg,94,tag,44,2331525
images/2405633.jpg,dog,1,train,tag,2405633.jpg,94,tag,44,2405633
images/2337254.jpg,dog,1,train,tag,2337254.jpg,94,tag,44,2337254
images/2350951.jpg,dog,1,val,tag,2350951.jpg,94,tag,44,2350951
images/2371220.jpg,dog,1,train,tag,2371220.jpg,94,tag,44,2371220
images/2405469.jpg,dog,1,test,tag,2405469.jpg,94,tag,44,2405469
images/2346513.jpg,dog,1,train,tag,2346513.jpg,94,tag,44,2346513
images/2378738.jpg,dog,1,train,tag,2378738.jpg,94,tag,44,2378738
images/2386600.jpg,dog,1,train,tag,2386600.jpg,94,tag,44,2386600
images/2326242.jpg,dog,1,train,tag,2326242.jpg,94,tag,44,2326242
images/2334171.jpg,dog,1,train,tag,2334171.jpg,94,tag,44,2334171
images/2335892.jpg,dog,1,test,tag,2335892.jpg,94,tag,44,2335892
images/2389636.jpg,dog,1,train,tag,2389636.jpg,94,tag,44,2389636
images/2393895.jpg,dog,1,train,tag,2393895.jpg,94,tag,44,2393895
images/2399913.jpg,dog,1,val,tag,2399913.jpg,94,tag,44,2399913
images/2364603.jpg,dog,1,train,tag,2364603.jpg,94,tag,44,2364603
images/2416340.jpg,dog,1,train,tag,2416340.jpg,94,tag,44,2416340
images/2411951.jpg,dog,1,train,tag,2411951.jpg,94,tag,44,2411951
images/2334564.jpg,dog,1,val,surfboard,2334564.jpg,93,surfboard,43,2334564
images/2346637.jpg,dog,1,train,surfboard,2346637.jpg,93,surfboard,43,2346637
images/2359938.jpg,dog,1,train,surfboard,2359938.jpg,93,surfboard,43,2359938
images/2414707.jpg,dog,1,train,surfboard,2414707.jpg,93,surfboard,43,2414707
images/2322792.jpg,dog,1,train,surfboard,2322792.jpg,93,surfboard,43,2322792
images/2330356.jpg,dog,1,val,surfboard,2330356.jpg,93,surfboard,43,2330356
images/2372581.jpg,dog,1,train,surfboard,2372581.jpg,93,surfboard,43,2372581
images/285910.jpg,dog,1,test,surfboard,285910.jpg,93,surfboard,43,285910
images/2405419.jpg,dog,1,train,surfboard,2405419.jpg,93,surfboard,43,2405419
images/2331063.jpg,dog,1,val,surfboard,2331063.jpg,93,surfboard,43,2331063
images/2338165.jpg,dog,1,train,surfboard,2338165.jpg,93,surfboard,43,2338165
images/2320130.jpg,dog,1,train,surfboard,2320130.jpg,93,surfboard,43,2320130
images/2342016.jpg,dog,1,train,surfboard,2342016.jpg,93,surfboard,43,2342016
images/2406607.jpg,dog,1,train,surfboard,2406607.jpg,93,surfboard,43,2406607
images/2377113.jpg,dog,1,train,surfboard,2377113.jpg,93,surfboard,43,2377113
images/2407359.jpg,dog,1,test,surfboard,2407359.jpg,93,surfboard,43,2407359
images/2349993.jpg,dog,1,test,surfboard,2349993.jpg,93,surfboard,43,2349993
images/2357191.jpg,dog,1,val,surfboard,2357191.jpg,93,surfboard,43,2357191
images/2409740.jpg,dog,1,train,surfboard,2409740.jpg,93,surfboard,43,2409740
images/2395395.jpg,dog,1,train,surfboard,2395395.jpg,93,surfboard,43,2395395
images/2391307.jpg,dog,1,val,surfboard,2391307.jpg,93,surfboard,43,2391307
images/2404065.jpg,dog,1,train,surfboard,2404065.jpg,93,surfboard,43,2404065
images/2316030.jpg,dog,1,test,surfboard,2316030.jpg,93,surfboard,43,2316030
images/2402984.jpg,dog,1,train,surfboard,2402984.jpg,93,surfboard,43,2402984
images/2345562.jpg,dog,1,train,surfboard,2345562.jpg,93,surfboard,43,2345562
images/2365964.jpg,dog,1,train,surfboard,2365964.jpg,93,surfboard,43,2365964
images/2417801.jpg,dog,1,train,surfboard,2417801.jpg,93,surfboard,43,2417801
images/2412342.jpg,dog,1,val,surfboard,2412342.jpg,93,surfboard,43,2412342
images/2363292.jpg,dog,1,train,surfboard,2363292.jpg,93,surfboard,43,2363292
images/2371922.jpg,dog,1,train,surfboard,2371922.jpg,93,surfboard,43,2371922
images/2370415.jpg,dog,1,train,surfboard,2370415.jpg,93,surfboard,43,2370415
images/2349591.jpg,dog,1,train,surfboard,2349591.jpg,93,surfboard,43,2349591
images/2379063.jpg,dog,1,train,surfboard,2379063.jpg,93,surfboard,43,2379063
images/2379710.jpg,dog,1,train,surfboard,2379710.jpg,93,surfboard,43,2379710
images/2354569.jpg,dog,1,train,surfboard,2354569.jpg,93,surfboard,43,2354569
images/2356713.jpg,dog,1,val,surfboard,2356713.jpg,93,surfboard,43,2356713
images/2331118.jpg,dog,1,val,surfboard,2331118.jpg,93,surfboard,43,2331118
images/2361220.jpg,dog,1,train,surfboard,2361220.jpg,93,surfboard,43,2361220
images/2377944.jpg,dog,1,train,surfboard,2377944.jpg,93,surfboard,43,2377944
images/2381403.jpg,dog,1,train,surfboard,2381403.jpg,93,surfboard,43,2381403
images/2362620.jpg,dog,1,val,surfboard,2362620.jpg,93,surfboard,43,2362620
images/2370845.jpg,dog,1,val,surfboard,2370845.jpg,93,surfboard,43,2370845
images/2348946.jpg,dog,1,train,surfboard,2348946.jpg,93,surfboard,43,2348946
images/2378073.jpg,dog,1,train,surfboard,2378073.jpg,93,surfboard,43,2378073
images/2316215.jpg,dog,1,val,surfboard,2316215.jpg,93,surfboard,43,2316215
images/2326052.jpg,dog,1,train,surfboard,2326052.jpg,93,surfboard,43,2326052
images/2347131.jpg,dog,1,train,surfboard,2347131.jpg,93,surfboard,43,2347131
images/713188.jpg,dog,1,train,surfboard,713188.jpg,93,surfboard,43,713188
images/2362815.jpg,dog,1,train,surfboard,2362815.jpg,93,surfboard,43,2362815
images/2336027.jpg,dog,1,val,surfboard,2336027.jpg,93,surfboard,43,2336027
images/2396084.jpg,dog,1,train,surfboard,2396084.jpg,93,surfboard,43,2396084
images/2351028.jpg,dog,1,train,surfboard,2351028.jpg,93,surfboard,43,2351028
images/2392036.jpg,dog,1,train,surfboard,2392036.jpg,93,surfboard,43,2392036
images/2398619.jpg,dog,1,train,surfboard,2398619.jpg,93,surfboard,43,2398619
images/2377469.jpg,dog,1,train,surfboard,2377469.jpg,93,surfboard,43,2377469
images/2366640.jpg,dog,1,train,surfboard,2366640.jpg,93,surfboard,43,2366640
images/2363024.jpg,dog,1,train,surfboard,2363024.jpg,93,surfboard,43,2363024
images/2362161.jpg,dog,1,train,surfboard,2362161.jpg,93,surfboard,43,2362161
images/2377474.jpg,dog,1,train,surfboard,2377474.jpg,93,surfboard,43,2377474
images/2352573.jpg,dog,1,train,surfboard,2352573.jpg,93,surfboard,43,2352573
images/2370923.jpg,dog,1,val,surfboard,2370923.jpg,93,surfboard,43,2370923
images/2392675.jpg,dog,1,train,surfboard,2392675.jpg,93,surfboard,43,2392675
images/2371670.jpg,dog,1,train,surfboard,2371670.jpg,93,surfboard,43,2371670
images/2372715.jpg,dog,1,test,horse,2372715.jpg,73,horse,23,2372715
images/2349281.jpg,dog,1,val,horse,2349281.jpg,73,horse,23,2349281
images/2321511.jpg,dog,1,train,horse,2321511.jpg,73,horse,23,2321511
images/2376639.jpg,dog,1,val,horse,2376639.jpg,73,horse,23,2376639
images/2336712.jpg,dog,1,train,horse,2336712.jpg,73,horse,23,2336712
images/2387430.jpg,dog,1,train,horse,2387430.jpg,73,horse,23,2387430
images/2374739.jpg,dog,1,train,horse,2374739.jpg,73,horse,23,2374739
images/2404933.jpg,dog,1,val,horse,2404933.jpg,73,horse,23,2404933
images/2388328.jpg,dog,1,train,horse,2388328.jpg,73,horse,23,2388328
images/2398506.jpg,dog,1,train,horse,2398506.jpg,73,horse,23,2398506
images/2403836.jpg,dog,1,train,horse,2403836.jpg,73,horse,23,2403836
images/2360206.jpg,dog,1,val,horse,2360206.jpg,73,horse,23,2360206
images/2347300.jpg,dog,1,train,horse,2347300.jpg,73,horse,23,2347300
images/2383663.jpg,dog,1,train,horse,2383663.jpg,73,horse,23,2383663
images/2363247.jpg,dog,1,train,horse,2363247.jpg,73,horse,23,2363247
images/2398189.jpg,dog,1,train,horse,2398189.jpg,73,horse,23,2398189
images/713697.jpg,dog,1,val,horse,713697.jpg,73,horse,23,713697
images/2369464.jpg,dog,1,val,horse,2369464.jpg,73,horse,23,2369464
images/2402417.jpg,dog,1,train,horse,2402417.jpg,73,horse,23,2402417
images/2370727.jpg,dog,1,train,horse,2370727.jpg,73,horse,23,2370727
images/2364372.jpg,dog,1,val,horse,2364372.jpg,73,horse,23,2364372
images/2394611.jpg,dog,1,train,horse,2394611.jpg,73,horse,23,2394611
images/2339782.jpg,dog,1,train,horse,2339782.jpg,73,horse,23,2339782
images/2414767.jpg,dog,1,val,horse,2414767.jpg,73,horse,23,2414767
images/2407463.jpg,dog,1,train,horse,2407463.jpg,73,horse,23,2407463
images/2365888.jpg,dog,1,train,horse,2365888.jpg,73,horse,23,2365888
images/2391492.jpg,dog,1,val,horse,2391492.jpg,73,horse,23,2391492
images/107926.jpg,dog,1,train,horse,107926.jpg,73,horse,23,107926
images/2394117.jpg,dog,1,train,horse,2394117.jpg,73,horse,23,2394117
images/2404534.jpg,dog,1,test,horse,2404534.jpg,73,horse,23,2404534
images/2340860.jpg,dog,1,train,horse,2340860.jpg,73,horse,23,2340860
images/2320636.jpg,dog,1,train,horse,2320636.jpg,73,horse,23,2320636
images/2357609.jpg,dog,1,train,horse,2357609.jpg,73,horse,23,2357609
images/2353644.jpg,dog,1,val,horse,2353644.jpg,73,horse,23,2353644
images/2354373.jpg,dog,1,train,horse,2354373.jpg,73,horse,23,2354373
images/2328838.jpg,dog,1,val,horse,2328838.jpg,73,horse,23,2328838
images/2318372.jpg,dog,1,val,horse,2318372.jpg,73,horse,23,2318372
images/2369860.jpg,dog,1,val,horse,2369860.jpg,73,horse,23,2369860
images/2356259.jpg,dog,1,train,horse,2356259.jpg,73,horse,23,2356259
images/2386876.jpg,dog,1,train,horse,2386876.jpg,73,horse,23,2386876
images/2398018.jpg,dog,1,train,horse,2398018.jpg,73,horse,23,2398018
images/2380298.jpg,dog,1,train,horse,2380298.jpg,73,horse,23,2380298
images/2330479.jpg,dog,1,train,horse,2330479.jpg,73,horse,23,2330479
images/2373502.jpg,dog,1,train,horse,2373502.jpg,73,horse,23,2373502
images/2344218.jpg,dog,1,val,horse,2344218.jpg,73,horse,23,2344218
images/2387862.jpg,dog,1,train,horse,2387862.jpg,73,horse,23,2387862
images/2415110.jpg,dog,1,train,horse,2415110.jpg,73,horse,23,2415110
images/2403359.jpg,dog,1,train,horse,2403359.jpg,73,horse,23,2403359
images/2357556.jpg,dog,1,train,horse,2357556.jpg,73,horse,23,2357556
images/2398532.jpg,dog,1,train,horse,2398532.jpg,73,horse,23,2398532
images/2366841.jpg,dog,1,test,horse,2366841.jpg,73,horse,23,2366841
images/2371420.jpg,dog,1,train,horse,2371420.jpg,73,horse,23,2371420
images/2379786.jpg,dog,1,val,horse,2379786.jpg,73,horse,23,2379786
images/2347508.jpg,dog,1,train,horse,2347508.jpg,73,horse,23,2347508
images/2337205.jpg,dog,1,train,cap,2337205.jpg,56,cap,6,2337205
images/2370023.jpg,dog,1,train,cap,2370023.jpg,56,cap,6,2370023
images/2325645.jpg,dog,1,train,cap,2325645.jpg,56,cap,6,2325645
images/2397138.jpg,dog,1,train,cap,2397138.jpg,56,cap,6,2397138
images/2342016.jpg,dog,1,train,cap,2342016.jpg,56,cap,6,2342016
images/2338275.jpg,dog,1,train,cap,2338275.jpg,56,cap,6,2338275
images/2370.jpg,dog,1,val,cap,2370.jpg,56,cap,6,2370
images/2409859.jpg,dog,1,test,cap,2409859.jpg,56,cap,6,2409859
images/2374386.jpg,dog,1,val,cap,2374386.jpg,56,cap,6,2374386
images/2384517.jpg,dog,1,train,cap,2384517.jpg,56,cap,6,2384517
images/2367018.jpg,dog,1,train,cap,2367018.jpg,56,cap,6,2367018
images/2400930.jpg,dog,1,train,cap,2400930.jpg,56,cap,6,2400930
images/2366353.jpg,dog,1,train,cap,2366353.jpg,56,cap,6,2366353
images/2404534.jpg,dog,1,train,cap,2404534.jpg,56,cap,6,2404534
images/2323280.jpg,dog,1,val,cap,2323280.jpg,56,cap,6,2323280
images/2370216.jpg,dog,1,train,cap,2370216.jpg,56,cap,6,2370216
images/2362620.jpg,dog,1,train,cap,2362620.jpg,56,cap,6,2362620
images/2402346.jpg,dog,1,test,cap,2402346.jpg,56,cap,6,2402346
images/1831.jpg,dog,1,train,cap,1831.jpg,56,cap,6,1831
images/2368162.jpg,dog,1,test,cap,2368162.jpg,56,cap,6,2368162
images/2374749.jpg,dog,1,train,cap,2374749.jpg,56,cap,6,2374749
images/2318379.jpg,dog,1,train,cap,2318379.jpg,56,cap,6,2318379
images/2352484.jpg,dog,1,train,cap,2352484.jpg,56,cap,6,2352484
images/2405103.jpg,dog,1,test,cap,2405103.jpg,56,cap,6,2405103
images/2412325.jpg,dog,1,val,cap,2412325.jpg,56,cap,6,2412325
images/2354681.jpg,dog,1,train,cap,2354681.jpg,56,cap,6,2354681
images/2345905.jpg,dog,1,train,cap,2345905.jpg,56,cap,6,2345905
images/2361109.jpg,dog,1,train,cap,2361109.jpg,56,cap,6,2361109
images/2355266.jpg,dog,1,val,cap,2355266.jpg,56,cap,6,2355266
images/2318448.jpg,dog,1,train,cap,2318448.jpg,56,cap,6,2318448
images/2406520.jpg,dog,1,train,cap,2406520.jpg,56,cap,6,2406520
images/2402417.jpg,dog,1,train,cap,2402417.jpg,56,cap,6,2402417
images/2323585.jpg,dog,1,val,cap,2323585.jpg,56,cap,6,2323585
images/2409721.jpg,dog,1,train,cap,2409721.jpg,56,cap,6,2409721
images/2387231.jpg,dog,1,train,cap,2387231.jpg,56,cap,6,2387231
images/2324645.jpg,dog,1,val,cap,2324645.jpg,56,cap,6,2324645
images/2315606.jpg,dog,1,test,cap,2315606.jpg,56,cap,6,2315606
images/2399233.jpg,dog,1,train,cap,2399233.jpg,56,cap,6,2399233
images/2360562.jpg,dog,1,train,cap,2360562.jpg,56,cap,6,2360562
images/2360407.jpg,dog,1,val,cap,2360407.jpg,56,cap,6,2360407
images/2317971.jpg,dog,1,train,cap,2317971.jpg,56,cap,6,2317971
images/2351083.jpg,dog,1,train,cap,2351083.jpg,56,cap,6,2351083
images/2322354.jpg,dog,1,train,cap,2322354.jpg,56,cap,6,2322354
images/1592395.jpg,dog,1,train,cap,1592395.jpg,56,cap,6,1592395
images/2321342.jpg,dog,1,train,cap,2321342.jpg,56,cap,6,2321342
images/2318179.jpg,dog,1,test,cap,2318179.jpg,56,cap,6,2318179
images/2369464.jpg,dog,1,train,cap,2369464.jpg,56,cap,6,2369464
images/2364424.jpg,dog,1,train,cap,2364424.jpg,56,cap,6,2364424
images/2382890.jpg,dog,1,train,cap,2382890.jpg,56,cap,6,2382890
images/2414082.jpg,dog,1,train,cap,2414082.jpg,56,cap,6,2414082
images/2337026.jpg,dog,1,val,cap,2337026.jpg,56,cap,6,2337026
images/2409245.jpg,dog,1,train,cap,2409245.jpg,56,cap,6,2409245
images/2407734.jpg,dog,1,test,cap,2407734.jpg,56,cap,6,2407734
images/2379154.jpg,dog,1,test,cap,2379154.jpg,56,cap,6,2379154
images/2356713.jpg,dog,1,val,cap,2356713.jpg,56,cap,6,2356713
images/2359049.jpg,dog,1,train,cap,2359049.jpg,56,cap,6,2359049
images/2396988.jpg,dog,1,train,cap,2396988.jpg,56,cap,6,2396988
images/2344769.jpg,dog,1,train,cap,2344769.jpg,56,cap,6,2344769
images/2361415.jpg,dog,1,train,cap,2361415.jpg,56,cap,6,2361415
images/2382399.jpg,dog,1,train,cap,2382399.jpg,56,cap,6,2382399
images/2396753.jpg,dog,1,train,cap,2396753.jpg,56,cap,6,2396753
images/2335823.jpg,dog,1,train,cap,2335823.jpg,56,cap,6,2335823
images/2318384.jpg,dog,1,train,cap,2318384.jpg,56,cap,6,2318384
images/2324950.jpg,dog,1,train,cap,2324950.jpg,56,cap,6,2324950
images/2402597.jpg,dog,1,train,cap,2402597.jpg,56,cap,6,2402597
images/2347508.jpg,dog,1,train,cap,2347508.jpg,56,cap,6,2347508
images/2403124.jpg,dog,1,test,cap,2403124.jpg,56,cap,6,2403124
images/2412794.jpg,dog,1,train,cap,2412794.jpg,56,cap,6,2412794
images/2414707.jpg,dog,1,val,cap,2414707.jpg,56,cap,6,2414707
images/2350109.jpg,dog,1,train,cap,2350109.jpg,56,cap,6,2350109
images/2397149.jpg,dog,1,train,cap,2397149.jpg,56,cap,6,2397149
images/2386512.jpg,dog,1,train,cap,2386512.jpg,56,cap,6,2386512
images/2322281.jpg,dog,1,train,cap,2322281.jpg,56,cap,6,2322281
images/2333842.jpg,dog,1,test,cap,2333842.jpg,56,cap,6,2333842
images/2386631.jpg,dog,1,train,cap,2386631.jpg,56,cap,6,2386631
images/2350595.jpg,dog,1,train,cap,2350595.jpg,56,cap,6,2350595
images/2341651.jpg,dog,1,train,cap,2341651.jpg,56,cap,6,2341651
images/2385853.jpg,dog,1,train,cap,2385853.jpg,56,cap,6,2385853
images/2357063.jpg,dog,1,train,cap,2357063.jpg,56,cap,6,2357063
images/2317615.jpg,dog,1,train,cap,2317615.jpg,56,cap,6,2317615
images/2382854.jpg,dog,1,train,cap,2382854.jpg,56,cap,6,2382854
images/2317981.jpg,dog,1,train,cap,2317981.jpg,56,cap,6,2317981
images/2416953.jpg,dog,1,val,cap,2416953.jpg,56,cap,6,2416953
images/2341743.jpg,dog,1,train,cap,2341743.jpg,56,cap,6,2341743
images/2388468.jpg,dog,1,train,cap,2388468.jpg,56,cap,6,2388468
images/2346086.jpg,dog,1,train,cap,2346086.jpg,56,cap,6,2346086
images/2326052.jpg,dog,1,train,cap,2326052.jpg,56,cap,6,2326052
images/2364024.jpg,dog,1,test,cap,2364024.jpg,56,cap,6,2364024
images/2373581.jpg,dog,1,val,cap,2373581.jpg,56,cap,6,2373581
images/2376475.jpg,dog,1,val,cap,2376475.jpg,56,cap,6,2376475
images/2339161.jpg,dog,1,train,cap,2339161.jpg,56,cap,6,2339161
images/2389743.jpg,dog,1,val,cap,2389743.jpg,56,cap,6,2389743
images/2392675.jpg,dog,1,train,cap,2392675.jpg,56,cap,6,2392675
images/2368057.jpg,dog,1,test,screen,2368057.jpg,86,screen,36,2368057
images/2385023.jpg,dog,1,test,screen,2385023.jpg,86,screen,36,2385023
images/2347801.jpg,dog,1,test,screen,2347801.jpg,86,screen,36,2347801
images/2327653.jpg,dog,1,test,screen,2327653.jpg,86,screen,36,2327653
images/2403329.jpg,dog,1,test,screen,2403329.jpg,86,screen,36,2403329
images/2385624.jpg,dog,1,test,screen,2385624.jpg,86,screen,36,2385624
images/2338275.jpg,dog,1,test,screen,2338275.jpg,86,screen,36,2338275
images/2343510.jpg,dog,1,test,screen,2343510.jpg,86,screen,36,2343510
images/2356084.jpg,dog,1,test,screen,2356084.jpg,86,screen,36,2356084
images/2380064.jpg,dog,1,test,screen,2380064.jpg,86,screen,36,2380064
images/2382854.jpg,dog,1,test,screen,2382854.jpg,86,screen,36,2382854
images/2352170.jpg,dog,1,test,screen,2352170.jpg,86,screen,36,2352170
images/286021.jpg,dog,1,test,screen,286021.jpg,86,screen,36,286021
images/2372148.jpg,dog,1,test,screen,2372148.jpg,86,screen,36,2372148
images/2319723.jpg,dog,1,test,screen,2319723.jpg,86,screen,36,2319723
images/2384567.jpg,dog,1,test,screen,2384567.jpg,86,screen,36,2384567
images/2323250.jpg,dog,1,test,screen,2323250.jpg,86,screen,36,2323250
images/2358350.jpg,dog,1,test,screen,2358350.jpg,86,screen,36,2358350
images/2375328.jpg,dog,1,test,screen,2375328.jpg,86,screen,36,2375328
images/2349556.jpg,dog,1,test,screen,2349556.jpg,86,screen,36,2349556
images/2355561.jpg,dog,1,test,screen,2355561.jpg,86,screen,36,2355561
images/2322634.jpg,dog,1,test,screen,2322634.jpg,86,screen,36,2322634
images/2377466.jpg,dog,1,test,screen,2377466.jpg,86,screen,36,2377466
images/2343212.jpg,dog,1,test,screen,2343212.jpg,86,screen,36,2343212
images/2404862.jpg,dog,1,test,screen,2404862.jpg,86,screen,36,2404862
images/2383550.jpg,dog,1,train,snow,2383550.jpg,91,snow,41,2383550
images/2317971.jpg,dog,1,train,snow,2317971.jpg,91,snow,41,2317971
images/2358650.jpg,dog,1,train,snow,2358650.jpg,91,snow,41,2358650
images/2325354.jpg,dog,1,train,snow,2325354.jpg,91,snow,41,2325354
images/2316635.jpg,dog,1,val,snow,2316635.jpg,91,snow,41,2316635
images/2378957.jpg,dog,1,train,snow,2378957.jpg,91,snow,41,2378957
images/2410503.jpg,dog,1,train,snow,2410503.jpg,91,snow,41,2410503
images/2397149.jpg,dog,1,train,snow,2397149.jpg,91,snow,41,2397149
images/2327030.jpg,dog,1,train,snow,2327030.jpg,91,snow,41,2327030
images/2365821.jpg,dog,1,train,snow,2365821.jpg,91,snow,41,2365821
images/713615.jpg,dog,1,train,snow,713615.jpg,91,snow,41,713615
images/2403863.jpg,dog,1,test,snow,2403863.jpg,91,snow,41,2403863
images/2392521.jpg,dog,1,train,snow,2392521.jpg,91,snow,41,2392521
images/2380827.jpg,dog,1,train,snow,2380827.jpg,91,snow,41,2380827
images/1592123.jpg,dog,1,train,snow,1592123.jpg,91,snow,41,1592123
images/2316980.jpg,dog,1,train,snow,2316980.jpg,91,snow,41,2316980
images/2373852.jpg,dog,1,test,snow,2373852.jpg,91,snow,41,2373852
images/2378038.jpg,dog,1,val,snow,2378038.jpg,91,snow,41,2378038
images/2393666.jpg,dog,1,train,snow,2393666.jpg,91,snow,41,2393666
images/2386795.jpg,dog,1,train,snow,2386795.jpg,91,snow,41,2386795
images/2339024.jpg,dog,1,test,snow,2339024.jpg,91,snow,41,2339024
images/2400374.jpg,dog,1,train,snow,2400374.jpg,91,snow,41,2400374
images/2367771.jpg,dog,1,train,snow,2367771.jpg,91,snow,41,2367771
images/2324410.jpg,dog,1,train,snow,2324410.jpg,91,snow,41,2324410
images/2393247.jpg,dog,1,train,snow,2393247.jpg,91,snow,41,2393247
images/2338674.jpg,dog,1,train,snow,2338674.jpg,91,snow,41,2338674
images/2351640.jpg,dog,1,test,snow,2351640.jpg,91,snow,41,2351640
images/2357646.jpg,dog,1,train,snow,2357646.jpg,91,snow,41,2357646
images/2376054.jpg,dog,1,train,snow,2376054.jpg,91,snow,41,2376054
images/2337125.jpg,dog,1,train,snow,2337125.jpg,91,snow,41,2337125
images/2353702.jpg,dog,1,train,snow,2353702.jpg,91,snow,41,2353702
images/2383227.jpg,dog,1,train,snow,2383227.jpg,91,snow,41,2383227
images/2340687.jpg,dog,1,train,snow,2340687.jpg,91,snow,41,2340687
images/2340219.jpg,dog,1,val,snow,2340219.jpg,91,snow,41,2340219
images/2362093.jpg,dog,1,val,snow,2362093.jpg,91,snow,41,2362093
images/2393339.jpg,dog,1,train,snow,2393339.jpg,91,snow,41,2393339
images/2345710.jpg,dog,1,train,snow,2345710.jpg,91,snow,41,2345710
images/2396875.jpg,dog,1,train,snow,2396875.jpg,91,snow,41,2396875
images/2350157.jpg,dog,1,train,snow,2350157.jpg,91,snow,41,2350157
images/2384109.jpg,dog,1,train,snow,2384109.jpg,91,snow,41,2384109
images/2367662.jpg,dog,1,test,snow,2367662.jpg,91,snow,41,2367662
images/2361561.jpg,dog,1,val,snow,2361561.jpg,91,snow,41,2361561
images/2393779.jpg,dog,1,train,snow,2393779.jpg,91,snow,41,2393779
images/2377200.jpg,dog,1,train,snow,2377200.jpg,91,snow,41,2377200
images/2389381.jpg,dog,1,train,snow,2389381.jpg,91,snow,41,2389381
images/2399233.jpg,dog,1,train,snow,2399233.jpg,91,snow,41,2399233
images/2325910.jpg,dog,1,train,snow,2325910.jpg,91,snow,41,2325910
images/2376077.jpg,dog,1,train,snow,2376077.jpg,91,snow,41,2376077
images/2322293.jpg,dog,1,train,snow,2322293.jpg,91,snow,41,2322293
images/2387472.jpg,dog,1,train,snow,2387472.jpg,91,snow,41,2387472
images/2377314.jpg,dog,1,val,snow,2377314.jpg,91,snow,41,2377314
images/2342562.jpg,dog,1,val,snow,2342562.jpg,91,snow,41,2342562
images/2360562.jpg,dog,1,train,snow,2360562.jpg,91,snow,41,2360562
images/2363601.jpg,dog,1,train,snow,2363601.jpg,91,snow,41,2363601
images/2407435.jpg,dog,1,test,basket,2407435.jpg,51,basket,1,2407435
images/2403639.jpg,dog,1,test,basket,2403639.jpg,51,basket,1,2403639
images/713723.jpg,dog,1,train,basket,713723.jpg,51,basket,1,713723
images/2344635.jpg,dog,1,train,basket,2344635.jpg,51,basket,1,2344635
images/2339453.jpg,dog,1,val,basket,2339453.jpg,51,basket,1,2339453
images/2328975.jpg,dog,1,train,basket,2328975.jpg,51,basket,1,2328975
images/107970.jpg,dog,1,val,basket,107970.jpg,51,basket,1,107970
images/2368409.jpg,dog,1,train,basket,2368409.jpg,51,basket,1,2368409
images/2394168.jpg,dog,1,test,basket,2394168.jpg,51,basket,1,2394168
images/2320460.jpg,dog,1,test,basket,2320460.jpg,51,basket,1,2320460
images/2383945.jpg,dog,1,train,basket,2383945.jpg,51,basket,1,2383945
images/2402100.jpg,dog,1,train,basket,2402100.jpg,51,basket,1,2402100
images/2369749.jpg,dog,1,train,basket,2369749.jpg,51,basket,1,2369749
images/2347216.jpg,dog,1,train,basket,2347216.jpg,51,basket,1,2347216
images/2386134.jpg,dog,1,train,basket,2386134.jpg,51,basket,1,2386134
images/2367272.jpg,dog,1,val,basket,2367272.jpg,51,basket,1,2367272
images/2351824.jpg,dog,1,train,basket,2351824.jpg,51,basket,1,2351824
images/285822.jpg,dog,1,test,basket,285822.jpg,51,basket,1,285822
images/2387140.jpg,dog,1,train,basket,2387140.jpg,51,basket,1,2387140
images/2333815.jpg,dog,1,train,basket,2333815.jpg,51,basket,1,2333815
images/2366850.jpg,dog,1,train,basket,2366850.jpg,51,basket,1,2366850
images/2416699.jpg,dog,1,train,basket,2416699.jpg,51,basket,1,2416699
images/2344629.jpg,dog,1,train,basket,2344629.jpg,51,basket,1,2344629
images/2320655.jpg,dog,1,train,basket,2320655.jpg,51,basket,1,2320655
images/2335788.jpg,dog,1,val,basket,2335788.jpg,51,basket,1,2335788
images/2318876.jpg,dog,1,test,basket,2318876.jpg,51,basket,1,2318876
images/2372968.jpg,dog,1,val,basket,2372968.jpg,51,basket,1,2372968
images/2380956.jpg,dog,1,train,basket,2380956.jpg,51,basket,1,2380956
images/2324193.jpg,dog,1,train,basket,2324193.jpg,51,basket,1,2324193
images/2395207.jpg,dog,1,train,basket,2395207.jpg,51,basket,1,2395207
images/2353501.jpg,dog,1,val,basket,2353501.jpg,51,basket,1,2353501
images/2366619.jpg,dog,1,train,basket,2366619.jpg,51,basket,1,2366619
images/2364253.jpg,dog,1,test,basket,2364253.jpg,51,basket,1,2364253
images/2402353.jpg,dog,1,test,basket,2402353.jpg,51,basket,1,2402353
images/2324234.jpg,dog,1,val,basket,2324234.jpg,51,basket,1,2324234
images/2384424.jpg,dog,1,train,basket,2384424.jpg,51,basket,1,2384424
images/2368507.jpg,dog,1,train,basket,2368507.jpg,51,basket,1,2368507
images/2359911.jpg,dog,1,test,basket,2359911.jpg,51,basket,1,2359911
images/2362696.jpg,dog,1,train,basket,2362696.jpg,51,basket,1,2362696
images/2404482.jpg,dog,1,train,basket,2404482.jpg,51,basket,1,2404482
images/2370711.jpg,dog,1,train,basket,2370711.jpg,51,basket,1,2370711
images/2345594.jpg,dog,1,train,basket,2345594.jpg,51,basket,1,2345594
images/2367721.jpg,dog,1,test,basket,2367721.jpg,51,basket,1,2367721
images/2415276.jpg,dog,1,train,basket,2415276.jpg,51,basket,1,2415276
images/2334367.jpg,dog,1,train,basket,2334367.jpg,51,basket,1,2334367
images/2329428.jpg,dog,1,train,basket,2329428.jpg,51,basket,1,2329428
images/1591911.jpg,dog,1,train,basket,1591911.jpg,51,basket,1,1591911
images/2384105.jpg,dog,1,train,basket,2384105.jpg,51,basket,1,2384105
images/2402657.jpg,dog,1,train,basket,2402657.jpg,51,basket,1,2402657
images/2373581.jpg,dog,1,train,basket,2373581.jpg,51,basket,1,2373581
images/2355347.jpg,dog,1,train,basket,2355347.jpg,51,basket,1,2355347
images/2347660.jpg,dog,1,train,basket,2347660.jpg,51,basket,1,2347660
images/2379774.jpg,dog,1,val,basket,2379774.jpg,51,basket,1,2379774
images/2343625.jpg,dog,1,train,basket,2343625.jpg,51,basket,1,2343625
images/2329456.jpg,dog,1,train,basket,2329456.jpg,51,basket,1,2329456
images/2409618.jpg,dog,1,train,basket,2409618.jpg,51,basket,1,2409618
images/2330381.jpg,dog,1,train,basket,2330381.jpg,51,basket,1,2330381
images/2319745.jpg,dog,1,val,basket,2319745.jpg,51,basket,1,2319745
images/2371647.jpg,dog,1,train,basket,2371647.jpg,51,basket,1,2371647
images/2396753.jpg,dog,1,test,basket,2396753.jpg,51,basket,1,2396753
images/2324478.jpg,dog,1,train,basket,2324478.jpg,51,basket,1,2324478
images/2384567.jpg,dog,1,test,monitor,2384567.jpg,77,monitor,27,2384567
images/2358614.jpg,dog,1,test,monitor,2358614.jpg,77,monitor,27,2358614
images/2347801.jpg,dog,1,test,monitor,2347801.jpg,77,monitor,27,2347801
images/2323945.jpg,dog,1,test,monitor,2323945.jpg,77,monitor,27,2323945
images/2385453.jpg,dog,1,test,monitor,2385453.jpg,77,monitor,27,2385453
images/2394890.jpg,dog,1,test,monitor,2394890.jpg,77,monitor,27,2394890
images/2382854.jpg,dog,1,test,monitor,2382854.jpg,77,monitor,27,2382854
images/2349556.jpg,dog,1,test,monitor,2349556.jpg,77,monitor,27,2349556
images/2385539.jpg,dog,1,train,flag,2385539.jpg,68,flag,18,2385539
images/2316469.jpg,dog,1,train,flag,2316469.jpg,68,flag,18,2316469
images/722.jpg,dog,1,train,flag,722.jpg,68,flag,18,722
images/2325645.jpg,dog,1,train,flag,2325645.jpg,68,flag,18,2325645
images/2336693.jpg,dog,1,train,flag,2336693.jpg,68,flag,18,2336693
images/2340353.jpg,dog,1,train,flag,2340353.jpg,68,flag,18,2340353
images/2321557.jpg,dog,1,val,flag,2321557.jpg,68,flag,18,2321557
images/2336406.jpg,dog,1,test,flag,2336406.jpg,68,flag,18,2336406
images/1592123.jpg,dog,1,train,flag,1592123.jpg,68,flag,18,1592123
images/2377113.jpg,dog,1,train,flag,2377113.jpg,68,flag,18,2377113
images/2413880.jpg,dog,1,train,flag,2413880.jpg,68,flag,18,2413880
images/2388066.jpg,dog,1,train,flag,2388066.jpg,68,flag,18,2388066
images/2359073.jpg,dog,1,train,flag,2359073.jpg,68,flag,18,2359073
images/2376794.jpg,dog,1,train,flag,2376794.jpg,68,flag,18,2376794
images/2382269.jpg,dog,1,train,flag,2382269.jpg,68,flag,18,2382269
images/2315773.jpg,dog,1,train,flag,2315773.jpg,68,flag,18,2315773
images/2328885.jpg,dog,1,train,flag,2328885.jpg,68,flag,18,2328885
images/2320868.jpg,dog,1,train,flag,2320868.jpg,68,flag,18,2320868
images/2333815.jpg,dog,1,train,flag,2333815.jpg,68,flag,18,2333815
images/497973.jpg,dog,1,train,flag,497973.jpg,68,flag,18,497973
images/2364866.jpg,dog,1,train,flag,2364866.jpg,68,flag,18,2364866
images/2366845.jpg,dog,1,train,flag,2366845.jpg,68,flag,18,2366845
images/2345151.jpg,dog,1,train,flag,2345151.jpg,68,flag,18,2345151
images/2318372.jpg,dog,1,train,flag,2318372.jpg,68,flag,18,2318372
images/2358778.jpg,dog,1,train,flag,2358778.jpg,68,flag,18,2358778
images/2367060.jpg,dog,1,train,flag,2367060.jpg,68,flag,18,2367060
images/2353801.jpg,dog,1,train,flag,2353801.jpg,68,flag,18,2353801
images/2334367.jpg,dog,1,train,flag,2334367.jpg,68,flag,18,2334367
images/2382687.jpg,dog,1,val,flag,2382687.jpg,68,flag,18,2382687
images/2363530.jpg,dog,1,val,flag,2363530.jpg,68,flag,18,2363530
images/2395166.jpg,dog,1,train,flag,2395166.jpg,68,flag,18,2395166
images/2359938.jpg,dog,1,train,people,2359938.jpg,81,people,31,2359938
images/2409697.jpg,dog,1,train,people,2409697.jpg,81,people,31,2409697
images/2390441.jpg,dog,1,train,people,2390441.jpg,81,people,31,2390441
images/285910.jpg,dog,1,train,people,285910.jpg,81,people,31,285910
images/2405419.jpg,dog,1,train,people,2405419.jpg,81,people,31,2405419
images/2360206.jpg,dog,1,val,people,2360206.jpg,81,people,31,2360206
images/2393152.jpg,dog,1,train,people,2393152.jpg,81,people,31,2393152
images/2386233.jpg,dog,1,train,people,2386233.jpg,81,people,31,2386233
images/2362446.jpg,dog,1,train,people,2362446.jpg,81,people,31,2362446
images/2374386.jpg,dog,1,test,people,2374386.jpg,81,people,31,2374386
images/2341071.jpg,dog,1,train,people,2341071.jpg,81,people,31,2341071
images/2384517.jpg,dog,1,test,people,2384517.jpg,81,people,31,2384517
images/2402842.jpg,dog,1,train,people,2402842.jpg,81,people,31,2402842
images/2397585.jpg,dog,1,val,people,2397585.jpg,81,people,31,2397585
images/2337303.jpg,dog,1,train,people,2337303.jpg,81,people,31,2337303
images/2393315.jpg,dog,1,train,people,2393315.jpg,81,people,31,2393315
images/2394611.jpg,dog,1,train,people,2394611.jpg,81,people,31,2394611
images/723.jpg,dog,1,train,people,723.jpg,81,people,31,723
images/2342900.jpg,dog,1,test,people,2342900.jpg,81,people,31,2342900
images/2391849.jpg,dog,1,train,people,2391849.jpg,81,people,31,2391849
images/2324234.jpg,dog,1,train,people,2324234.jpg,81,people,31,2324234
images/2346815.jpg,dog,1,val,people,2346815.jpg,81,people,31,2346815
images/2388197.jpg,dog,1,val,people,2388197.jpg,81,people,31,2388197
images/2400608.jpg,dog,1,val,people,2400608.jpg,81,people,31,2400608
images/2327076.jpg,dog,1,val,people,2327076.jpg,81,people,31,2327076
images/2341368.jpg,dog,1,train,people,2341368.jpg,81,people,31,2341368
images/2376950.jpg,dog,1,train,people,2376950.jpg,81,people,31,2376950
images/2323280.jpg,dog,1,val,people,2323280.jpg,81,people,31,2323280
images/1592443.jpg,dog,1,train,people,1592443.jpg,81,people,31,1592443
images/2368914.jpg,dog,1,train,people,2368914.jpg,81,people,31,2368914
images/2370107.jpg,dog,1,train,people,2370107.jpg,81,people,31,2370107
images/2324236.jpg,dog,1,val,people,2324236.jpg,81,people,31,2324236
images/2377200.jpg,dog,1,train,people,2377200.jpg,81,people,31,2377200
images/2379484.jpg,dog,1,train,people,2379484.jpg,81,people,31,2379484
images/2324942.jpg,dog,1,val,people,2324942.jpg,81,people,31,2324942
images/2363530.jpg,dog,1,train,people,2363530.jpg,81,people,31,2363530
images/2394945.jpg,dog,1,train,people,2394945.jpg,81,people,31,2394945
images/2335576.jpg,dog,1,train,people,2335576.jpg,81,people,31,2335576
images/2354475.jpg,dog,1,test,people,2354475.jpg,81,people,31,2354475
images/2393911.jpg,dog,1,train,people,2393911.jpg,81,people,31,2393911
images/2345905.jpg,dog,1,train,people,2345905.jpg,81,people,31,2345905
images/2409920.jpg,dog,1,train,people,2409920.jpg,81,people,31,2409920
images/2383945.jpg,dog,1,train,people,2383945.jpg,81,people,31,2383945
images/2380760.jpg,dog,1,test,people,2380760.jpg,81,people,31,2380760
images/2406607.jpg,dog,1,train,people,2406607.jpg,81,people,31,2406607
images/2377113.jpg,dog,1,train,people,2377113.jpg,81,people,31,2377113
images/2369004.jpg,dog,1,train,people,2369004.jpg,81,people,31,2369004
images/286019.jpg,dog,1,train,people,286019.jpg,81,people,31,286019
images/2395217.jpg,dog,1,test,people,2395217.jpg,81,people,31,2395217
images/2377704.jpg,dog,1,train,people,2377704.jpg,81,people,31,2377704
images/2416740.jpg,dog,1,train,people,2416740.jpg,81,people,31,2416740
images/2357802.jpg,dog,1,train,people,2357802.jpg,81,people,31,2357802
images/2404204.jpg,dog,1,train,people,2404204.jpg,81,people,31,2404204
images/2370727.jpg,dog,1,train,people,2370727.jpg,81,people,31,2370727
images/2377932.jpg,dog,1,train,people,2377932.jpg,81,people,31,2377932
images/498019.jpg,dog,1,train,people,498019.jpg,81,people,31,498019
images/2324410.jpg,dog,1,train,people,2324410.jpg,81,people,31,2324410
images/2372046.jpg,dog,1,train,people,2372046.jpg,81,people,31,2372046
images/2409721.jpg,dog,1,train,people,2409721.jpg,81,people,31,2409721
images/2405623.jpg,dog,1,train,people,2405623.jpg,81,people,31,2405623
images/2387231.jpg,dog,1,train,people,2387231.jpg,81,people,31,2387231
images/2366156.jpg,dog,1,val,people,2366156.jpg,81,people,31,2366156
images/2340860.jpg,dog,1,val,people,2340860.jpg,81,people,31,2340860
images/2361220.jpg,dog,1,train,people,2361220.jpg,81,people,31,2361220
images/4592.jpg,dog,1,train,people,4592.jpg,81,people,31,4592
images/2351477.jpg,dog,1,train,people,2351477.jpg,81,people,31,2351477
images/2365030.jpg,dog,1,train,people,2365030.jpg,81,people,31,2365030
images/2408785.jpg,dog,1,train,people,2408785.jpg,81,people,31,2408785
images/2388985.jpg,dog,1,train,people,2388985.jpg,81,people,31,2388985
images/2353942.jpg,dog,1,train,people,2353942.jpg,81,people,31,2353942
images/2417487.jpg,dog,1,test,people,2417487.jpg,81,people,31,2417487
images/2315606.jpg,dog,1,train,people,2315606.jpg,81,people,31,2315606
images/2376395.jpg,dog,1,train,people,2376395.jpg,81,people,31,2376395
images/2377469.jpg,dog,1,train,people,2377469.jpg,81,people,31,2377469
images/2339336.jpg,dog,1,train,people,2339336.jpg,81,people,31,2339336
images/2400958.jpg,dog,1,test,people,2400958.jpg,81,people,31,2400958
images/2341401.jpg,dog,1,val,people,2341401.jpg,81,people,31,2341401
images/2355579.jpg,dog,1,train,people,2355579.jpg,81,people,31,2355579
images/2417873.jpg,dog,1,train,people,2417873.jpg,81,people,31,2417873
images/2360562.jpg,dog,1,train,people,2360562.jpg,81,people,31,2360562
images/2338125.jpg,dog,1,test,people,2338125.jpg,81,people,31,2338125
images/2330218.jpg,dog,1,train,people,2330218.jpg,81,people,31,2330218
images/2349616.jpg,dog,1,train,people,2349616.jpg,81,people,31,2349616
images/2325354.jpg,dog,1,train,people,2325354.jpg,81,people,31,2325354
images/2376639.jpg,dog,1,train,people,2376639.jpg,81,people,31,2376639
images/722.jpg,dog,1,train,people,722.jpg,81,people,31,722
images/2366946.jpg,dog,1,val,people,2366946.jpg,81,people,31,2366946
images/2343526.jpg,dog,1,val,people,2343526.jpg,81,people,31,2343526
images/2414764.jpg,dog,1,train,people,2414764.jpg,81,people,31,2414764
images/2324536.jpg,dog,1,train,people,2324536.jpg,81,people,31,2324536
images/2404537.jpg,dog,1,train,people,2404537.jpg,81,people,31,2404537
images/2380064.jpg,dog,1,train,people,2380064.jpg,81,people,31,2380064
images/2417191.jpg,dog,1,test,people,2417191.jpg,81,people,31,2417191
images/2370710.jpg,dog,1,train,people,2370710.jpg,81,people,31,2370710
images/2365964.jpg,dog,1,test,people,2365964.jpg,81,people,31,2365964
images/2382466.jpg,dog,1,train,people,2382466.jpg,81,people,31,2382466
images/2371402.jpg,dog,1,train,people,2371402.jpg,81,people,31,2371402
images/2320542.jpg,dog,1,train,people,2320542.jpg,81,people,31,2320542
images/2412342.jpg,dog,1,train,people,2412342.jpg,81,people,31,2412342
images/2366845.jpg,dog,1,val,people,2366845.jpg,81,people,31,2366845
images/2373754.jpg,dog,1,test,people,2373754.jpg,81,people,31,2373754
images/2413579.jpg,dog,1,train,people,2413579.jpg,81,people,31,2413579
images/713715.jpg,dog,1,train,people,713715.jpg,81,people,31,713715
images/2356259.jpg,dog,1,train,people,2356259.jpg,81,people,31,2356259
images/2369.jpg,dog,1,train,people,2369.jpg,81,people,31,2369
images/2367662.jpg,dog,1,train,people,2367662.jpg,81,people,31,2367662
images/2375910.jpg,dog,1,train,people,2375910.jpg,81,people,31,2375910
images/2320693.jpg,dog,1,train,people,2320693.jpg,81,people,31,2320693
images/2393779.jpg,dog,1,train,people,2393779.jpg,81,people,31,2393779
images/2348134.jpg,dog,1,train,people,2348134.jpg,81,people,31,2348134
images/2382399.jpg,dog,1,train,people,2382399.jpg,81,people,31,2382399
images/2392036.jpg,dog,1,val,people,2392036.jpg,81,people,31,2392036
images/2411533.jpg,dog,1,val,people,2411533.jpg,81,people,31,2411533
images/2396753.jpg,dog,1,val,people,2396753.jpg,81,people,31,2396753
images/2319880.jpg,dog,1,train,people,2319880.jpg,81,people,31,2319880
images/2402597.jpg,dog,1,val,people,2402597.jpg,81,people,31,2402597
images/2358192.jpg,dog,1,train,people,2358192.jpg,81,people,31,2358192
images/2380409.jpg,dog,1,train,people,2380409.jpg,81,people,31,2380409
images/2397204.jpg,dog,1,train,people,2397204.jpg,81,people,31,2397204
images/2355727.jpg,dog,1,train,people,2355727.jpg,81,people,31,2355727
images/2357995.jpg,dog,1,train,people,2357995.jpg,81,people,31,2357995
images/2386512.jpg,dog,1,train,people,2386512.jpg,81,people,31,2386512
images/2320130.jpg,dog,1,train,people,2320130.jpg,81,people,31,2320130
images/2363815.jpg,dog,1,val,people,2363815.jpg,81,people,31,2363815
images/2409740.jpg,dog,1,val,people,2409740.jpg,81,people,31,2409740
images/2391800.jpg,dog,1,train,people,2391800.jpg,81,people,31,2391800
images/2367636.jpg,dog,1,train,people,2367636.jpg,81,people,31,2367636
images/2347373.jpg,dog,1,train,people,2347373.jpg,81,people,31,2347373
images/2363267.jpg,dog,1,train,people,2363267.jpg,81,people,31,2363267
images/2384455.jpg,dog,1,train,people,2384455.jpg,81,people,31,2384455
images/2317573.jpg,dog,1,train,people,2317573.jpg,81,people,31,2317573
images/2345544.jpg,dog,1,val,people,2345544.jpg,81,people,31,2345544
images/2361973.jpg,dog,1,train,people,2361973.jpg,81,people,31,2361973
images/2345931.jpg,dog,1,val,people,2345931.jpg,81,people,31,2345931
images/2416234.jpg,dog,1,train,people,2416234.jpg,81,people,31,2416234
images/2370145.jpg,dog,1,train,people,2370145.jpg,81,people,31,2370145
images/2341743.jpg,dog,1,train,people,2341743.jpg,81,people,31,2341743
images/2416883.jpg,dog,1,train,people,2416883.jpg,81,people,31,2416883
images/2323250.jpg,dog,1,train,people,2323250.jpg,81,people,31,2323250
images/2382138.jpg,dog,1,train,people,2382138.jpg,81,people,31,2382138
images/2324192.jpg,dog,1,train,people,2324192.jpg,81,people,31,2324192
images/2373751.jpg,dog,1,train,people,2373751.jpg,81,people,31,2373751
images/3424.jpg,dog,1,val,people,3424.jpg,81,people,31,3424
images/2324106.jpg,dog,1,train,people,2324106.jpg,81,people,31,2324106
images/2315716.jpg,dog,1,train,people,2315716.jpg,81,people,31,2315716
images/2373288.jpg,dog,1,train,people,2373288.jpg,81,people,31,2373288
images/2367710.jpg,dog,1,train,people,2367710.jpg,81,people,31,2367710
images/2348342.jpg,dog,1,train,people,2348342.jpg,81,people,31,2348342
images/2397787.jpg,dog,1,train,people,2397787.jpg,81,people,31,2397787
images/2336458.jpg,dog,1,train,people,2336458.jpg,81,people,31,2336458
images/2392675.jpg,dog,1,val,people,2392675.jpg,81,people,31,2392675
images/2407435.jpg,dog,1,val,rope,2407435.jpg,84,rope,34,2407435
images/2330218.jpg,dog,1,val,rope,2330218.jpg,84,rope,34,2330218
images/2399674.jpg,dog,1,train,rope,2399674.jpg,84,rope,34,2399674
images/2385539.jpg,dog,1,train,rope,2385539.jpg,84,rope,34,2385539
images/2349275.jpg,dog,1,val,rope,2349275.jpg,84,rope,34,2349275
images/2392565.jpg,dog,1,train,rope,2392565.jpg,84,rope,34,2392565
images/2325645.jpg,dog,1,train,rope,2325645.jpg,84,rope,34,2325645
images/2336693.jpg,dog,1,train,rope,2336693.jpg,84,rope,34,2336693
images/2391472.jpg,dog,1,train,rope,2391472.jpg,84,rope,34,2391472
images/2331063.jpg,dog,1,train,rope,2331063.jpg,84,rope,34,2331063
images/2361576.jpg,dog,1,test,rope,2361576.jpg,84,rope,34,2361576
images/2336406.jpg,dog,1,test,rope,2336406.jpg,84,rope,34,2336406
images/2398702.jpg,dog,1,test,rope,2398702.jpg,84,rope,34,2398702
images/2369089.jpg,dog,1,val,rope,2369089.jpg,84,rope,34,2369089
images/2364444.jpg,dog,1,train,rope,2364444.jpg,84,rope,34,2364444
images/2388066.jpg,dog,1,train,rope,2388066.jpg,84,rope,34,2388066
images/2405633.jpg,dog,1,test,rope,2405633.jpg,84,rope,34,2405633
images/2381489.jpg,dog,1,train,rope,2381489.jpg,84,rope,34,2381489
images/2347233.jpg,dog,1,val,rope,2347233.jpg,84,rope,34,2347233
images/2328885.jpg,dog,1,train,rope,2328885.jpg,84,rope,34,2328885
images/2417914.jpg,dog,1,train,rope,2417914.jpg,84,rope,34,2417914
images/2344063.jpg,dog,1,train,rope,2344063.jpg,84,rope,34,2344063
images/2346513.jpg,dog,1,train,rope,2346513.jpg,84,rope,34,2346513
images/2353398.jpg,dog,1,train,rope,2353398.jpg,84,rope,34,2353398
images/2350379.jpg,dog,1,train,rope,2350379.jpg,84,rope,34,2350379
images/2331954.jpg,dog,1,train,rope,2331954.jpg,84,rope,34,2331954
images/2384424.jpg,dog,1,test,rope,2384424.jpg,84,rope,34,2384424
images/2372055.jpg,dog,1,train,rope,2372055.jpg,84,rope,34,2372055
images/2410104.jpg,dog,1,train,rope,2410104.jpg,84,rope,34,2410104
images/2380787.jpg,dog,1,train,rope,2380787.jpg,84,rope,34,2380787
images/2363861.jpg,dog,1,train,rope,2363861.jpg,84,rope,34,2363861
images/2354569.jpg,dog,1,train,rope,2354569.jpg,84,rope,34,2354569
images/2340457.jpg,dog,1,val,rope,2340457.jpg,84,rope,34,2340457
images/2403057.jpg,dog,1,train,rope,2403057.jpg,84,rope,34,2403057
images/2320102.jpg,dog,1,train,rope,2320102.jpg,84,rope,34,2320102
images/2329347.jpg,dog,1,train,rope,2329347.jpg,84,rope,34,2329347
images/2381433.jpg,dog,1,train,rope,2381433.jpg,84,rope,34,2381433
images/2361492.jpg,dog,1,train,rope,2361492.jpg,84,rope,34,2361492
images/2381952.jpg,dog,1,train,rope,2381952.jpg,84,rope,34,2381952
images/1160209.jpg,dog,1,train,rope,1160209.jpg,84,rope,34,1160209
images/2364024.jpg,dog,1,train,rope,2364024.jpg,84,rope,34,2364024
images/2398862.jpg,dog,1,test,rope,2398862.jpg,84,rope,34,2398862
images/2379774.jpg,dog,1,train,rope,2379774.jpg,84,rope,34,2379774
images/2355865.jpg,dog,1,train,rope,2355865.jpg,84,rope,34,2355865
images/2386037.jpg,dog,1,train,rope,2386037.jpg,84,rope,34,2386037
images/2391972.jpg,dog,1,val,rope,2391972.jpg,84,rope,34,2391972
images/2374097.jpg,dog,1,test,toilet,2374097.jpg,95,toilet,45,2374097
images/2411907.jpg,dog,1,test,toilet,2411907.jpg,95,toilet,45,2411907
images/2394435.jpg,dog,1,test,toilet,2394435.jpg,95,toilet,45,2394435
images/2347660.jpg,dog,1,test,toilet,2347660.jpg,95,toilet,45,2347660
images/2335354.jpg,dog,1,test,toilet,2335354.jpg,95,toilet,45,2335354
images/2329709.jpg,dog,1,test,toilet,2329709.jpg,95,toilet,45,2329709
images/2333690.jpg,dog,1,test,toilet,2333690.jpg,95,toilet,45,2333690
images/2389504.jpg,dog,1,test,toilet,2389504.jpg,95,toilet,45,2389504
images/2369174.jpg,dog,1,test,toilet,2369174.jpg,95,toilet,45,2369174
images/2398312.jpg,dog,1,test,toilet,2398312.jpg,95,toilet,45,2398312
images/2343165.jpg,dog,1,test,child,2343165.jpg,58,child,8,2343165
images/2332528.jpg,dog,1,train,child,2332528.jpg,58,child,8,2332528
images/2359938.jpg,dog,1,val,child,2359938.jpg,58,child,8,2359938
images/2409697.jpg,dog,1,train,child,2409697.jpg,58,child,8,2409697
images/2383945.jpg,dog,1,train,child,2383945.jpg,58,child,8,2383945
images/2412108.jpg,dog,1,train,child,2412108.jpg,58,child,8,2412108
images/713048.jpg,dog,1,train,child,713048.jpg,58,child,8,713048
images/2354002.jpg,dog,1,val,child,2354002.jpg,58,child,8,2354002
images/2367512.jpg,dog,1,train,child,2367512.jpg,58,child,8,2367512
images/2321342.jpg,dog,1,test,child,2321342.jpg,58,child,8,2321342
images/2385923.jpg,dog,1,val,child,2385923.jpg,58,child,8,2385923
images/2372493.jpg,dog,1,train,child,2372493.jpg,58,child,8,2372493
images/2315773.jpg,dog,1,val,child,2315773.jpg,58,child,8,2315773
images/2342372.jpg,dog,1,train,child,2342372.jpg,58,child,8,2342372
images/2395227.jpg,dog,1,train,child,2395227.jpg,58,child,8,2395227
images/2345520.jpg,dog,1,val,child,2345520.jpg,58,child,8,2345520
images/2318152.jpg,dog,1,train,child,2318152.jpg,58,child,8,2318152
images/1592252.jpg,dog,1,train,child,1592252.jpg,58,child,8,1592252
images/2377871.jpg,dog,1,train,child,2377871.jpg,58,child,8,2377871
images/2384517.jpg,dog,1,test,child,2384517.jpg,58,child,8,2384517
images/2397585.jpg,dog,1,train,child,2397585.jpg,58,child,8,2397585
images/2367771.jpg,dog,1,test,child,2367771.jpg,58,child,8,2367771
images/2412342.jpg,dog,1,train,child,2412342.jpg,58,child,8,2412342
images/2320542.jpg,dog,1,train,child,2320542.jpg,58,child,8,2320542
images/2395632.jpg,dog,1,train,child,2395632.jpg,58,child,8,2395632
images/2371922.jpg,dog,1,train,child,2371922.jpg,58,child,8,2371922
images/2356877.jpg,dog,1,train,child,2356877.jpg,58,child,8,2356877
images/2320410.jpg,dog,1,train,child,2320410.jpg,58,child,8,2320410
images/2349696.jpg,dog,1,val,child,2349696.jpg,58,child,8,2349696
images/2408562.jpg,dog,1,train,child,2408562.jpg,58,child,8,2408562
images/2388197.jpg,dog,1,train,child,2388197.jpg,58,child,8,2388197
images/2416234.jpg,dog,1,val,child,2416234.jpg,58,child,8,2416234
images/2356330.jpg,dog,1,train,child,2356330.jpg,58,child,8,2356330
images/2417119.jpg,dog,1,train,child,2417119.jpg,58,child,8,2417119
images/2388607.jpg,dog,1,val,child,2388607.jpg,58,child,8,2388607
images/2353948.jpg,dog,1,train,child,2353948.jpg,58,child,8,2353948
images/2340687.jpg,dog,1,train,child,2340687.jpg,58,child,8,2340687
images/3424.jpg,dog,1,val,child,3424.jpg,58,child,8,3424
images/2363971.jpg,dog,1,train,child,2363971.jpg,58,child,8,2363971
images/2398018.jpg,dog,1,train,child,2398018.jpg,58,child,8,2398018
images/2409085.jpg,dog,1,train,child,2409085.jpg,58,child,8,2409085
images/1591911.jpg,dog,1,test,child,1591911.jpg,58,child,8,1591911
images/2361415.jpg,dog,1,train,child,2361415.jpg,58,child,8,2361415
images/2382399.jpg,dog,1,train,child,2382399.jpg,58,child,8,2382399
images/2320476.jpg,dog,1,val,child,2320476.jpg,58,child,8,2320476
images/2360774.jpg,dog,1,train,child,2360774.jpg,58,child,8,2360774
images/2397787.jpg,dog,1,train,child,2397787.jpg,58,child,8,2397787
images/2341401.jpg,dog,1,train,child,2341401.jpg,58,child,8,2341401
images/2358535.jpg,dog,1,val,child,2358535.jpg,58,child,8,2358535
images/2367842.jpg,dog,1,train,fire hydrant,2367842.jpg,67,fire hydrant,17,2367842
images/2347851.jpg,dog,1,train,fire hydrant,2347851.jpg,67,fire hydrant,17,2347851
images/1592878.jpg,dog,1,val,fire hydrant,1592878.jpg,67,fire hydrant,17,1592878
images/2367250.jpg,dog,1,val,fire hydrant,2367250.jpg,67,fire hydrant,17,2367250
images/2353822.jpg,dog,1,train,fire hydrant,2353822.jpg,67,fire hydrant,17,2353822
images/2331072.jpg,dog,1,val,fire hydrant,2331072.jpg,67,fire hydrant,17,2331072
images/2403863.jpg,dog,1,test,fire hydrant,2403863.jpg,67,fire hydrant,17,2403863
images/2329647.jpg,dog,1,train,fire hydrant,2329647.jpg,67,fire hydrant,17,2329647
images/2384596.jpg,dog,1,train,fire hydrant,2384596.jpg,67,fire hydrant,17,2384596
images/2410952.jpg,dog,1,train,fire hydrant,2410952.jpg,67,fire hydrant,17,2410952
images/2369718.jpg,dog,1,train,fire hydrant,2369718.jpg,67,fire hydrant,17,2369718
images/2370.jpg,dog,1,train,fire hydrant,2370.jpg,67,fire hydrant,17,2370
images/2370344.jpg,dog,1,train,fire hydrant,2370344.jpg,67,fire hydrant,17,2370344
images/2345384.jpg,dog,1,train,fire hydrant,2345384.jpg,67,fire hydrant,17,2345384
images/2395888.jpg,dog,1,train,fire hydrant,2395888.jpg,67,fire hydrant,17,2395888
images/2384866.jpg,dog,1,train,fire hydrant,2384866.jpg,67,fire hydrant,17,2384866
images/2417556.jpg,dog,1,test,fire hydrant,2417556.jpg,67,fire hydrant,17,2417556
images/2328037.jpg,dog,1,train,fire hydrant,2328037.jpg,67,fire hydrant,17,2328037
images/2368734.jpg,dog,1,train,fire hydrant,2368734.jpg,67,fire hydrant,17,2368734
images/2371798.jpg,dog,1,train,fire hydrant,2371798.jpg,67,fire hydrant,17,2371798
images/2339890.jpg,dog,1,train,fire hydrant,2339890.jpg,67,fire hydrant,17,2339890
images/2389474.jpg,dog,1,train,fire hydrant,2389474.jpg,67,fire hydrant,17,2389474
images/2355950.jpg,dog,1,val,fire hydrant,2355950.jpg,67,fire hydrant,17,2355950
images/2348263.jpg,dog,1,train,fire hydrant,2348263.jpg,67,fire hydrant,17,2348263
images/2324942.jpg,dog,1,train,fire hydrant,2324942.jpg,67,fire hydrant,17,2324942
images/2354835.jpg,dog,1,train,fire hydrant,2354835.jpg,67,fire hydrant,17,2354835
images/2342220.jpg,dog,1,val,fire hydrant,2342220.jpg,67,fire hydrant,17,2342220
images/2322173.jpg,dog,1,train,fire hydrant,2322173.jpg,67,fire hydrant,17,2322173
images/2320689.jpg,dog,1,test,fire hydrant,2320689.jpg,67,fire hydrant,17,2320689
images/2391488.jpg,dog,1,train,fire hydrant,2391488.jpg,67,fire hydrant,17,2391488
images/2406866.jpg,dog,1,train,fire hydrant,2406866.jpg,67,fire hydrant,17,2406866
images/2412702.jpg,dog,1,test,fire hydrant,2412702.jpg,67,fire hydrant,17,2412702
images/2404746.jpg,dog,1,val,sheep,2404746.jpg,87,sheep,37,2404746
images/2348603.jpg,dog,1,train,sheep,2348603.jpg,87,sheep,37,2348603
images/2361109.jpg,dog,1,train,sheep,2361109.jpg,87,sheep,37,2361109
images/2350150.jpg,dog,1,train,sheep,2350150.jpg,87,sheep,37,2350150
images/2347254.jpg,dog,1,train,sheep,2347254.jpg,87,sheep,37,2347254
images/2351907.jpg,dog,1,train,sheep,2351907.jpg,87,sheep,37,2351907
images/2391472.jpg,dog,1,train,sheep,2391472.jpg,87,sheep,37,2391472
images/2404933.jpg,dog,1,val,sheep,2404933.jpg,87,sheep,37,2404933
images/2417574.jpg,dog,1,train,sheep,2417574.jpg,87,sheep,37,2417574
images/2353514.jpg,dog,1,test,sheep,2353514.jpg,87,sheep,37,2353514
images/2390585.jpg,dog,1,train,sheep,2390585.jpg,87,sheep,37,2390585
images/2352358.jpg,dog,1,train,sheep,2352358.jpg,87,sheep,37,2352358
images/2374958.jpg,dog,1,train,sheep,2374958.jpg,87,sheep,37,2374958
images/2389746.jpg,dog,1,train,sheep,2389746.jpg,87,sheep,37,2389746
images/2323208.jpg,dog,1,train,sheep,2323208.jpg,87,sheep,37,2323208
images/2410190.jpg,dog,1,val,sheep,2410190.jpg,87,sheep,37,2410190
images/2409022.jpg,dog,1,train,sheep,2409022.jpg,87,sheep,37,2409022
images/2380115.jpg,dog,1,train,sheep,2380115.jpg,87,sheep,37,2380115
images/2358622.jpg,dog,1,train,sheep,2358622.jpg,87,sheep,37,2358622
images/2380834.jpg,dog,1,val,sheep,2380834.jpg,87,sheep,37,2380834
images/2352783.jpg,dog,1,train,sheep,2352783.jpg,87,sheep,37,2352783
images/2323850.jpg,dog,1,train,sheep,2323850.jpg,87,sheep,37,2323850
images/2371220.jpg,dog,1,train,sheep,2371220.jpg,87,sheep,37,2371220
images/2386721.jpg,dog,1,val,sheep,2386721.jpg,87,sheep,37,2386721
images/2333815.jpg,dog,1,train,sheep,2333815.jpg,87,sheep,37,2333815
images/2351550.jpg,dog,1,train,sheep,2351550.jpg,87,sheep,37,2351550
images/2341856.jpg,dog,1,train,sheep,2341856.jpg,87,sheep,37,2341856
images/2350986.jpg,dog,1,train,sheep,2350986.jpg,87,sheep,37,2350986
images/2382612.jpg,dog,1,train,sheep,2382612.jpg,87,sheep,37,2382612
images/2351991.jpg,dog,1,train,sheep,2351991.jpg,87,sheep,37,2351991
images/2374745.jpg,dog,1,val,sheep,2374745.jpg,87,sheep,37,2374745
images/2394144.jpg,dog,1,train,sheep,2394144.jpg,87,sheep,37,2394144
images/2382281.jpg,dog,1,train,sheep,2382281.jpg,87,sheep,37,2382281
images/2317373.jpg,dog,1,train,sheep,2317373.jpg,87,sheep,37,2317373
images/2382489.jpg,dog,1,train,sheep,2382489.jpg,87,sheep,37,2382489
images/2338171.jpg,dog,1,train,sheep,2338171.jpg,87,sheep,37,2338171
images/2388780.jpg,dog,1,train,sheep,2388780.jpg,87,sheep,37,2388780
images/2329851.jpg,dog,1,train,sheep,2329851.jpg,87,sheep,37,2329851
images/2378801.jpg,dog,1,train,sheep,2378801.jpg,87,sheep,37,2378801
images/713715.jpg,dog,1,train,sheep,713715.jpg,87,sheep,37,713715
images/2351477.jpg,dog,1,train,sheep,2351477.jpg,87,sheep,37,2351477
images/2398376.jpg,dog,1,train,sheep,2398376.jpg,87,sheep,37,2398376
images/2381952.jpg,dog,1,train,sheep,2381952.jpg,87,sheep,37,2381952
images/2361529.jpg,dog,1,train,sheep,2361529.jpg,87,sheep,37,2361529
images/2417487.jpg,dog,1,val,sheep,2417487.jpg,87,sheep,37,2417487
images/2387864.jpg,dog,1,train,sheep,2387864.jpg,87,sheep,37,2387864
images/2320581.jpg,dog,1,train,sheep,2320581.jpg,87,sheep,37,2320581
images/2365905.jpg,dog,1,val,sheep,2365905.jpg,87,sheep,37,2365905
images/2331238.jpg,dog,1,train,sheep,2331238.jpg,87,sheep,37,2331238
images/2394945.jpg,dog,1,train,sheep,2394945.jpg,87,sheep,37,2394945
images/2333895.jpg,dog,1,train,sheep,2333895.jpg,87,sheep,37,2333895
