filename,class_name,context_name,caption
2361300.jpg,cat,bookshelf,a woman sitting on a couch in a living room
2319260.jpg,cat,bookshelf,a living room filled with furniture and appliances
2398639.jpg,cat,bookshelf,a black cat sitting on top of books on a shelf
2395193.jpg,cat,bookshelf,a cat laying on top of a table
2399526.jpg,cat,bookshelf,a cat laying on top of a blanket on a bed
2364074.jpg,cat,bookshelf,a cat laying on top of a bed next to another cat
2324064.jpg,cat,bookshelf,a cat sitting on top of a bookshelf
2364431.jpg,cat,bookshelf,a cat sitting on top of a couch in a living room
2343780.jpg,cat,bookshelf,a dog laying on the floor next to a television
2382390.jpg,cat,bookshelf,two cats standing on top of a wooden desk
2392699.jpg,cat,bookshelf,a cat that is sitting in a suitcase
2355400.jpg,cat,bookshelf,a black cat sitting on top of a bookshelf
2387323.jpg,cat,bookshelf,a cat sitting on the floor next to a television
2389179.jpg,cat,bookshelf,a cat standing on top of a book shelf
2340179.jpg,cat,bookshelf,a cat that is sitting on a chair
2339912.jpg,cat,bookshelf,a man is petting a black and white cat
2408383.jpg,cat,bookshelf,a dog sitting on a bed next to a cat
2406766.jpg,cat,bookshelf,a cat sitting on top of a television in a living room
713492.jpg,cat,bookshelf,a living room filled with furniture and a fire place
2356497.jpg,cat,bookshelf,a cat sitting on the floor in front of a television
2363570.jpg,cat,bookshelf,a black cat laying on top of a laptop computer
2410796.jpg,cat,bookshelf,a stove top oven with pots and pans on top of it
2357484.jpg,cat,bookshelf,a black cat laying on top of a laptop computer
2356120.jpg,cat,bookshelf,a cat sitting on top of a bookshelf in a living room
2376838.jpg,cat,bookshelf,a suitcase filled with clothes sitting on top of a bed
2405710.jpg,cat,bookshelf,a cat laying on a shelf in a bathroom
2416463.jpg,cat,bookshelf,a black dog laying on top of a laptop computer
2417434.jpg,cat,bookshelf,a dog sitting on a couch in a living room
2329487.jpg,cat,bookshelf,a dresser with a mirror on top of it
2318872.jpg,cat,bookshelf,a dog and a cat playing together in a parking lot
2395075.jpg,cat,bookshelf,a person standing in front of a tv playing a video game
2416400.jpg,cat,dog,a dog and a cat sitting on a surfboard
2346772.jpg,cat,dog,a cat sitting on a chair in front of a television
2344881.jpg,cat,dog,a cat sitting on a table next to a bottle of water
2317705.jpg,cat,dog,a dog laying on a blanket next to a sign
2359938.jpg,cat,dog,a collage of photos showing different types of food
2324062.jpg,cat,dog,a brown and white dog and a black and white cat
2392688.jpg,cat,dog,a cat sitting on top of a tv next to a television
2327653.jpg,cat,dog,a cat sitting on top of a tv screen
2394168.jpg,cat,dog,a dog laying on top of a bed in a room
2403329.jpg,cat,dog,a cat sitting on the floor looking at a tv
2402100.jpg,cat,dog,a cat standing on top of a bicycle
2397167.jpg,cat,dog,a woman sitting on a bed with a cat
2322897.jpg,cat,dog,a girl laying on the floor next to a dog
2355278.jpg,cat,dog,a cat sitting under an umbrella on the floor
2339137.jpg,cat,dog,a dog laying in the grass next to other dogs
2330184.jpg,cat,dog,a dog and a cat laying on a bed
2359073.jpg,cat,dog,a cat laying on the ground next to a dog
2316968.jpg,cat,dog,a cat laying on the floor next to a dog
2339511.jpg,cat,dog,a black and white dog and a black and white cat
2400368.jpg,cat,dog,a dog is looking out of a window
2336077.jpg,cat,dog,a black and white cat and a black and white dog
2387315.jpg,cat,dog,a dog and a cat laying on a bed
2391586.jpg,cat,dog,a white dog laying on top of a stone wall
2344063.jpg,cat,dog,a dog standing in the grass next to a tree
2377255.jpg,cat,dog,a cat standing on a kitchen counter next to a dog
2408383.jpg,cat,dog,a dog sitting on a bed next to a cat
2319449.jpg,cat,dog,a black and white cat sitting on a mirror
2324518.jpg,cat,dog,a dog and a cat are standing in a living room
2396989.jpg,cat,dog,two children laying on a couch with a dog
2367226.jpg,cat,dog,a dog laying on a blanket on the floor
2415206.jpg,cat,dog,a black dog laying on top of a bed
2365600.jpg,cat,dog,a man and a dog laying on a couch
2406003.jpg,cat,dog,a dog and a cat standing in a kitchen
2397277.jpg,cat,dog,a dog laying on the floor next to a couch
2320517.jpg,cat,dog,a cat laying on top of a woman's legs
2414023.jpg,cat,dog,a black and white cat and a brown and white dog
2368563.jpg,cat,dog,a black and white cat and a black and white dog
2382789.jpg,cat,dog,a cat that is laying down on the floor
2381433.jpg,cat,dog,a cat sitting on top of a red fire hydrant
2353191.jpg,cat,dog,a teddy bear sitting on top of a white plate
2416435.jpg,cat,dog,a cat sitting on top of a table next to an orange
2374046.jpg,cat,dog,a cat and a dog laying on a bed
2353942.jpg,cat,dog,a black and white cat and a black and white dog
2373581.jpg,cat,dog,a cat sitting in a kitchen sink
2395369.jpg,cat,dog,a black and white dog standing next to a black and white cat
2416465.jpg,cat,dog,a black and white cat sitting in front of a window
2411533.jpg,cat,dog,a black and white cat and a brown and white dog on a leash
2344455.jpg,cat,dog,a man and a dog sleeping on a bed
2361867.jpg,cat,dog,a dog and a cat walking down a sidewalk
2386317.jpg,cat,dog,a dog sitting in front of a birthday cake
2330673.jpg,cat,dog,a display case filled with lots of stuffed animals
2398449.jpg,cat,dog,a black and white dog laying in a bed
2318872.jpg,cat,dog,a dog and a cat playing together in a parking lot
2317863.jpg,cat,dog,a black cat sitting in a suitcase
3753.jpg,cat,dog,a cat that is standing on the ground
2371528.jpg,cat,dog,a black and white dog laying on top of a couch
2320118.jpg,cat,dog,a person holding an umbrella on a sidewalk
2392720.jpg,cat,shower curtain,a cat that is laying down in a tub
2327663.jpg,cat,shower curtain,a cat sitting on top of a toilet in a bathroom
2396073.jpg,cat,shower curtain,a cat standing in a bathroom next to a sink
2396599.jpg,cat,shower curtain,a cat standing on top of a toilet bowl
2340505.jpg,cat,shower curtain,a bathroom with a toilet and a bath tub
2372296.jpg,cat,shower curtain,a cat sitting on top of a toilet seat
2360751.jpg,cat,shower curtain,a cat sitting in a bath tub
2403146.jpg,cat,shower curtain,a cat standing on top of a toilet in a bathroom
2354797.jpg,cat,shower curtain,a cat that is standing in a toilet
2391390.jpg,cat,shower curtain,a cat standing on top of a toilet in a bathroom
2324062.jpg,cat,blinds,a brown and white dog and a black and white cat
2407461.jpg,cat,blinds,a living room filled with furniture and a tv
2324465.jpg,cat,blinds,a cat laying on top of a couch
2364122.jpg,cat,blinds,a black and white cat is sitting on a television
2406468.jpg,cat,blinds,a cat sitting on top of a desk next to a window
2354070.jpg,cat,blinds,a bedroom with a bed and a television
2365698.jpg,cat,blinds,two people sitting on a couch with a cat
2323795.jpg,cat,blinds,a cat sitting on top of a desk next to a laptop
2349617.jpg,cat,blinds,a cat sitting on top of a flat screen tv
2332972.jpg,cat,blinds,a cat sitting on top of a window sill
2383626.jpg,cat,blinds,a cat sitting on top of a laptop computer
2405998.jpg,cat,blinds,people sitting on couches in a living room
2318737.jpg,cat,blinds,a cat sitting on top of a desk next to a computer
2378915.jpg,cat,blinds,a black and white cat sitting on a chair
2370815.jpg,cat,blinds,people sitting around a living room
2330914.jpg,cat,blinds,a cat sitting on a window sill looking out
2414520.jpg,cat,blinds,a cat standing on a window sill looking out
2414437.jpg,cat,blinds,a woman laying on a bed with a cat
2396163.jpg,cat,blinds,two cats sitting on top of a window sill
2320576.jpg,cat,blinds,a black and white cat sitting on top of a desk
2385325.jpg,cat,blinds,a cat sitting on top of a wooden table
2356248.jpg,cat,blinds,a cat is looking out of a window
2336151.jpg,cat,blinds,a cat sitting in a window sill looking out a window
2377255.jpg,cat,blinds,a cat standing on a kitchen counter next to a dog
2378620.jpg,cat,blinds,a cat that is sitting on a desk
2323784.jpg,cat,blinds,a black cat sitting on the floor in front of a window
2368874.jpg,cat,blinds,a woman and a cat sitting on a couch
2324103.jpg,cat,blinds,a cat sitting on top of a bench next to a large rock
2405446.jpg,cat,blinds,a dog laying on a bed in a bedroom
2399043.jpg,cat,blinds,a cat sitting on top of a counter next to a window
2346630.jpg,cat,blinds,a black and white cat sitting in a bowl on a table
2388477.jpg,cat,blinds,a cat laying on top of a couch next to a man
2362337.jpg,cat,blinds,a man sitting on a couch next to a dog
2399679.jpg,cat,blinds,a black and white cat sitting on top of a chair
2387465.jpg,cat,blinds,a cat sitting on top of a desk next to a computer
2415288.jpg,cat,blinds,a living room filled with furniture and a window
2355990.jpg,cat,blinds,a living room filled with furniture and a tv
2416463.jpg,cat,blinds,a black dog laying on top of a laptop computer
2316027.jpg,cat,blinds,a dog sitting on a window sill next to a window
2327526.jpg,cat,blinds,a man sitting in a chair reading a book
2398449.jpg,cat,blinds,a black and white dog laying in a bed
1592365.jpg,cat,blinds,a cat sitting on top of a counter next to a window
2382529.jpg,cat,sink,a cat laying in a sink in a bathroom
2347887.jpg,cat,sink,a cat laying in a bathroom sink
2407754.jpg,cat,sink,a white cat sitting in a bathroom sink
2378767.jpg,cat,sink,a white cat sitting in a bathroom sink
2337651.jpg,cat,sink,a white cat laying in a bathroom sink
2351235.jpg,cat,sink,a black and white cat sitting in a bathroom sink
2352997.jpg,cat,sink,a black and white cat drinking water from a sink
2378387.jpg,cat,sink,a cat sitting on top of a sink in a bathroom
2358144.jpg,cat,sink,a black and white cat laying on top of a sink
2372296.jpg,cat,sink,a cat sitting on top of a toilet seat
2345064.jpg,cat,sink,a cat laying on a sink in a bathroom
2405575.jpg,cat,sink,a cat sitting in a sink next to a window
2338416.jpg,cat,sink,a black and white cat sitting in a sink
2372708.jpg,cat,sink,a cat laying on a sink in a bathroom
2411012.jpg,cat,sink,a black and white cat drinking water from a sink
2335078.jpg,cat,sink,a cat sitting on a toilet in a bathroom
2369997.jpg,cat,sink,a cat sitting on the floor in a bathroom
2365944.jpg,cat,sink,a black and white cat sitting on top of a white sink
2402707.jpg,cat,sink,a cat drinking water from a faucet in a bathroom sink
2337686.jpg,cat,sink,a black cat standing on top of a sink in a kitchen
2401555.jpg,cat,sink,a black and white cat sitting in a bathroom sink
2377325.jpg,cat,sink,a cat laying on a sink in a bathroom
2361670.jpg,cat,sink,a black cat drinking water from a sink
2408480.jpg,cat,sink,two cats sitting on a toilet in a bathroom
2317764.jpg,cat,sink,a black and white cat laying in a sink
2340076.jpg,cat,sink,a cat sitting on a sink in a bathroom
2413166.jpg,cat,sink,a black and white cat laying in a bathroom sink
2333321.jpg,cat,sink,a cat sitting on top of a sink next to a mirror
2408324.jpg,cat,sink,a cat sitting on top of a microwave oven
2391390.jpg,cat,sink,a cat standing on top of a toilet in a bathroom
2404757.jpg,cat,sink,a cat sitting on a toilet in a bathroom
2347198.jpg,cat,sink,a cat sitting on top of a toilet in a bathroom
2328258.jpg,cat,sink,a cat laying in a bathroom sink
2349994.jpg,cat,sink,a black and white cat drinking water from a white sink
2406806.jpg,cat,sink,a black and white cat sitting on top of a sink
2375097.jpg,cat,sink,a cat sitting in a sink next to a bowl of food
2371082.jpg,cat,sink,a cat that is laying down in a bathroom sink
2359483.jpg,cat,sink,a cat sitting in a bathroom sink
2321677.jpg,cat,sink,a cat that is laying down in a sink
2388878.jpg,cat,sink,a cat sitting on a toilet in a bathroom
2390330.jpg,cat,sink,a black cat sitting on top of a white bowl
2337404.jpg,cat,sink,a cat sitting in a bathroom sink next to a toilet
2384243.jpg,cat,sink,a black and white cat laying in a bathroom sink
2378477.jpg,cat,sink,a black cat sitting in a bathroom sink
2344649.jpg,cat,sink,a cat laying in a bathroom sink
2339958.jpg,cat,sink,a cat sitting in a white sink in a bathroom
1159417.jpg,cat,sink,a black cat sitting on top of a keyboard
2387214.jpg,cat,sink,two cats sitting in a bathroom sink
2369317.jpg,cat,sink,a black and white cat sitting in a bathroom sink
2328570.jpg,cat,sink,a black and white cat sitting in a bathroom sink
2403564.jpg,cat,sink,a black cat drinking water from a faucet
2371695.jpg,cat,sink,a black and white cat sitting in a bathroom sink
2373581.jpg,cat,sink,a cat sitting in a kitchen sink
2366556.jpg,cat,sink,two cats sitting in a bathroom sink next to a mirror
2326898.jpg,cat,sink,a cat that is sitting in a sink
2348332.jpg,cat,sink,"a bathroom with a sink, mirror, and shower"
2392720.jpg,cat,faucet,a cat that is laying down in a tub
2382529.jpg,cat,faucet,a cat laying in a sink in a bathroom
2347887.jpg,cat,faucet,a cat laying in a bathroom sink
2407754.jpg,cat,faucet,a white cat sitting in a bathroom sink
2378767.jpg,cat,faucet,a white cat sitting in a bathroom sink
2351235.jpg,cat,faucet,a black and white cat sitting in a bathroom sink
2352997.jpg,cat,faucet,a black and white cat drinking water from a sink
2378387.jpg,cat,faucet,a cat sitting on top of a sink in a bathroom
2358144.jpg,cat,faucet,a black and white cat laying on top of a sink
2339878.jpg,cat,faucet,a cat laying on the floor next to a bath tub
2345064.jpg,cat,faucet,a cat laying on a sink in a bathroom
2405575.jpg,cat,faucet,a cat sitting in a sink next to a window
2338416.jpg,cat,faucet,a black and white cat sitting in a sink
2372708.jpg,cat,faucet,a cat laying on a sink in a bathroom
2411012.jpg,cat,faucet,a black and white cat drinking water from a sink
2335078.jpg,cat,faucet,a cat sitting on a toilet in a bathroom
2369997.jpg,cat,faucet,a cat sitting on the floor in a bathroom
2373613.jpg,cat,faucet,a cat laying in a bathroom sink
2402707.jpg,cat,faucet,a cat drinking water from a faucet in a bathroom sink
2337686.jpg,cat,faucet,a black cat standing on top of a sink in a kitchen
2338762.jpg,cat,faucet,"a bathroom with a toilet, sink, and tub"
2340505.jpg,cat,faucet,a bathroom with a toilet and a bath tub
2401555.jpg,cat,faucet,a black and white cat sitting in a bathroom sink
2377325.jpg,cat,faucet,a cat laying on a sink in a bathroom
2317764.jpg,cat,faucet,a black and white cat laying in a sink
2377255.jpg,cat,faucet,a cat standing on a kitchen counter next to a dog
2413166.jpg,cat,faucet,a black and white cat laying in a bathroom sink
2333321.jpg,cat,faucet,a cat sitting on top of a sink next to a mirror
2408324.jpg,cat,faucet,a cat sitting on top of a microwave oven
2391390.jpg,cat,faucet,a cat standing on top of a toilet in a bathroom
2404757.jpg,cat,faucet,a cat sitting on a toilet in a bathroom
2347198.jpg,cat,faucet,a cat sitting on top of a toilet in a bathroom
2350900.jpg,cat,faucet,a cat sitting in a sink next to a bath tub
2369867.jpg,cat,faucet,a black cat is sitting on a kitchen counter
2328258.jpg,cat,faucet,a cat laying in a bathroom sink
2349994.jpg,cat,faucet,a black and white cat drinking water from a white sink
2406806.jpg,cat,faucet,a black and white cat sitting on top of a sink
2375097.jpg,cat,faucet,a cat sitting in a sink next to a bowl of food
2371082.jpg,cat,faucet,a cat that is laying down in a bathroom sink
2388878.jpg,cat,faucet,a cat sitting on a toilet in a bathroom
2410144.jpg,cat,faucet,a man standing in a kitchen preparing food
2337404.jpg,cat,faucet,a cat sitting in a bathroom sink next to a toilet
2384243.jpg,cat,faucet,a black and white cat laying in a bathroom sink
2378477.jpg,cat,faucet,a black cat sitting in a bathroom sink
2344649.jpg,cat,faucet,a cat laying in a bathroom sink
2339958.jpg,cat,faucet,a cat sitting in a white sink in a bathroom
2387214.jpg,cat,faucet,two cats sitting in a bathroom sink
2328570.jpg,cat,faucet,a black and white cat sitting in a bathroom sink
2403564.jpg,cat,faucet,a black cat drinking water from a faucet
2371695.jpg,cat,faucet,a black and white cat sitting in a bathroom sink
2373581.jpg,cat,faucet,a cat sitting in a kitchen sink
2366556.jpg,cat,faucet,two cats sitting in a bathroom sink next to a mirror
2326898.jpg,cat,faucet,a cat that is sitting in a sink
2381542.jpg,cat,faucet,a cat sitting on the edge of a bathroom sink
2359186.jpg,cat,keyboard,a black cat sitting on a man's lap next to a laptop
2343843.jpg,cat,keyboard,a cat laying on top of a laptop computer
2347119.jpg,cat,keyboard,a cat sitting in a wooden bowl on a wooden floor
2365930.jpg,cat,keyboard,a cat sitting on top of a coffee cup next to a laptop
2378178.jpg,cat,keyboard,a cat sitting on top of a laptop computer
2382390.jpg,cat,keyboard,two cats standing on top of a wooden desk
2338098.jpg,cat,keyboard,a cat sitting on top of a keyboard
2318737.jpg,cat,keyboard,a cat sitting on top of a desk next to a computer
2344622.jpg,cat,keyboard,a cat laying on a person's lap next to a computer keyboard
2413065.jpg,cat,keyboard,a cat sitting on top of a laptop computer
2337548.jpg,cat,keyboard,a cat sitting on top of a laptop computer
2322420.jpg,cat,keyboard,a cat sitting on top of a laptop computer
2371747.jpg,cat,keyboard,a cat laying on top of a laptop computer
2378620.jpg,cat,keyboard,a cat that is sitting on a desk
2336619.jpg,cat,keyboard,a cat sitting on a desk next to a laptop
2413062.jpg,cat,keyboard,a cat laying on top of a laptop computer
2323350.jpg,cat,keyboard,a black and white cat playing with a computer mouse
2347958.jpg,cat,keyboard,a cat laying on top of a chair in a room
2349067.jpg,cat,keyboard,a cat laying on top of a person's lap next to a laptop
2398618.jpg,cat,keyboard,a cat that is sitting on a chair
2376123.jpg,cat,keyboard,a cat sitting on top of a laptop computer
2414031.jpg,cat,keyboard,a laptop computer sitting on top of a wooden table
2406171.jpg,cat,keyboard,a cat standing on top of a computer keyboard
2323229.jpg,cat,keyboard,a black cat laying on top of a laptop computer
2387750.jpg,cat,keyboard,a cat laying on top of a bed next to a computer
2376971.jpg,cat,keyboard,a man sitting at a table with a cat
2374442.jpg,cat,keyboard,a black and white cat laying on top of a laptop computer
2405438.jpg,cat,keyboard,a cat sitting on top of a desk next to a keyboard
2356023.jpg,cat,keyboard,a cat sitting on top of a laptop on a couch
2390497.jpg,cat,keyboard,a cat sitting on top of a desk next to a computer
2409848.jpg,cat,keyboard,a cat laying on top of a computer keyboard
2416021.jpg,cat,keyboard,a black cat laying on top of a computer keyboard
2326267.jpg,cat,keyboard,a cat sitting on top of a computer keyboard
2381795.jpg,cat,keyboard,a laptop computer sitting on top of a desk
2404061.jpg,cat,keyboard,a black cat laying on a desk next to a computer
2377814.jpg,cat,keyboard,a cat sitting on top of a laptop computer
2366443.jpg,cat,keyboard,a cat sitting on top of a keyboard next to a computer mouse
2375840.jpg,cat,keyboard,two cats sitting on top of a computer desk
2371381.jpg,cat,keyboard,a cat sitting on top of a wooden desk
2403785.jpg,cat,keyboard,a cat sitting on top of a desk next to a computer
2318723.jpg,cat,keyboard,a cat laying on top of a laptop computer
2406732.jpg,cat,keyboard,a cat sitting on a desk next to a computer monitor
2352254.jpg,cat,keyboard,a cat sitting on top of a keyboard
2323389.jpg,cat,keyboard,a black cat laying on top of a laptop computer
150460.jpg,cat,keyboard,a desk with a computer and a cat on it
2348112.jpg,cat,keyboard,a cat laying on top of a computer keyboard
2383661.jpg,cat,keyboard,a cat laying on top of a laptop computer
2334972.jpg,cat,keyboard,a cat sitting on top of a computer desk
2367153.jpg,cat,keyboard,a cat sitting on a table next to a laptop
2382977.jpg,cat,keyboard,a white and black cat sitting on top of a keyboard
2386737.jpg,cat,keyboard,a cat sitting on top of a desk next to a laptop
2399916.jpg,cat,keyboard,a cat laying on top of a wooden table
2375671.jpg,cat,keyboard,a cat laying on top of a laptop computer
2409429.jpg,cat,keyboard,a cat sitting on top of a desk next to a computer
2402511.jpg,cat,keyboard,a cat laying on top of a laptop computer
2334778.jpg,cat,keyboard,a cat laying on top of a laptop computer
2363975.jpg,cat,keyboard,a black and white cat sitting on top of a laptop
2384728.jpg,cat,keyboard,a cat laying on top of a couch next to a laptop
2388034.jpg,cat,keyboard,a person standing next to a pair of shoes
2320723.jpg,cat,keyboard,a cat laying on top of a laptop computer
2396611.jpg,cat,keyboard,a cat laying on top of a laptop computer
2383626.jpg,cat,keyboard,a cat sitting on top of a laptop computer
2397167.jpg,cat,keyboard,a woman sitting on a bed with a cat
2374156.jpg,cat,keyboard,a black cat sitting on top of a wooden desk
2347708.jpg,cat,keyboard,a cat laying on top of a computer keyboard
2384738.jpg,cat,keyboard,a desk with a computer and a keyboard
2334177.jpg,cat,keyboard,a cat sitting on top of a fire place next to a fireplace
2368296.jpg,cat,keyboard,a cat laying on a desk next to a computer monitor
2317678.jpg,cat,keyboard,a cat laying on a bed next to a laptop
2391141.jpg,cat,keyboard,a cat laying on top of a laptop computer
2377574.jpg,cat,keyboard,a black cat laying on top of a laptop computer
2351211.jpg,cat,keyboard,"a computer desk with a keyboard, mouse, monitor and other items"
2412685.jpg,cat,keyboard,a computer desk with a monitor and keyboard
2326882.jpg,cat,keyboard,a cat laying on a couch next to a book
2319723.jpg,cat,keyboard,a cat is looking at a computer screen
2364975.jpg,cat,keyboard,a cat sitting on top of a bed
2403201.jpg,cat,keyboard,a white cat laying on top of a laptop computer
2395559.jpg,cat,keyboard,a cat laying on top of a computer keyboard
2362873.jpg,cat,keyboard,a cat laying on top of a desk next to a computer
2398910.jpg,cat,keyboard,a black cat laying on top of a laptop computer
2316630.jpg,cat,keyboard,a cat laying on top of a laptop computer
2387465.jpg,cat,keyboard,a cat sitting on top of a desk next to a computer
2389522.jpg,cat,keyboard,a living room with a tv and a cat on the floor
2337399.jpg,cat,keyboard,"a computer desk with a monitor, keyboard and mouse"
2347162.jpg,cat,keyboard,a computer monitor sitting on top of a wooden desk
1159417.jpg,cat,keyboard,a black cat sitting on top of a keyboard
2354642.jpg,cat,keyboard,a black and white cat laying on a computer keyboard
2353009.jpg,cat,keyboard,a computer desk with two monitors and a keyboard
2402514.jpg,cat,keyboard,a white cat sitting on top of a piano keyboard
2327194.jpg,cat,keyboard,a black cat sitting on top of a laptop computer
2330048.jpg,cat,keyboard,a cat laying on top of a bed next to a laptop
2336090.jpg,cat,keyboard,a black cat sitting on top of a computer desk
2385605.jpg,cat,keyboard,a cat sitting on top of a computer keyboard
2341660.jpg,cat,keyboard,a cat laying on top of a bed next to a laptop
2368458.jpg,cat,keyboard,a black cat sitting on top of a bed next to a laptop
2392829.jpg,cat,keyboard,a black and white cat sitting on a laptop computer
2391719.jpg,cat,keyboard,a person sitting in front of a laptop computer
2320055.jpg,cat,keyboard,a cat laying on top of a laptop computer
2373601.jpg,cat,keyboard,a cat sitting on top of a computer keyboard
2366326.jpg,cat,keyboard,a cat sitting on top of a laptop computer
2316439.jpg,cat,keyboard,a cat laying on top of a bed next to a laptop
2320069.jpg,cat,keyboard,a cat that is laying down on a chair
2369411.jpg,cat,keyboard,a white and black cat sitting on top of a laptop
2381181.jpg,cat,keyboard,a cat sitting on top of a desk next to a laptop
2416656.jpg,cat,keyboard,a cat laying on top of a computer keyboard
2338574.jpg,cat,keyboard,a cat sitting on top of a laptop computer
2381617.jpg,cat,keyboard,a laptop computer sitting on top of a desk
2337102.jpg,cat,keyboard,a laptop computer sitting on top of a bed
2386525.jpg,cat,keyboard,a cat sitting on top of a laptop computer
713936.jpg,cat,keyboard,a cat laying on the floor next to a computer desk
2394932.jpg,cat,keyboard,a black cat laying on top of a laptop computer
2390878.jpg,cat,keyboard,a black cat sleeping on top of a laptop
2340064.jpg,cat,keyboard,a black and white cat sitting next to a person on a laptop
2321805.jpg,cat,keyboard,a cat sitting on a desk next to a laptop
2381823.jpg,cat,keyboard,a cat sitting on a person's lap next to a laptop
2382757.jpg,cat,keyboard,a black cat laying on top of a couch
2392850.jpg,cat,keyboard,a cat laying on top of a person's lap next to a laptop
2350463.jpg,cat,keyboard,a black cat laying on top of a desk
2359610.jpg,cat,keyboard,a cat sitting on top of a laptop computer
2392210.jpg,cat,screen,a cat sitting on top of a suitcase next to a dog
2366274.jpg,cat,screen,a black and white cat is looking at a computer screen
2343843.jpg,cat,screen,a cat laying on top of a laptop computer
713414.jpg,cat,screen,a cat sitting on a desk in front of a computer
2364122.jpg,cat,screen,a black and white cat is sitting on a television
2327653.jpg,cat,screen,a cat sitting on top of a tv screen
2376421.jpg,cat,screen,a cat laying on top of a wooden table
2356157.jpg,cat,screen,a cat sitting on top of a television screen
2378882.jpg,cat,screen,a cat and a dog sitting on a rug in front of a television
2338098.jpg,cat,screen,a cat sitting on top of a keyboard
2337548.jpg,cat,screen,a cat sitting on top of a laptop computer
2386371.jpg,cat,screen,a cat that is sitting on top of a television
2346231.jpg,cat,screen,a cat laying on top of a laptop computer
2348719.jpg,cat,screen,a black cat laying on top of a laptop computer
2315550.jpg,cat,screen,a cat that is laying down on a bed
2339491.jpg,cat,screen,a man laying on the floor with a cat
2316330.jpg,cat,screen,a man laying on a bed with a black and white cat
2319932.jpg,cat,screen,a cat laying on top of a laptop computer
2391981.jpg,cat,screen,a cat laying on top of a laptop computer
2389921.jpg,cat,screen,a cat sitting on top of a desk in front of a tv
2357484.jpg,cat,screen,a black cat laying on top of a laptop computer
2323350.jpg,cat,screen,a black and white cat playing with a computer mouse
2343156.jpg,cat,screen,a black and white cat is looking at the camera
2385836.jpg,cat,screen,a living room filled with furniture and a fire place
2406171.jpg,cat,screen,a cat standing on top of a computer keyboard
2394773.jpg,cat,screen,a cat sitting on top of a wooden table next to a laptop
2323229.jpg,cat,screen,a black cat laying on top of a laptop computer
2322691.jpg,cat,screen,a cat sitting on top of a laptop computer
2387750.jpg,cat,screen,a cat laying on top of a bed next to a computer
2374442.jpg,cat,screen,a black and white cat laying on top of a laptop computer
2416021.jpg,cat,screen,a black cat laying on top of a computer keyboard
2417255.jpg,cat,screen,a cat sitting on the floor watching television
2404061.jpg,cat,screen,a black cat laying on a desk next to a computer
2377814.jpg,cat,screen,a cat sitting on top of a laptop computer
2403329.jpg,cat,screen,a cat sitting on the floor looking at a tv
2343780.jpg,cat,screen,a dog laying on the floor next to a television
2375840.jpg,cat,screen,two cats sitting on top of a computer desk
2388543.jpg,cat,screen,a cat sitting on top of a laptop computer
2338660.jpg,cat,screen,a cat sitting on top of a computer monitor
2399138.jpg,cat,screen,a cat laying on top of a laptop computer
2408324.jpg,cat,screen,a cat sitting on top of a microwave oven
2321990.jpg,cat,screen,a woman sitting on a couch with a laptop
2391709.jpg,cat,screen,a cat laying on top of a couch next to a person
2363570.jpg,cat,screen,a black cat laying on top of a laptop computer
2383661.jpg,cat,screen,a cat laying on top of a laptop computer
2386737.jpg,cat,screen,a cat sitting on top of a desk next to a laptop
2390873.jpg,cat,screen,a cat sitting on top of a laptop computer
2398995.jpg,cat,screen,a cat laying on top of a car
2357079.jpg,cat,screen,a black cat laying on top of a laptop computer
2369453.jpg,cat,screen,a cat sitting on top of a television set
2375671.jpg,cat,screen,a cat laying on top of a laptop computer
2369607.jpg,cat,screen,a brown teddy bear sitting in front of a computer screen
2338063.jpg,cat,screen,a cat sitting on top of a television set
2371196.jpg,cat,screen,a cat sitting on top of a tv
2319607.jpg,cat,screen,a cat laying on top of a bed next to a laptop
2384728.jpg,cat,screen,a cat laying on top of a couch next to a laptop
2396611.jpg,cat,screen,a cat laying on top of a laptop computer
2383626.jpg,cat,screen,a cat sitting on top of a laptop computer
2316594.jpg,cat,screen,a collage of photos of a black and white photo of a microwave
2386515.jpg,cat,screen,a black and white cat looking at a tv screen
2384738.jpg,cat,screen,a desk with a computer and a keyboard
2337354.jpg,cat,screen,a cat laying on top of a television set
2334177.jpg,cat,screen,a cat sitting on top of a fire place next to a fireplace
2368296.jpg,cat,screen,a cat laying on a desk next to a computer monitor
2391141.jpg,cat,screen,a cat laying on top of a laptop computer
2377574.jpg,cat,screen,a black cat laying on top of a laptop computer
2351211.jpg,cat,screen,"a computer desk with a keyboard, mouse, monitor and other items"
2360603.jpg,cat,screen,a cat that is laying down on a table
2319723.jpg,cat,screen,a cat is looking at a computer screen
2403201.jpg,cat,screen,a white cat laying on top of a laptop computer
2337662.jpg,cat,screen,a black and white cat watching a tv
2362873.jpg,cat,screen,a cat laying on top of a desk next to a computer
2316630.jpg,cat,screen,a cat laying on top of a laptop computer
2387912.jpg,cat,screen,a kitchen with a large window and lots of clutter on the floor
2398075.jpg,cat,screen,a black and white cat sitting on a computer desk
2401526.jpg,cat,screen,a cat playing with a tennis ball on the sidewalk
2416463.jpg,cat,screen,a black dog laying on top of a laptop computer
2368640.jpg,cat,screen,a black and white cat sitting on top of a tv
2379768.jpg,cat,screen,a black cat laying on top of a wooden desk
2353009.jpg,cat,screen,a computer desk with two monitors and a keyboard
2395075.jpg,cat,screen,a person standing in front of a tv playing a video game
2326277.jpg,cat,screen,a dog laying on the floor next to a laptop computer
2330048.jpg,cat,screen,a cat laying on top of a bed next to a laptop
2338242.jpg,cat,screen,a cat laying on top of a computer desk
2321840.jpg,cat,screen,a cat sitting on top of a television screen
2368458.jpg,cat,screen,a black cat sitting on top of a bed next to a laptop
2349617.jpg,cat,screen,a cat sitting on top of a flat screen tv
2320055.jpg,cat,screen,a cat laying on top of a laptop computer
2415590.jpg,cat,screen,a cat sitting on top of a laptop computer
2330581.jpg,cat,screen,a cat sitting on top of a television in a living room
2399787.jpg,cat,screen,a black cat laying on top of a desk next to a computer
2369411.jpg,cat,screen,a white and black cat sitting on top of a laptop
2329019.jpg,cat,screen,a cat that is sitting on top of a tv
2349209.jpg,cat,screen,a cat is looking at a laptop screen
2330820.jpg,cat,screen,a cat sitting on a man's lap next to a laptop
2381181.jpg,cat,screen,a cat sitting on top of a desk next to a laptop
2416656.jpg,cat,screen,a cat laying on top of a computer keyboard
2338574.jpg,cat,screen,a cat sitting on top of a laptop computer
2383641.jpg,cat,screen,a cat laying on top of a bed next to a tv
2337102.jpg,cat,screen,a laptop computer sitting on top of a bed
713936.jpg,cat,screen,a cat laying on the floor next to a computer desk
2399276.jpg,cat,screen,a cat sitting on top of a television screen
2379821.jpg,cat,screen,a cat sitting on top of a laptop computer
2396479.jpg,cat,screen,a cat that is looking at a tv screen
2370358.jpg,cat,screen,two women playing a video game in a living room
2377724.jpg,cat,screen,a cat sitting on top of a tv
2321805.jpg,cat,screen,a cat sitting on a desk next to a laptop
2335548.jpg,cat,screen,a cat laying on top of a laptop computer
2372150.jpg,cat,screen,a cat sitting on top of a desk next to a laptop
2379860.jpg,cat,screen,a cat that is standing on top of a tv
2359186.jpg,cat,computer,a black cat sitting on a man's lap next to a laptop
2334778.jpg,cat,computer,a cat laying on top of a laptop computer
2366274.jpg,cat,computer,a black and white cat is looking at a computer screen
2336090.jpg,cat,computer,a black cat sitting on top of a computer desk
2319607.jpg,cat,computer,a cat laying on top of a bed next to a laptop
2351231.jpg,cat,computer,a cat sitting on top of a desk next to a computer
2364431.jpg,cat,computer,a cat sitting on top of a couch in a living room
2383626.jpg,cat,computer,a cat sitting on top of a laptop computer
2382390.jpg,cat,computer,two cats standing on top of a wooden desk
2338098.jpg,cat,computer,a cat sitting on top of a keyboard
2320055.jpg,cat,computer,a cat laying on top of a laptop computer
2318737.jpg,cat,computer,a cat sitting on top of a desk next to a computer
2366443.jpg,cat,computer,a cat sitting on top of a keyboard next to a computer mouse
2356168.jpg,cat,computer,a man and a woman are sitting on a couch
2415590.jpg,cat,computer,a cat sitting on top of a laptop computer
2400096.jpg,cat,computer,a woman sitting on a couch with a cat on her lap
2371381.jpg,cat,computer,a cat sitting on top of a wooden desk
2360468.jpg,cat,computer,a cat sitting on top of a computer monitor
2348978.jpg,cat,computer,a cat sitting on top of a lamp in a room
2399138.jpg,cat,computer,a cat laying on top of a laptop computer
2399787.jpg,cat,computer,a black cat laying on top of a desk next to a computer
2373601.jpg,cat,computer,a cat sitting on top of a computer keyboard
2317678.jpg,cat,computer,a cat laying on a bed next to a laptop
2368296.jpg,cat,computer,a cat laying on a desk next to a computer monitor
2322420.jpg,cat,computer,a cat sitting on top of a laptop computer
2372124.jpg,cat,computer,a cat sitting on top of a computer desk
2351211.jpg,cat,computer,"a computer desk with a keyboard, mouse, monitor and other items"
2412685.jpg,cat,computer,a computer desk with a monitor and keyboard
2346231.jpg,cat,computer,a cat laying on top of a laptop computer
2348719.jpg,cat,computer,a black cat laying on top of a laptop computer
2374289.jpg,cat,computer,a man and a woman playing with a cat on a desk
150460.jpg,cat,computer,a desk with a computer and a cat on it
2348112.jpg,cat,computer,a cat laying on top of a computer keyboard
2330820.jpg,cat,computer,a cat sitting on a man's lap next to a laptop
2319723.jpg,cat,computer,a cat is looking at a computer screen
2330905.jpg,cat,computer,a cat sitting on top of a laptop computer
2362873.jpg,cat,computer,a cat laying on top of a desk next to a computer
2363570.jpg,cat,computer,a black cat laying on top of a laptop computer
2334972.jpg,cat,computer,a cat sitting on top of a computer desk
2336619.jpg,cat,computer,a cat sitting on a desk next to a laptop
2331812.jpg,cat,computer,a black cat sitting on top of a computer desk
2387465.jpg,cat,computer,a cat sitting on top of a desk next to a computer
2337399.jpg,cat,computer,"a computer desk with a monitor, keyboard and mouse"
2381617.jpg,cat,computer,a laptop computer sitting on top of a desk
2413062.jpg,cat,computer,a cat laying on top of a laptop computer
2347162.jpg,cat,computer,a computer monitor sitting on top of a wooden desk
2365724.jpg,cat,computer,a cat laying on top of a computer desk
2337102.jpg,cat,computer,a laptop computer sitting on top of a bed
2347958.jpg,cat,computer,a cat laying on top of a chair in a room
713936.jpg,cat,computer,a cat laying on the floor next to a computer desk
2349067.jpg,cat,computer,a cat laying on top of a person's lap next to a laptop
2376123.jpg,cat,computer,a cat sitting on top of a laptop computer
2400119.jpg,cat,computer,a person sitting at a table with a laptop computer
2322691.jpg,cat,computer,a cat sitting on top of a laptop computer
2323229.jpg,cat,computer,a black cat laying on top of a laptop computer
2379768.jpg,cat,computer,a black cat laying on top of a wooden desk
2364843.jpg,cat,computer,a cat laying on top of a laptop computer
2348423.jpg,cat,computer,a cat laying on top of a laptop computer
2359725.jpg,cat,computer,a black cat sitting on top of a wooden table
2368029.jpg,cat,computer,a cat sitting in front of a window looking at a tv
2387385.jpg,cat,monitor,a cat laying on top of a laptop computer
2374615.jpg,cat,monitor,a cat sitting on top of a computer monitor
2336090.jpg,cat,monitor,a black cat sitting on top of a computer desk
2392120.jpg,cat,monitor,a wooden table topped with a wooden chair
2324064.jpg,cat,monitor,a cat sitting on top of a bookshelf
2364617.jpg,cat,monitor,a living room filled with furniture and a kitchen
2378882.jpg,cat,monitor,a cat and a dog sitting on a rug in front of a television
2382390.jpg,cat,monitor,two cats standing on top of a wooden desk
713269.jpg,cat,monitor,a cat sitting on the floor next to a television
2375840.jpg,cat,monitor,two cats sitting on top of a computer desk
2400096.jpg,cat,monitor,a woman sitting on a couch with a cat on her lap
2403785.jpg,cat,monitor,a cat sitting on top of a desk next to a computer
2348978.jpg,cat,monitor,a cat sitting on top of a lamp in a room
2338660.jpg,cat,monitor,a cat sitting on top of a computer monitor
2399787.jpg,cat,monitor,a black cat laying on top of a desk next to a computer
2322420.jpg,cat,monitor,a cat sitting on top of a laptop computer
2371747.jpg,cat,monitor,a cat laying on top of a laptop computer
2320069.jpg,cat,monitor,a cat that is laying down on a chair
2378620.jpg,cat,monitor,a cat that is sitting on a desk
150460.jpg,cat,monitor,a desk with a computer and a cat on it
2369280.jpg,cat,monitor,a cat sleeping on top of a bed next to a tv
2378777.jpg,cat,monitor,a cat sitting on top of a laptop computer
2416656.jpg,cat,monitor,a cat laying on top of a computer keyboard
2362873.jpg,cat,monitor,a cat laying on top of a desk next to a computer
2398910.jpg,cat,monitor,a black cat laying on top of a laptop computer
2321952.jpg,cat,monitor,a living room filled with furniture and a window
2336619.jpg,cat,monitor,a cat sitting on a desk next to a laptop
2331812.jpg,cat,monitor,a black cat sitting on top of a computer desk
2337399.jpg,cat,monitor,"a computer desk with a monitor, keyboard and mouse"
2398075.jpg,cat,monitor,a black and white cat sitting on a computer desk
2389522.jpg,cat,monitor,a living room with a tv and a cat on the floor
2347162.jpg,cat,monitor,a computer monitor sitting on top of a wooden desk
2349067.jpg,cat,monitor,a cat laying on top of a person's lap next to a laptop
2390878.jpg,cat,monitor,a black cat sleeping on top of a laptop
2417434.jpg,cat,monitor,a dog sitting on a couch in a living room
2389607.jpg,cat,monitor,a cat standing on top of a couch next to a television
2390497.jpg,cat,monitor,a cat sitting on top of a desk next to a computer
2416021.jpg,cat,papers,a black cat laying on top of a computer keyboard
2330607.jpg,cat,papers,a black cat laying on top of a laptop computer
2367704.jpg,cat,papers,a cat laying on top of a wooden table
2342361.jpg,cat,papers,a cat laying on top of a laptop computer
2355258.jpg,cat,papers,a cat laying on top of a bed in a room
2357546.jpg,cat,papers,a cat sitting on a table next to a window
2392120.jpg,cat,papers,a wooden table topped with a wooden chair
2354973.jpg,cat,papers,a cat that is laying down on a person's lap
2374156.jpg,cat,papers,a black cat sitting on top of a wooden desk
2394511.jpg,cat,papers,a cat sitting on top of a desk in a room
2353340.jpg,cat,papers,a cat that is laying down on a blanket
2327337.jpg,cat,papers,a man standing on a couch with a stuffed animal
2316968.jpg,cat,papers,a cat laying on the floor next to a dog
2412539.jpg,cat,papers,a white cat standing on top of a computer desk
2400368.jpg,cat,papers,a dog is looking out of a window
2392574.jpg,cat,papers,a cat sitting on top of a refrigerator
2348529.jpg,cat,papers,a cat that is laying down on a chair
713492.jpg,cat,papers,a living room filled with furniture and a fire place
2389921.jpg,cat,papers,a cat sitting on top of a desk in front of a tv
2387465.jpg,cat,papers,a cat sitting on top of a desk next to a computer
2323828.jpg,cat,papers,a cat laying on top of a desk next to a computer
2375327.jpg,cat,papers,a cat laying on top of a couch next to a book
2360615.jpg,cat,papers,a black cat laying on top of a suitcase
2409593.jpg,cat,papers,a black and white cat eating food off of a plate
2351222.jpg,cat,papers,two cats laying on the ground next to a toilet
2406304.jpg,cat,papers,a cat sitting on a table in a room
2378891.jpg,cat,papers,a cat laying on top of a laptop on a table
2366274.jpg,cat,counter,a black and white cat is looking at a computer screen
2372277.jpg,cat,counter,a cat laying on top of a wooden desk
2319260.jpg,cat,counter,a living room filled with furniture and appliances
2326715.jpg,cat,counter,a cat laying on top of a towel on a stove
2413460.jpg,cat,counter,a cat sitting in a suitcase in a room
2356449.jpg,cat,counter,a black cat sitting under an open umbrella
2378387.jpg,cat,counter,a cat sitting on top of a sink in a bathroom
2325123.jpg,cat,counter,a living room filled with furniture and a couch
2345064.jpg,cat,counter,a cat laying on a sink in a bathroom
2382390.jpg,cat,counter,two cats standing on top of a wooden desk
2405575.jpg,cat,counter,a cat sitting in a sink next to a window
2378205.jpg,cat,counter,a black and white cat sitting on top of a chair
2368323.jpg,cat,counter,a cat sitting on top of a sink in a bathroom
2377325.jpg,cat,counter,a cat laying on a sink in a bathroom
2340076.jpg,cat,counter,a cat sitting on a sink in a bathroom
2377255.jpg,cat,counter,a cat standing on a kitchen counter next to a dog
2333321.jpg,cat,counter,a cat sitting on top of a sink next to a mirror
2408324.jpg,cat,counter,a cat sitting on top of a microwave oven
1593105.jpg,cat,counter,a woman blowing out candles on a birthday cake
2391390.jpg,cat,counter,a cat standing on top of a toilet in a bathroom
2375948.jpg,cat,counter,a gray and white cat sitting on top of a microwave
2375854.jpg,cat,counter,a cat laying on the floor in a kitchen
2404980.jpg,cat,counter,a black cat sitting on top of a toilet seat
2329154.jpg,cat,counter,a cat laying on top of a bag on the floor
2406003.jpg,cat,counter,a dog and a cat standing in a kitchen
2342394.jpg,cat,counter,a cat sitting on top of a counter next to a television
2410144.jpg,cat,counter,a man standing in a kitchen preparing food
2378477.jpg,cat,counter,a black cat sitting in a bathroom sink
2409879.jpg,cat,counter,a cat that is laying in a cup
2387214.jpg,cat,counter,two cats sitting in a bathroom sink
2371695.jpg,cat,counter,a black and white cat sitting in a bathroom sink
2373581.jpg,cat,counter,a cat sitting in a kitchen sink
2320463.jpg,cat,counter,a kitchen filled with lots of pizzas
2408874.jpg,cat,counter,a chair that has a wooden chair in it
2395075.jpg,cat,counter,a person standing in front of a tv playing a video game
2317569.jpg,cat,counter,a black and white cat sitting on top of a wooden table
2369110.jpg,cat,toilet,a cat sitting on top of a toilet in a bathroom
2365314.jpg,cat,toilet,a cat standing on top of a toilet in a bathroom
2360309.jpg,cat,toilet,a cat sitting on top of a toilet seat
2372296.jpg,cat,toilet,a cat sitting on top of a toilet seat
2332093.jpg,cat,toilet,a cat sitting on top of a toilet seat
2403146.jpg,cat,toilet,a cat standing on top of a toilet in a bathroom
2417682.jpg,cat,toilet,a cat sitting on top of a toilet in a bathroom
2356745.jpg,cat,toilet,a cat sitting on a toilet in a bathroom
2370237.jpg,cat,toilet,a cat sitting on top of a toilet seat
2393038.jpg,cat,toilet,a cat sitting on the floor next to a toilet
2335078.jpg,cat,toilet,a cat sitting on a toilet in a bathroom
2365944.jpg,cat,toilet,a black and white cat sitting on top of a white sink
2368323.jpg,cat,toilet,a cat sitting on top of a sink in a bathroom
107962.jpg,cat,toilet,a cat standing on top of a toilet in a bathroom
2338762.jpg,cat,toilet,"a bathroom with a toilet, sink, and tub"
2359998.jpg,cat,toilet,a black and white cat sitting on a toilet seat
2370817.jpg,cat,toilet,a cat sitting on top of a suitcase
2373001.jpg,cat,toilet,a black cat standing on top of a toilet bowl
2333321.jpg,cat,toilet,a cat sitting on top of a sink next to a mirror
2354797.jpg,cat,toilet,a cat that is standing in a toilet
2391390.jpg,cat,toilet,a cat standing on top of a toilet in a bathroom
2362900.jpg,cat,toilet,a cat sitting on top of a toilet in a bathroom
2388878.jpg,cat,toilet,a cat sitting on a toilet in a bathroom
2332813.jpg,cat,toilet,a cat sitting on top of a toilet seat
2332523.jpg,cat,toilet,a black cat sitting on top of a toilet seat
2334353.jpg,cat,toilet,a cat sitting on top of a toilet seat
2336954.jpg,cat,toilet,a cat standing on top of a toilet bowl
2369317.jpg,cat,toilet,a black and white cat sitting in a bathroom sink
2328570.jpg,cat,toilet,a black and white cat sitting in a bathroom sink
2327663.jpg,cat,toilet,a cat sitting on top of a toilet in a bathroom
2396599.jpg,cat,toilet,a cat standing on top of a toilet bowl
2345284.jpg,cat,toilet,a black and white cat sitting on top of a toilet
2396073.jpg,cat,toilet,a cat standing in a bathroom next to a sink
2340326.jpg,cat,toilet,a cat sitting on a toilet in a bathroom
2387786.jpg,cat,toilet,a cat sitting on top of a toilet in a bathroom
2344978.jpg,cat,toilet,a cat sitting on the floor next to a bath tub
2346380.jpg,cat,toilet,a cat sitting on top of a toilet in a bathroom
2387763.jpg,cat,toilet,a cat sitting on top of a toilet bowl
2370237.jpg,cat,toilet paper,a cat sitting on top of a toilet seat
2404980.jpg,cat,toilet paper,a black cat sitting on top of a toilet seat
2328570.jpg,cat,toilet paper,a black and white cat sitting in a bathroom sink
2368323.jpg,cat,toilet paper,a cat sitting on top of a sink in a bathroom
2405710.jpg,cat,toilet paper,a cat laying on a shelf in a bathroom
2338997.jpg,cat,toilet paper,a cat sitting on top of a toilet in a bathroom
2365314.jpg,cat,toilet paper,a cat standing on top of a toilet in a bathroom
107962.jpg,cat,toilet paper,a cat standing on top of a toilet in a bathroom
2331070.jpg,cat,toilet paper,a cat sitting on top of a blanket in the woods
2403146.jpg,cat,toilet paper,a cat standing on top of a toilet in a bathroom
2339958.jpg,cat,toilet paper,a cat sitting in a white sink in a bathroom
2351429.jpg,cat,toilet paper,a black and white cat standing on top of a toilet
2344649.jpg,cat,toilet paper,a cat laying in a bathroom sink
2326345.jpg,cat,paper,a cat that is laying down in a box
2325386.jpg,cat,paper,a box of birthday cake shaped like a train
713414.jpg,cat,paper,a cat sitting on a desk in front of a computer
2349445.jpg,cat,paper,a cat sitting on top of a wooden bench
2332588.jpg,cat,paper,a cat laying on top of a table
2376421.jpg,cat,paper,a cat laying on top of a wooden table
2361058.jpg,cat,paper,a cat sitting on top of a couch in a living room
2379491.jpg,cat,paper,a black and white cat sitting on top of a wooden table
2330907.jpg,cat,paper,a cat laying on top of a table next to a box
713794.jpg,cat,paper,a cat sitting on top of a desk next to a book
2368323.jpg,cat,paper,a cat sitting on top of a sink in a bathroom
2387323.jpg,cat,paper,a cat sitting on the floor next to a television
2321277.jpg,cat,paper,a cat sitting on top of a purse
2326030.jpg,cat,paper,a living room filled with furniture and a couch
2383236.jpg,cat,paper,a cat sitting on the hood of a car
2371747.jpg,cat,paper,a cat laying on top of a laptop computer
2406766.jpg,cat,paper,a cat sitting on top of a television in a living room
2406003.jpg,cat,paper,a dog and a cat standing in a kitchen
2372339.jpg,cat,paper,a cat laying on a bed in a room
2347958.jpg,cat,paper,a cat laying on top of a chair in a room
1159326.jpg,cat,paper,a woman sitting at a desk in front of a computer
2347016.jpg,cat,paper,a cat that is laying down on a laptop
2336124.jpg,cat,paper,a cat that is standing in front of a television
2318502.jpg,cat,paper,a cat sitting on top of a toilet bowl
2387741.jpg,cat,paper,a cat sitting on top of a refrigerator
2354973.jpg,cat,paper,a cat that is laying down on a person's lap
2389687.jpg,cat,paper,a cat laying on top of a bed
2403785.jpg,cat,paper,a cat sitting on top of a desk next to a computer
2406732.jpg,cat,paper,a cat sitting on a desk next to a computer monitor
2374289.jpg,cat,paper,a man and a woman playing with a cat on a desk
150460.jpg,cat,paper,a desk with a computer and a cat on it
2359364.jpg,cat,paper,a cat sitting on the hood of a car
2378744.jpg,cat,paper,a cat laying on top of a laptop computer
2382977.jpg,cat,paper,a white and black cat sitting on top of a keyboard
2338890.jpg,cat,paper,a man petting a cat on the floor
2399916.jpg,cat,paper,a cat laying on top of a wooden table
2327526.jpg,cat,paper,a man sitting in a chair reading a book
2363536.jpg,cat,paper,a cat laying on top of a pair of shoes
2375986.jpg,cat,paper,a cat that is laying in a basket
3753.jpg,cat,paper,a cat that is standing on the ground
2412724.jpg,cat,paper,a cat sitting on top of a purse
2338063.jpg,cat,paper,a cat sitting on top of a television set
2384738.jpg,cat,paper,a desk with a computer and a keyboard
2402493.jpg,cat,paper,a cat laying on top of a wooden table
2368296.jpg,cat,paper,a cat laying on a desk next to a computer monitor
2367309.jpg,cat,paper,two cats sitting on a window sill looking out a window
2412841.jpg,cat,paper,a cat that is laying down in a suitcase
2376106.jpg,cat,paper,a cat laying on top of a table next to a computer
2403201.jpg,cat,paper,a white cat laying on top of a laptop computer
2337662.jpg,cat,paper,a black and white cat watching a tv
2404216.jpg,cat,paper,a cat that is laying down on a rug
2365359.jpg,cat,paper,a cat laying in a box on the floor
2354642.jpg,cat,paper,a black and white cat laying on a computer keyboard
2402514.jpg,cat,paper,a white cat sitting on top of a piano keyboard
2416814.jpg,cat,paper,a cat laying on top of a book
2348953.jpg,cat,paper,a little boy laying on a bed with a cat
2406389.jpg,cat,paper,a cat that is laying down in a box
2345717.jpg,cat,paper,a pile of luggage sitting on top of a wooden bench
2338242.jpg,cat,paper,a cat laying on top of a computer desk
2373733.jpg,cat,paper,a cat sitting on top of a book bag
2390033.jpg,cat,paper,a cat that is sitting in a box
2380920.jpg,cat,paper,a black cat sitting on top of a suitcase
2371101.jpg,cat,paper,a cat that is laying down on a table
2353340.jpg,cat,paper,a cat that is laying down on a blanket
2359073.jpg,cat,paper,a cat laying on the ground next to a dog
2399787.jpg,cat,paper,a black cat laying on top of a desk next to a computer
2408194.jpg,cat,paper,a cat sitting under an umbrella on the floor
2390369.jpg,cat,paper,a refrigerator filled with lots of different types of magnets
2378469.jpg,cat,paper,a cat laying on the ground next to a bicycle
2375097.jpg,cat,paper,a cat sitting in a sink next to a bowl of food
2337102.jpg,cat,paper,a laptop computer sitting on top of a bed
2399035.jpg,cat,paper,a cat laying on the floor next to a bicycle
2406797.jpg,cat,paper,a cat that is laying in a suitcase
2377724.jpg,cat,paper,a cat sitting on top of a tv
2326609.jpg,cat,paper,two cats laying on a blanket on a bed
2382757.jpg,cat,paper,a black cat laying on top of a couch
2350463.jpg,cat,paper,a black cat laying on top of a desk
2352506.jpg,cat,paper,a cat that is laying down on some papers
2361300.jpg,cat,candle,a woman sitting on a couch in a living room
2416021.jpg,cat,candle,a black cat laying on top of a computer keyboard
2393534.jpg,cat,candle,a little girl sitting at a table in front of a laptop
2367295.jpg,cat,candle,a cat sitting on top of a table next to a lamp
2371963.jpg,cat,candle,a cat drinking water from a glass on a table
2325123.jpg,cat,candle,a living room filled with furniture and a couch
2337067.jpg,cat,candle,a cat sitting on top of a dresser next to a mirror
2359119.jpg,cat,candle,a cat sitting on a window sill looking out
2386734.jpg,cat,candle,a cat sitting in a suitcase on the floor
1593105.jpg,cat,candle,a woman blowing out candles on a birthday cake
713492.jpg,cat,candle,a living room filled with furniture and a fire place
2350900.jpg,cat,candle,a cat sitting in a sink next to a bath tub
2321952.jpg,cat,candle,a living room filled with furniture and a window
2334327.jpg,cat,candle,a black and white cat laying on top of a bed
2359483.jpg,cat,candle,a cat sitting in a bathroom sink
2342644.jpg,cat,candle,a vase filled with flowers on top of a table
2358235.jpg,cat,candle,a cat that is laying down on the floor
2386169.jpg,cat,candle,a woman sitting on a chair in front of a television
2370358.jpg,cat,candle,two women playing a video game in a living room
2352397.jpg,cat,candle,a cat sitting on top of a bed next to a stuffed animal
2351067.jpg,cat,candle,a cat sitting on top of a table next to a cake
2386317.jpg,cat,candle,a dog sitting in front of a birthday cake
2414309.jpg,cat,candle,a black and white cat sitting on top of a bed
2363195.jpg,cat,roof,a black car parked in a parking lot
2337918.jpg,cat,roof,a brown and white cat sitting on top of a truck
2353437.jpg,cat,roof,a black and white cat sitting on top of a car
2409821.jpg,cat,roof,a cat sitting on the hood of a car
2372550.jpg,cat,roof,a blue car parked in front of a house
2362306.jpg,cat,roof,a black and white cat laying on top of a window sill
2398751.jpg,cat,roof,a cat that is sitting on top of a car
2331234.jpg,cat,roof,a cat sitting on a window sill next to a tree
2373548.jpg,cat,roof,a cat that is sitting on top of a car
2390255.jpg,cat,roof,a cat sitting on top of a window sill
2329389.jpg,cat,roof,a cat that is standing on top of a car
2343475.jpg,cat,roof,a cat sitting on a window sill next to a wall
4759.jpg,cat,roof,a cat laying on the ground in front of a house
2371952.jpg,cat,roof,a cat sitting on the hood of a car
2405231.jpg,cat,roof,a dimly lit room with a lamp and a window
2351221.jpg,cat,roof,a white bird standing on top of a parking lot
2376198.jpg,cat,roof,a black and white cat laying on the hood of a car
2356503.jpg,cat,roof,people walking down a street next to a church
2374500.jpg,cat,roof,a cat laying on top of a car
2404899.jpg,cat,roof,a cat sitting on the hood of a car
2337490.jpg,cat,roof,a cat sitting on a window sill looking out
2362090.jpg,cat,roof,two cats sitting on a window sill looking out
2371015.jpg,cat,roof,a statue of a man with a clock on top of it
2408492.jpg,cat,roof,a cat that is laying down on a desk
2398234.jpg,cat,roof,a person holding a cat in their arms
2320521.jpg,cat,luggage,a cat sitting on top of a suitcase on the floor
2317705.jpg,cat,luggage,a dog laying on a blanket next to a sign
2407329.jpg,cat,luggage,a black cat laying on top of a suitcase
2351368.jpg,cat,luggage,a cat sitting on top of a pile of luggage
2347541.jpg,cat,luggage,a black and white cat laying in a suitcase
2398622.jpg,cat,luggage,a cat laying on the floor next to a shoe
2378853.jpg,cat,luggage,a cat laying on top of a suitcase on the floor
2370817.jpg,cat,luggage,a cat sitting on top of a suitcase
2335062.jpg,cat,luggage,a cat laying on top of a suitcase
2318716.jpg,cat,luggage,a cat sitting on top of a luggage bag
2386483.jpg,cat,luggage,a cat laying on top of a suitcase
2381118.jpg,cat,luggage,a black and white cat sitting in the back of a car
2362254.jpg,cat,luggage,a cat laying on top of a suitcase
2354145.jpg,cat,luggage,a black cat laying on top of a black suitcase
2350187.jpg,cat,luggage,a suitcase is sitting on the floor in a room
2393021.jpg,cat,luggage,a cat laying on top of a suitcase
2326868.jpg,cat,luggage,a cat laying in a suitcase on the floor
2386038.jpg,cat,luggage,a cat laying on top of a white blanket
2338063.jpg,cat,speaker,a cat sitting on top of a television set
2383592.jpg,cat,speaker,a cat sitting on top of a flat screen tv
2392688.jpg,cat,speaker,a cat sitting on top of a tv next to a television
2351231.jpg,cat,speaker,a cat sitting on top of a desk next to a computer
2349617.jpg,cat,speaker,a cat sitting on top of a flat screen tv
2403329.jpg,cat,speaker,a cat sitting on the floor looking at a tv
2345671.jpg,cat,speaker,a cat sitting on the floor watching a television
713269.jpg,cat,speaker,a cat sitting on the floor next to a television
2374156.jpg,cat,speaker,a black cat sitting on top of a wooden desk
2344622.jpg,cat,speaker,a cat laying on a person's lap next to a computer keyboard
2337354.jpg,cat,speaker,a cat laying on top of a television set
2412539.jpg,cat,speaker,a white cat standing on top of a computer desk
2320763.jpg,cat,speaker,a living room with a couch and a table
2399787.jpg,cat,speaker,a black cat laying on top of a desk next to a computer
2335822.jpg,cat,speaker,a cat sitting on top of a chair in a room
2406732.jpg,cat,speaker,a cat sitting on a desk next to a computer monitor
2412685.jpg,cat,speaker,a computer desk with a monitor and keyboard
2406766.jpg,cat,speaker,a cat sitting on top of a television in a living room
2384565.jpg,cat,speaker,a cat sitting on top of a television screen
2348112.jpg,cat,speaker,a cat laying on top of a computer keyboard
2340015.jpg,cat,speaker,a black and white cat sitting on top of a tv
2336619.jpg,cat,speaker,a cat sitting on a desk next to a laptop
2387465.jpg,cat,speaker,a cat sitting on top of a desk next to a computer
2383641.jpg,cat,speaker,a cat laying on top of a bed next to a tv
2389522.jpg,cat,speaker,a living room with a tv and a cat on the floor
2386169.jpg,cat,speaker,a woman sitting on a chair in front of a television
713936.jpg,cat,speaker,a cat laying on the floor next to a computer desk
1159417.jpg,cat,speaker,a black cat sitting on top of a keyboard
1592349.jpg,cat,speaker,a cat sitting on top of a television
2410326.jpg,cat,speaker,a cat sitting on a chair in a room
2356120.jpg,cat,speaker,a cat sitting on top of a bookshelf in a living room
2379768.jpg,cat,speaker,a black cat laying on top of a wooden desk
2374442.jpg,cat,speaker,a black and white cat laying on top of a laptop computer
2405438.jpg,cat,speaker,a cat sitting on top of a desk next to a keyboard
2339150.jpg,cat,tissue,a cat standing next to a plate of food
2400096.jpg,cat,tissue,a woman sitting on a couch with a cat on her lap
2375386.jpg,cat,tissue,a cat sitting on top of a piece of paper
2400983.jpg,cat,tissue,a cat sitting on top of a table
2337399.jpg,cat,tissue,"a computer desk with a monitor, keyboard and mouse"
2334327.jpg,cat,tissue,a black and white cat laying on top of a bed
2402514.jpg,cat,tissue,a white cat sitting on top of a piano keyboard
2414309.jpg,cat,tissue,a black and white cat sitting on top of a bed
2377574.jpg,cat,tissue,a black cat laying on top of a laptop computer
1159344.jpg,cat,tissue,a cat sitting on a chair next to a table
2374615.jpg,cat,computer mouse,a cat sitting on top of a computer monitor
2365930.jpg,cat,computer mouse,a cat sitting on top of a coffee cup next to a laptop
2336090.jpg,cat,computer mouse,a black cat sitting on top of a computer desk
2404061.jpg,cat,computer mouse,a black cat laying on a desk next to a computer
2341660.jpg,cat,computer mouse,a cat laying on top of a bed next to a laptop
2361058.jpg,cat,computer mouse,a cat sitting on top of a couch in a living room
2318737.jpg,cat,computer mouse,a cat sitting on top of a desk next to a computer
2375840.jpg,cat,computer mouse,two cats sitting on top of a computer desk
2340479.jpg,cat,computer mouse,a cat laying on top of a computer mouse
2388543.jpg,cat,computer mouse,a cat sitting on top of a laptop computer
2384738.jpg,cat,computer mouse,a desk with a computer and a keyboard
2371381.jpg,cat,computer mouse,a cat sitting on top of a wooden desk
2359073.jpg,cat,computer mouse,a cat laying on the ground next to a dog
2369743.jpg,cat,computer mouse,a cat sitting on the floor next to a computer mouse
2373601.jpg,cat,computer mouse,a cat sitting on top of a computer keyboard
2351211.jpg,cat,computer mouse,"a computer desk with a keyboard, mouse, monitor and other items"
2412685.jpg,cat,computer mouse,a computer desk with a monitor and keyboard
2378620.jpg,cat,computer mouse,a cat that is sitting on a desk
2406863.jpg,cat,computer mouse,a cat sitting on top of a bed next to a stuffed animal
2342803.jpg,cat,computer mouse,a cat laying on top of a couch next to a mouse
2399043.jpg,cat,computer mouse,a cat sitting on top of a counter next to a window
2319932.jpg,cat,computer mouse,a cat laying on top of a laptop computer
2346371.jpg,cat,computer mouse,a cat sitting on a desk next to a computer
2402810.jpg,cat,computer mouse,a cat laying on top of a computer mouse
2395559.jpg,cat,computer mouse,a cat laying on top of a computer keyboard
2334972.jpg,cat,computer mouse,a cat sitting on top of a computer desk
2336619.jpg,cat,computer mouse,a cat sitting on a desk next to a laptop
2367153.jpg,cat,computer mouse,a cat sitting on a table next to a laptop
2389522.jpg,cat,computer mouse,a living room with a tv and a cat on the floor
2347162.jpg,cat,computer mouse,a computer monitor sitting on top of a wooden desk
2358235.jpg,cat,computer mouse,a cat that is laying down on the floor
713936.jpg,cat,computer mouse,a cat laying on the floor next to a computer desk
2349067.jpg,cat,computer mouse,a cat laying on top of a person's lap next to a laptop
2398618.jpg,cat,computer mouse,a cat that is sitting on a chair
2386737.jpg,cat,computer mouse,a cat sitting on top of a desk next to a laptop
2374046.jpg,cat,computer mouse,a cat and a dog laying on a bed
2347016.jpg,cat,computer mouse,a cat that is laying down on a laptop
2353942.jpg,cat,computer mouse,a black and white cat and a black and white dog
2390878.jpg,cat,computer mouse,a black cat sleeping on top of a laptop
2373359.jpg,cat,computer mouse,a cat laying next to a remote control
2411533.jpg,cat,computer mouse,a black and white cat and a brown and white dog on a leash
2375671.jpg,cat,computer mouse,a cat laying on top of a laptop computer
2409429.jpg,cat,computer mouse,a cat sitting on top of a desk next to a computer
2374442.jpg,cat,computer mouse,a black and white cat laying on top of a laptop computer
2405438.jpg,cat,computer mouse,a cat sitting on top of a desk next to a keyboard
2327526.jpg,cat,computer mouse,a man sitting in a chair reading a book
2356168.jpg,cat,napkin,a man and a woman are sitting on a couch
2382974.jpg,cat,napkin,a pizza sitting on top of a table next to a bottle of wine
2372277.jpg,cat,napkin,a cat laying on top of a wooden desk
2325665.jpg,cat,napkin,a plate of food on a table
2414530.jpg,cat,napkin,a person sitting at a table with a bunch of people
2404280.jpg,cat,napkin,a black and white cat sitting on top of a wooden table
2406304.jpg,cat,napkin,a cat sitting on a table in a room
2387451.jpg,cat,napkin,a woman standing in front of a window with a vase of flowers
2385325.jpg,cat,napkin,a cat sitting on top of a wooden table
2412685.jpg,cat,napkin,a computer desk with a monitor and keyboard
1159344.jpg,cat,napkin,a cat sitting on a chair next to a table
2371118.jpg,cat,bear,a brown teddy bear laying in a blue teddy bear bed
2409702.jpg,cat,bear,a cat sitting next to a teddy bear on a couch
2413920.jpg,cat,bear,a cat sitting next to a teddy bear on a bed
2371043.jpg,cat,bear,a woman in a tuxedo standing next to a teddy bear
2378301.jpg,cat,bear,a brown and white cat sitting next to a bunch of stuffed animals
2387912.jpg,cat,bear,a kitchen with a large window and lots of clutter on the floor
2364415.jpg,cat,bear,a cat sitting on the floor next to a stuffed animal
2415546.jpg,cat,bear,a cat sitting on the floor next to a teddy bear
2330673.jpg,cat,bear,a display case filled with lots of stuffed animals
2315974.jpg,cat,bear,a cat laying next to a stuffed animal
2371162.jpg,cat,bear,a cat sitting next to a teddy bear
2399276.jpg,cat,entertainment center,a cat sitting on top of a television screen
2407780.jpg,cat,entertainment center,two cats playing with a toy on the floor
2320584.jpg,cat,entertainment center,a cat sitting on top of a dresser
2369453.jpg,cat,entertainment center,a cat sitting on top of a television set
2340015.jpg,cat,entertainment center,a black and white cat sitting on top of a tv
2335822.jpg,cat,entertainment center,a cat sitting on top of a chair in a room
2364431.jpg,cat,entertainment center,a cat sitting on top of a couch in a living room
713269.jpg,cat,entertainment center,a cat sitting on the floor next to a television
2406766.jpg,cat,entertainment center,a cat sitting on top of a television in a living room
1592349.jpg,cat,dvd player,a cat sitting on top of a television
2368640.jpg,cat,dvd player,a black and white cat sitting on top of a tv
2337662.jpg,cat,dvd player,a black and white cat watching a tv
2408809.jpg,cat,dvd player,a cat sitting on top of a tv in a living room
2389921.jpg,cat,dvd player,a cat sitting on top of a desk in front of a tv
2369453.jpg,cat,dvd player,a cat sitting on top of a television set
2387912.jpg,cat,dvd player,a kitchen with a large window and lots of clutter on the floor
2342394.jpg,cat,dvd player,a cat sitting on top of a counter next to a television
285682.jpg,cat,dvd player,a black and white cat sitting on top of a microwave
2349617.jpg,cat,dvd player,a cat sitting on top of a flat screen tv
2378882.jpg,cat,dvd player,a cat and a dog sitting on a rug in front of a television
2345671.jpg,cat,dvd player,a cat sitting on the floor watching a television
2388884.jpg,cat,bookcase,a cat that is sitting on top of a bookshelf
2392176.jpg,cat,bookcase,a cat sitting on top of a book shelf
2356120.jpg,cat,bookcase,a cat sitting on top of a bookshelf in a living room
2405446.jpg,cat,bookcase,a dog laying on a bed in a bedroom
2407287.jpg,cat,bookcase,a cat that is wearing a hat
2390524.jpg,cat,bookcase,a cat that is sitting in front of a mirror
2321952.jpg,cat,bookcase,a living room filled with furniture and a window
285735.jpg,cat,bookcase,a cat laying on a couch next to a laptop
2374041.jpg,cat,bookcase,a black and white cat sitting on top of a chair
2385325.jpg,cat,bookcase,a cat sitting on top of a wooden table
2371528.jpg,cat,bookcase,a black and white dog laying on top of a couch
2387395.jpg,cat,bookcase,a cat and a dog laying on a bed
2359938.jpg,dog,woman,a collage of photos showing different types of food
2409697.jpg,dog,woman,a young girl is flying a kite in a field
2316169.jpg,dog,woman,a woman holding a baby while sitting on a couch
2410817.jpg,dog,woman,a dog jumping in the air to catch a frisbee
2335476.jpg,dog,woman,a woman riding a skateboard down a sidewalk next to a dog
2318441.jpg,dog,woman,a woman sitting in a car looking out the window
2322259.jpg,dog,woman,a car that is driving down the street
2374573.jpg,dog,woman,a little girl flying a kite on the beach
2323804.jpg,dog,woman,a row of dogs sitting on a dock next to a body of water
2356619.jpg,dog,woman,a dog catching a frisbee in its mouth
2373351.jpg,dog,woman,two women sitting on a boat in the water
2381417.jpg,dog,woman,a man flying a kite on top of a field
2384517.jpg,dog,woman,a woman walking a dog down a sidewalk
2375883.jpg,dog,woman,a woman walking a dog on a city sidewalk
2324546.jpg,dog,woman,baseball players are playing baseball on a field
2353501.jpg,dog,woman,a dog and a cat sitting on a bike
2402353.jpg,dog,woman,a woman sitting on a bench next to a man
1592181.jpg,dog,woman,a woman sitting on the floor with a dog and a stuffed animal
2408562.jpg,dog,woman,a dog catching a frisbee in its mouth
2391492.jpg,dog,woman,two horses pulling a carriage down a street
2393362.jpg,dog,woman,a dog jumping in the air to catch a frisbee
2415617.jpg,dog,woman,a man and woman sitting on a bench with a dog
2407227.jpg,dog,woman,a person riding skis on top of a snow covered slope
2379484.jpg,dog,woman,a man and a dog sitting on a trail in the woods
2382042.jpg,dog,woman,a woman and a man are looking at a cake
2363530.jpg,dog,woman,a beach with people on the sand and a kite flying in the air
2348412.jpg,dog,woman,a woman feeding a dog water from a bucket
2343433.jpg,dog,woman,a man and woman sitting on a park bench
2394449.jpg,dog,woman,a woman and a dog standing on a sidewalk
2368409.jpg,dog,woman,people sitting around a table with a cake
2371032.jpg,dog,woman,a woman walking down the street with a dog
2376104.jpg,dog,woman,a woman and a dog sitting next to each other
2355266.jpg,dog,woman,a woman standing on top of a field with a frisbee
2347216.jpg,dog,woman,a woman sitting on a couch using a laptop
2387995.jpg,dog,woman,a woman and a child standing near a bus
2387140.jpg,dog,woman,a dog standing next to a bicycle in front of a store
2377704.jpg,dog,woman,a man and a woman petting a dog on a leash
2370727.jpg,dog,woman,a man riding on the back of a brown horse
498019.jpg,dog,woman,a man sitting on a couch with a cat
2320410.jpg,dog,woman,two women sitting under an umbrella at a park
2358897.jpg,dog,woman,a man standing next to a dog in the water
2388985.jpg,dog,woman,a person riding a skateboard down a street
2315606.jpg,dog,woman,a person riding a skateboard on a sidewalk
2338488.jpg,dog,woman,a woman riding a bike down a street
2360562.jpg,dog,woman,two people on skis in the snow
2377429.jpg,dog,woman,a living room filled with furniture and a blue wall
722.jpg,dog,woman,a man walking down the street with a skateboard
2414301.jpg,dog,woman,a man and a woman sitting on a couch
2413346.jpg,dog,woman,three women sitting on a bench next to a bear
2379730.jpg,dog,woman,a woman and a dog on a surfboard in the ocean
2377018.jpg,dog,woman,a crowd of people standing around a motorcycle
2386795.jpg,dog,woman,a woman riding skis down a snow covered slope
2417191.jpg,dog,woman,a man riding a skateboard on top of a city street
2333478.jpg,dog,woman,a large group of people in the ocean with surfboards
2334261.jpg,dog,woman,a man catching a frisbee in a field
2368734.jpg,dog,woman,a person sitting on a bike in the street
2373754.jpg,dog,woman,a woman and a dog on a bus
2320636.jpg,dog,woman,a man riding on the back of a brown horse
2350677.jpg,dog,woman,a woman standing next to a table with a cake
2328869.jpg,dog,woman,a dog that is walking on a sidewalk
2361529.jpg,dog,woman,a woman and her dog are in the field with sheep
2361415.jpg,dog,woman,a family posing for a picture
2382399.jpg,dog,woman,a dog jumping in the air to catch a frisbee
2346200.jpg,dog,woman,a woman sitting on a bench next to a dog
2379063.jpg,dog,woman,a man and a dog on a paddle board in the water
2392123.jpg,dog,woman,a man throwing a frisbee in a park
2329292.jpg,dog,woman,people walking down a street
2394272.jpg,dog,woman,a woman catching a frisbee with a dog
2413880.jpg,dog,woman,three young people riding skateboards down a city street
1160042.jpg,dog,woman,bunches of bananas on display at a market
2395104.jpg,dog,woman,a woman holding a frisbee on a park bench
2347070.jpg,dog,woman,a man and a woman flying a kite on the beach
2384455.jpg,dog,woman,a man riding a horse on top of a beach
2383229.jpg,dog,woman,a woman sitting on the ground in front of a building
2400986.jpg,dog,woman,a white and black dog running across a dirt field
2341652.jpg,dog,woman,a dog that is sitting on the back of a motorcycle
2376475.jpg,dog,woman,a man in a red shirt is holding a dog
2343137.jpg,dog,woman,a woman is holding a small dog in her hand
2349888.jpg,dog,woman,a woman talking on a cell phone next to a river
2387128.jpg,dog,woman,a woman and two dogs are walking down the street
2394611.jpg,dog,woman,a person jumping in the air to catch a frisbee
2371922.jpg,dog,woman,surfers on a beach near the ocean
588.jpg,dog,woman,people walking down a street with a dog
2404081.jpg,dog,woman,a young girl swinging a baseball bat on a beach
2353948.jpg,dog,woman,a dog on a leash on a skateboard
2331177.jpg,dog,woman,a woman cutting a cake on a table
2402346.jpg,dog,woman,a dog catching a frisbee in a park
2361824.jpg,dog,woman,a person riding a bicycle on a city street
1831.jpg,dog,woman,a dog jumping in the air to catch a frisbee
2383252.jpg,dog,woman,a woman petting a dog with a stuffed animal
1592440.jpg,dog,woman,a woman sitting at a table with a laptop in front of her
2332528.jpg,dog,woman,a man holding a dog in his right hand
2364444.jpg,dog,woman,a man in a field with a frisbee
2385453.jpg,dog,woman,a woman sitting in a chair with a dog
2365847.jpg,dog,woman,a dog jumping up to catch a frisbee
2397601.jpg,dog,woman,a woman taking a picture of a dog in a mirror
2329347.jpg,dog,woman,a woman sitting on a paddle boat in the water
2414471.jpg,dog,woman,a woman sitting on a couch next to a dog
2399233.jpg,dog,woman,a man and a dog are walking in the snow
2366841.jpg,dog,woman,a number of people on horses in a field
2343165.jpg,dog,woman,a dog jumping in the air to catch a frisbee
2415707.jpg,dog,woman,a woman sitting on a couch with two dogs
2359950.jpg,dog,woman,a man riding a bike down a path next to a lake
1159610.jpg,dog,woman,people walking down a sidewalk with umbrellas
2334223.jpg,dog,woman,two people walking along a beach with a dog
2367351.jpg,dog,woman,a woman is petting a black and white dog
2414764.jpg,dog,woman,a woman sitting on the grass holding a cell phone
2375612.jpg,dog,woman,a dog jumping in the air to catch a frisbee
2404537.jpg,dog,woman,a man sitting on a beach with a dog
2331500.jpg,dog,woman,a large group of people flying kites in a field
2318308.jpg,dog,woman,a woman holding a dog over a bowl of food
2415470.jpg,dog,woman,a woman sitting on a bed with a laptop computer
2392197.jpg,dog,woman,a woman riding on the back of a motorcycle
2412423.jpg,dog,woman,a woman is petting a brown and white cow
2379225.jpg,dog,woman,a woman walking down the street with a dog
2322106.jpg,dog,woman,a woman sitting on a train looking at her phone
2415110.jpg,dog,woman,a black and white dog standing next to a brick building
2400135.jpg,dog,woman,a woman petting a small dog on a table
2381402.jpg,dog,woman,three people on skis and a dog in the snow
2392036.jpg,dog,woman,a person on a surfboard in the water
2398619.jpg,dog,woman,two surfers carrying their surfboards into the ocean
2411533.jpg,dog,woman,a black and white cat and a brown and white dog on a leash
2363812.jpg,dog,woman,a dog sitting on the floor next to a person
2406866.jpg,dog,woman,a yellow fire hydrant next to a parking lot
2325485.jpg,dog,woman,a woman sitting on the sidewalk with a dog
2356123.jpg,dog,woman,a crowd of people are gathered at a park
2379667.jpg,dog,woman,a woman sitting on a bench next to a dog
2357995.jpg,dog,woman,a train on a track near a bridge
2368944.jpg,dog,woman,a dog chasing a group of people on a surfboard
2413820.jpg,dog,woman,a woman sitting on a bench with a dog
2389504.jpg,dog,woman,two women standing in front of a mirror in a room
2325387.jpg,dog,woman,a man laying on the floor with a dog
3424.jpg,dog,woman,an old building with a statue of a man on top of it
2315716.jpg,dog,woman,a motorcycle is parked on the grass in front of a crowd of people
2348342.jpg,dog,woman,a dog jumping up to catch a frisbee
2407435.jpg,dog,woman,a woman riding a bike with a dog on a leash
2388687.jpg,dog,woman,a woman sitting on the beach with two cows
2405419.jpg,dog,woman,a woman sitting on a beach next to a dog
2382121.jpg,dog,woman,a man and a woman walking a dog on a leash
2389127.jpg,dog,woman,a woman standing next to a dog on a bench
2354002.jpg,dog,woman,a man is walking with an elephant in the street
2326167.jpg,dog,woman,a dog catching a frisbee in its mouth
2402665.jpg,dog,woman,a dog catching a frisbee in its mouth
2337421.jpg,dog,woman,a woman holding a dog and a girl holding a frisbee
2342900.jpg,dog,woman,a man and a woman walking down a street with a dog
2324234.jpg,dog,woman,a woman riding a bicycle with a bag on her head
2352286.jpg,dog,woman,a woman laying on a couch with a laptop on her lap
2414053.jpg,dog,woman,a woman riding a skateboard next to a boy on a skateboard
2406798.jpg,dog,woman,a crowd of people riding bikes down a street
2369147.jpg,dog,woman,a man holding a nintendo wii game controller
2361561.jpg,dog,woman,a man and a dog on skis in the snow
2329428.jpg,dog,woman,a person riding a bike with a dog
2391621.jpg,dog,woman,a woman holding a small dog in a room
2319334.jpg,dog,woman,a person riding a bike on a city street
2376077.jpg,dog,woman,a train that is stopped at a train station
2360774.jpg,dog,woman,a woman is sitting on a scooter in the middle of the street
2393911.jpg,dog,woman,a man and a woman sitting on a couch playing a video game
2345905.jpg,dog,woman,a man and a woman walking down the street with a dog
2385023.jpg,dog,woman,a woman sitting at a desk with a computer
2329691.jpg,dog,woman,a dog laying on a couch in a living room
2407878.jpg,dog,woman,a bus full of people sitting on the seats
2360221.jpg,dog,woman,a dog jumping up to catch a frisbee
2321557.jpg,dog,woman,a crowd of people standing on the side of a road
2348551.jpg,dog,woman,a woman holding a frisbee next to a dog
2414629.jpg,dog,woman,a woman standing next to a red pick up truck
2393935.jpg,dog,woman,a small dog laying on top of a pile of books
2403710.jpg,dog,woman,a number of people on a paddle board in the water
2402737.jpg,dog,woman,motorcycles are parked in a parking lot
2377469.jpg,dog,woman,a man riding a wave on top of a surfboard
2400408.jpg,dog,woman,a woman sitting on a bench talking on a cell phone
2364719.jpg,dog,woman,a dog and a person on a scooter
2400642.jpg,dog,woman,a dog jumping in the air to catch a frisbee
2322354.jpg,dog,woman,a woman and a dog on a surfboard in the ocean
2356624.jpg,dog,woman,a woman sitting on a bench with a dog
2397167.jpg,dog,woman,a woman sitting on a bed with a cat
2344647.jpg,dog,woman,three women sitting on a couch playing a video game
2416114.jpg,dog,woman,a woman walking with an umbrella in the grass
2378582.jpg,dog,woman,a person flying a kite in a grassy field
1592252.jpg,dog,woman,a small dog standing on a sidewalk next to a woman
2365964.jpg,dog,woman,surfers standing on top of a beach
2416279.jpg,dog,woman,a woman and a man are walking down the street
2379154.jpg,dog,woman,a dog jumping in the air to catch a frisbee
2365164.jpg,dog,woman,a woman and a dog are walking down the street
285650.jpg,dog,woman,a woman holding a cake in front of a stove
2396988.jpg,dog,woman,a man sitting on a bench next to a dog
2371647.jpg,dog,woman,a woman walking a dog down a sidewalk
2356036.jpg,dog,woman,a woman walking down a street with a dog
2318384.jpg,dog,woman,a woman holding a dog in her hand
2318049.jpg,dog,woman,a dog jumping in the air to catch a frisbee
2359181.jpg,dog,woman,a man is looking at birds on a street
2388411.jpg,dog,woman,a woman standing next to a group of people on a sidewalk
2409094.jpg,dog,woman,a dog standing next to a group of people
2330481.jpg,dog,woman,two people and a dog on skis in the snow
2322764.jpg,dog,woman,a dog sitting on top of a scooter on the beach
2403205.jpg,dog,woman,a person on a motorcycle with a dog
2383170.jpg,dog,woman,a row of motorcycles parked in a parking lot
2316789.jpg,dog,woman,a dog standing next to a parking meter
2340178.jpg,dog,woman,a woman and her dog playing frisbee in a yard
2362530.jpg,dog,woman,a woman throwing a frisbee to a dog
2399443.jpg,dog,woman,a man walking a dog on a beach
2376697.jpg,dog,woman,a woman walking down the street with an umbrella
2402984.jpg,dog,woman,surfboards are lined up on the beach
2330759.jpg,dog,woman,people sitting on couches in a living room
2395632.jpg,dog,woman,a dog swimming in a pool of water
2349696.jpg,dog,woman,two women walking down a street holding umbrellas
2416234.jpg,dog,woman,a woman and two dogs are walking along a riverbank
2380921.jpg,dog,woman,a person is playing with a frisbee in a park
2353644.jpg,dog,woman,a variety of cakes are displayed on a table
2363971.jpg,dog,woman,a man and a woman are sitting on a couch together
2395166.jpg,dog,woman,a dog jumping up to catch a frisbee
2393573.jpg,dog,woman,a woman sitting on a couch holding a nintendo wii game controller
2352906.jpg,dog,woman,a woman walking a dog down a sidewalk
2397787.jpg,dog,woman,a dog jumping in the air to catch a frisbee
2336458.jpg,dog,woman,a large group of people in a body of water
2406821.jpg,dog,woman,a blue and white bus stopped at a bus stop
2367512.jpg,dog,woman,a man and a dog walking down a street
2393152.jpg,dog,woman,kites flying in the air on a beach
2323367.jpg,dog,woman,a woman and her dog are in the water
2370877.jpg,dog,woman,a brown and white dog riding a skateboard
2316030.jpg,dog,woman,a dog on a surfboard in the water
2356877.jpg,dog,woman,a dog jumping up to catch a frisbee
2391849.jpg,dog,woman,a crowd of people walking down a street with umbrellas
2315875.jpg,dog,woman,a woman sitting on a bench reading a book
2401902.jpg,dog,woman,a woman walking a dog with an umbrella
2335375.jpg,dog,woman,a large group of people flying kites in a park
2341368.jpg,dog,woman,a woman walking down the street with a horse
2404245.jpg,dog,woman,a dog sitting in the middle of a room with other dogs
2417119.jpg,dog,woman,motorcyclists are riding down the street
2323280.jpg,dog,woman,a crowd of people standing around a dog at a dog show
2316688.jpg,dog,woman,a woman walking down a path with an umbrella
2413945.jpg,dog,woman,a woman sitting on the sidewalk with a dog
2355519.jpg,dog,woman,a dog holding a frisbee in it's mouth
2365507.jpg,dog,woman,a man and a woman are looking at a dog
2407605.jpg,dog,woman,a man riding a bike on top of a bench
308.jpg,dog,woman,people walking on a sidewalk near a body of water
2320118.jpg,dog,woman,a person holding an umbrella on a sidewalk
2412325.jpg,dog,woman,people standing in a field with umbrellas
2338677.jpg,dog,woman,a man holding a wii game controller in a living room
2406272.jpg,dog,woman,a woman standing next to a dog in a car
2413856.jpg,dog,woman,a dog jumping up to catch a frisbee
2359038.jpg,dog,woman,a dog catching a frisbee in its mouth
713048.jpg,dog,woman,people sitting on a boat with a dog
1592560.jpg,dog,woman,a man and a dog standing in front of a tv
2362800.jpg,dog,woman,a white refrigerator with a picture of a penguin on it
2355121.jpg,dog,woman,a woman holding a small dog in her hands
2416836.jpg,dog,woman,a dog catching a frisbee in its mouth
2372773.jpg,dog,woman,a man sitting on a bench reading a book
2380863.jpg,dog,woman,a food truck is parked in front of a building
2399755.jpg,dog,woman,a woman is walking down the street while talking on a cell phone
2372332.jpg,dog,woman,a woman kneeling down to pet a sheep
2395207.jpg,dog,woman,a woman standing in a kitchen preparing food
2377106.jpg,dog,woman,a man standing in a living room holding a wii controller
2395806.jpg,dog,woman,two women and a dog standing in a grassy field
2371249.jpg,dog,woman,a woman wearing a hat and holding a dog
2334244.jpg,dog,woman,a large group of people in a park with umbrellas
2353942.jpg,dog,woman,a black and white cat and a black and white dog
2377474.jpg,dog,woman,a person on a paddle board in the water
2355579.jpg,dog,woman,a large group of people skiing down a snow covered slope
2317093.jpg,dog,woman,a man and a woman are petting a dog
2347727.jpg,dog,woman,a cat standing on top of a kitchen counter
2353381.jpg,dog,woman,a woman sitting on a couch with a dog
2348791.jpg,dog,woman,a woman walking a dog on a leash
2394647.jpg,dog,woman,a woman sitting on a bed with a toothbrush in her mouth
2386134.jpg,dog,woman,a woman riding a bike with a dog on a leash
2380064.jpg,dog,woman,a living room filled with furniture and a tv
2382466.jpg,dog,woman,a man standing next to a parked motorcycle
2324193.jpg,dog,woman,a woman sitting on the floor with a dog
2377946.jpg,dog,woman,a woman and a dog laying on a bed
2411557.jpg,dog,woman,a man catching a frisbee in a park
2318369.jpg,dog,woman,a reflection of a woman in a mirror
2407734.jpg,dog,woman,a man and a dog are playing frisbee together
2318692.jpg,dog,woman,a black and white dog jumping up to catch a frisbee
2335936.jpg,dog,woman,a woman standing in a kitchen with a dog
2348065.jpg,dog,woman,a person walking a dog on a leash
2328085.jpg,dog,woman,two people walking down a path with a dog
2329456.jpg,dog,woman,a dog that is standing in front of a store
2387472.jpg,dog,woman,a woman taking a picture of herself in a car mirror
2412794.jpg,dog,woman,a woman and a man walking on the beach with a dog
713479.jpg,dog,woman,a man and woman sitting at a table with a dog
2386512.jpg,dog,woman,a dog that is sitting on the back of a motorcycle
2366052.jpg,dog,woman,a man selling oranges at a fruit stand
2360443.jpg,dog,woman,a woman and her dog playing frisbee in a field
2339221.jpg,dog,woman,a black and white dog and a black and white cat
2409740.jpg,dog,woman,a man riding a bike down a street next to a group of people
2411786.jpg,dog,woman,a dog chasing a frisbee in a park
2335189.jpg,dog,woman,a man and a woman walking a dog on a city street
2386435.jpg,dog,woman,a dog jumping in the air to catch a frisbee
2406283.jpg,dog,woman,a woman sitting at a table with two dogs
2367636.jpg,dog,woman,a crowd of people flying kites in a field
2347373.jpg,dog,woman,a young boy standing in the grass with a kite in his hand
2347725.jpg,dog,woman,a dog that is sitting on a leash
2370001.jpg,dog,woman,a woman sitting on the floor with a dog
2413586.jpg,dog,woman,a kitchen filled with lots of food and people
2397768.jpg,dog,woman,a number of dogs on a beach near a body of water
2416883.jpg,dog,woman,a woman holding a frisbee in a park
2393173.jpg,dog,woman,a man and a dog are walking on the grass with an umbrella
2358659.jpg,dog,woman,a woman catching a frisbee in a park
2326052.jpg,dog,woman,a woman and a dog on a surfboard in the water
2333137.jpg,dog,woman,a woman and her dog are playing frisbee in the yard
2333690.jpg,dog,woman,a little girl petting a dog in a bathroom
2389743.jpg,dog,woman,a man and a dog standing in front of a pickup truck
2404163.jpg,dog,woman,a person petting a dog on a leash
2352844.jpg,dog,bun,a hot dog on a bun on a table
2328709.jpg,dog,bun,a hot dog with ketchup and mustard on a bun
2409292.jpg,dog,bun,a hot dog on a bun with mustard and ketchup
2357329.jpg,dog,bun,a plate of fries and a hot dog on a table
2350300.jpg,dog,bun,a person holding a hot dog in a bun
2344997.jpg,dog,bun,a hot dog on a bun with french fries
2341651.jpg,dog,bun,a little boy eating a piece of pizza
2354029.jpg,dog,bun,a hot dog on a bun with mustard and ketchup
2400968.jpg,dog,bun,a hot dog and french fries on a plate
2380470.jpg,dog,bun,a man and a dog eating a hot dog
2377691.jpg,dog,bun,a person holding a hot dog in a bun
2399755.jpg,dog,bun,a woman is walking down the street while talking on a cell phone
2417730.jpg,dog,bun,a hot dog with ketchup and mustard on a bun
2335451.jpg,dog,bun,a hot dog with mustard and ketchup on a bun
2334564.jpg,dog,shirt,a person riding a surfboard on top of a body of water
2359938.jpg,dog,shirt,a collage of photos showing different types of food
2316169.jpg,dog,shirt,a woman holding a baby while sitting on a couch
2403391.jpg,dog,shirt,people on a beach with surfboards
2374573.jpg,dog,shirt,a little girl flying a kite on the beach
2323804.jpg,dog,shirt,a row of dogs sitting on a dock next to a body of water
2356619.jpg,dog,shirt,a dog catching a frisbee in its mouth
2373351.jpg,dog,shirt,two women sitting on a boat in the water
2374386.jpg,dog,shirt,a crowd of people walking down a street with umbrellas
2384339.jpg,dog,shirt,a man standing on a beach next to a woman holding a surfboard
2324546.jpg,dog,shirt,baseball players are playing baseball on a field
2366961.jpg,dog,shirt,men and women posing for a picture
2408562.jpg,dog,shirt,a dog catching a frisbee in its mouth
2366353.jpg,dog,shirt,a man and a dog playing frisbee in a park
2380237.jpg,dog,shirt,a dog with a frisbee in its mouth
2361930.jpg,dog,shirt,a man holding a dog on a leash
2348946.jpg,dog,shirt,a dog on a surfboard in the water
2415617.jpg,dog,shirt,a man and woman sitting on a bench with a dog
2317995.jpg,dog,shirt,a collage of photos of animals and people
2393765.jpg,dog,shirt,a man sitting on a bed with a dog
2358614.jpg,dog,shirt,a man sitting at a desk in front of a computer
2324236.jpg,dog,shirt,a woman riding a skateboard with a dog
2360057.jpg,dog,shirt,a person flying a kite on a beach
2371420.jpg,dog,shirt,a woman and a child playing a video game
2352484.jpg,dog,shirt,people on a boat in the water
2348412.jpg,dog,shirt,a woman feeding a dog water from a bucket
2343433.jpg,dog,shirt,a man and woman sitting on a park bench
2330356.jpg,dog,shirt,a man standing next to a wooden table with a dog
2368409.jpg,dog,shirt,people sitting around a table with a cake
2357994.jpg,dog,shirt,a dog sitting on a table in a factory
2371032.jpg,dog,shirt,a woman walking down the street with a dog
1593164.jpg,dog,shirt,a man feeding a dog a cup of water
286019.jpg,dog,shirt,a man and a woman sitting on a park bench
2317781.jpg,dog,shirt,people walking around on a beach
2377704.jpg,dog,shirt,a man and a woman petting a dog on a leash
2394992.jpg,dog,shirt,a man standing next to a dog in a field
2377932.jpg,dog,shirt,a man sitting on a bench with a dog
498019.jpg,dog,shirt,a man sitting on a couch with a cat
2370415.jpg,dog,shirt,a dog riding a surfboard on top of a wave
2320410.jpg,dog,shirt,two women sitting under an umbrella at a park
2358897.jpg,dog,shirt,a man standing next to a dog in the water
2358221.jpg,dog,shirt,a dog jumping in the air to catch a frisbee
2332586.jpg,dog,shirt,a little girl sitting next to a brown dog
713188.jpg,dog,shirt,a woman and a dog on a surfboard in the water
2388985.jpg,dog,shirt,a person riding a skateboard down a street
2382504.jpg,dog,shirt,a woman petting a black and white dog with a frisbee
2315606.jpg,dog,shirt,a person riding a skateboard on a sidewalk
2407510.jpg,dog,shirt,a man riding a skateboard next to a dog
2338488.jpg,dog,shirt,a woman riding a bike down a street
2330218.jpg,dog,shirt,a dog carrying a backpack on its back
2382139.jpg,dog,shirt,two boys sitting on a bunk bed reading a book
2325354.jpg,dog,shirt,a number of people in a field with a number of dogs
2414301.jpg,dog,shirt,a man and a woman sitting on a couch
2413346.jpg,dog,shirt,three women sitting on a bench next to a bear
2323635.jpg,dog,shirt,a parking lot filled with lots of parked cars
1592139.jpg,dog,shirt,a man sitting on a boat in the water
2385923.jpg,dog,shirt,a young boy holding a baseball bat on a field
2376794.jpg,dog,shirt,a young boy standing in front of a body of water
2377018.jpg,dog,shirt,a crowd of people standing around a motorcycle
2405157.jpg,dog,shirt,a boy jumping up into the air to catch a frisbee
2393332.jpg,dog,shirt,a man standing on a beach with a dog
2382301.jpg,dog,shirt,a woman walking her dog down a snow covered slope
2412687.jpg,dog,shirt,a brown and white dog holding a frisbee in it's mouth
2337026.jpg,dog,shirt,a man and a dog on a boat in the water
2351814.jpg,dog,shirt,a man and a dog sitting in the back of a car
2409245.jpg,dog,shirt,a car that has a bike on top of it
2368734.jpg,dog,shirt,a person sitting on a bike in the street
2414515.jpg,dog,shirt,a man riding a skateboard up the side of a ramp
2320636.jpg,dog,shirt,a man riding on the back of a brown horse
2377157.jpg,dog,shirt,a man throwing a frisbee to a dog
2350677.jpg,dog,shirt,a woman standing next to a table with a cake
2361415.jpg,dog,shirt,a family posing for a picture
2382399.jpg,dog,shirt,a dog jumping in the air to catch a frisbee
2363708.jpg,dog,shirt,a man riding a skateboard on top of a wooden ramp
2357723.jpg,dog,shirt,a birthday cake with a train on top of it
2368834.jpg,dog,shirt,a man sitting in a chair holding a dog
2398862.jpg,dog,shirt,a young boy holding a dog on a boat
2392123.jpg,dog,shirt,a man throwing a frisbee in a park
2403124.jpg,dog,shirt,two brown and white dogs and a man
2394272.jpg,dog,shirt,a woman catching a frisbee with a dog
2414707.jpg,dog,shirt,a large group of people on a beach with a dog
2367331.jpg,dog,shirt,a man riding a skateboard next to a dog
2377375.jpg,dog,shirt,a man and a woman sitting on a bench
2337084.jpg,dog,shirt,people standing in a living room playing a video game
2413880.jpg,dog,shirt,three young people riding skateboards down a city street
1160042.jpg,dog,shirt,bunches of bananas on display at a market
1592176.jpg,dog,shirt,a dog standing on a sidewalk next to a man
2341651.jpg,dog,shirt,a little boy eating a piece of pizza
2381352.jpg,dog,shirt,a man catching a frisbee in a park
2391800.jpg,dog,shirt,a person jumping in the air to catch a frisbee
2364372.jpg,dog,shirt,a woman riding on the back of a brown horse
2395104.jpg,dog,shirt,a woman holding a frisbee on a park bench
2347070.jpg,dog,shirt,a man and a woman flying a kite on the beach
2344629.jpg,dog,shirt,a man riding a bike with a dog on a leash
2316075.jpg,dog,shirt,a man sitting on the back of a truck in a field
2383229.jpg,dog,shirt,a woman sitting on the ground in front of a building
713406.jpg,dog,shirt,a woman sitting in a car with a dog
2400986.jpg,dog,shirt,a white and black dog running across a dirt field
2329565.jpg,dog,shirt,a man sitting on a couch with a dog
2356473.jpg,dog,shirt,a man standing in a field with a herd of cattle
2391053.jpg,dog,shirt,a man and a woman sitting on a bench with a dog
2358354.jpg,dog,shirt,a man sitting on a bench next to a dog
2325645.jpg,dog,shirt,a dog jumping in the air to catch a frisbee
2390441.jpg,dog,shirt,a man in a blue shirt is talking on a cell phone
2417574.jpg,dog,shirt,a man standing next to a herd of sheep
2386443.jpg,dog,shirt,people on a beach near the ocean
2343137.jpg,dog,shirt,a woman is holding a small dog in her hand
2342016.jpg,dog,shirt,a man and a dog on a surfboard in the ocean
2367813.jpg,dog,shirt,a man and a dog playing frisbee in a field
2372770.jpg,dog,shirt,a man sitting on a bench reading a newspaper
2345520.jpg,dog,shirt,a birthday party for a little girl with a birthday cake
2337303.jpg,dog,shirt,a man sitting on a bench talking on a cell phone
2394611.jpg,dog,shirt,a person jumping in the air to catch a frisbee
723.jpg,dog,shirt,a large white van parked in front of a building
2329720.jpg,dog,shirt,a man laying on a bed with a dog
2328709.jpg,dog,shirt,a hot dog with ketchup and mustard on a bun
2404081.jpg,dog,shirt,a young girl swinging a baseball bat on a beach
2354494.jpg,dog,shirt,a person laying on a couch with a dog
2333590.jpg,dog,shirt,a dog and a girl sitting next to each other
1831.jpg,dog,shirt,a dog jumping in the air to catch a frisbee
2320476.jpg,dog,shirt,a little girl walking with a dog on a beach
2351380.jpg,dog,shirt,a black and white dog standing next to a white and brown dog
2383252.jpg,dog,shirt,a woman petting a dog with a stuffed animal
2415422.jpg,dog,shirt,a woman sitting on a bed next to a dog
2332528.jpg,dog,shirt,a man holding a dog in his right hand
2364444.jpg,dog,shirt,a man in a field with a frisbee
2387897.jpg,dog,shirt,a black and white cat standing next to a window
2395217.jpg,dog,shirt,a man walking a dog on a leash near a body of water
2411201.jpg,dog,shirt,a dog sitting on the back of a motorcycle
2387137.jpg,dog,shirt,a woman sitting on a boat with a dog
2342372.jpg,dog,shirt,a man sitting on a couch with a small dog
2320868.jpg,dog,shirt,a crowd of people flying kites on a beach
2412671.jpg,dog,shirt,a woman walking her dog through a grassy field
2372046.jpg,dog,shirt,a man sitting on a couch with a dog
2320655.jpg,dog,shirt,a man riding a bike down a street with a small child
2378475.jpg,dog,shirt,a man and a little girl playing frisbee in a park
2369591.jpg,dog,shirt,a young boy holding a dog in his arms
2318934.jpg,dog,shirt,a small white dog wearing a blue and white striped shirt
2336234.jpg,dog,shirt,a man and a dog standing next to each other
2408745.jpg,dog,shirt,stuffed animals are arranged on a shelf
2335060.jpg,dog,shirt,a bicycle parked on the side of a road near a body of water
2366841.jpg,dog,shirt,a number of people on horses in a field
2401124.jpg,dog,shirt,a dog looking out the window of a car
2327346.jpg,dog,shirt,a man standing in front of a stove in a kitchen
2343165.jpg,dog,shirt,a dog jumping in the air to catch a frisbee
2384081.jpg,dog,shirt,a man riding a bike with a dog
2359950.jpg,dog,shirt,a man riding a bike down a path next to a lake
2376639.jpg,dog,shirt,people riding horses on the beach
2329647.jpg,dog,shirt,a little girl and a little boy playing with a fire hydrant
2366946.jpg,dog,shirt,a man standing on a beach flying a kite
2326452.jpg,dog,shirt,a dog jumping in the air to catch a frisbee
2334223.jpg,dog,shirt,two people walking along a beach with a dog
2414764.jpg,dog,shirt,a woman sitting on the grass holding a cell phone
285822.jpg,dog,shirt,a woman riding a bike with a basket on her head
2370344.jpg,dog,shirt,a white fire hydrant sitting on the side of a sidewalk
2331500.jpg,dog,shirt,a large group of people flying kites in a field
2403149.jpg,dog,shirt,a small dog standing on a desk next to a computer
2392197.jpg,dog,shirt,a woman riding on the back of a motorcycle
2382281.jpg,dog,shirt,a herd of sheep standing on top of a muddy field
2414354.jpg,dog,shirt,a man holding a skateboard while holding a dog
2372856.jpg,dog,shirt,a man holding a frisbee next to a dog
2345532.jpg,dog,shirt,a man and a dog on a boat in the water
2360542.jpg,dog,shirt,a small brown dog sitting on top of a backpack
2412423.jpg,dog,shirt,a woman is petting a brown and white cow
2358778.jpg,dog,shirt,a dog jumping in the air to catch a frisbee
2359049.jpg,dog,shirt,a large group of girls posing for a picture
2350312.jpg,dog,shirt,a man and woman on a motorcycle with a dog
2374930.jpg,dog,shirt,a dog laying on a couch next to a teddy bear
2415110.jpg,dog,shirt,a black and white dog standing next to a brick building
2344769.jpg,dog,shirt,a man riding a skateboard with a dog
285707.jpg,dog,shirt,a dog and a man on a boat in the water
2381402.jpg,dog,shirt,three people on skis and a dog in the snow
2392036.jpg,dog,shirt,a person on a surfboard in the water
2357556.jpg,dog,shirt,a woman riding a horse in a field with a dog
2406866.jpg,dog,shirt,a yellow fire hydrant next to a parking lot
2334958.jpg,dog,shirt,a man riding a bike with a cart on the back
2317257.jpg,dog,shirt,two women and a dog laying on a bed
2358936.jpg,dog,shirt,a woman sitting on a boat with a dog
2336716.jpg,dog,shirt,a dog jumping in the air to catch a frisbee
2319335.jpg,dog,shirt,a black and white dog laying on a person's lap
2342517.jpg,dog,shirt,a man with a beard is sitting on a couch
2363026.jpg,dog,shirt,a man laying on a bed with a dog
2350609.jpg,dog,shirt,a dog standing on a sidewalk next to a person
2331525.jpg,dog,shirt,a man sitting in a car with a dog on his lap
2367272.jpg,dog,shirt,a woman riding a bike with a basket on her head
2345593.jpg,dog,shirt,a man sitting on a couch with a dog
2417801.jpg,dog,shirt,a man riding a surfboard on top of a wave
2351210.jpg,dog,shirt,a little girl holding a teddy bear in her arms
2317573.jpg,dog,shirt,a woman swinging a tennis racquet on a tennis court
2356330.jpg,dog,shirt,a man and a woman petting a dog on a bench
2370145.jpg,dog,shirt,a dog laying in the middle of a flooded street
2385858.jpg,dog,shirt,two men standing in a kitchen next to a sink
2315716.jpg,dog,shirt,a motorcycle is parked on the grass in front of a crowd of people
2396549.jpg,dog,shirt,a plate of hot dogs and french fries on a table
2404956.jpg,dog,shirt,a cow standing on the side of a road next to a building
2360637.jpg,dog,shirt,a woman swinging a bat at a ball on a beach
2348342.jpg,dog,shirt,a dog jumping up to catch a frisbee
2342359.jpg,dog,shirt,a man sitting on a couch with a dog
2388743.jpg,dog,shirt,a man standing next to a white boat on a body of water
2368196.jpg,dog,shirt,a man on a leash carrying a dog on a trail
2319521.jpg,dog,shirt,a man in a suit and tie posing for a picture
2333895.jpg,dog,shirt,a person petting a sheep with a dog
2348603.jpg,dog,shirt,a herd of sheep standing on top of a grass covered field
2350150.jpg,dog,shirt,a man riding a bike down a road with a dog
2371995.jpg,dog,shirt,a man in a suit talking on a cell phone
2405419.jpg,dog,shirt,a woman sitting on a beach next to a dog
2354002.jpg,dog,shirt,a man is walking with an elephant in the street
2368426.jpg,dog,shirt,a woman sitting on a bench in a field
2401877.jpg,dog,shirt,a dog that is standing in front of a fence
2326167.jpg,dog,shirt,a dog catching a frisbee in its mouth
2351824.jpg,dog,shirt,a bicycle parked next to a train on a track
2402665.jpg,dog,shirt,a dog catching a frisbee in its mouth
2321841.jpg,dog,shirt,a man and a dog playing a video game
2361091.jpg,dog,shirt,a man standing on the side of a road next to a street sign
2342900.jpg,dog,shirt,a man and a woman walking down a street with a dog
2330214.jpg,dog,shirt,a dog jumping in the air to catch a frisbee
2383516.jpg,dog,shirt,a man sitting on a couch with a dog
2352286.jpg,dog,shirt,a woman laying on a couch with a laptop on her lap
2406301.jpg,dog,shirt,a person walking down a road with a dog
2361103.jpg,dog,shirt,a man standing next to a dog on a boat
2351186.jpg,dog,shirt,a dog running with a frisbee in its mouth
2406798.jpg,dog,shirt,a crowd of people riding bikes down a street
2369147.jpg,dog,shirt,a man holding a nintendo wii game controller
2377194.jpg,dog,shirt,a man riding a skateboard down a sidewalk
2361561.jpg,dog,shirt,a man and a dog on skis in the snow
2319334.jpg,dog,shirt,a person riding a bike on a city street
2360774.jpg,dog,shirt,a woman is sitting on a scooter in the middle of the street
2404862.jpg,dog,shirt,a dog sitting on a couch next to a man
2393911.jpg,dog,shirt,a man and a woman sitting on a couch playing a video game
2365471.jpg,dog,shirt,a dog laying on the floor next to a bag
2413539.jpg,dog,shirt,a man and a boy skateboarding down a street
2385023.jpg,dog,shirt,a woman sitting at a desk with a computer
2329885.jpg,dog,shirt,a little boy sitting on a couch holding a toothbrush
2387430.jpg,dog,shirt,a man riding on the back of a brown horse
2360221.jpg,dog,shirt,a dog jumping up to catch a frisbee
2405624.jpg,dog,shirt,a man and a dog are sitting on a couch
2380760.jpg,dog,shirt,a man riding a bike on top of a beach
2346390.jpg,dog,shirt,a man holding a dog in a kitchen
2380687.jpg,dog,shirt,a person riding a skateboard with a dog
2394065.jpg,dog,shirt,a brown and white dog standing next to a frisbee
497973.jpg,dog,shirt,a crowd of people standing around a park with a dog
2364866.jpg,dog,shirt,a dog catching a frisbee in a park
2331774.jpg,dog,shirt,a man and a dog on the beach with a surfboard
2379912.jpg,dog,shirt,a dog sitting on the sidewalk next to a store
2351477.jpg,dog,shirt,a herd of sheep standing on top of a lush green field
2369860.jpg,dog,shirt,a horse pulling a carriage down a street
2402737.jpg,dog,shirt,motorcycles are parked in a parking lot
2375053.jpg,dog,shirt,a man riding a skateboard up the side of a ramp
2330673.jpg,dog,shirt,a display case filled with lots of stuffed animals
2352588.jpg,dog,shirt,a black dog laying on top of a bed
2391488.jpg,dog,shirt,a man walking down the street with a dog
2333861.jpg,dog,shirt,a woman flying a kite on a beach
1592658.jpg,dog,shirt,a woman and a dog are playing frisbee in a park
2361800.jpg,dog,shirt,a small dog sitting on a sidewalk next to a man
2390652.jpg,dog,shirt,a woman sitting on a bed next to a white dog
2318179.jpg,dog,shirt,people walking on the beach with a dog
2321342.jpg,dog,shirt,a dog jumping in the air to catch a frisbee
2344647.jpg,dog,shirt,three women sitting on a couch playing a video game
2416114.jpg,dog,shirt,a woman walking with an umbrella in the grass
2364424.jpg,dog,shirt,a young boy and a young girl on a skateboard
2392115.jpg,dog,shirt,a woman and a dog playing frisbee in a park
2416279.jpg,dog,shirt,a woman and a man are walking down the street
2405708.jpg,dog,shirt,a brown and white dog sitting next to a table with a table cloth
2394882.jpg,dog,shirt,a man standing next to a black dog in a living room
2365164.jpg,dog,shirt,a woman and a dog are walking down the street
2394890.jpg,dog,shirt,a person sitting at a table with a laptop
2396988.jpg,dog,shirt,a man sitting on a bench next to a dog
2403048.jpg,dog,shirt,a man sitting on a bench next to a dog
2348134.jpg,dog,shirt,a person and a dog on a leash
2340498.jpg,dog,shirt,a man standing next to a dog in a yard
2371647.jpg,dog,shirt,a woman walking a dog down a sidewalk
2318384.jpg,dog,shirt,a woman holding a dog in her hand
2316723.jpg,dog,shirt,a man holding a dog in his right hand
2318049.jpg,dog,shirt,a dog jumping in the air to catch a frisbee
2380409.jpg,dog,shirt,a man standing next to a dog on the side of a road
2359181.jpg,dog,shirt,a man is looking at birds on a street
2388411.jpg,dog,shirt,a woman standing next to a group of people on a sidewalk
2321511.jpg,dog,shirt,a man sitting on a horse next to a dog
2350109.jpg,dog,shirt,a dog jumping up to catch a frisbee
2359753.jpg,dog,shirt,a man riding a skateboard next to a fence
2355727.jpg,dog,shirt,a dog jumping in the air to catch a frisbee
2367186.jpg,dog,shirt,a man and a woman sitting on a bench
2374739.jpg,dog,shirt,a person riding a horse on the beach
2340353.jpg,dog,shirt,a dog sitting in the back of a pickup truck
2322764.jpg,dog,shirt,a dog sitting on top of a scooter on the beach
2366617.jpg,dog,shirt,a man and a woman standing next to each other
2316789.jpg,dog,shirt,a dog standing next to a parking meter
2333842.jpg,dog,shirt,a number of people in a field with a dog
2322281.jpg,dog,shirt,a man holding a frisbee in his right hand
2395632.jpg,dog,shirt,a dog swimming in a pool of water
2373955.jpg,dog,shirt,a man sitting on a bed with a dog
2318999.jpg,dog,shirt,a young boy sitting on a bench with a dog
2405853.jpg,dog,shirt,a dog sitting on a couch next to a man
2388607.jpg,dog,shirt,a young child holding an umbrella in the rain
2373751.jpg,dog,shirt,a man holding a frisbee in front of a group of people
2363971.jpg,dog,shirt,a man and a woman are sitting on a couch together
2364024.jpg,dog,shirt,a man and a dog on a boat in the water
2359576.jpg,dog,shirt,a woman riding a skateboard down a sidewalk next to a dog
2317661.jpg,dog,shirt,a woman on a surfboard with a dog in the water
2395166.jpg,dog,shirt,a dog jumping up to catch a frisbee
2393573.jpg,dog,shirt,a woman sitting on a couch holding a nintendo wii game controller
2352906.jpg,dog,shirt,a woman walking a dog down a sidewalk
2397787.jpg,dog,shirt,a dog jumping in the air to catch a frisbee
2373696.jpg,dog,shirt,a man holding a sign with a dog on it
2400991.jpg,dog,shirt,a man sitting on a bench next to a dog
2390235.jpg,dog,shirt,a little girl is petting a dog on a leash
2353356.jpg,dog,shirt,a woman sitting on a chair with a dog
2406821.jpg,dog,shirt,a blue and white bus stopped at a bus stop
2364515.jpg,dog,shirt,a man sitting in the back of a pickup truck with a dog
2346157.jpg,dog,shirt,a man sitting on the ground next to a bunch of bananas
2367512.jpg,dog,shirt,a man and a dog walking down a street
2382814.jpg,dog,shirt,a man and a dog playing frisbee on the beach
2370.jpg,dog,shirt,a city street filled with lots of traffic
2341577.jpg,dog,shirt,a man and a woman sitting on a bus
2356877.jpg,dog,shirt,a dog jumping up to catch a frisbee
2391849.jpg,dog,shirt,a crowd of people walking down a street with umbrellas
2396164.jpg,dog,shirt,a woman holding an umbrella while standing in the rain
2388197.jpg,dog,shirt,people standing on top of a beach
2345151.jpg,dog,shirt,a crowd of people with umbrellas walking down a street
2335375.jpg,dog,shirt,a large group of people flying kites in a park
2329537.jpg,dog,shirt,a man standing next to a woman on a sidewalk
2341368.jpg,dog,shirt,a woman walking down the street with a horse
2417119.jpg,dog,shirt,motorcyclists are riding down the street
2359224.jpg,dog,shirt,a young boy eating a piece of food
2362620.jpg,dog,shirt,a man riding a surfboard on top of a dog
1592443.jpg,dog,shirt,a herd of cattle standing on top of a sandy beach
2344149.jpg,dog,shirt,people walking down a sidewalk near a store
2375426.jpg,dog,shirt,a man walking a dog down a sidewalk
2365507.jpg,dog,shirt,a man and a woman are looking at a dog
2339803.jpg,dog,shirt,a dog looking out the window of a car
2407605.jpg,dog,shirt,a man riding a bike on top of a bench
2398532.jpg,dog,shirt,a herd of horses running along a dirt road
2377573.jpg,dog,shirt,a dog jumping in the air to catch a frisbee
2320118.jpg,dog,shirt,a person holding an umbrella on a sidewalk
2338677.jpg,dog,shirt,a man holding a wii game controller in a living room
2350300.jpg,dog,shirt,a person holding a hot dog in a bun
2413856.jpg,dog,shirt,a dog jumping up to catch a frisbee
2359038.jpg,dog,shirt,a dog catching a frisbee in its mouth
2371440.jpg,dog,shirt,a white dog sitting on top of a white board
2344110.jpg,dog,shirt,a man sitting on a bench next to a dog
2340500.jpg,dog,shirt,a man and a dog on a boat in the water
2324914.jpg,dog,shirt,a man sitting on a couch with a dog
2368671.jpg,dog,shirt,a man walking down a street next to a building
2416475.jpg,dog,shirt,a black and white photo of a black and white dog
2390039.jpg,dog,shirt,a dog laying on a bed next to a person
2355121.jpg,dog,shirt,a woman holding a small dog in her hands
2380863.jpg,dog,shirt,a food truck is parked in front of a building
2324410.jpg,dog,shirt,people riding skis down a snow covered slope
4592.jpg,dog,shirt,a car parked on the side of a road
2365030.jpg,dog,shirt,a brown and white dog on a skateboard
2326497.jpg,dog,shirt,a man wearing a hat with a sheep on it
2409092.jpg,dog,shirt,a man sitting on a bench with a dog
2373458.jpg,dog,shirt,a man laying on a bed with two dogs
2339336.jpg,dog,shirt,a person walking in the snow with a snowboard
2380985.jpg,dog,shirt,a man riding a skateboard next to a dog
2395520.jpg,dog,shirt,a man standing next to a dog on a beach
2408755.jpg,dog,shirt,a man and a dog laying on a bed
2394647.jpg,dog,shirt,a woman sitting on a bed with a toothbrush in her mouth
2331644.jpg,dog,shirt,two people sitting on a bench with a dog
2369450.jpg,dog,shirt,a dog jumping in the air to catch a frisbee
2324536.jpg,dog,shirt,a person on a beach flying a kite
2318635.jpg,dog,shirt,a parking meter sitting on the side of a street
2400563.jpg,dog,shirt,a man in a cowboy hat is leading a herd of cattle
2318369.jpg,dog,shirt,a reflection of a woman in a mirror
2407734.jpg,dog,shirt,a man and a dog are playing frisbee together
2318692.jpg,dog,shirt,a black and white dog jumping up to catch a frisbee
2379710.jpg,dog,shirt,a dog riding a surfboard on top of a wave
2374798.jpg,dog,shirt,a man sitting on a couch with a dog
2335936.jpg,dog,shirt,a woman standing in a kitchen with a dog
2396422.jpg,dog,shirt,two dogs laying on a bed next to each other
2338103.jpg,dog,shirt,a man in a suit and tie sitting next to a dog
2339367.jpg,dog,shirt,a woman sitting on the floor with a dog in front of her
2396753.jpg,dog,shirt,a man sitting on a bench with a dog
2383956.jpg,dog,shirt,a woman standing in front of a mirror looking at her phone
2339890.jpg,dog,shirt,a woman walking down a street with a dog
2385897.jpg,dog,shirt,a dog jumping in the air to catch a frisbee
2374913.jpg,dog,shirt,a man holding a dog in his right hand
2417150.jpg,dog,shirt,a boat that is sitting in the water
2386512.jpg,dog,shirt,a dog that is sitting on the back of a motorcycle
2406155.jpg,dog,shirt,a small dog sitting on top of a couch
2350595.jpg,dog,shirt,a dog wearing a hat on a beach
2366052.jpg,dog,shirt,a man selling oranges at a fruit stand
2360443.jpg,dog,shirt,a woman and her dog playing frisbee in a field
2409740.jpg,dog,shirt,a man riding a bike down a street next to a group of people
2347526.jpg,dog,shirt,a woman sitting on top of a couch next to a man
2411786.jpg,dog,shirt,a dog chasing a frisbee in a park
2335189.jpg,dog,shirt,a man and a woman walking a dog on a city street
2406283.jpg,dog,shirt,a woman sitting at a table with two dogs
2367636.jpg,dog,shirt,a crowd of people flying kites in a field
2347373.jpg,dog,shirt,a young boy standing in the grass with a kite in his hand
2363267.jpg,dog,shirt,a man and a dog sitting on a bench
2333871.jpg,dog,shirt,a woman holding a dog while standing next to a dog
2345544.jpg,dog,shirt,a man and a woman standing on a sidewalk with a skateboard
2361973.jpg,dog,shirt,a herd of cows walking down a street next to a building
2370001.jpg,dog,shirt,a woman sitting on the floor with a dog
2413586.jpg,dog,shirt,a kitchen filled with lots of food and people
2397768.jpg,dog,shirt,a number of dogs on a beach near a body of water
2341743.jpg,dog,shirt,a man playing frisbee with a group of people
2416883.jpg,dog,shirt,a woman holding a frisbee in a park
2344583.jpg,dog,shirt,a man and a dog are playing frisbee in a park
2324192.jpg,dog,shirt,a large jetliner sitting on top of an airport runway
2380091.jpg,dog,shirt,a herd of cattle grazing on a lush green field
2358659.jpg,dog,shirt,a woman catching a frisbee in a park
2392586.jpg,dog,shirt,a dog carrying a backpack and a bag on a leash
2362928.jpg,dog,shirt,a table topped with plates filled with cakes and drinks
2325492.jpg,dog,shirt,a man standing on a beach with a frisbee
2333690.jpg,dog,shirt,a little girl petting a dog in a bathroom
2389743.jpg,dog,shirt,a man and a dog standing in front of a pickup truck
2370923.jpg,dog,shirt,a dog riding a surfboard on top of a wave
2367842.jpg,dog,truck,people walking down a street with umbrellas
2392123.jpg,dog,truck,a man throwing a frisbee in a park
2390732.jpg,dog,truck,a car is driving down the road in the woods
2316038.jpg,dog,truck,a man standing in the middle of a road next to a truck
2416855.jpg,dog,truck,a dog sitting in the back of a truck
2379667.jpg,dog,truck,a woman sitting on a bench next to a dog
2339453.jpg,dog,truck,a man riding a bike with a dog on a leash
107967.jpg,dog,truck,a dog sitting in the driver's seat of a truck
2338012.jpg,dog,truck,a dog laying on the hood of a car
2388171.jpg,dog,truck,two dogs are standing on the back of a truck
2408746.jpg,dog,truck,a little boy sitting at a table with a plate of food
2393918.jpg,dog,truck,a dog sitting in the back of a pickup truck
2369089.jpg,dog,truck,a dog sitting in the back of a pick up truck
2346902.jpg,dog,truck,a dog standing in front of a red truck
285822.jpg,dog,truck,a woman riding a bike with a basket on her head
2354523.jpg,dog,truck,a dog is sitting in the back of a pickup truck
2371675.jpg,dog,truck,a dog is standing on the back of a truck
2357815.jpg,dog,truck,a dog standing in the back of a truck
2372493.jpg,dog,truck,a large truck parked on the side of a road
2352782.jpg,dog,truck,a black dog sitting in front of a tv
2329912.jpg,dog,truck,a red truck with a dog on the back of it
2399755.jpg,dog,truck,a woman is walking down the street while talking on a cell phone
2351550.jpg,dog,truck,a black and white dog and a black and white sheep in a pen
2380863.jpg,dog,truck,a food truck is parked in front of a building
2417890.jpg,dog,truck,a truck is parked on the side of the road
2362606.jpg,dog,truck,two dogs are sitting on a bench
2414629.jpg,dog,truck,a woman standing next to a red pick up truck
2398047.jpg,dog,truck,a dog looking out the window of a car
2399207.jpg,dog,truck,a dog sitting in the driver's seat of a car
2370660.jpg,dog,truck,a dog is looking out the window of a truck
1592385.jpg,dog,truck,a man standing next to a white dog on a sidewalk
2378872.jpg,dog,truck,a dog and a cat sitting in the back of a truck
2402433.jpg,dog,truck,a dog looking out the window of a car
2337684.jpg,dog,truck,a dog sitting in the back of a pickup truck
2351815.jpg,dog,truck,a dog standing in the back of a pick up truck
2373754.jpg,dog,truck,a woman and a dog on a bus
2359911.jpg,dog,truck,a dog laying in the back of a pickup truck
2370819.jpg,dog,truck,a dog wearing a bow tie sitting in a car
2349742.jpg,dog,truck,a dog sitting in the driver's seat of a bus
2337628.jpg,dog,truck,a teddy bear sitting in the back of a pickup truck
2321113.jpg,dog,truck,a large white truck parked in a parking lot
2369.jpg,dog,truck,people walking down a street with a dog
2394687.jpg,dog,truck,a truck that is sitting on the side of the road
2332339.jpg,dog,truck,a truck is parked in a parking lot
2334244.jpg,dog,truck,a large group of people in a park with umbrellas
2402597.jpg,dog,truck,a man and a woman are sitting in a pickup truck
2389743.jpg,dog,truck,a man and a dog standing in front of a pickup truck
2374749.jpg,dog,truck,a dog that is standing in the back of a truck
2381618.jpg,dog,truck,a dog is standing in the back of a truck
2373696.jpg,dog,truck,a man holding a sign with a dog on it
2339161.jpg,dog,truck,a man and a woman standing on a beach with a frisbee
2401124.jpg,dog,truck,a dog looking out the window of a car
2360436.jpg,dog,truck,a dog sitting in the back of a pick up truck
2319880.jpg,dog,truck,a police dog standing in front of a truck
2411487.jpg,dog,truck,two people riding on the backs of elephants on a city street
2414213.jpg,dog,truck,a man driving a truck with a dog on top of it
2343433.jpg,dog,truck,a man and woman sitting on a park bench
2383550.jpg,dog,sand,a dog standing on top of a body of water
2388687.jpg,dog,sand,a woman sitting on the beach with two cows
2405419.jpg,dog,sand,a woman sitting on a beach next to a dog
2331063.jpg,dog,sand,a dog standing on top of a surfboard on the beach
2386443.jpg,dog,sand,people on a beach near the ocean
2393152.jpg,dog,sand,kites flying in the air on a beach
2323367.jpg,dog,sand,a woman and her dog are in the water
2382082.jpg,dog,sand,a dog running on the beach with a ball in its mouth
2372721.jpg,dog,sand,a bird flying over a beach near the ocean
2345384.jpg,dog,sand,a fire hydrant and a dog on a beach
2372037.jpg,dog,sand,a person walking on a beach with a surfboard
2316030.jpg,dog,sand,a dog on a surfboard in the water
2346815.jpg,dog,sand,people are flying kites on the beach
2400608.jpg,dog,sand,a dog laying on the ground next to a boat
2404081.jpg,dog,sand,a young girl swinging a baseball bat on a beach
2376950.jpg,dog,sand,a man standing on top of a sandy beach next to a truck
2340388.jpg,dog,sand,a dog laying on the ground next to a dirt road
2381777.jpg,dog,sand,a dog with a leash on walking on a path
2363530.jpg,dog,sand,a beach with people on the sand and a kite flying in the air
2352573.jpg,dog,sand,a man and a woman walking with a dog on the beach
2354475.jpg,dog,sand,two people on a beach flying a kite
2350468.jpg,dog,sand,a dog jumping in the air to catch a frisbee
2368057.jpg,dog,sand,a desk with a computer and a dog on it
2345635.jpg,dog,sand,a cat standing on top of a sandy beach
2380760.jpg,dog,sand,a man riding a bike on top of a beach
2406607.jpg,dog,sand,a man sitting on a bench with a surfboard
2377113.jpg,dog,sand,a man holding a surfboard next to a dog on a beach
2348253.jpg,dog,sand,a person with a surfboard and a dog on a beach
2339341.jpg,dog,sand,two dogs running on the beach with a cow
2339770.jpg,dog,sand,a dog with a frisbee in its mouth
2409721.jpg,dog,sand,a man and a dog on the beach flying a kite
2344234.jpg,dog,sand,a shoe is laying on the ground in the sand
2354569.jpg,dog,sand,a man walking on the beach with a surfboard
2357485.jpg,dog,sand,a dog running on the beach with a ball in its mouth
2349288.jpg,dog,sand,a woman walking her dog on the beach
2336027.jpg,dog,sand,a person holding a surfboard on a beach
2348502.jpg,dog,sand,a brown and white dog laying on the beach
2417487.jpg,dog,sand,a herd of sheep standing on top of a dirt field
2335060.jpg,dog,sand,a bicycle parked on the side of a road near a body of water
2324403.jpg,dog,sand,a dog walking on a beach next to a body of water
2354471.jpg,dog,sand,a beach with a row of benches on it
2346637.jpg,dog,sand,a man and a dog on a beach with a surfboard
2392565.jpg,dog,sand,a dog sitting on top of a boat in the water
2379730.jpg,dog,sand,a woman and a dog on a surfboard in the ocean
2343526.jpg,dog,sand,a person riding a surfboard on top of a body of water
2334223.jpg,dog,sand,two people walking along a beach with a dog
2368054.jpg,dog,sand,two dogs sitting on a boat in the water
2366676.jpg,dog,sand,a black dog jumping up to catch a frisbee
2318179.jpg,dog,sand,people walking on the beach with a dog
2392202.jpg,dog,sand,a dog and a man walking along a beach
2388726.jpg,dog,sand,a dog standing on a sandy beach
2332607.jpg,dog,sand,a black dog standing on top of a sandy beach
2407612.jpg,dog,sand,a dog laying on a beach near the ocean
2404537.jpg,dog,sand,a man sitting on a beach with a dog
2393332.jpg,dog,sand,a man standing on a beach with a dog
2371402.jpg,dog,sand,a woman sitting on a bed in front of a mirror
2320542.jpg,dog,sand,a person sitting on a bench on a beach
2412342.jpg,dog,sand,a person walking on a beach with a surfboard
2416731.jpg,dog,sand,a black dog standing in the middle of a field
2356259.jpg,dog,sand,two people riding horses on top of a sandy beach
2403048.jpg,dog,sand,a man sitting on a bench next to a dog
2355172.jpg,dog,sand,a dog running on the beach with a frisbee in its mouth
2392036.jpg,dog,sand,a person on a surfboard in the water
2362161.jpg,dog,sand,three people on surfboards in the middle of the ocean
2335823.jpg,dog,sand,a man and a dog on a beach with a dog on a leash
2364766.jpg,dog,sand,a row of boats sitting on top of a beach
2368610.jpg,dog,sand,a man holding a frisbee on a beach next to a dog
2323342.jpg,dog,sand,a little boy that is standing in the sand
2412794.jpg,dog,sand,a woman and a man walking on the beach with a dog
713680.jpg,dog,sand,a dog with a frisbee in its mouth
2410221.jpg,dog,sand,a sandy beach with a body of water
2397204.jpg,dog,sand,people standing on a beach near the ocean
2388263.jpg,dog,sand,a dog running on the beach with a frisbee in its mouth
2322764.jpg,dog,sand,a dog sitting on top of a scooter on the beach
2350325.jpg,dog,sand,a brown and white cow and a black and white cow
2350595.jpg,dog,sand,a dog wearing a hat on a beach
2327364.jpg,dog,sand,a white dog holding a frisbee in its mouth
2384455.jpg,dog,sand,a man riding a horse on top of a beach
2368925.jpg,dog,sand,a person on a surfboard near a body of water
2339561.jpg,dog,sand,a person walking along a beach with a dog
2345931.jpg,dog,sand,a man and a woman flying a kite on a beach
2397768.jpg,dog,sand,a number of dogs on a beach near a body of water
2365285.jpg,dog,sand,a herd of dogs walking along a beach
2324192.jpg,dog,sand,a large jetliner sitting on top of an airport runway
2340709.jpg,dog,sand,a man and a woman sitting on top of a wooden bench
2381223.jpg,dog,sand,a brown dog standing on top of a sandy beach
2342008.jpg,dog,sand,a beach with umbrellas on the beach
2339161.jpg,dog,sand,a man and a woman standing on a beach with a frisbee
2392675.jpg,dog,sand,a man and a woman are playing in the water
2334564.jpg,dog,man,a person riding a surfboard on top of a body of water
2315539.jpg,dog,man,a person sitting on a bench with a dog
2359938.jpg,dog,man,a collage of photos showing different types of food
2336712.jpg,dog,man,a man on a horse with a herd of sheep
2409697.jpg,dog,man,a young girl is flying a kite in a field
2410817.jpg,dog,man,a dog jumping in the air to catch a frisbee
2350336.jpg,dog,man,a man running across a field with a frisbee
2395684.jpg,dog,man,a person riding a skateboard on a city street
2417732.jpg,dog,man,a man holding a dog on top of a boat
2326960.jpg,dog,man,a man riding a bike down the street
2350995.jpg,dog,man,a person taking a picture of a dog in a car
2381417.jpg,dog,man,a man flying a kite on top of a field
2341071.jpg,dog,man,a man riding a skateboard up the side of a ramp
2384517.jpg,dog,man,a woman walking a dog down a sidewalk
2397585.jpg,dog,man,a man flying a kite in a park
2375883.jpg,dog,man,a woman walking a dog on a city sidewalk
2382688.jpg,dog,man,a blurry photo of a person holding an umbrella
2384339.jpg,dog,man,a man standing on a beach next to a woman holding a surfboard
2324546.jpg,dog,man,baseball players are playing baseball on a field
2366961.jpg,dog,man,men and women posing for a picture
2376950.jpg,dog,man,a man standing on top of a sandy beach next to a truck
2361930.jpg,dog,man,a man holding a dog on a leash
2351205.jpg,dog,man,a man and a dog playing frisbee in the grass
2409085.jpg,dog,man,a man riding on the back of a motorcycle
2415617.jpg,dog,man,a man and woman sitting on a bench with a dog
2393765.jpg,dog,man,a man sitting on a bed with a dog
2381209.jpg,dog,man,a man and a dog playing with a frisbee
2358614.jpg,dog,man,a man sitting at a desk in front of a computer
2324236.jpg,dog,man,a woman riding a skateboard with a dog
2379484.jpg,dog,man,a man and a dog sitting on a trail in the woods
2344455.jpg,dog,man,a man and a dog sleeping on a bed
2386513.jpg,dog,man,a man and a dog on a surfboard in the ocean
2413278.jpg,dog,man,a person on a motorcycle with a dog on it
2412702.jpg,dog,man,a person walking down a sidewalk with a dog
2352484.jpg,dog,man,people on a boat in the water
2343433.jpg,dog,man,a man and woman sitting on a park bench
2394449.jpg,dog,man,a woman and a dog standing on a sidewalk
2330356.jpg,dog,man,a man standing next to a wooden table with a dog
2357994.jpg,dog,man,a dog sitting on a table in a factory
2371032.jpg,dog,man,a woman walking down the street with a dog
2404933.jpg,dog,man,a herd of sheep standing on top of a dirt road
2345831.jpg,dog,man,a person with a pair of scissors in their hand
2355266.jpg,dog,man,a woman standing on top of a field with a frisbee
2370203.jpg,dog,man,a large white dog laying on top of a wooden floor
1593164.jpg,dog,man,a man feeding a dog a cup of water
286019.jpg,dog,man,a man and a woman sitting on a park bench
2380834.jpg,dog,man,a herd of sheep walking across a dirt road
2377704.jpg,dog,man,a man and a woman petting a dog on a leash
2400374.jpg,dog,man,a man riding a snowboard down a snow covered slope
2377932.jpg,dog,man,a man sitting on a bench with a dog
498019.jpg,dog,man,a man sitting on a couch with a cat
2351550.jpg,dog,man,a black and white dog and a black and white sheep in a pen
2320410.jpg,dog,man,two women sitting under an umbrella at a park
2358221.jpg,dog,man,a dog jumping in the air to catch a frisbee
2414534.jpg,dog,man,two people sitting on a hill with a dog
2324645.jpg,dog,man,a man and a dog sitting on a bench
2331066.jpg,dog,man,a man and a woman sitting on a bench with a dog
2315606.jpg,dog,man,a person riding a skateboard on a sidewalk
2407510.jpg,dog,man,a man riding a skateboard next to a dog
2316809.jpg,dog,man,a man sitting on a motorcycle in front of a building
2360562.jpg,dog,man,two people on skis in the snow
2362379.jpg,dog,man,people sitting on a grass covered field
1591917.jpg,dog,man,a man standing in a kitchen with a dog
2346637.jpg,dog,man,a man and a dog on a beach with a surfboard
2325354.jpg,dog,man,a number of people in a field with a number of dogs
722.jpg,dog,man,a man walking down the street with a skateboard
2414301.jpg,dog,man,a man and a woman sitting on a couch
2413346.jpg,dog,man,three women sitting on a bench next to a bear
2323635.jpg,dog,man,a parking lot filled with lots of parked cars
2343526.jpg,dog,man,a person riding a surfboard on top of a body of water
2392202.jpg,dog,man,a dog and a man walking along a beach
2385923.jpg,dog,man,a young boy holding a baseball bat on a field
2380115.jpg,dog,man,a man on a horse with a herd of cattle
2377018.jpg,dog,man,a crowd of people standing around a motorcycle
2393332.jpg,dog,man,a man standing on a beach with a dog
2375589.jpg,dog,man,a man laying on a bed in a bedroom
2417191.jpg,dog,man,a man riding a skateboard on top of a city street
2412687.jpg,dog,man,a brown and white dog holding a frisbee in it's mouth
2317067.jpg,dog,man,a dog is standing in front of a bus
2351814.jpg,dog,man,a man and a dog sitting in the back of a car
2409245.jpg,dog,man,a car that has a bike on top of it
2334261.jpg,dog,man,a man catching a frisbee in a field
2330764.jpg,dog,man,a man walking down the street with an umbrella
2368734.jpg,dog,man,a person sitting on a bike in the street
2339756.jpg,dog,man,a woman sitting on a couch in front of a coffee table
1592385.jpg,dog,man,a man standing next to a white dog on a sidewalk
2373754.jpg,dog,man,a woman and a dog on a bus
2320636.jpg,dog,man,a man riding on the back of a brown horse
2362554.jpg,dog,man,a man sitting on the floor with two dogs
2321661.jpg,dog,man,a man jumping in the air to catch a frisbee
2318372.jpg,dog,man,a man riding on the back of a brown horse
2356259.jpg,dog,man,two people riding horses on top of a sandy beach
2369.jpg,dog,man,people walking down a street with a dog
2395889.jpg,dog,man,a man holding a frisbee on top of a lush green field
2380298.jpg,dog,man,a brown horse standing on top of a lush green field
2384849.jpg,dog,man,a woman standing in front of a blue and white bus
2350677.jpg,dog,man,a woman standing next to a table with a cake
2416796.jpg,dog,man,a person laying on a bed with a dog
2316952.jpg,dog,man,a man riding on the back of a motorcycle with a dog on it
2382399.jpg,dog,man,a dog jumping in the air to catch a frisbee
713943.jpg,dog,man,a dog eating food from a plate on a table
2328869.jpg,dog,man,a dog that is walking on a sidewalk
2375910.jpg,dog,man,a police officer riding on the back of a motorcycle
2368834.jpg,dog,man,a man sitting in a chair holding a dog
2379063.jpg,dog,man,a man and a dog on a paddle board in the water
2329292.jpg,dog,man,people walking down a street
713723.jpg,dog,man,a man sitting on a chair with a dog
2414707.jpg,dog,man,a large group of people on a beach with a dog
2397149.jpg,dog,man,a man sitting in the snow with a dog
2367331.jpg,dog,man,a man riding a skateboard next to a dog
2341324.jpg,dog,man,a city bus is stopped at a bus stop
2337084.jpg,dog,man,people standing in a living room playing a video game
2413880.jpg,dog,man,three young people riding skateboards down a city street
2319295.jpg,dog,man,a man on a surfboard in the water with a dog
1160042.jpg,dog,man,bunches of bananas on display at a market
1592176.jpg,dog,man,a dog standing on a sidewalk next to a man
2401769.jpg,dog,man,a woman sitting on a bed with a dog
2391800.jpg,dog,man,a person jumping in the air to catch a frisbee
2347070.jpg,dog,man,a man and a woman flying a kite on the beach
2344629.jpg,dog,man,a man riding a bike with a dog on a leash
2384455.jpg,dog,man,a man riding a horse on top of a beach
2387900.jpg,dog,man,a man and a woman sitting on a couch in a living room
2416953.jpg,dog,man,a man laying on a bed with two dogs
2339561.jpg,dog,man,a person walking along a beach with a dog
2316075.jpg,dog,man,a man sitting on the back of a truck in a field
2382138.jpg,dog,man,a man and a dog standing next to each other
2400986.jpg,dog,man,a white and black dog running across a dirt field
2324106.jpg,dog,man,people on surfboards in the water
2387862.jpg,dog,man,a person jumping a horse over a jump
2341652.jpg,dog,man,a dog that is sitting on the back of a motorcycle
2329565.jpg,dog,man,a man sitting on a couch with a dog
2356473.jpg,dog,man,a man standing in a field with a herd of cattle
2411951.jpg,dog,man,a man sitting on a bench next to a dog
2346197.jpg,dog,man,a black and white dog walking down a sidewalk
2339698.jpg,dog,man,a man riding a motorcycle on a city street
2358354.jpg,dog,man,a man sitting on a bench next to a dog
2325645.jpg,dog,man,a dog jumping in the air to catch a frisbee
2390441.jpg,dog,man,a man in a blue shirt is talking on a cell phone
2384596.jpg,dog,man,a man walking down a street next to a train
2417574.jpg,dog,man,a man standing next to a herd of sheep
2360206.jpg,dog,man,a horse pulling a carriage down a street
2342016.jpg,dog,man,a man and a dog on a surfboard in the ocean
2407359.jpg,dog,man,a man and a little girl on a beach with surfboards
2316968.jpg,dog,man,a cat laying on the floor next to a dog
2372493.jpg,dog,man,a large truck parked on the side of a road
2367813.jpg,dog,man,a man and a dog playing frisbee in a field
2372770.jpg,dog,man,a man sitting on a bench reading a newspaper
2345520.jpg,dog,man,a birthday party for a little girl with a birthday cake
2337303.jpg,dog,man,a man sitting on a bench talking on a cell phone
2329720.jpg,dog,man,a man laying on a bed with a dog
723.jpg,dog,man,a large white van parked in front of a building
2394611.jpg,dog,man,a person jumping in the air to catch a frisbee
2342226.jpg,dog,man,a man laying on a bed with a cat
2371922.jpg,dog,man,surfers on a beach near the ocean
2357646.jpg,dog,man,a dog looking out the window of a car
2328709.jpg,dog,man,a hot dog with ketchup and mustard on a bun
2346815.jpg,dog,man,people are flying kites on the beach
2358851.jpg,dog,man,a man sitting on the ground holding a guitar
588.jpg,dog,man,people walking down a street with a dog
1831.jpg,dog,man,a dog jumping in the air to catch a frisbee
2320476.jpg,dog,man,a little girl walking with a dog on a beach
2374749.jpg,dog,man,a dog that is standing in the back of a truck
2351380.jpg,dog,man,a black and white dog standing next to a white and brown dog
2352355.jpg,dog,man,a dog sitting in front of a tv
2332528.jpg,dog,man,a man holding a dog in his right hand
2373141.jpg,dog,man,a man laying on the ground with a dog
2385539.jpg,dog,man,a man jumping to catch a frisbee in a park
2354681.jpg,dog,man,a dog catching a frisbee in a park
2361109.jpg,dog,man,a man and a dog are on the back of a truck
2383945.jpg,dog,man,people standing around a table covered in fruits and vegetables
2318448.jpg,dog,man,a black and white dog standing on a kitchen counter
2364444.jpg,dog,man,a man in a field with a frisbee
2395217.jpg,dog,man,a man walking a dog on a leash near a body of water
2342372.jpg,dog,man,a man sitting on a couch with a small dog
2320868.jpg,dog,man,a crowd of people flying kites on a beach
2412671.jpg,dog,man,a woman walking her dog through a grassy field
2318154.jpg,dog,man,a dog that is sitting in a backpack
2352946.jpg,dog,man,a herd of sheep standing on top of a dry grass field
2323242.jpg,dog,man,a man laying on a bed with a sheep
2372046.jpg,dog,man,a man sitting on a couch with a dog
2320655.jpg,dog,man,a man riding a bike down a street with a small child
2378475.jpg,dog,man,a man and a little girl playing frisbee in a park
2337775.jpg,dog,man,a dog sitting in the driver's seat of a car
2387231.jpg,dog,man,people standing in the snow with a kite
2365847.jpg,dog,man,a dog jumping up to catch a frisbee
2354569.jpg,dog,man,a man walking on the beach with a surfboard
2366872.jpg,dog,man,a man and a dog sitting in a car on a city street
2336234.jpg,dog,man,a man and a dog standing next to each other
2357696.jpg,dog,man,a large elephant standing next to a group of people
2366841.jpg,dog,man,a number of people on horses in a field
2401124.jpg,dog,man,a dog looking out the window of a car
2327346.jpg,dog,man,a man standing in front of a stove in a kitchen
2396209.jpg,dog,man,a man kneeling down next to a car with a dog
2338125.jpg,dog,man,a dog that is standing in the water with a frisbee
2384081.jpg,dog,man,a man riding a bike with a dog
2359950.jpg,dog,man,a man riding a bike down a path next to a lake
1159610.jpg,dog,man,people walking down a sidewalk with umbrellas
2366946.jpg,dog,man,a man standing on a beach flying a kite
2326452.jpg,dog,man,a dog jumping in the air to catch a frisbee
2334223.jpg,dog,man,two people walking along a beach with a dog
2414764.jpg,dog,man,a woman sitting on the grass holding a cell phone
2375612.jpg,dog,man,a dog jumping in the air to catch a frisbee
2402211.jpg,dog,man,a man walking down a path with a park bench
2361821.jpg,dog,man,a man and a woman on surfboards in the water
2331500.jpg,dog,man,a large group of people flying kites in a field
2371467.jpg,dog,man,a black and white photo of a black and white elephant and a black and
2404193.jpg,dog,man,a man and a woman looking at a dog on a leash
2414354.jpg,dog,man,a man holding a skateboard while holding a dog
107926.jpg,dog,man,a herd of cattle walking down a dirt road
2342959.jpg,dog,man,a man cutting a cake on a table
2345532.jpg,dog,man,a man and a dog on a boat in the water
2360542.jpg,dog,man,a small brown dog sitting on top of a backpack
2349742.jpg,dog,man,a dog sitting in the driver's seat of a bus
2359049.jpg,dog,man,a large group of girls posing for a picture
2350312.jpg,dog,man,a man and woman on a motorcycle with a dog
2355950.jpg,dog,man,a man holding a fire hydrant next to a parked car
2373502.jpg,dog,man,a horse pulling a wagon full of hay
2322106.jpg,dog,man,a woman sitting on a train looking at her phone
2344769.jpg,dog,man,a man riding a skateboard with a dog
2320693.jpg,dog,man,a dog holding a frisbee in its mouth
285707.jpg,dog,man,a dog and a man on a boat in the water
2398619.jpg,dog,man,two surfers carrying their surfboards into the ocean
2411533.jpg,dog,man,a black and white cat and a brown and white dog on a leash
2409618.jpg,dog,man,a person riding a bike with a dog on a leash
2335823.jpg,dog,man,a man and a dog on a beach with a dog on a leash
2321145.jpg,dog,man,a dog with a frisbee in its mouth
2334958.jpg,dog,man,a man riding a bike with a cart on the back
2358192.jpg,dog,man,a man sitting at a table with a glass of wine
2356123.jpg,dog,man,a crowd of people are gathered at a park
2342517.jpg,dog,man,a man with a beard is sitting on a couch
2331525.jpg,dog,man,a man sitting in a car with a dog on his lap
2398189.jpg,dog,man,a herd of cattle on a grassy field
2327325.jpg,dog,man,a man sitting on a bike with a dog
2317615.jpg,dog,man,a man catching a frisbee with a dog
2317126.jpg,dog,man,a red and white boat traveling down a river
2417801.jpg,dog,man,a man riding a surfboard on top of a wave
1159281.jpg,dog,man,a man and a dog on a boat in the water
2351991.jpg,dog,man,a herd of sheep standing on top of a lush green field
2368925.jpg,dog,man,a person on a surfboard near a body of water
2337125.jpg,dog,man,a man walking across a snow covered field with a dog
2356330.jpg,dog,man,a man and a woman petting a dog on a bench
2370145.jpg,dog,man,a dog laying in the middle of a flooded street
2388468.jpg,dog,man,people standing next to each other
2403560.jpg,dog,man,a man sitting at a table with a dog
2372091.jpg,dog,man,a brown dog sitting on a wooden bench
3424.jpg,dog,man,an old building with a statue of a man on top of it
2351872.jpg,dog,man,a man standing on a park bench next to a group of people
2330479.jpg,dog,man,a man riding a horse with a dog
2384109.jpg,dog,man,a man riding a bike with a dog on a leash
2353922.jpg,dog,man,two people sitting on a snow covered slope on skis
2340709.jpg,dog,man,a man and a woman sitting on top of a wooden bench
2385858.jpg,dog,man,two men standing in a kitchen next to a sink
2315716.jpg,dog,man,a motorcycle is parked on the grass in front of a crowd of people
2360637.jpg,dog,man,a woman swinging a bat at a ball on a beach
2348342.jpg,dog,man,a dog jumping up to catch a frisbee
2388743.jpg,dog,man,a man standing next to a white boat on a body of water
2368196.jpg,dog,man,a man on a leash carrying a dog on a trail
2369174.jpg,dog,man,a man sitting on a toilet in a bathroom
2342359.jpg,dog,man,a man sitting on a couch with a dog
2319521.jpg,dog,man,a man in a suit and tie posing for a picture
2333895.jpg,dog,man,a person petting a sheep with a dog
2407435.jpg,dog,man,a woman riding a bike with a dog on a leash
2383550.jpg,dog,man,a dog standing on top of a body of water
2392688.jpg,dog,man,a cat sitting on top of a tv next to a television
2348603.jpg,dog,man,a herd of sheep standing on top of a grass covered field
2410503.jpg,dog,man,a person with skis and a dog on a snow covered slope
2344528.jpg,dog,man,a man walking down a dirt road with a dog
2350150.jpg,dog,man,a man riding a bike down a road with a dog
2371995.jpg,dog,man,a man in a suit talking on a cell phone
285910.jpg,dog,man,surfers posing for a picture on the beach
2382121.jpg,dog,man,a man and a woman walking a dog on a leash
2354589.jpg,dog,man,a woman standing in a kitchen next to a dog
2401877.jpg,dog,man,a dog that is standing in front of a fence
713697.jpg,dog,man,people riding skis down a snow covered slope
2345272.jpg,dog,man,a dog and a man on a boat
2360194.jpg,dog,man,a dog sitting in the driver's seat of a car
2342900.jpg,dog,man,a man and a woman walking down a street with a dog
2337414.jpg,dog,man,a man laying on a bed with a dog
2330214.jpg,dog,man,a dog jumping in the air to catch a frisbee
2407463.jpg,dog,man,a man riding a horse drawn carriage down a street
2324234.jpg,dog,man,a woman riding a bicycle with a bag on her head
2383516.jpg,dog,man,a man sitting on a couch with a dog
2365600.jpg,dog,man,a man and a dog laying on a couch
2361103.jpg,dog,man,a man standing next to a dog on a boat
2353702.jpg,dog,man,a person on skis in the snow
2370216.jpg,dog,man,a woman petting a brown and white dog
2351186.jpg,dog,man,a dog running with a frisbee in its mouth
2406798.jpg,dog,man,a crowd of people riding bikes down a street
2369147.jpg,dog,man,a man holding a nintendo wii game controller
2377194.jpg,dog,man,a man riding a skateboard down a sidewalk
2391621.jpg,dog,man,a woman holding a small dog in a room
2319334.jpg,dog,man,a person riding a bike on a city street
2377531.jpg,dog,man,a man sitting at a table with a dog
2376077.jpg,dog,man,a train that is stopped at a train station
2324942.jpg,dog,man,a man walking down a street next to a street sign
2360774.jpg,dog,man,a woman is sitting on a scooter in the middle of the street
2404862.jpg,dog,man,a dog sitting on a couch next to a man
2345905.jpg,dog,man,a man and a woman walking down the street with a dog
2339172.jpg,dog,man,a man eating a hot dog in a restaurant
2387430.jpg,dog,man,a man riding on the back of a brown horse
2407878.jpg,dog,man,a bus full of people sitting on the seats
2376812.jpg,dog,man,a man riding on the back of a motorcycle
2321557.jpg,dog,man,a crowd of people standing on the side of a road
2380760.jpg,dog,man,a man riding a bike on top of a beach
2377113.jpg,dog,man,a man holding a surfboard next to a dog on a beach
2346869.jpg,dog,man,a man catching a frisbee in a park
2346390.jpg,dog,man,a man holding a dog in a kitchen
2341726.jpg,dog,man,a man in a black shirt is playing a guitar
2391307.jpg,dog,man,a man riding a surfboard on top of a body of water
2380687.jpg,dog,man,a person riding a skateboard with a dog
497973.jpg,dog,man,a crowd of people standing around a park with a dog
2364866.jpg,dog,man,a dog catching a frisbee in a park
2334398.jpg,dog,man,a person walking with an umbrella in the snow
2348310.jpg,dog,man,a dog standing next to a man on a sidewalk
2379912.jpg,dog,man,a dog sitting on the sidewalk next to a store
2351477.jpg,dog,man,a herd of sheep standing on top of a lush green field
2403537.jpg,dog,man,a dog standing in the grass with a frisbee
2369860.jpg,dog,man,a horse pulling a carriage down a street
2403710.jpg,dog,man,a number of people on a paddle board in the water
2357190.jpg,dog,man,a man and a dog laying on a bed
1159355.jpg,dog,man,a person riding a bike with a dog
2413397.jpg,dog,man,"a man is holding a sign that reads ""don't panic"""
2377469.jpg,dog,man,a man riding a wave on top of a surfboard
2333171.jpg,dog,man,a baseball player holding a bat next to a dog
2397739.jpg,dog,man,a black and white dog standing next to a motorcycle
2391488.jpg,dog,man,a man walking down the street with a dog
2362525.jpg,dog,man,a dog that is wearing a backpack
2316038.jpg,dog,man,a man standing in the middle of a road next to a truck
2383376.jpg,dog,man,a man taking a picture of himself in a rear view mirror
2372581.jpg,dog,man,a dog and a man on a surfboard in the water
2361800.jpg,dog,man,a small dog sitting on a sidewalk next to a man
2400642.jpg,dog,man,a dog jumping in the air to catch a frisbee
2390652.jpg,dog,man,a woman sitting on a bed next to a white dog
2318179.jpg,dog,man,people walking on the beach with a dog
2369464.jpg,dog,man,a man riding on the back of a brown horse
2365964.jpg,dog,man,surfers standing on top of a beach
2335788.jpg,dog,man,a man in a blue shirt is standing next to a blue motorcycle
2338721.jpg,dog,man,a man riding a motorcycle with a dog
2417556.jpg,dog,man,a street corner with a store on the corner
2394882.jpg,dog,man,a man standing next to a black dog in a living room
2379154.jpg,dog,man,a dog jumping in the air to catch a frisbee
2365164.jpg,dog,man,a woman and a dog are walking down the street
713715.jpg,dog,man,a herd of sheep standing on top of a lush green field
2328838.jpg,dog,man,a person riding a horse in a field with a dog
2394890.jpg,dog,man,a person sitting at a table with a laptop
2396988.jpg,dog,man,a man sitting on a bench next to a dog
2316215.jpg,dog,man,two surfers and a dog in the ocean
2415276.jpg,dog,man,a man riding a sled down a snow covered slope
2403048.jpg,dog,man,a man sitting on a bench next to a dog
2353801.jpg,dog,man,a man on a boat in the water
2348134.jpg,dog,man,a person and a dog on a leash
2340498.jpg,dog,man,a man standing next to a dog in a yard
2402904.jpg,dog,man,a man holding a tennis racquet on top of a tennis court
2316723.jpg,dog,man,a man holding a dog in his right hand
2347508.jpg,dog,man,a woman and a horse standing next to each other
2380409.jpg,dog,man,a man standing next to a dog on the side of a road
2388411.jpg,dog,man,a woman standing next to a group of people on a sidewalk
2321511.jpg,dog,man,a man sitting on a horse next to a dog
2409094.jpg,dog,man,a dog standing next to a group of people
2377830.jpg,dog,man,a white dog sitting on top of a bed next to a person
2350109.jpg,dog,man,a dog jumping up to catch a frisbee
2367186.jpg,dog,man,a man and a woman sitting on a bench
2355727.jpg,dog,man,a dog jumping in the air to catch a frisbee
2330481.jpg,dog,man,two people and a dog on skis in the snow
2374739.jpg,dog,man,a person riding a horse on the beach
2366617.jpg,dog,man,a man and a woman standing next to each other
497940.jpg,dog,man,a man walking down a sidewalk with a dog
2383170.jpg,dog,man,a row of motorcycles parked in a parking lot
2316789.jpg,dog,man,a dog standing next to a parking meter
2322281.jpg,dog,man,a man holding a frisbee in his right hand
2328885.jpg,dog,man,a black and white dog jumping in the air to catch a frisbee
2357063.jpg,dog,man,a man standing in a kitchen with a dog
2343283.jpg,dog,man,a man walking a dog on a leash on a sidewalk
2330759.jpg,dog,man,people sitting on couches in a living room
2338674.jpg,dog,man,a man with a dog in the snow
2317981.jpg,dog,man,a man riding a bike with a dog on a leash
2349696.jpg,dog,man,two women walking down a street holding umbrellas
2391456.jpg,dog,man,a man riding a bike next to a park bench
2416234.jpg,dog,man,a woman and two dogs are walking along a riverbank
2388780.jpg,dog,man,a man standing in a field with a herd of sheep
2405853.jpg,dog,man,a dog sitting on a couch next to a man
2373751.jpg,dog,man,a man holding a frisbee in front of a group of people
2353644.jpg,dog,man,a variety of cakes are displayed on a table
2410152.jpg,dog,man,a man and a dog on a surfboard in the water
2356904.jpg,dog,man,a man and a dog standing next to each other
2363971.jpg,dog,man,a man and a woman are sitting on a couch together
2398939.jpg,dog,man,a black and white cat sitting in front of a window
2360497.jpg,dog,man,a dog standing on the floor next to a person
1591911.jpg,dog,man,people standing around a table covered in fruits and vegetables
2364024.jpg,dog,man,a man and a dog on a boat in the water
2408348.jpg,dog,man,a woman laying on a couch in a living room
2395166.jpg,dog,man,a dog jumping up to catch a frisbee
2416340.jpg,dog,man,a herd of cattle standing on top of a lush green field
2392675.jpg,dog,man,a man and a woman are playing in the water
2397787.jpg,dog,man,a dog jumping in the air to catch a frisbee
2339161.jpg,dog,man,a man and a woman standing on a beach with a frisbee
2373696.jpg,dog,man,a man holding a sign with a dog on it
2400991.jpg,dog,man,a man sitting on a bench next to a dog
2336458.jpg,dog,man,a large group of people in a body of water
2390235.jpg,dog,man,a little girl is petting a dog on a leash
2355547.jpg,dog,man,a man holding a dog near a couch
2390506.jpg,dog,man,a person walking down a street with an umbrella
2406821.jpg,dog,man,a blue and white bus stopped at a bus stop
2399674.jpg,dog,man,a man sitting on a bench with a dog
2364515.jpg,dog,man,a man sitting in the back of a pickup truck with a dog
2316469.jpg,dog,man,a dog that is sitting on a leash
2346157.jpg,dog,man,a man sitting on the ground next to a bunch of bananas
2339453.jpg,dog,man,a man riding a bike with a dog on a leash
2397138.jpg,dog,man,two people on a boat in the water
2367512.jpg,dog,man,a man and a dog walking down a street
2391328.jpg,dog,man,a police officer riding a motorcycle on a city street
2370.jpg,dog,man,a city street filled with lots of traffic
2356084.jpg,dog,man,a man standing in a room holding an umbrella
2357191.jpg,dog,man,a man riding a surfboard on top of a wave
2406584.jpg,dog,man,a man sitting on a rock next to a river
2367018.jpg,dog,man,a man riding a skateboard up the side of a ramp
2341577.jpg,dog,man,a man and a woman sitting on a bus
2356877.jpg,dog,man,a dog jumping up to catch a frisbee
2391849.jpg,dog,man,a crowd of people walking down a street with umbrellas
2315875.jpg,dog,man,a woman sitting on a bench reading a book
2345151.jpg,dog,man,a crowd of people with umbrellas walking down a street
2335375.jpg,dog,man,a large group of people flying kites in a park
2329537.jpg,dog,man,a man standing next to a woman on a sidewalk
2341368.jpg,dog,man,a woman walking down the street with a horse
2404245.jpg,dog,man,a dog sitting in the middle of a room with other dogs
2417119.jpg,dog,man,motorcyclists are riding down the street
2356920.jpg,dog,man,a man and a dog on a boat in the water
2404534.jpg,dog,man,a horse pulling a cart full of hay
2323280.jpg,dog,man,a crowd of people standing around a dog at a dog show
2372176.jpg,dog,man,a man and a woman sitting on a couch playing a video game
2316688.jpg,dog,man,a woman walking down a path with an umbrella
2380470.jpg,dog,man,a man and a dog eating a hot dog
2363486.jpg,dog,man,two men and a dog are playing with a frisbee
2382157.jpg,dog,man,a dog riding on top of a boat in the water
2368914.jpg,dog,man,a dog standing on a dock next to a boat
2344149.jpg,dog,man,people walking down a sidewalk near a store
2365507.jpg,dog,man,a man and a woman are looking at a dog
2339803.jpg,dog,man,a dog looking out the window of a car
2407605.jpg,dog,man,a man riding a bike on top of a bench
2398449.jpg,dog,man,a black and white dog laying in a bed
2377573.jpg,dog,man,a dog jumping in the air to catch a frisbee
2359741.jpg,dog,man,a man and his dog are walking through the snow
2405103.jpg,dog,man,a man sitting on a bench next to a dog
2378957.jpg,dog,man,a woman sitting on a bench next to a dog
2338677.jpg,dog,man,a man holding a wii game controller in a living room
2402324.jpg,dog,man,a dog is walking through a field of flowers
2328062.jpg,dog,man,a man sitting on a bench with a dog
2413856.jpg,dog,man,a dog jumping up to catch a frisbee
2371440.jpg,dog,man,a white dog sitting on top of a white board
2337587.jpg,dog,man,a man sitting on a bench with a dog
2320460.jpg,dog,man,a man cutting up a turkey on a cutting board
2344110.jpg,dog,man,a man sitting on a bench next to a dog
713048.jpg,dog,man,people sitting on a boat with a dog
2380825.jpg,dog,man,a dog standing on a sidewalk next to a red bike
2369749.jpg,dog,man,a person laying on a couch with a dog
2340500.jpg,dog,man,a man and a dog on a boat in the water
2324914.jpg,dog,man,a man sitting on a couch with a dog
2361883.jpg,dog,man,a man and a woman on a surfboard in the ocean
2416475.jpg,dog,man,a black and white photo of a black and white dog
2372773.jpg,dog,man,a man sitting on a bench reading a book
2380863.jpg,dog,man,a food truck is parked in front of a building
2324410.jpg,dog,man,people riding skis down a snow covered slope
2409721.jpg,dog,man,a man and a dog on the beach flying a kite
2334964.jpg,dog,man,a man is looking at a dog on a leash
2345442.jpg,dog,man,a baseball player swinging a bat at a ball
1592815.jpg,dog,man,a man and a dog standing in a kitchen
2365030.jpg,dog,man,a brown and white dog on a skateboard
2350157.jpg,dog,man,a man riding skis down a snow covered slope
2334244.jpg,dog,man,a large group of people in a park with umbrellas
2417487.jpg,dog,man,a herd of sheep standing on top of a dirt field
2326497.jpg,dog,man,a man wearing a hat with a sheep on it
2318965.jpg,dog,man,a man walking down the street with an umbrella
2339336.jpg,dog,man,a person walking in the snow with a snowboard
2380985.jpg,dog,man,a man riding a skateboard next to a dog
2321730.jpg,dog,man,a man and a dog on a surfboard in the ocean
2317093.jpg,dog,man,a man and a woman are petting a dog
2412854.jpg,dog,man,a man and a woman playing a video game
2330686.jpg,dog,man,a man riding a skateboard with a dog
2336848.jpg,dog,man,a man and a dog playing frisbee on a dirt road
2408755.jpg,dog,man,a man and a dog laying on a bed
713331.jpg,dog,man,a crowd of people flying kites in a field
2400563.jpg,dog,man,a man in a cowboy hat is leading a herd of cattle
1592944.jpg,dog,man,a man with a backpack standing next to a group of people
2411557.jpg,dog,man,a man catching a frisbee in a park
2366845.jpg,dog,man,a black and white dog standing next to a group of sheep
2319723.jpg,dog,man,a cat is looking at a computer screen
2318369.jpg,dog,man,a reflection of a woman in a mirror
2407734.jpg,dog,man,a man and a dog are playing frisbee together
2318692.jpg,dog,man,a black and white dog jumping up to catch a frisbee
2374798.jpg,dog,man,a man sitting on a couch with a dog
2342762.jpg,dog,man,a brown and white dog sitting on top of a skateboard
2362093.jpg,dog,man,a man riding skis down a snow covered slope
2338103.jpg,dog,man,a man in a suit and tie sitting next to a dog
2339367.jpg,dog,man,a woman sitting on the floor with a dog in front of her
2328987.jpg,dog,man,two men and a dog sitting in front of a store
2396753.jpg,dog,man,a man sitting on a bench with a dog
2411487.jpg,dog,man,two people riding on the backs of elephants on a city street
2368610.jpg,dog,man,a man holding a frisbee on a beach next to a dog
2385897.jpg,dog,man,a dog jumping in the air to catch a frisbee
2316133.jpg,dog,man,a man sitting in a chair with a dog under an umbrella
2374913.jpg,dog,man,a man holding a dog in his right hand
713479.jpg,dog,man,a man and woman sitting at a table with a dog
2397204.jpg,dog,man,people standing on a beach near the ocean
2394168.jpg,dog,man,a dog laying on top of a bed in a room
2417150.jpg,dog,man,a boat that is sitting in the water
2391620.jpg,dog,man,a dog and a man playing frisbee on the beach
2386512.jpg,dog,man,a dog that is sitting on the back of a motorcycle
2316980.jpg,dog,man,a man and a dog are walking in the snow
2406155.jpg,dog,man,a small dog sitting on top of a couch
2359073.jpg,dog,man,a cat laying on the ground next to a dog
2316786.jpg,dog,man,a man and a woman laying on a bed
2358622.jpg,dog,man,a man standing next to a cow in a field
2366052.jpg,dog,man,a man selling oranges at a fruit stand
2411786.jpg,dog,man,a dog chasing a frisbee in a park
2335189.jpg,dog,man,a man and a woman walking a dog on a city street
2386435.jpg,dog,man,a dog jumping in the air to catch a frisbee
2385853.jpg,dog,man,a dog wearing a hat standing next to a person
2347373.jpg,dog,man,a young boy standing in the grass with a kite in his hand
2363267.jpg,dog,man,a man and a dog sitting on a bench
2345544.jpg,dog,man,a man and a woman standing on a sidewalk with a skateboard
2361973.jpg,dog,man,a herd of cows walking down a street next to a building
2345931.jpg,dog,man,a man and a woman flying a kite on a beach
2413527.jpg,dog,man,two dogs sitting on the ground next to each other
2413586.jpg,dog,man,a kitchen filled with lots of food and people
2368507.jpg,dog,man,a woman riding a bike down a street with a dog
2363861.jpg,dog,man,a man jumping in the air to catch a frisbee
2397768.jpg,dog,man,a number of dogs on a beach near a body of water
2341743.jpg,dog,man,a man playing frisbee with a group of people
2344583.jpg,dog,man,a man and a dog are playing frisbee in a park
2416883.jpg,dog,man,a woman holding a frisbee in a park
2332785.jpg,dog,man,a dog laying on a bench in a park
2380091.jpg,dog,man,a herd of cattle grazing on a lush green field
2375328.jpg,dog,man,a dog laying on top of a bed next to a cat
2392586.jpg,dog,man,a dog carrying a backpack and a bag on a leash
2348263.jpg,dog,man,people crossing the street at an intersection
2372452.jpg,dog,man,a man holding a dog while sitting on a motorcycle
2325492.jpg,dog,man,a man standing on a beach with a frisbee
2373288.jpg,dog,man,a person sitting on a bench in a park
2389743.jpg,dog,man,a man and a dog standing in front of a pickup truck
2371670.jpg,dog,man,a person riding a surfboard on top of a wave
2334564.jpg,dog,water,a person riding a surfboard on top of a body of water
2316174.jpg,dog,water,a seagull sitting on top of a boat in the water
2317636.jpg,dog,water,a dog running in the water with a frisbee in its mouth
2404746.jpg,dog,water,a dog standing on top of a lush green field
2391053.jpg,dog,water,a man and a woman sitting on a bench with a dog
2383550.jpg,dog,water,a dog standing on top of a body of water
2344881.jpg,dog,water,a cat sitting on a table next to a bottle of water
2337205.jpg,dog,water,a black and white dog laying in the grass with a water bottle
2316469.jpg,dog,water,a dog that is sitting on a leash
2316635.jpg,dog,water,a dog running in the snow with a frisbee in its mouth
2359938.jpg,dog,water,a collage of photos showing different types of food
2378740.jpg,dog,water,a man on a boat with a dog in the ocean
2358354.jpg,dog,water,a man sitting on a bench next to a dog
2375263.jpg,dog,water,a dog and a man on a surfboard in the ocean
2351390.jpg,dog,water,a dog sitting on the steps of a building
2405419.jpg,dog,water,a woman sitting on a beach next to a dog
2417732.jpg,dog,water,a man holding a dog on top of a boat
2403391.jpg,dog,water,people on a beach with surfboards
2397138.jpg,dog,water,two people on a boat in the water
2323367.jpg,dog,water,a woman and her dog are in the water
2382814.jpg,dog,water,a man and a dog playing frisbee on the beach
2342016.jpg,dog,water,a man and a dog on a surfboard in the ocean
2365881.jpg,dog,water,a dog catching a frisbee in the water
2372721.jpg,dog,water,a bird flying over a beach near the ocean
2372037.jpg,dog,water,a person walking on a beach with a surfboard
2323804.jpg,dog,water,a row of dogs sitting on a dock next to a body of water
2356084.jpg,dog,water,a man standing in a room holding an umbrella
2393666.jpg,dog,water,a large building with a clock on top of it
2373351.jpg,dog,water,two women sitting on a boat in the water
2367120.jpg,dog,water,a dog in the water with a frisbee in its mouth
2345272.jpg,dog,water,a dog and a man on a boat
2367813.jpg,dog,water,a man and a dog playing frisbee in a field
2345562.jpg,dog,water,a woman riding a surfboard on top of a wave in the ocean
2339024.jpg,dog,water,a dog sitting on a snow covered beach
2349888.jpg,dog,water,a woman talking on a cell phone next to a river
2382674.jpg,dog,water,a brown and white dog sitting in a bowl
2357191.jpg,dog,water,a man riding a surfboard on top of a wave
2417914.jpg,dog,water,a dog standing on a beach next to a boat
2406584.jpg,dog,water,a man sitting on a rock next to a river
2323850.jpg,dog,water,a black and white dog standing in a grassy field
2384339.jpg,dog,water,a man standing on a beach next to a woman holding a surfboard
2371922.jpg,dog,water,surfers on a beach near the ocean
2334236.jpg,dog,water,a dog sitting on the beach next to a boat
2417422.jpg,dog,water,a black and white dog standing in the water
2360314.jpg,dog,water,a dog standing on a beach next to a body of water
2333443.jpg,dog,water,a black dog in a bath tub with its mouth open
2400930.jpg,dog,water,a woman and a dog are playing frisbee in the water
2350379.jpg,dog,water,a boat that is sitting in the water
2346815.jpg,dog,water,people are flying kites on the beach
2388197.jpg,dog,water,people standing on top of a beach
2400608.jpg,dog,water,a dog laying on the ground next to a boat
2356920.jpg,dog,water,a man and a dog on a boat in the water
2339140.jpg,dog,water,a broken skateboard sitting on the beach
2369402.jpg,dog,water,a dog is holding a flower in its mouth
2358663.jpg,dog,water,a dog standing in the water with a frisbee in its mouth
2362620.jpg,dog,water,a man riding a surfboard on top of a dog
2320932.jpg,dog,water,a dog on a boat in the water
2372598.jpg,dog,water,a brown and white dog standing on the side of a road
2382157.jpg,dog,water,a dog riding on top of a boat in the water
2381433.jpg,dog,water,a cat sitting on top of a red fire hydrant
2373155.jpg,dog,water,a dog running across a body of water
2362804.jpg,dog,water,a dog that is standing in the water
2414304.jpg,dog,water,a brown dog sitting on top of a beach
2361492.jpg,dog,water,a sailboat sailing on a body of water
2317995.jpg,dog,water,a collage of photos of animals and people
2362957.jpg,dog,water,a black and white dog standing next to a pool of water
2320476.jpg,dog,water,a little girl walking with a dog on a beach
2347660.jpg,dog,water,a person standing in a bathroom next to a toilet
2368162.jpg,dog,water,a dog running on the beach with a frisbee in its mouth
2355865.jpg,dog,water,a dog sitting on the edge of a white bathtub
2363530.jpg,dog,water,a beach with people on the sand and a kite flying in the air
2371137.jpg,dog,water,a dog standing on top of a boat in the water
308.jpg,dog,water,people walking on a sidewalk near a body of water
2325567.jpg,dog,water,a white dog sitting on top of a rock near the ocean
2345765.jpg,dog,water,a black and white dog running on the beach
2348412.jpg,dog,water,a woman feeding a dog water from a bucket
2354475.jpg,dog,water,two people on a beach flying a kite
2352484.jpg,dog,water,people on a boat in the water
2405103.jpg,dog,water,a man sitting on a bench next to a dog
2403245.jpg,dog,water,a brown and white dog sitting on a wooden bench
2399017.jpg,dog,water,a small dog on a surfboard in the water
2397203.jpg,dog,water,a person riding a boat on top of a body of water
2401778.jpg,dog,water,a duck swims through the water in a body of water
2372988.jpg,dog,water,a dog drinking water out of a bottle
2328720.jpg,dog,water,a dog sitting in the passenger seat of a boat
2362394.jpg,dog,water,a dog jumping in the air to catch a frisbee
2412108.jpg,dog,water,a dog that is standing in the grass with a frisbee
2398506.jpg,dog,water,a brown and white dog standing next to a white horse
2391725.jpg,dog,water,a white dog sitting in a bath tub
2348253.jpg,dog,water,a person with a surfboard and a dog on a beach
2325500.jpg,dog,water,a dog on a surfboard in the water
2363272.jpg,dog,water,a small boat is docked in the water
2403975.jpg,dog,water,a dog that is standing on top of a body of water
2395217.jpg,dog,water,a man walking a dog on a leash near a body of water
2349993.jpg,dog,water,a dog riding a surfboard on top of a wave
2317781.jpg,dog,water,people walking around on a beach
2361883.jpg,dog,water,a man and a woman on a surfboard in the ocean
2365002.jpg,dog,water,a dog drinking water out of a bottle
2339341.jpg,dog,water,two dogs running on the beach with a cow
2327519.jpg,dog,water,a black dog standing on top of a body of water
2391307.jpg,dog,water,a man riding a surfboard on top of a body of water
2404669.jpg,dog,water,a dog looking at a bowl of food in a mirror
2387137.jpg,dog,water,a woman sitting on a boat with a dog
2377282.jpg,dog,water,elephants are standing in the middle of a river
2351612.jpg,dog,water,a dog laying on the grass next to a body of water
2389092.jpg,dog,water,a dog in the water with a frisbee in its mouth
2391743.jpg,dog,water,a black dog sitting on top of a wooden boat
2409721.jpg,dog,water,a man and a dog on the beach flying a kite
2370415.jpg,dog,water,a dog riding a surfboard on top of a wave
2344234.jpg,dog,water,a shoe is laying on the ground in the sand
2343149.jpg,dog,water,a dog running in the water with a frisbee in its mouth
2368853.jpg,dog,water,a dog running in the water with a frisbee in its mouth
2358897.jpg,dog,water,a man standing next to a dog in the water
2380787.jpg,dog,water,a dog standing on top of a dock next to a body of water
2331774.jpg,dog,water,a man and a dog on the beach with a surfboard
2354569.jpg,dog,water,a man walking on the beach with a surfboard
2331118.jpg,dog,water,a dog on a surfboard in the water
2388648.jpg,dog,water,a dog laying on the ground next to a boat
2381403.jpg,dog,water,a dog that is on a surfboard in the water
2352435.jpg,dog,water,a dog in the water with a stick in its mouth
2341039.jpg,dog,water,a dog in the water with a frisbee in its mouth
2357485.jpg,dog,water,a dog running on the beach with a ball in its mouth
2366945.jpg,dog,water,a polar bear playing with a ball in the water
2403710.jpg,dog,water,a number of people on a paddle board in the water
2378073.jpg,dog,water,a dog that is in the water with a surfboard
2325642.jpg,dog,water,a dog running across a bridge in a river
713188.jpg,dog,water,a woman and a dog on a surfboard in the water
2336027.jpg,dog,water,a person holding a surfboard on a beach
2334367.jpg,dog,water,a small boat with a dog on top of it
2348502.jpg,dog,water,a brown and white dog laying on the beach
2382950.jpg,dog,water,a man on a boat in the middle of a river
2381084.jpg,dog,water,a dog sitting on top of a boat in the water
2366640.jpg,dog,water,a dog on a surfboard in the water
2363024.jpg,dog,water,a man with a surfboard walking into the water
2377474.jpg,dog,water,a person on a paddle board in the water
2354471.jpg,dog,water,a beach with a row of benches on it
2358799.jpg,dog,water,a dog running in the water with a frisbee in its mouth
2395395.jpg,dog,water,a dog on a surfboard in the water
2346637.jpg,dog,water,a man and a dog on a beach with a surfboard
2347851.jpg,dog,water,a fire hydrant and a sign on the side of a road
2349616.jpg,dog,water,a dog laying on top of a white boat
2412384.jpg,dog,water,a dog is standing in the water near a boat
2322792.jpg,dog,water,a dog on a surfboard in the water
2376639.jpg,dog,water,people riding horses on the beach
2321114.jpg,dog,water,a hot dog with mustard and ketchup on a tray
2359950.jpg,dog,water,a man riding a bike down a path next to a lake
2323635.jpg,dog,water,a parking lot filled with lots of parked cars
2342008.jpg,dog,water,a beach with umbrellas on the beach
2386802.jpg,dog,water,a colorful kite on a beach near the ocean
2329647.jpg,dog,water,a little girl and a little boy playing with a fire hydrant
2379730.jpg,dog,water,a woman and a dog on a surfboard in the ocean
2357991.jpg,dog,water,a dog sitting on a boat in the water
2334223.jpg,dog,water,two people walking along a beach with a dog
2400993.jpg,dog,water,a black and white dog sitting on a bench
2338165.jpg,dog,water,a dog on a surfboard in the water
2368054.jpg,dog,water,two dogs sitting on a boat in the water
2398702.jpg,dog,water,a dog on a surfboard in the water
2392202.jpg,dog,water,a dog and a man walking along a beach
2376794.jpg,dog,water,a young boy standing in front of a body of water
2324536.jpg,dog,water,a person on a beach flying a kite
2361821.jpg,dog,water,a man and a woman on surfboards in the water
2404537.jpg,dog,water,a man sitting on a beach with a dog
2364424.jpg,dog,water,a young boy and a young girl on a skateboard
2380064.jpg,dog,water,a living room filled with furniture and a tv
2404065.jpg,dog,water,two people on surfboards in the water
2393332.jpg,dog,water,a man standing on a beach with a dog
2333478.jpg,dog,water,a large group of people in the ocean with surfboards
2412342.jpg,dog,water,a person walking on a beach with a surfboard
2320542.jpg,dog,water,a person sitting on a bench on a beach
2327579.jpg,dog,water,a dog jumping in the air to catch a frisbee
2342460.jpg,dog,water,a woman petting a black and white dog on a sidewalk
2398047.jpg,dog,water,a dog looking out the window of a car
2355304.jpg,dog,water,a dog standing on top of a boat in the water
2356713.jpg,dog,water,a dog and a person on a surfboard in the water
2345532.jpg,dog,water,a man and a dog on a boat in the water
2351952.jpg,dog,water,a black dog laying on the floor in the kitchen
2363402.jpg,dog,water,a large brown dog swimming in a body of water
2389952.jpg,dog,water,a black and white dog and a black and white dog in the water
2356259.jpg,dog,water,two people riding horses on top of a sandy beach
1592064.jpg,dog,water,two dogs are sitting on a bench by the water
2316215.jpg,dog,water,two surfers and a dog in the ocean
2348065.jpg,dog,water,a person walking a dog on a leash
2347131.jpg,dog,water,a number of dogs on a raft in the water
2353801.jpg,dog,water,a man on a boat in the water
2355172.jpg,dog,water,a dog running on the beach with a frisbee in its mouth
2350371.jpg,dog,water,a black and white dog standing next to a woman
2367136.jpg,dog,water,a building with a statue of a man on top of it
2351028.jpg,dog,water,a woman and a dog on a surfboard in the water
2392036.jpg,dog,water,a person on a surfboard in the water
2362161.jpg,dog,water,three people on surfboards in the middle of the ocean
2376547.jpg,dog,water,a white dog sitting on top of a lush green field
2360784.jpg,dog,water,a dog in the water with a frisbee in its mouth
2342562.jpg,dog,water,a dog and a frisbee in the snow
2412794.jpg,dog,water,a woman and a man walking on the beach with a dog
2414707.jpg,dog,water,a large group of people on a beach with a dog
713680.jpg,dog,water,a dog with a frisbee in its mouth
2397204.jpg,dog,water,people standing on a beach near the ocean
2417150.jpg,dog,water,a boat that is sitting in the water
2322764.jpg,dog,water,a dog sitting on top of a scooter on the beach
2368944.jpg,dog,water,a dog chasing a group of people on a surfboard
2346789.jpg,dog,water,two dogs playing in the sand on the beach
2386631.jpg,dog,water,a man on a surfboard with a dog
2403075.jpg,dog,water,people on a beach flying kites
2399443.jpg,dog,water,a man walking a dog on a beach
2319295.jpg,dog,water,a man on a surfboard in the water with a dog
2363815.jpg,dog,water,people on a boat in the water
2360443.jpg,dog,water,a woman and her dog playing frisbee in a field
2392690.jpg,dog,water,a black and white dog is sniffing a hose
2327364.jpg,dog,water,a white dog holding a frisbee in its mouth
2317126.jpg,dog,water,a red and white boat traveling down a river
2417801.jpg,dog,water,a man riding a surfboard on top of a wave
2326800.jpg,dog,water,a dog sitting on a boat in the water
2363292.jpg,dog,water,a man sitting on a surfboard in the water
2395632.jpg,dog,water,a dog swimming in a pool of water
1159281.jpg,dog,water,a man and a dog on a boat in the water
2349591.jpg,dog,water,two people on surfboards in the water
2353398.jpg,dog,water,a white dog standing on top of a white boat
2345931.jpg,dog,water,a man and a woman flying a kite on a beach
2416234.jpg,dog,water,a woman and two dogs are walking along a riverbank
2353113.jpg,dog,water,a black and white dog looking at a bird in a cage
2397768.jpg,dog,water,a number of dogs on a beach near a body of water
2388607.jpg,dog,water,a young child holding an umbrella in the rain
2341393.jpg,dog,water,a dog with a leash is walking in the water
2361552.jpg,dog,water,a man standing on a rock near a body of water
2370845.jpg,dog,water,a dog riding a surfboard on top of a wave
2326242.jpg,dog,water,a dog standing next to a boat on the water
2351872.jpg,dog,water,a man standing on a park bench next to a group of people
2329206.jpg,dog,water,a dog in the water with a stick sticking out of it's mouth
2326052.jpg,dog,water,a woman and a dog on a surfboard in the water
2393366.jpg,dog,water,a black dog sitting on top of a boat
2317003.jpg,dog,water,a black and white dog running through the water
2324106.jpg,dog,water,people on surfboards in the water
2387862.jpg,dog,water,a person jumping a horse over a jump
1160209.jpg,dog,water,a dog standing on top of a boat in the water
2381223.jpg,dog,water,a brown dog standing on top of a sandy beach
2364024.jpg,dog,water,a man and a dog on a boat in the water
2396084.jpg,dog,water,a man and a woman walking with a surfboard in the water
2409587.jpg,dog,water,a dog standing in the water with a frisbee in its mouth
2346751.jpg,dog,water,a polar bear swimming in a pool of water
2368415.jpg,dog,water,a dog standing on top of a boat in the water
2319745.jpg,dog,water,two bicycles parked next to each other near a body of water
2317661.jpg,dog,water,a woman on a surfboard with a dog in the water
2348342.jpg,dog,water,a dog jumping up to catch a frisbee
2388743.jpg,dog,water,a man standing next to a white boat on a body of water
2370923.jpg,dog,water,a dog riding a surfboard on top of a wave
2336458.jpg,dog,water,a large group of people in a body of water
2371670.jpg,dog,water,a person riding a surfboard on top of a wave
2413539.jpg,dog,skateboard,a man and a boy skateboarding down a street
2325037.jpg,dog,skateboard,a black and white dog is playing with a skateboard
2365207.jpg,dog,skateboard,a man riding a skateboard on top of a cement ramp
2359753.jpg,dog,skateboard,a man riding a skateboard next to a fence
2330686.jpg,dog,skateboard,a man riding a skateboard with a dog
2335476.jpg,dog,skateboard,a woman riding a skateboard down a sidewalk next to a dog
2367331.jpg,dog,skateboard,a man riding a skateboard next to a dog
2395684.jpg,dog,skateboard,a person riding a skateboard on a city street
2394927.jpg,dog,skateboard,a dog on a skateboard in a living room
2317457.jpg,dog,skateboard,a dog with a skateboard in its mouth
2386233.jpg,dog,skateboard,a man riding a skateboard on top of a dirt road
2315773.jpg,dog,skateboard,a brown and white dog on a skateboard
2364424.jpg,dog,skateboard,a young boy and a young girl on a skateboard
2341071.jpg,dog,skateboard,a man riding a skateboard up the side of a ramp
2380687.jpg,dog,skateboard,a person riding a skateboard with a dog
2327348.jpg,dog,skateboard,a small dog on a leash on a skateboard
2343283.jpg,dog,skateboard,a man walking a dog on a leash on a sidewalk
2367018.jpg,dog,skateboard,a man riding a skateboard up the side of a ramp
2405623.jpg,dog,skateboard,a dog riding a skateboard on top of a sidewalk
2345544.jpg,dog,skateboard,a man and a woman standing on a sidewalk with a skateboard
2401273.jpg,dog,skateboard,a dog sitting on top of a skateboard
2414053.jpg,dog,skateboard,a woman riding a skateboard next to a boy on a skateboard
2414515.jpg,dog,skateboard,a man riding a skateboard up the side of a ramp
2332720.jpg,dog,skateboard,a small dog on a leash on a skateboard
2353948.jpg,dog,skateboard,a dog on a leash on a skateboard
2342762.jpg,dog,skateboard,a brown and white dog sitting on top of a skateboard
2365030.jpg,dog,skateboard,a brown and white dog on a skateboard
2377194.jpg,dog,skateboard,a man riding a skateboard down a sidewalk
2336458.jpg,dog,skateboard,a large group of people in a body of water
2344769.jpg,dog,skateboard,a man riding a skateboard with a dog
2324236.jpg,dog,skateboard,a woman riding a skateboard with a dog
2363708.jpg,dog,skateboard,a man riding a skateboard on top of a wooden ramp
2359576.jpg,dog,skateboard,a woman riding a skateboard down a sidewalk next to a dog
2315606.jpg,dog,skateboard,a person riding a skateboard on a sidewalk
2365507.jpg,dog,skateboard,a man and a woman are looking at a dog
2407510.jpg,dog,skateboard,a man riding a skateboard next to a dog
2345947.jpg,dog,skateboard,a person on a skateboard with a dog
2341204.jpg,dog,skateboard,a small dog on a leash on a skateboard
2380409.jpg,dog,guy,a man standing next to a dog on the side of a road
2368409.jpg,dog,guy,people sitting around a table with a cake
2359753.jpg,dog,guy,a man riding a skateboard next to a fence
2325645.jpg,dog,guy,a dog jumping in the air to catch a frisbee
2395520.jpg,dog,guy,a man standing next to a dog on a beach
2354002.jpg,dog,guy,a man is walking with an elephant in the street
2386631.jpg,dog,guy,a man on a surfboard with a dog
2345593.jpg,dog,guy,a man sitting on a couch with a dog
2324536.jpg,dog,guy,a person on a beach flying a kite
2409740.jpg,dog,guy,a man riding a bike down a street next to a group of people
2331500.jpg,dog,guy,a large group of people flying kites in a field
2414082.jpg,dog,guy,a person with a dog on a leash
2361091.jpg,dog,guy,a man standing on the side of a road next to a street sign
2318692.jpg,dog,guy,a black and white dog jumping up to catch a frisbee
2363425.jpg,dog,guy,a man reading a book while sitting in a car
2373955.jpg,dog,guy,a man sitting on a bed with a dog
2372856.jpg,dog,guy,a man holding a frisbee next to a dog
2358758.jpg,dog,guy,a man riding a skateboard with a dog
2339455.jpg,dog,guy,a person flying a kite on the beach
2368195.jpg,dog,guy,a man sitting on a couch next to a teddy bear
2361824.jpg,dog,guy,a person riding a bicycle on a city street
2373458.jpg,dog,guy,a man laying on a bed with two dogs
2375426.jpg,dog,guy,a man walking a dog down a sidewalk
2315606.jpg,dog,guy,a person riding a skateboard on a sidewalk
2363708.jpg,dog,guy,a man riding a skateboard on top of a wooden ramp
2334564.jpg,dog,hat,a person riding a surfboard on top of a body of water
2370647.jpg,dog,hat,a black dog wearing a hat
2408376.jpg,dog,hat,a dog and a cat are dressed up in costumes
2355256.jpg,dog,hat,a dog wearing a hat and holding a plate of food
2400991.jpg,dog,hat,a man sitting on a bench next to a dog
2322864.jpg,dog,hat,a brown and white dog wearing a red bow tie
2346157.jpg,dog,hat,a man sitting on the ground next to a bunch of bananas
2358354.jpg,dog,hat,a man sitting on a bench next to a dog
2348603.jpg,dog,hat,a herd of sheep standing on top of a grass covered field
2336712.jpg,dog,hat,a man on a horse with a herd of sheep
2394499.jpg,dog,hat,a brown and white dog wearing a hat
2371995.jpg,dog,hat,a man in a suit talking on a cell phone
2356804.jpg,dog,hat,a dog wearing a hat and a hat on a field
2417574.jpg,dog,hat,a man standing next to a herd of sheep
2380827.jpg,dog,hat,a man holding a snowboard next to a snow covered mountain
2354002.jpg,dog,hat,a man is walking with an elephant in the street
1592123.jpg,dog,hat,snowboarders and snowboarders in the snow
2368426.jpg,dog,hat,a woman sitting on a bench in a field
2405343.jpg,dog,hat,a dog wearing a christmas hat
2387128.jpg,dog,hat,a woman and two dogs are walking down the street
2384517.jpg,dog,hat,a woman walking a dog down a sidewalk
2346042.jpg,dog,hat,cows walking down a dirt road
2324546.jpg,dog,hat,baseball players are playing baseball on a field
2393247.jpg,dog,hat,a woman holding a pair of skis standing on top of a snow covered
2330214.jpg,dog,hat,a dog jumping in the air to catch a frisbee
2341577.jpg,dog,hat,a man and a woman sitting on a bus
2356877.jpg,dog,hat,a dog jumping up to catch a frisbee
2402353.jpg,dog,hat,a woman sitting on a bench next to a man
2324234.jpg,dog,hat,a woman riding a bicycle with a bag on her head
2356920.jpg,dog,hat,a man and a dog on a boat in the water
2382157.jpg,dog,hat,a dog riding on top of a boat in the water
2415617.jpg,dog,hat,a man and woman sitting on a bench with a dog
2379484.jpg,dog,hat,a man and a dog sitting on a trail in the woods
2375426.jpg,dog,hat,a man walking a dog down a sidewalk
2363530.jpg,dog,hat,a beach with people on the sand and a kite flying in the air
2316242.jpg,dog,hat,a dog wearing a hat and a hat hat
2329335.jpg,dog,hat,a dog laying on a bed covered in a blanket
2383252.jpg,dog,hat,a woman petting a dog with a stuffed animal
2352484.jpg,dog,hat,people on a boat in the water
2331395.jpg,dog,hat,a dog sitting on top of a bed next to a cake
2373696.jpg,dog,hat,a man holding a sign with a dog on it
2336182.jpg,dog,hat,a dog wearing a santa claus hat
2373141.jpg,dog,hat,a man laying on the ground with a dog
2365207.jpg,dog,hat,a man riding a skateboard on top of a cement ramp
2334611.jpg,dog,hat,a brown and white dog wearing a christmas hat
2328062.jpg,dog,hat,a man sitting on a bench with a dog
2337587.jpg,dog,hat,a man sitting on a bench with a dog
2404933.jpg,dog,hat,a herd of sheep standing on top of a dirt road
713048.jpg,dog,hat,people sitting on a boat with a dog
2334928.jpg,dog,hat,a dog sitting on a chair next to a dog laying on the floor
286019.jpg,dog,hat,a man and a woman sitting on a park bench
2395217.jpg,dog,hat,a man walking a dog on a leash near a body of water
2387140.jpg,dog,hat,a dog standing next to a bicycle in front of a store
2380834.jpg,dog,hat,a herd of sheep walking across a dirt road
2320868.jpg,dog,hat,a crowd of people flying kites on a beach
1592975.jpg,dog,hat,a dog catching a frisbee in its mouth
2370727.jpg,dog,hat,a man riding on the back of a brown horse
2377932.jpg,dog,hat,a man sitting on a bench with a dog
497973.jpg,dog,hat,a crowd of people standing around a park with a dog
2352946.jpg,dog,hat,a herd of sheep standing on top of a dry grass field
2324410.jpg,dog,hat,people riding skis down a snow covered slope
2320410.jpg,dog,hat,two women sitting under an umbrella at a park
2340860.jpg,dog,hat,a man standing next to a train on a track
2318934.jpg,dog,hat,a small white dog wearing a blue and white striped shirt
2340687.jpg,dog,hat,a person on a leash with a dog
2369860.jpg,dog,hat,a horse pulling a carriage down a street
2414534.jpg,dog,hat,two people sitting on a hill with a dog
2392606.jpg,dog,hat,a dog with a hat on its head
2386876.jpg,dog,hat,a person and a dog on a leash on the side of a road
2350157.jpg,dog,hat,a man riding skis down a snow covered slope
2371249.jpg,dog,hat,a woman wearing a hat and holding a dog
2324645.jpg,dog,hat,a man and a dog sitting on a bench
2362815.jpg,dog,hat,a woman and a dog on a surfboard in the ocean
2396028.jpg,dog,hat,a dog standing next to a woman in a living room
2334244.jpg,dog,hat,a large group of people in a park with umbrellas
2326497.jpg,dog,hat,a man wearing a hat with a sheep on it
2398065.jpg,dog,hat,a woman holding a dog in front of a cake
2382950.jpg,dog,hat,a man on a boat in the middle of a river
2412112.jpg,dog,hat,a black and white photo of a man and dog
2413397.jpg,dog,hat,"a man is holding a sign that reads ""don't panic"""
2400114.jpg,dog,hat,a black and white dog wearing a hat
2315606.jpg,dog,hat,a person riding a skateboard on a sidewalk
2399233.jpg,dog,hat,a man and a dog are walking in the snow
2333171.jpg,dog,hat,a baseball player holding a bat next to a dog
2316809.jpg,dog,hat,a man sitting on a motorcycle in front of a building
2391488.jpg,dog,hat,a man walking down the street with a dog
2341401.jpg,dog,hat,a dog jumping in the air to catch a frisbee
2355579.jpg,dog,hat,a large group of people skiing down a snow covered slope
2338488.jpg,dog,hat,a woman riding a bike down a street
2415707.jpg,dog,hat,a woman sitting on a couch with two dogs
2362379.jpg,dog,hat,people sitting on a grass covered field
2343165.jpg,dog,hat,a dog jumping in the air to catch a frisbee
2325354.jpg,dog,hat,a number of people in a field with a number of dogs
2376639.jpg,dog,hat,people riding horses on the beach
2376391.jpg,dog,hat,a dog laying on the ground next to a bag
2317093.jpg,dog,hat,a man and a woman are petting a dog
2413346.jpg,dog,hat,three women sitting on a bench next to a bear
2323635.jpg,dog,hat,a parking lot filled with lots of parked cars
2334891.jpg,dog,hat,a woman and her dog on skis in the snow
2356624.jpg,dog,hat,a woman sitting on a bench with a dog
2326452.jpg,dog,hat,a dog jumping in the air to catch a frisbee
2375612.jpg,dog,hat,a dog jumping in the air to catch a frisbee
2414764.jpg,dog,hat,a woman sitting on the grass holding a cell phone
285822.jpg,dog,hat,a woman riding a bike with a basket on her head
2402933.jpg,dog,hat,a small white dog sitting on a couch next to a laptop
2404537.jpg,dog,hat,a man sitting on a beach with a dog
2353034.jpg,dog,hat,a black and white cat laying on a wooden bench
2417191.jpg,dog,hat,a man riding a skateboard on top of a city street
1592252.jpg,dog,hat,a small dog standing on a sidewalk next to a woman
2400563.jpg,dog,hat,a man in a cowboy hat is leading a herd of cattle
2334261.jpg,dog,hat,a man catching a frisbee in a field
2317067.jpg,dog,hat,a dog is standing in front of a bus
2367771.jpg,dog,hat,two people on skis and a dog in the snow
2409245.jpg,dog,hat,a car that has a bike on top of it
2318692.jpg,dog,hat,a black and white dog jumping up to catch a frisbee
2414515.jpg,dog,hat,a man riding a skateboard up the side of a ramp
2320636.jpg,dog,hat,a man riding on the back of a brown horse
713715.jpg,dog,hat,a herd of sheep standing on top of a lush green field
2328838.jpg,dog,hat,a person riding a horse in a field with a dog
2415276.jpg,dog,hat,a man riding a sled down a snow covered slope
2355950.jpg,dog,hat,a man holding a fire hydrant next to a parked car
2374930.jpg,dog,hat,a dog laying on a couch next to a teddy bear
2384849.jpg,dog,hat,a woman standing in front of a blue and white bus
2367662.jpg,dog,hat,a woman walking her dog down a sidewalk
2328869.jpg,dog,hat,a dog that is walking on a sidewalk
2361415.jpg,dog,hat,a family posing for a picture
2393779.jpg,dog,hat,a person riding skis on top of a snow covered slope
2382399.jpg,dog,hat,a dog jumping in the air to catch a frisbee
2381402.jpg,dog,hat,three people on skis and a dog in the snow
285707.jpg,dog,hat,a dog and a man on a boat in the water
2411487.jpg,dog,hat,two people riding on the backs of elephants on a city street
2402597.jpg,dog,hat,a man and a woman are sitting in a pickup truck
2379063.jpg,dog,hat,a man and a dog on a paddle board in the water
2345976.jpg,dog,hat,a person and a dog are playing in the snow
2397787.jpg,dog,hat,a dog jumping in the air to catch a frisbee
2412794.jpg,dog,hat,a woman and a man walking on the beach with a dog
2325485.jpg,dog,hat,a woman sitting on the sidewalk with a dog
2358650.jpg,dog,hat,a woman walking a dog on a leash in the snow
2374913.jpg,dog,hat,a man holding a dog in his right hand
2414707.jpg,dog,hat,a large group of people on a beach with a dog
2353822.jpg,dog,hat,a brown and white dog standing next to a man on a leash
2388411.jpg,dog,hat,a woman standing next to a group of people on a sidewalk
713479.jpg,dog,hat,a man and woman sitting at a table with a dog
2397204.jpg,dog,hat,people standing on a beach near the ocean
2330481.jpg,dog,hat,two people and a dog on skis in the snow
2367186.jpg,dog,hat,a man and a woman sitting on a bench
713615.jpg,dog,hat,three people are walking in the snow with their skis
2341219.jpg,dog,hat,a bedroom with a pink bedspread and a pink dresser
2341324.jpg,dog,hat,a city bus is stopped at a bus stop
2347300.jpg,dog,hat,people riding horses down a road
2316980.jpg,dog,hat,a man and a dog are walking in the snow
2350609.jpg,dog,hat,a dog standing on a sidewalk next to a person
2367272.jpg,dog,hat,a woman riding a bike with a basket on her head
2318030.jpg,dog,hat,a dog sitting next to a man on a motorcycle
2358622.jpg,dog,hat,a man standing next to a cow in a field
2366052.jpg,dog,hat,a man selling oranges at a fruit stand
2343283.jpg,dog,hat,a man walking a dog on a leash on a sidewalk
2364372.jpg,dog,hat,a woman riding on the back of a brown horse
2416699.jpg,dog,hat,a man standing next to a dog on a bicycle
2367636.jpg,dog,hat,a crowd of people flying kites in a field
2338674.jpg,dog,hat,a man with a dog in the snow
2349591.jpg,dog,hat,two people on surfboards in the water
2365888.jpg,dog,hat,a man riding a horse next to a dog
2391456.jpg,dog,hat,a man riding a bike next to a park bench
2337125.jpg,dog,hat,a man walking across a snow covered field with a dog
2360290.jpg,dog,hat,a man is walking his dog down the street
2373955.jpg,dog,hat,a man sitting on a bed with a dog
2336115.jpg,dog,hat,stuffed animals hanging from a christmas tree
2397768.jpg,dog,hat,a number of dogs on a beach near a body of water
2373751.jpg,dog,hat,a man holding a frisbee in front of a group of people
2409626.jpg,dog,hat,a dog wearing a pirate hat
2370711.jpg,dog,hat,a dog wearing a hat and bow tie
2351872.jpg,dog,hat,a man standing on a park bench next to a group of people
2400986.jpg,dog,hat,a white and black dog running across a dirt field
2398018.jpg,dog,hat,people standing around a house
2353922.jpg,dog,hat,two people sitting on a snow covered slope on skis
2384109.jpg,dog,hat,a man riding a bike with a dog on a leash
2385858.jpg,dog,hat,two men standing in a kitchen next to a sink
2329565.jpg,dog,hat,a man sitting on a couch with a dog
2325492.jpg,dog,hat,a man standing on a beach with a frisbee
2395166.jpg,dog,hat,a dog jumping up to catch a frisbee
2416340.jpg,dog,hat,a herd of cattle standing on top of a lush green field
2348342.jpg,dog,hat,a dog jumping up to catch a frisbee
2352906.jpg,dog,hat,a woman walking a dog down a sidewalk
2339161.jpg,dog,hat,a man and a woman standing on a beach with a frisbee
2414213.jpg,dog,hat,a man driving a truck with a dog on top of it
2360407.jpg,dog,tie,a man in a suit and tie posing for a picture
2416178.jpg,dog,tie,a black and white dog wearing a red bow tie
2371995.jpg,dog,tie,a man in a suit talking on a cell phone
2390652.jpg,dog,tie,a woman sitting on a bed next to a white dog
2389773.jpg,dog,tie,a dog wearing a bow tie sitting on a bed
2324993.jpg,dog,tie,a brown and white dog wearing a red bow tie
2357667.jpg,dog,tie,a dog wearing a bow tie sitting on a couch
2341726.jpg,dog,tie,a man in a black shirt is playing a guitar
2324914.jpg,dog,tie,a man sitting on a couch with a dog
2346821.jpg,dog,tie,a dog sitting on top of a table next to a bottle of wine
498019.jpg,dog,tie,a man sitting on a couch with a cat
2404707.jpg,dog,tie,a black dog wearing a red bow tie
2318934.jpg,dog,tie,a small white dog wearing a blue and white striped shirt
2339238.jpg,dog,tie,a dog wearing a bow tie sitting on a couch
2338103.jpg,dog,tie,a man in a suit and tie sitting next to a dog
2348065.jpg,dog,tie,a person walking a dog on a leash
2402059.jpg,dog,tie,a dog wearing a bow tie sitting on a bed
2391621.jpg,dog,tie,a woman holding a small dog in a room
2383771.jpg,dog,tie,two little girls standing next to each other
2368621.jpg,dog,tie,a white and brown dog sitting next to a woman
2358614.jpg,dog,tie,a man sitting at a desk in front of a computer
2356554.jpg,dog,tie,a dog wearing a helmet sitting in the back of a motorcycle
2376077.jpg,dog,tie,a train that is stopped at a train station
2319521.jpg,dog,tie,a man in a suit and tie posing for a picture
2368834.jpg,dog,tie,a man sitting in a chair holding a dog
2407435.jpg,dog,jacket,a woman riding a bike with a dog on a leash
2400991.jpg,dog,jacket,a man sitting on a bench next to a dog
2339453.jpg,dog,jacket,a man riding a bike with a dog on a leash
2410503.jpg,dog,jacket,a person with skis and a dog on a snow covered slope
2409697.jpg,dog,jacket,a young girl is flying a kite in a field
2371995.jpg,dog,jacket,a man in a suit talking on a cell phone
2410817.jpg,dog,jacket,a dog jumping in the air to catch a frisbee
2384596.jpg,dog,jacket,a man walking down a street next to a train
2397138.jpg,dog,jacket,two people on a boat in the water
2345272.jpg,dog,jacket,a dog and a man on a boat
2387128.jpg,dog,jacket,a woman and two dogs are walking down the street
2384517.jpg,dog,jacket,a woman walking a dog down a sidewalk
2393247.jpg,dog,jacket,a woman holding a pair of skis standing on top of a snow covered
2376054.jpg,dog,jacket,a man walking across a snow covered road with a dog
2406100.jpg,dog,jacket,a dog laying on the floor next to a man
2408331.jpg,dog,jacket,a young boy is playing with a frisbee in the grass
2345151.jpg,dog,jacket,a crowd of people with umbrellas walking down a street
2350379.jpg,dog,jacket,a boat that is sitting in the water
2414053.jpg,dog,jacket,a woman riding a skateboard next to a boy on a skateboard
2358851.jpg,dog,jacket,a man sitting on the ground holding a guitar
2366433.jpg,dog,jacket,a woman sitting on a bench with a dog
2341368.jpg,dog,jacket,a woman walking down the street with a horse
2361930.jpg,dog,jacket,a man holding a dog on a leash
2393339.jpg,dog,jacket,a person on a snow covered ground with a cat
2409085.jpg,dog,jacket,a man riding on the back of a motorcycle
2377194.jpg,dog,jacket,a man riding a skateboard down a sidewalk
2329428.jpg,dog,jacket,a person riding a bike with a dog
2368621.jpg,dog,jacket,a white and brown dog sitting next to a woman
2407227.jpg,dog,jacket,a person riding skis on top of a snow covered slope
1831.jpg,dog,jacket,a dog jumping in the air to catch a frisbee
2381777.jpg,dog,jacket,a dog with a leash on walking on a path
2324942.jpg,dog,jacket,a man walking down a street next to a street sign
2413278.jpg,dog,jacket,a person on a motorcycle with a dog on it
2383252.jpg,dog,jacket,a woman petting a dog with a stuffed animal
2343433.jpg,dog,jacket,a man and woman sitting on a park bench
2363601.jpg,dog,jacket,a person cross country skiing in the snow
2399017.jpg,dog,jacket,a small dog on a surfboard in the water
2378957.jpg,dog,jacket,a woman sitting on a bench next to a dog
2339172.jpg,dog,jacket,a man eating a hot dog in a restaurant
2357994.jpg,dog,jacket,a dog sitting on a table in a factory
2361109.jpg,dog,jacket,a man and a dog are on the back of a truck
2328062.jpg,dog,jacket,a man sitting on a bench with a dog
2337587.jpg,dog,jacket,a man sitting on a bench with a dog
2327030.jpg,dog,jacket,a woman on skis and a dog on a leash
2383945.jpg,dog,jacket,people standing around a table covered in fruits and vegetables
2321557.jpg,dog,jacket,a crowd of people standing on the side of a road
2377113.jpg,dog,jacket,a man holding a surfboard next to a dog on a beach
2406596.jpg,dog,jacket,a woman walking her dog across a snow covered street
2369004.jpg,dog,jacket,a woman holding a frisbee next to a dog
1593164.jpg,dog,jacket,a man feeding a dog a cup of water
286019.jpg,dog,jacket,a man and a woman sitting on a park bench
2322034.jpg,dog,jacket,a man and a woman walking down the street with an umbrella
2357802.jpg,dog,jacket,a woman holding a dog while sitting on a boat
2402417.jpg,dog,jacket,a number of people riding horses down a trail
2404204.jpg,dog,jacket,a brown dog laying on a park bench
2400374.jpg,dog,jacket,a man riding a snowboard down a snow covered slope
2372773.jpg,dog,jacket,a man sitting on a bench reading a book
2370727.jpg,dog,jacket,a man riding on the back of a brown horse
2352946.jpg,dog,jacket,a herd of sheep standing on top of a dry grass field
2414629.jpg,dog,jacket,a woman standing next to a red pick up truck
2402349.jpg,dog,jacket,a black dog laying on top of a bed
2387231.jpg,dog,jacket,people standing in the snow with a kite
2334964.jpg,dog,jacket,a man is looking at a dog on a leash
2348310.jpg,dog,jacket,a dog standing next to a man on a sidewalk
2330171.jpg,dog,jacket,a person walking with an umbrella in the rain
2414534.jpg,dog,jacket,two people sitting on a hill with a dog
2397601.jpg,dog,jacket,a woman taking a picture of a dog in a mirror
2368195.jpg,dog,jacket,a man sitting on a couch next to a teddy bear
2395806.jpg,dog,jacket,two women and a dog standing in a grassy field
1159355.jpg,dog,jacket,a person riding a bike with a dog
2388985.jpg,dog,jacket,a person riding a skateboard down a street
2383771.jpg,dog,jacket,two little girls standing next to each other
2409988.jpg,dog,jacket,a dog on a surfboard in the water
2402737.jpg,dog,jacket,motorcycles are parked in a parking lot
2400114.jpg,dog,jacket,a black and white dog wearing a hat
2398334.jpg,dog,jacket,a dog standing in the snow with a frisbee in its mouth
2355579.jpg,dog,jacket,a large group of people skiing down a snow covered slope
2358535.jpg,dog,jacket,a man sitting on a bench with a dog
2384917.jpg,dog,jacket,a dog wearing a hat on top of his head
2362379.jpg,dog,jacket,people sitting on a grass covered field
2364719.jpg,dog,jacket,a dog and a person on a scooter
2317093.jpg,dog,jacket,a man and a woman are petting a dog
2402211.jpg,dog,jacket,a man walking down a path with a park bench
1592395.jpg,dog,jacket,a man and a woman sitting on a couch
2392202.jpg,dog,jacket,a dog and a man walking along a beach
2385923.jpg,dog,jacket,a young boy holding a baseball bat on a field
2369464.jpg,dog,jacket,a man riding on the back of a brown horse
2386795.jpg,dog,jacket,a woman riding skis down a snow covered slope
2377018.jpg,dog,jacket,a crowd of people standing around a motorcycle
2371467.jpg,dog,jacket,a black and white photo of a black and white elephant and a black and
2400563.jpg,dog,jacket,a man in a cowboy hat is leading a herd of cattle
2367771.jpg,dog,jacket,two people on skis and a dog in the snow
2409245.jpg,dog,jacket,a car that has a bike on top of it
2342460.jpg,dog,jacket,a woman petting a black and white dog on a sidewalk
2330764.jpg,dog,jacket,a man walking down the street with an umbrella
2400362.jpg,dog,jacket,a man holding a cat in his hand
2396392.jpg,dog,jacket,a man riding on the back of a motorcycle
2342959.jpg,dog,jacket,a man cutting a cake on a table
2370819.jpg,dog,jacket,a dog wearing a bow tie sitting in a car
2318372.jpg,dog,jacket,a man riding on the back of a brown horse
2369.jpg,dog,jacket,people walking down a street with a dog
2338103.jpg,dog,jacket,a man in a suit and tie sitting next to a dog
2347131.jpg,dog,jacket,a number of dogs on a raft in the water
2384849.jpg,dog,jacket,a woman standing in front of a blue and white bus
2322106.jpg,dog,jacket,a woman sitting on a train looking at her phone
2361415.jpg,dog,jacket,a family posing for a picture
2381402.jpg,dog,jacket,three people on skis and a dog in the snow
2356554.jpg,dog,jacket,a dog wearing a helmet sitting in the back of a motorcycle
2346200.jpg,dog,jacket,a woman sitting on a bench next to a dog
2356036.jpg,dog,jacket,a woman walking down a street with a dog
2335823.jpg,dog,jacket,a man and a dog on a beach with a dog on a leash
2339057.jpg,dog,jacket,a woman with a teddy bear standing next to a man
2324950.jpg,dog,jacket,a dog catching a frisbee in a park
2345976.jpg,dog,jacket,a person and a dog are playing in the snow
2358192.jpg,dog,jacket,a man sitting at a table with a glass of wine
2353822.jpg,dog,jacket,a brown and white dog standing next to a man on a leash
2397149.jpg,dog,jacket,a man sitting in the snow with a dog
2330481.jpg,dog,jacket,two people and a dog on skis in the snow
2336716.jpg,dog,jacket,a dog jumping in the air to catch a frisbee
713615.jpg,dog,jacket,three people are walking in the snow with their skis
2341324.jpg,dog,jacket,a city bus is stopped at a bus stop
2386512.jpg,dog,jacket,a dog that is sitting on the back of a motorcycle
2347300.jpg,dog,jacket,people riding horses down a road
2320130.jpg,dog,jacket,a dog on a surfboard in the water
2316980.jpg,dog,jacket,a man and a dog are walking in the snow
2413880.jpg,dog,jacket,three young people riding skateboards down a city street
2350325.jpg,dog,jacket,a brown and white cow and a black and white cow
1160042.jpg,dog,jacket,bunches of bananas on display at a market
2318030.jpg,dog,jacket,a dog sitting next to a man on a motorcycle
2398189.jpg,dog,jacket,a herd of cattle on a grassy field
2385853.jpg,dog,jacket,a dog wearing a hat standing next to a person
2343283.jpg,dog,jacket,a man walking a dog on a leash on a sidewalk
2347373.jpg,dog,jacket,a young boy standing in the grass with a kite in his hand
619.jpg,dog,jacket,a street corner with a street sign on it
2360290.jpg,dog,jacket,a man is walking his dog down the street
2316075.jpg,dog,jacket,a man sitting on the back of a truck in a field
2388468.jpg,dog,jacket,people standing next to each other
2403560.jpg,dog,jacket,a man sitting at a table with a dog
2393173.jpg,dog,jacket,a man and a dog are walking on the grass with an umbrella
2356904.jpg,dog,jacket,a man and a dog standing next to each other
3424.jpg,dog,jacket,an old building with a statue of a man on top of it
2351872.jpg,dog,jacket,a man standing on a park bench next to a group of people
2400986.jpg,dog,jacket,a white and black dog running across a dirt field
2384109.jpg,dog,jacket,a man riding a bike with a dog on a leash
2408302.jpg,dog,jacket,a person sitting at a table with a plate of food
2387862.jpg,dog,jacket,a person jumping a horse over a jump
2342431.jpg,dog,jacket,a dog sitting on top of a motorcycle
2341652.jpg,dog,jacket,a dog that is sitting on the back of a motorcycle
1591911.jpg,dog,jacket,people standing around a table covered in fruits and vegetables
2367595.jpg,dog,jacket,a woman sitting on a bench with a dog
2416340.jpg,dog,jacket,a herd of cattle standing on top of a lush green field
2348342.jpg,dog,jacket,a dog jumping up to catch a frisbee
2337466.jpg,dog,jacket,a man eating a slice of pizza
2344881.jpg,dog,grass,a cat sitting on a table next to a bottle of water
2388972.jpg,dog,grass,a dog with a frisbee in its mouth
2406944.jpg,dog,grass,a dog catching a frisbee in the air
2409697.jpg,dog,grass,a young girl is flying a kite in a field
2395684.jpg,dog,grass,a person riding a skateboard on a city street
2391905.jpg,dog,grass,a dog and a cow are standing in a field
2369968.jpg,dog,grass,a truck and a horse in a field
2374573.jpg,dog,grass,a little girl flying a kite on the beach
2389746.jpg,dog,grass,a white dog laying on top of a lush green field
2323804.jpg,dog,grass,a row of dogs sitting on a dock next to a body of water
2381417.jpg,dog,grass,a man flying a kite on top of a field
2330843.jpg,dog,grass,a motorcycle is parked on the side of the road
2366961.jpg,dog,grass,men and women posing for a picture
2338393.jpg,dog,grass,a dog running in the grass with a frisbee in its mouth
2366353.jpg,dog,grass,a man and a dog playing frisbee in a park
2376950.jpg,dog,grass,a man standing on top of a sandy beach next to a truck
2380237.jpg,dog,grass,a dog with a frisbee in its mouth
2393362.jpg,dog,grass,a dog jumping in the air to catch a frisbee
2351205.jpg,dog,grass,a man and a dog playing frisbee in the grass
2317995.jpg,dog,grass,a collage of photos of animals and people
2365905.jpg,dog,grass,a herd of sheep standing on top of a lush green field
2375845.jpg,dog,grass,a dog sitting on a leash on a dirt road
2316506.jpg,dog,grass,a dog with a frisbee in its mouth
2395074.jpg,dog,grass,a dog jumping in the air to catch a frisbee
2343539.jpg,dog,grass,a dog laying in the grass with a frisbee
2330356.jpg,dog,grass,a man standing next to a wooden table with a dog
2353510.jpg,dog,grass,a black and white dog wearing a red and white dress
2400727.jpg,dog,grass,a small black and white dog playing with a frisbee
2355266.jpg,dog,grass,a woman standing on top of a field with a frisbee
2408931.jpg,dog,grass,a zebra standing on top of a dry grass covered field
2406607.jpg,dog,grass,a man sitting on a bench with a surfboard
2387995.jpg,dog,grass,a woman and a child standing near a bus
2325613.jpg,dog,grass,a dog and a cat laying on the grass
2326801.jpg,dog,grass,a brown dog laying on top of a motorcycle
286019.jpg,dog,grass,a man and a woman sitting on a park bench
2323208.jpg,dog,grass,a herd of sheep standing on top of a lush green field
2317457.jpg,dog,grass,a dog with a skateboard in its mouth
2380834.jpg,dog,grass,a herd of sheep walking across a dirt road
2377282.jpg,dog,grass,elephants are standing in the middle of a river
2394992.jpg,dog,grass,a man standing next to a dog in a field
2340216.jpg,dog,grass,a woman standing next to a dog eating food
2370727.jpg,dog,grass,a man riding on the back of a brown horse
2328347.jpg,dog,grass,a dog laying in the grass next to a fence
2358897.jpg,dog,grass,a man standing next to a dog in the water
2414534.jpg,dog,grass,two people sitting on a hill with a dog
2356015.jpg,dog,grass,a black and white dog standing in front of a frisbee
2410306.jpg,dog,grass,a white pick up truck driving down a road
2384862.jpg,dog,grass,a dog and a cat walking down a sidewalk
2315606.jpg,dog,grass,a person riding a skateboard on a sidewalk
2407510.jpg,dog,grass,a man riding a skateboard next to a dog
2317985.jpg,dog,grass,a dog laying on the grass with a frisbee
2400958.jpg,dog,grass,a dog and a man standing next to each other
2379786.jpg,dog,grass,a brown and white horse and a black and white dog
2372715.jpg,dog,grass,a brown dog standing next to a black dog
2371456.jpg,dog,grass,a black and white dog standing on top of a sandy beach
2407763.jpg,dog,grass,a dog standing on a grassy field with a frisbee
2368434.jpg,dog,grass,a dog and a cat are playing in the grass
2396838.jpg,dog,grass,a zebra is seen in the rear view mirror of a car
2392212.jpg,dog,grass,a dog running in the grass with a frisbee in its mouth
2388328.jpg,dog,grass,a brown horse and a black horse in a fenced in area
2325561.jpg,dog,grass,a brown dog and a black dog standing next to each other
2341928.jpg,dog,grass,a herd of sheep standing next to a fence
2366676.jpg,dog,grass,a black dog jumping up to catch a frisbee
2393918.jpg,dog,grass,a dog sitting in the back of a pickup truck
2339137.jpg,dog,grass,a dog laying in the grass next to other dogs
2385923.jpg,dog,grass,a young boy holding a baseball bat on a field
2410190.jpg,dog,grass,a dog laying in the grass next to a sheep
2376794.jpg,dog,grass,a young boy standing in front of a body of water
2354523.jpg,dog,grass,a dog is sitting in the back of a pickup truck
2405157.jpg,dog,grass,a boy jumping up into the air to catch a frisbee
2412687.jpg,dog,grass,a brown and white dog holding a frisbee in it's mouth
2334261.jpg,dog,grass,a man catching a frisbee in a field
2414767.jpg,dog,grass,people standing around a tent with a horse
2326727.jpg,dog,grass,a black and white dog and a brown and white dog
2387327.jpg,dog,grass,two dogs are looking out the window of a car
2316429.jpg,dog,grass,a dog laying on the ground next to a tennis racket
2395889.jpg,dog,grass,a man holding a frisbee on top of a lush green field
2328461.jpg,dog,grass,a black dog with a frisbee in its mouth
2389474.jpg,dog,grass,a dog looking out the window of a car
2384849.jpg,dog,grass,a woman standing in front of a blue and white bus
2394687.jpg,dog,grass,a truck that is sitting on the side of the road
2392123.jpg,dog,grass,a man throwing a frisbee in a park
2403124.jpg,dog,grass,two brown and white dogs and a man
2354796.jpg,dog,grass,a dog sniffing a piece of food in the grass
2394272.jpg,dog,grass,a woman catching a frisbee with a dog
2347254.jpg,dog,grass,a herd of sheep standing on top of a dry grass covered field
2336693.jpg,dog,grass,a black and white dog jumping in the air to catch a frisbee
2341324.jpg,dog,grass,a city bus is stopped at a bus stop
2377375.jpg,dog,grass,a man and a woman sitting on a bench
2347300.jpg,dog,grass,people riding horses down a road
2319295.jpg,dog,grass,a man on a surfboard in the water with a dog
2350951.jpg,dog,grass,a dog is looking out the window of a car
2395104.jpg,dog,grass,a woman holding a frisbee on a park bench
2378872.jpg,dog,grass,a dog and a cat sitting in the back of a truck
2410840.jpg,dog,grass,a dog with a frisbee in its mouth
2376933.jpg,dog,grass,a dog jumping in the air to catch a frisbee
2371798.jpg,dog,grass,a dog that is standing next to a fire hydrant
2383229.jpg,dog,grass,a woman sitting on the ground in front of a building
2361552.jpg,dog,grass,a man standing on a rock near a body of water
2335707.jpg,dog,grass,a dog jumping in the air to catch a frisbee
2344218.jpg,dog,grass,horses grazing in a grassy field next to a body of water
2387862.jpg,dog,grass,a person jumping a horse over a jump
2324371.jpg,dog,grass,a dog laying on the grass with a frisbee in its mouth
2386758.jpg,dog,grass,a woman in a field with a dog and a frisbee
2356473.jpg,dog,grass,a man standing in a field with a herd of cattle
2416465.jpg,dog,grass,a black and white cat sitting in front of a window
2386037.jpg,dog,grass,a black and white dog catching a frisbee in its mouth
2404080.jpg,dog,grass,a brown and white dog standing next to a brown and white dog
2327653.jpg,dog,grass,a cat sitting on top of a tv screen
2325645.jpg,dog,grass,a dog jumping in the air to catch a frisbee
2417574.jpg,dog,grass,a man standing next to a herd of sheep
2319590.jpg,dog,grass,a black dog playing with a frisbee in the grass
2411794.jpg,dog,grass,a dog that is sitting on a bench
2319764.jpg,dog,grass,a white dog sitting in the grass with a frisbee
2367813.jpg,dog,grass,a man and a dog playing frisbee in a field
2337303.jpg,dog,grass,a man sitting on a bench talking on a cell phone
2337403.jpg,dog,grass,a dog on a motorcycle next to a group of cows
2338171.jpg,dog,grass,a herd of sheep grazing on a lush green field
2410228.jpg,dog,grass,a little boy in a green shirt is on a dirt road
2366433.jpg,dog,grass,a woman sitting on a bench with a dog
2345130.jpg,dog,grass,a black dog holding a frisbee in its mouth
2338955.jpg,dog,grass,a dog laying on the ground next to a tennis racket
2398376.jpg,dog,grass,a herd of sheep grazing in a grassy field
2351380.jpg,dog,grass,a black and white dog standing next to a white and brown dog
2354835.jpg,dog,grass,a dog looking out the window of a car
2320689.jpg,dog,grass,a fire hydrant in front of a house
2373141.jpg,dog,grass,a man laying on the ground with a dog
2385539.jpg,dog,grass,a man jumping to catch a frisbee in a park
2354681.jpg,dog,grass,a dog catching a frisbee in a park
2343330.jpg,dog,grass,a frisbee in a grassy field
2346434.jpg,dog,grass,a dog with a frisbee in its mouth
2351907.jpg,dog,grass,a herd of sheep standing on top of a lush green hillside
2364444.jpg,dog,grass,a man in a field with a frisbee
2394079.jpg,dog,grass,a dog laying in the grass with a frisbee
2409022.jpg,dog,grass,a flock of sheep standing on top of a lush green field
2365002.jpg,dog,grass,a dog drinking water out of a bottle
2385901.jpg,dog,grass,a dog with a frisbee in its mouth
1592975.jpg,dog,grass,a dog catching a frisbee in its mouth
2363682.jpg,dog,grass,a dog jumping in the air to catch a frisbee
2344063.jpg,dog,grass,a dog standing in the grass next to a tree
2412671.jpg,dog,grass,a woman walking her dog through a grassy field
2340815.jpg,dog,grass,a black and white dog running through a grassy field
2378475.jpg,dog,grass,a man and a little girl playing frisbee in a park
2386620.jpg,dog,grass,two dogs playing with each other in a field
2328960.jpg,dog,grass,a white dog laying in the grass with a frisbee
2410967.jpg,dog,grass,a dog and a cat are playing together
2386876.jpg,dog,grass,a person and a dog on a leash on the side of a road
2367721.jpg,dog,grass,a black dog running in the grass with a frisbee
2364202.jpg,dog,grass,a dog standing in front of a door
2325910.jpg,dog,grass,a dog sitting in the snow with a frisbee
2356836.jpg,dog,grass,a black dog running with a black dog in a parking lot
2366841.jpg,dog,grass,a number of people on horses in a field
2336402.jpg,dog,grass,a dog is sniffing a box of food
2341401.jpg,dog,grass,a dog jumping in the air to catch a frisbee
2337260.jpg,dog,grass,a dog with a frisbee in its mouth
2416991.jpg,dog,grass,a brown and white dog standing in the grass
2384081.jpg,dog,grass,a man riding a bike with a dog
1159610.jpg,dog,grass,people walking down a sidewalk with umbrellas
2329647.jpg,dog,grass,a little girl and a little boy playing with a fire hydrant
2386802.jpg,dog,grass,a colorful kite on a beach near the ocean
2413634.jpg,dog,grass,a black and white dog standing in a yard with a frisbee
2414764.jpg,dog,grass,a woman sitting on the grass holding a cell phone
2375612.jpg,dog,grass,a dog jumping in the air to catch a frisbee
2337501.jpg,dog,grass,a dog with a frisbee in its mouth
2371467.jpg,dog,grass,a black and white photo of a black and white elephant and a black and
2386721.jpg,dog,grass,a herd of sheep standing on top of a dry grass field
2382281.jpg,dog,grass,a herd of sheep standing on top of a muddy field
2412423.jpg,dog,grass,a woman is petting a brown and white cow
2321295.jpg,dog,grass,two sheep standing next to each other on a dirt field
2358778.jpg,dog,grass,a dog jumping in the air to catch a frisbee
2395277.jpg,dog,grass,a large truck with a dog on the back of it
2373502.jpg,dog,grass,a horse pulling a wagon full of hay
2344769.jpg,dog,grass,a man riding a skateboard with a dog
2370359.jpg,dog,grass,a dog standing in the grass with a frisbee in its mouth
2408498.jpg,dog,grass,a black dog laying in the grass with a cell phone
2405432.jpg,dog,grass,a dog jumping in the air to catch a frisbee
2357556.jpg,dog,grass,a woman riding a horse in a field with a dog
2344526.jpg,dog,grass,a small white dog walking down a street
2321145.jpg,dog,grass,a dog with a frisbee in its mouth
2406866.jpg,dog,grass,a yellow fire hydrant next to a parking lot
2324950.jpg,dog,grass,a dog catching a frisbee in a park
2345110.jpg,dog,grass,a sheep standing on a lush green hillside
2393070.jpg,dog,grass,a dog laying in the grass with a frisbee
2336716.jpg,dog,grass,a dog jumping in the air to catch a frisbee
2357995.jpg,dog,grass,a train on a track near a bridge
2326569.jpg,dog,grass,a white dog standing on the side of a road next to a car
2363247.jpg,dog,grass,a brown horse eating grass next to a fence
2395470.jpg,dog,grass,a black and white dog with a frisbee in its mouth
2398189.jpg,dog,grass,a herd of cattle on a grassy field
2327325.jpg,dog,grass,a man sitting on a bike with a dog
2375942.jpg,dog,grass,a dog with a frisbee in its mouth
2392690.jpg,dog,grass,a black and white dog is sniffing a hose
2317615.jpg,dog,grass,a man catching a frisbee with a dog
2328890.jpg,dog,grass,a dog eating a sandwich on a plate
2382612.jpg,dog,grass,a herd of sheep standing on top of a lush green field
2351991.jpg,dog,grass,a herd of sheep standing on top of a lush green field
2382489.jpg,dog,grass,a white dog laying in the grass next to a bunch of sheep
2386600.jpg,dog,grass,a dog laying on the grass next to a frisbee
2351872.jpg,dog,grass,a man standing on a park bench next to a group of people
2330479.jpg,dog,grass,a man riding a horse with a dog
2330800.jpg,dog,grass,two dogs are sitting on a park bench
2315716.jpg,dog,grass,a motorcycle is parked on the grass in front of a crowd of people
2368415.jpg,dog,grass,a dog standing on top of a boat in the water
2342285.jpg,dog,grass,a herd of sheep standing on top of a hill
2348342.jpg,dog,grass,a dog jumping up to catch a frisbee
2368196.jpg,dog,grass,a man on a leash carrying a dog on a trail
2333895.jpg,dog,grass,a person petting a sheep with a dog
2384885.jpg,dog,grass,a dog sitting in the driver's seat of a car
2404746.jpg,dog,grass,a dog standing on top of a lush green field
2350150.jpg,dog,grass,a man riding a bike down a road with a dog
2345658.jpg,dog,grass,two dogs standing next to each other on a grassy field
2356804.jpg,dog,grass,a dog wearing a hat and a hat on a field
2382121.jpg,dog,grass,a man and a woman walking a dog on a leash
2388671.jpg,dog,grass,a black and white dog laying on the ground next to a book
2368426.jpg,dog,grass,a woman sitting on a bench in a field
2401877.jpg,dog,grass,a dog that is standing in front of a fence
2388066.jpg,dog,grass,a dog jumping in the air to catch a frisbee
2407990.jpg,dog,grass,a dog with a frisbee in its mouth
2331519.jpg,dog,grass,a dog laying in the grass with a frisbee
2386233.jpg,dog,grass,a man riding a skateboard on top of a dirt road
2323850.jpg,dog,grass,a black and white dog standing in a grassy field
2326904.jpg,dog,grass,a dog jumping in the air to catch a frisbee
2402665.jpg,dog,grass,a dog catching a frisbee in its mouth
2361091.jpg,dog,grass,a man standing on the side of a road next to a street sign
2374649.jpg,dog,grass,a dog jumping in the air to catch a frisbee
2406301.jpg,dog,grass,a person walking down a road with a dog
2340457.jpg,dog,grass,a dog standing on top of a fire hydrant
2351186.jpg,dog,grass,a dog running with a frisbee in its mouth
2367060.jpg,dog,grass,a black dog standing on top of a grass covered field
2327581.jpg,dog,grass,a dog chasing a frisbee in a field
2376444.jpg,dog,grass,a dog catching a frisbee in a park
2329428.jpg,dog,grass,a person riding a bike with a dog
2387864.jpg,dog,grass,a white sheep is grazing in a field
2379263.jpg,dog,grass,a black and white dog standing on a dirt path
2383950.jpg,dog,grass,a dog jumping in the air to catch a frisbee
2372988.jpg,dog,grass,a dog drinking water out of a bottle
2355607.jpg,dog,grass,a dog and a cat playing frisbee in a field
2387430.jpg,dog,grass,a man riding on the back of a brown horse
2391472.jpg,dog,grass,a dog and a sheep in a fenced in area
2348551.jpg,dog,grass,a woman holding a frisbee next to a dog
2403975.jpg,dog,grass,a dog that is standing on top of a body of water
2400922.jpg,dog,grass,a black and white dog looking out a window
2350616.jpg,dog,grass,a dog catching a frisbee in a field
2394065.jpg,dog,grass,a brown and white dog standing next to a frisbee
2402417.jpg,dog,grass,a number of people riding horses down a trail
497973.jpg,dog,grass,a crowd of people standing around a park with a dog
2389092.jpg,dog,grass,a dog in the water with a frisbee in its mouth
2406001.jpg,dog,grass,a dog sitting on the back of a motorcycle
2403537.jpg,dog,grass,a dog standing in the grass with a frisbee
2369860.jpg,dog,grass,a horse pulling a carriage down a street
2317153.jpg,dog,grass,two dogs standing next to each other on a bench
2376453.jpg,dog,grass,two dogs are playing with each other in the yard
2385955.jpg,dog,grass,a dog with a frisbee in its mouth
2382659.jpg,dog,grass,two dogs are playing with each other in the grass
2408633.jpg,dog,grass,a black dog with a frisbee in its mouth
2361100.jpg,dog,grass,a black and white dog standing next to a fence
2322231.jpg,dog,grass,a white truck parked in front of a house
2316038.jpg,dog,grass,a man standing in the middle of a road next to a truck
2411072.jpg,dog,grass,a dog laying in the grass with a frisbee
2412384.jpg,dog,grass,a dog is standing in the water near a boat
2390483.jpg,dog,grass,a dog standing on top of a field with a frisbee
2411743.jpg,dog,grass,a dog laying in the grass with a frisbee in its mouth
2366975.jpg,dog,grass,a dog catching a frisbee in its mouth
2409069.jpg,dog,grass,a brown dog standing on a sidewalk next to a fire hydrant
2416114.jpg,dog,grass,a woman walking with an umbrella in the grass
2382890.jpg,dog,grass,a black and white dog wearing a hat
2399677.jpg,dog,grass,a dog eating a slice of pizza
2392115.jpg,dog,grass,a woman and a dog playing frisbee in a park
2327579.jpg,dog,grass,a dog jumping in the air to catch a frisbee
2318046.jpg,dog,grass,a dog catching a frisbee in its mouth
2328838.jpg,dog,grass,a person riding a horse in a field with a dog
2368563.jpg,dog,grass,a black and white cat and a black and white dog
2385490.jpg,dog,grass,a black dog laying on top of a blanket
2396988.jpg,dog,grass,a man sitting on a bench next to a dog
2371268.jpg,dog,grass,a black dog with a red collar sitting in the grass
2403048.jpg,dog,grass,a man sitting on a bench next to a dog
2367662.jpg,dog,grass,a woman walking her dog down a sidewalk
2340498.jpg,dog,grass,a man standing next to a dog in a yard
2387387.jpg,dog,grass,a brown and white dog walking on a grass covered field
2356036.jpg,dog,grass,a woman walking down a street with a dog
2402904.jpg,dog,grass,a man holding a tennis racquet on top of a tennis court
2371836.jpg,dog,grass,a dog jumping in the air to catch a frisbee
2334422.jpg,dog,grass,a dog with a frisbee in its mouth
2378384.jpg,dog,grass,a dog standing on the side of a road
2394277.jpg,dog,grass,a dog jumping up to catch a frisbee
2318049.jpg,dog,grass,a dog jumping in the air to catch a frisbee
2383045.jpg,dog,grass,a dog that is laying down in the grass
2359181.jpg,dog,grass,a man is looking at birds on a street
2376600.jpg,dog,grass,a dog catching a frisbee in its mouth
2417154.jpg,dog,grass,a dog running with a frisbee in its mouth
2355727.jpg,dog,grass,a dog jumping in the air to catch a frisbee
2322764.jpg,dog,grass,a dog sitting on top of a scooter on the beach
2410303.jpg,dog,grass,a dog sitting in the driver's seat of a car
2383170.jpg,dog,grass,a row of motorcycles parked in a parking lot
2362530.jpg,dog,grass,a woman throwing a frisbee to a dog
2322281.jpg,dog,grass,a man holding a frisbee in his right hand
2339512.jpg,dog,grass,a car driving down a road next to a forest
2395888.jpg,dog,grass,a dog that is standing next to a fire hydrant
2328885.jpg,dog,grass,a black and white dog jumping in the air to catch a frisbee
2340940.jpg,dog,grass,a black and white dog and a black and white cat
2371220.jpg,dog,grass,a herd of sheep standing on top of a lush green field
2399207.jpg,dog,grass,a dog sitting in the driver's seat of a car
2388780.jpg,dog,grass,a man standing in a field with a herd of sheep
2318999.jpg,dog,grass,a young boy sitting on a bench with a dog
2368310.jpg,dog,grass,a dog running in the grass with a frisbee in its mouth
2394117.jpg,dog,grass,a dog and a horse grazing in a field
2357609.jpg,dog,grass,a brown and white horse standing next to a fence
2373751.jpg,dog,grass,a man holding a frisbee in front of a group of people
2388607.jpg,dog,grass,a young child holding an umbrella in the rain
2388428.jpg,dog,grass,a herd of cattle standing in a grassy field
2398018.jpg,dog,grass,people standing around a house
2381952.jpg,dog,grass,a dog standing next to a sheep in a field
2319745.jpg,dog,grass,two bicycles parked next to each other near a body of water
2416340.jpg,dog,grass,a herd of cattle standing on top of a lush green field
2397787.jpg,dog,grass,a dog jumping in the air to catch a frisbee
2343674.jpg,dog,grass,a large elephant standing next to a fence
2315447.jpg,dog,grass,a dog holding a frisbee in its mouth
2406421.jpg,dog,grass,a dog running with a ball in its mouth
2390506.jpg,dog,grass,a person walking down a street with an umbrella
2416861.jpg,dog,grass,a cow standing on top of a lush green field
2325623.jpg,dog,grass,a black dog with a frisbee in its mouth
2397138.jpg,dog,grass,two people on a boat in the water
2323367.jpg,dog,grass,a woman and her dog are in the water
2334355.jpg,dog,grass,a dog in a cage looking at the camera
2395961.jpg,dog,grass,a dog jumping in the air to catch a frisbee
2345384.jpg,dog,grass,a fire hydrant and a dog on a beach
2359172.jpg,dog,grass,a brown and white dog standing next to a red frisbee
2317373.jpg,dog,grass,a black and white dog and some sheep in a field
2356920.jpg,dog,grass,a man and a dog on a boat in the water
2316688.jpg,dog,grass,a woman walking down a path with an umbrella
2317892.jpg,dog,grass,a white dog sitting on a bench in front of a fence
2320708.jpg,dog,grass,a dog with a baseball bat in its mouth
2396246.jpg,dog,grass,a dog jumping in the air to catch a frisbee
2362957.jpg,dog,grass,a black and white dog standing next to a pool of water
2370107.jpg,dog,grass,a white dog standing on a lush green field
2398532.jpg,dog,grass,a herd of horses running along a dirt road
2357632.jpg,dog,grass,a dog in a field with a frisbee
2331238.jpg,dog,grass,a herd of sheep standing on top of a lush green field
2410917.jpg,dog,grass,a small dog playing with a frisbee in a field
2412575.jpg,dog,grass,a statue of a dog sitting on a park bench
2379893.jpg,dog,grass,a dog jumping in the air to catch a frisbee
2344110.jpg,dog,grass,a man sitting on a bench next to a dog
2398506.jpg,dog,grass,a brown and white dog standing next to a white horse
2403836.jpg,dog,grass,a brown and white horse standing next to a fence
2354435.jpg,dog,grass,a dog jumping in the air to catch a frisbee
2383701.jpg,dog,grass,a small dog playing with a soccer ball
2351612.jpg,dog,grass,a dog laying on the grass next to a body of water
2416475.jpg,dog,grass,a black and white photo of a black and white dog
2416836.jpg,dog,grass,a dog catching a frisbee in its mouth
2350986.jpg,dog,grass,a herd of sheep grazing in a grassy field
2345442.jpg,dog,grass,a baseball player swinging a bat at a ball
2354373.jpg,dog,grass,a brown horse running through a grassy field
2365030.jpg,dog,grass,a brown and white dog on a skateboard
2334244.jpg,dog,grass,a large group of people in a park with umbrellas
2396020.jpg,dog,grass,a dog looking out the window of a car
2409092.jpg,dog,grass,a man sitting on a bench with a dog
2411944.jpg,dog,grass,a black and white dog standing next to a fence
2332540.jpg,dog,grass,a person flying a kite in a field
2330686.jpg,dog,grass,a man riding a skateboard with a dog
713331.jpg,dog,grass,a crowd of people flying kites in a field
2359221.jpg,dog,grass,a bus is parked on the side of the road
2324536.jpg,dog,grass,a person on a beach flying a kite
2393301.jpg,dog,grass,a black dog playing with a frisbee in the grass
2400793.jpg,dog,grass,a brown dog standing on top of a lush green field
2370710.jpg,dog,grass,two white dogs sitting on a park bench
2391586.jpg,dog,grass,a white dog laying on top of a stone wall
2400563.jpg,dog,grass,a man in a cowboy hat is leading a herd of cattle
2341856.jpg,dog,grass,a herd of sheep standing on top of a lush green field
2335002.jpg,dog,grass,a black and white dog playing with a frisbee
2363668.jpg,dog,grass,a black dog with a frisbee in its mouth
2407258.jpg,dog,grass,a dog in a yard with a frisbee
2411937.jpg,dog,grass,a dog laying in the grass next to a frisbee
2348065.jpg,dog,grass,a person walking a dog on a leash
2336811.jpg,dog,grass,a dog sitting on the ground next to a bottle of wine
2400303.jpg,dog,grass,a man standing on top of a lush green field with a dog
2339890.jpg,dog,grass,a woman walking down a street with a dog
2385897.jpg,dog,grass,a dog jumping in the air to catch a frisbee
2374913.jpg,dog,grass,a man holding a dog in his right hand
3553.jpg,dog,grass,a brown and white dog sitting on top of a grass covered field
2326814.jpg,dog,grass,a dog and a bird sitting on a brick wall
2327725.jpg,dog,grass,a large black bear laying on top of a log
2358622.jpg,dog,grass,a man standing next to a cow in a field
2417829.jpg,dog,grass,a man riding a skateboard down a street
2360443.jpg,dog,grass,a woman and her dog playing frisbee in a field
2389470.jpg,dog,grass,elephants standing in a grassy area
2363495.jpg,dog,grass,giraffes are standing in a field
2385853.jpg,dog,grass,a dog wearing a hat standing next to a person
2405469.jpg,dog,grass,a brown dog and a black dog standing next to each other
2347373.jpg,dog,grass,a young boy standing in the grass with a kite in his hand
2363267.jpg,dog,grass,a man and a dog sitting on a bench
2393598.jpg,dog,grass,a motorcycle parked on the side of the road
2374745.jpg,dog,grass,a dog standing next to a sheep in a field
2338009.jpg,dog,grass,a dog walking down a street next to a building
2402433.jpg,dog,grass,a dog looking out the window of a car
2341743.jpg,dog,grass,a man playing frisbee with a group of people
2416883.jpg,dog,grass,a woman holding a frisbee in a park
2344583.jpg,dog,grass,a man and a dog are playing frisbee in a park
2332785.jpg,dog,grass,a dog laying on a bench in a park
2393173.jpg,dog,grass,a man and a dog are walking on the grass with an umbrella
2320102.jpg,dog,grass,a dog and a cat standing next to each other
2326326.jpg,dog,grass,a brown and white dog standing next to a black and white dog
2331108.jpg,dog,grass,a black dog with a frisbee in its mouth
2333137.jpg,dog,grass,a woman and her dog are playing frisbee in the yard
2387928.jpg,dog,grass,a tree in the middle of a grassy field
2344055.jpg,dog,grass,a black and white dog sitting on a picnic table
2327260.jpg,dog,grass,a reflection of a dog in a mirror
2395775.jpg,dog,grass,two dogs standing next to each other on a dirt road
2369270.jpg,dog,frisbee,a black and white dog with a frisbee in its mouth
2379956.jpg,dog,frisbee,two dogs playing with a frisbee in the grass
2325623.jpg,dog,frisbee,a black dog with a frisbee in its mouth
2406944.jpg,dog,frisbee,a dog catching a frisbee in the air
2325645.jpg,dog,frisbee,a dog jumping in the air to catch a frisbee
2410817.jpg,dog,frisbee,a dog jumping in the air to catch a frisbee
2350336.jpg,dog,frisbee,a man running across a field with a frisbee
2319590.jpg,dog,frisbee,a black dog playing with a frisbee in the grass
2382814.jpg,dog,frisbee,a man and a dog playing frisbee on the beach
2366422.jpg,dog,frisbee,a dog with a frisbee in its mouth
2326167.jpg,dog,frisbee,a dog catching a frisbee in its mouth
2365881.jpg,dog,frisbee,a dog catching a frisbee in the water
2388066.jpg,dog,frisbee,a dog jumping in the air to catch a frisbee
2407990.jpg,dog,frisbee,a dog with a frisbee in its mouth
2331519.jpg,dog,frisbee,a dog laying in the grass with a frisbee
2356619.jpg,dog,frisbee,a dog catching a frisbee in its mouth
2367120.jpg,dog,frisbee,a dog in the water with a frisbee in its mouth
2395961.jpg,dog,frisbee,a dog jumping in the air to catch a frisbee
2367813.jpg,dog,frisbee,a man and a dog playing frisbee in a field
2402665.jpg,dog,frisbee,a dog catching a frisbee in its mouth
2336530.jpg,dog,frisbee,a black dog with a frisbee in its mouth
2338393.jpg,dog,frisbee,a dog running in the grass with a frisbee in its mouth
2356877.jpg,dog,frisbee,a dog jumping up to catch a frisbee
2374649.jpg,dog,frisbee,a dog jumping in the air to catch a frisbee
2408331.jpg,dog,frisbee,a young boy is playing with a frisbee in the grass
2408562.jpg,dog,frisbee,a dog catching a frisbee in its mouth
2322427.jpg,dog,frisbee,a dog running on the beach with a frisbee in its mouth
2410228.jpg,dog,frisbee,a little boy in a green shirt is on a dirt road
2380237.jpg,dog,frisbee,a dog with a frisbee in its mouth
2402346.jpg,dog,frisbee,a dog catching a frisbee in a park
2396246.jpg,dog,frisbee,a dog jumping in the air to catch a frisbee
2351205.jpg,dog,frisbee,a man and a dog playing frisbee in the grass
497913.jpg,dog,frisbee,a dog jumping in the air to catch a frisbee
2351186.jpg,dog,frisbee,a dog running with a frisbee in its mouth
2393339.jpg,dog,frisbee,a person on a snow covered ground with a cat
2393362.jpg,dog,frisbee,a dog jumping in the air to catch a frisbee
2327581.jpg,dog,frisbee,a dog chasing a frisbee in a field
2376444.jpg,dog,frisbee,a dog catching a frisbee in a park
2381209.jpg,dog,frisbee,a man and a dog playing with a frisbee
2357632.jpg,dog,frisbee,a dog in a field with a frisbee
2377573.jpg,dog,frisbee,a dog jumping in the air to catch a frisbee
2410917.jpg,dog,frisbee,a small dog playing with a frisbee in a field
2316506.jpg,dog,frisbee,a dog with a frisbee in its mouth
2395074.jpg,dog,frisbee,a dog jumping in the air to catch a frisbee
2343539.jpg,dog,frisbee,a dog laying in the grass with a frisbee
2383950.jpg,dog,frisbee,a dog jumping in the air to catch a frisbee
2385539.jpg,dog,frisbee,a man jumping to catch a frisbee in a park
2354681.jpg,dog,frisbee,a dog catching a frisbee in a park
2343330.jpg,dog,frisbee,a frisbee in a grassy field
2355607.jpg,dog,frisbee,a dog and a cat playing frisbee in a field
2324981.jpg,dog,frisbee,a dog chewing on a frisbee in the grass
2379893.jpg,dog,frisbee,a dog jumping in the air to catch a frisbee
2413856.jpg,dog,frisbee,a dog jumping up to catch a frisbee
2359038.jpg,dog,frisbee,a dog catching a frisbee in its mouth
2355348.jpg,dog,frisbee,a black and white dog holding a frisbee in its mouth
2346434.jpg,dog,frisbee,a dog with a frisbee in its mouth
2362394.jpg,dog,frisbee,a dog jumping in the air to catch a frisbee
2406327.jpg,dog,frisbee,a dog jumping in the air to catch a frisbee
2360221.jpg,dog,frisbee,a dog jumping up to catch a frisbee
2355266.jpg,dog,frisbee,a woman standing on top of a field with a frisbee
2354435.jpg,dog,frisbee,a dog jumping in the air to catch a frisbee
2346869.jpg,dog,frisbee,a man catching a frisbee in a park
2369004.jpg,dog,frisbee,a woman holding a frisbee next to a dog
2348551.jpg,dog,frisbee,a woman holding a frisbee next to a dog
2394079.jpg,dog,frisbee,a dog laying in the grass with a frisbee
2350616.jpg,dog,frisbee,a dog catching a frisbee in a field
2327519.jpg,dog,frisbee,a black dog standing on top of a body of water
2416475.jpg,dog,frisbee,a black and white photo of a black and white dog
2339770.jpg,dog,frisbee,a dog with a frisbee in its mouth
2363682.jpg,dog,frisbee,a dog jumping in the air to catch a frisbee
2416836.jpg,dog,frisbee,a dog catching a frisbee in its mouth
2385228.jpg,dog,frisbee,a dog jumping in the air to catch a frisbee
2364866.jpg,dog,frisbee,a dog catching a frisbee in a park
2378475.jpg,dog,frisbee,a man and a little girl playing frisbee in a park
2323746.jpg,dog,frisbee,a dog jumping in the air to catch a frisbee
2317786.jpg,dog,frisbee,a dog laying on the ground with a pink frisbee
2365847.jpg,dog,frisbee,a dog jumping up to catch a frisbee
2358221.jpg,dog,frisbee,a dog jumping in the air to catch a frisbee
2383227.jpg,dog,frisbee,a dog jumping in the air to catch a frisbee
2367721.jpg,dog,frisbee,a black dog running in the grass with a frisbee
2385955.jpg,dog,frisbee,a dog with a frisbee in its mouth
2382504.jpg,dog,frisbee,a woman petting a black and white dog with a frisbee
2322293.jpg,dog,frisbee,a dog playing with a frisbee in the snow
2408633.jpg,dog,frisbee,a black dog with a frisbee in its mouth
2341401.jpg,dog,frisbee,a dog jumping in the air to catch a frisbee
2337260.jpg,dog,frisbee,a dog with a frisbee in its mouth
2343165.jpg,dog,frisbee,a dog jumping in the air to catch a frisbee
2338125.jpg,dog,frisbee,a dog that is standing in the water with a frisbee
2411072.jpg,dog,frisbee,a dog laying in the grass with a frisbee
2331781.jpg,dog,frisbee,a dog catching a frisbee in its mouth
2376396.jpg,dog,frisbee,a black and white dog standing on a sidewalk
2400642.jpg,dog,frisbee,a dog jumping in the air to catch a frisbee
2366211.jpg,dog,frisbee,a dog jumping in the air to catch a frisbee
2390483.jpg,dog,frisbee,a dog standing on top of a field with a frisbee
2336848.jpg,dog,frisbee,a man and a dog playing frisbee on a dirt road
2366975.jpg,dog,frisbee,a dog catching a frisbee in its mouth
2405371.jpg,dog,frisbee,a dog jumping in the air to catch a frisbee
2392212.jpg,dog,frisbee,a dog running in the grass with a frisbee in its mouth
2336406.jpg,dog,frisbee,a black and white dog jumping in the air to catch a frisbee
2406932.jpg,dog,frisbee,a dog catching a frisbee in its mouth
2321342.jpg,dog,frisbee,a dog jumping in the air to catch a frisbee
2324642.jpg,dog,frisbee,a boy and a dog playing frisbee in the woods
2369450.jpg,dog,frisbee,a dog jumping in the air to catch a frisbee
2337501.jpg,dog,frisbee,a dog with a frisbee in its mouth
2334261.jpg,dog,frisbee,a man catching a frisbee in a field
2392115.jpg,dog,frisbee,a woman and a dog playing frisbee in a park
2412687.jpg,dog,frisbee,a brown and white dog holding a frisbee in it's mouth
2327579.jpg,dog,frisbee,a dog jumping in the air to catch a frisbee
2318046.jpg,dog,frisbee,a dog catching a frisbee in its mouth
2411557.jpg,dog,frisbee,a man catching a frisbee in a park
2407734.jpg,dog,frisbee,a man and a dog are playing frisbee together
2365446.jpg,dog,frisbee,a man and a dog playing frisbee in a park
2321661.jpg,dog,frisbee,a man jumping in the air to catch a frisbee
2335002.jpg,dog,frisbee,a black and white dog playing with a frisbee
2363668.jpg,dog,frisbee,a black dog with a frisbee in its mouth
2407258.jpg,dog,frisbee,a dog in a yard with a frisbee
2358778.jpg,dog,frisbee,a dog jumping in the air to catch a frisbee
2411937.jpg,dog,frisbee,a dog laying in the grass next to a frisbee
2359049.jpg,dog,frisbee,a large group of girls posing for a picture
2395889.jpg,dog,frisbee,a man holding a frisbee on top of a lush green field
2328461.jpg,dog,frisbee,a black dog with a frisbee in its mouth
2377157.jpg,dog,frisbee,a man throwing a frisbee to a dog
2353581.jpg,dog,frisbee,a dog that is sitting in the grass with a frisbee
2400679.jpg,dog,frisbee,a dog jumping in the air to catch a frisbee
2381657.jpg,dog,frisbee,a black and white dog catching a frisbee in its mouth
2320693.jpg,dog,frisbee,a dog holding a frisbee in its mouth
2382399.jpg,dog,frisbee,a dog jumping in the air to catch a frisbee
2370359.jpg,dog,frisbee,a dog standing in the grass with a frisbee in its mouth
2389381.jpg,dog,frisbee,a dog chasing a frisbee in the snow
2405432.jpg,dog,frisbee,a dog jumping in the air to catch a frisbee
2400303.jpg,dog,frisbee,a man standing on top of a lush green field with a dog
2365318.jpg,dog,frisbee,a black dog with a frisbee in its mouth
2353558.jpg,dog,frisbee,a dog with a frisbee in its mouth
2371836.jpg,dog,frisbee,a dog jumping in the air to catch a frisbee
2408356.jpg,dog,frisbee,a dog laying on the floor with a frisbee in its mouth
2360784.jpg,dog,frisbee,a dog in the water with a frisbee in its mouth
2394277.jpg,dog,frisbee,a dog jumping up to catch a frisbee
2318049.jpg,dog,frisbee,a dog jumping in the air to catch a frisbee
2368610.jpg,dog,frisbee,a man holding a frisbee on a beach next to a dog
2324950.jpg,dog,frisbee,a dog catching a frisbee in a park
2345976.jpg,dog,frisbee,a person and a dog are playing in the snow
2393070.jpg,dog,frisbee,a dog laying in the grass with a frisbee
2392123.jpg,dog,frisbee,a man throwing a frisbee in a park
2385897.jpg,dog,frisbee,a dog jumping in the air to catch a frisbee
2394272.jpg,dog,frisbee,a woman catching a frisbee with a dog
2376600.jpg,dog,frisbee,a dog catching a frisbee in its mouth
713680.jpg,dog,frisbee,a dog with a frisbee in its mouth
2350109.jpg,dog,frisbee,a dog jumping up to catch a frisbee
2417154.jpg,dog,frisbee,a dog running with a frisbee in its mouth
2388263.jpg,dog,frisbee,a dog running on the beach with a frisbee in its mouth
2355727.jpg,dog,frisbee,a dog jumping in the air to catch a frisbee
2336716.jpg,dog,frisbee,a dog jumping in the air to catch a frisbee
2336693.jpg,dog,frisbee,a black and white dog jumping in the air to catch a frisbee
2326888.jpg,dog,frisbee,a black dog holding a frisbee in its mouth
2390028.jpg,dog,frisbee,a dog running with a frisbee in its mouth
2391620.jpg,dog,frisbee,a dog and a man playing frisbee on the beach
2362530.jpg,dog,frisbee,a woman throwing a frisbee to a dog
2322281.jpg,dog,frisbee,a man holding a frisbee in his right hand
2395470.jpg,dog,frisbee,a black and white dog with a frisbee in its mouth
2382269.jpg,dog,frisbee,a man flying through the air while riding a skateboard
2328885.jpg,dog,frisbee,a black and white dog jumping in the air to catch a frisbee
2411786.jpg,dog,frisbee,a dog chasing a frisbee in a park
2375942.jpg,dog,frisbee,a dog with a frisbee in its mouth
2381352.jpg,dog,frisbee,a man catching a frisbee in a park
2386435.jpg,dog,frisbee,a dog jumping in the air to catch a frisbee
2317615.jpg,dog,frisbee,a man catching a frisbee with a dog
2327364.jpg,dog,frisbee,a white dog holding a frisbee in its mouth
2337125.jpg,dog,frisbee,a man walking across a snow covered field with a dog
2330563.jpg,dog,frisbee,a dog catching a frisbee in its mouth
2400868.jpg,dog,frisbee,a dog catching a frisbee in a field
2410840.jpg,dog,frisbee,a dog with a frisbee in its mouth
2368310.jpg,dog,frisbee,a dog running in the grass with a frisbee in its mouth
2363861.jpg,dog,frisbee,a man jumping in the air to catch a frisbee
2386600.jpg,dog,frisbee,a dog laying on the grass next to a frisbee
2376933.jpg,dog,frisbee,a dog jumping in the air to catch a frisbee
2373751.jpg,dog,frisbee,a man holding a frisbee in front of a group of people
2328764.jpg,dog,frisbee,a dog carrying a frisbee on a beach
2358659.jpg,dog,frisbee,a woman catching a frisbee in a park
2335707.jpg,dog,frisbee,a dog jumping in the air to catch a frisbee
2333137.jpg,dog,frisbee,a woman and her dog are playing frisbee in the yard
2324371.jpg,dog,frisbee,a dog laying on the grass with a frisbee in its mouth
2386758.jpg,dog,frisbee,a woman in a field with a dog and a frisbee
2316592.jpg,dog,frisbee,a dog running with a frisbee in its mouth
2386037.jpg,dog,frisbee,a black and white dog catching a frisbee in its mouth
2325492.jpg,dog,frisbee,a man standing on a beach with a frisbee
2395166.jpg,dog,frisbee,a dog jumping up to catch a frisbee
2348342.jpg,dog,frisbee,a dog jumping up to catch a frisbee
2397787.jpg,dog,frisbee,a dog jumping in the air to catch a frisbee
2351698.jpg,dog,frisbee,a dog laying on the floor with a frisbee in its mouth
2315447.jpg,dog,frisbee,a dog holding a frisbee in its mouth
2388687.jpg,dog,trees,a woman sitting on the beach with two cows
2416861.jpg,dog,trees,a cow standing on top of a lush green field
2382026.jpg,dog,trees,a woman sitting on a bench next to a dog
2331072.jpg,dog,trees,a black and white dog is sniffing a fire hydrant
2348603.jpg,dog,trees,a herd of sheep standing on top of a grass covered field
2325645.jpg,dog,trees,a dog jumping in the air to catch a frisbee
2356804.jpg,dog,trees,a dog wearing a hat and a hat on a field
2411794.jpg,dog,trees,a dog that is sitting on a bench
2335476.jpg,dog,trees,a woman riding a skateboard down a sidewalk next to a dog
2397138.jpg,dog,trees,two people on a boat in the water
2399492.jpg,dog,trees,two dogs sitting on a bench next to each other
2374573.jpg,dog,trees,a little girl flying a kite on the beach
2350995.jpg,dog,trees,a person taking a picture of a dog in a car
2395961.jpg,dog,trees,a dog jumping in the air to catch a frisbee
2361067.jpg,dog,trees,a person jumping in the air to catch a frisbee
713697.jpg,dog,trees,people riding skis down a snow covered slope
2413162.jpg,dog,trees,a dog sitting on the ground in a field
2345272.jpg,dog,trees,a dog and a man on a boat
2406584.jpg,dog,trees,a man sitting on a rock next to a river
2339024.jpg,dog,trees,a dog sitting on a snow covered beach
2374386.jpg,dog,trees,a crowd of people walking down a street with umbrellas
2384517.jpg,dog,trees,a woman walking a dog down a sidewalk
2417914.jpg,dog,trees,a dog standing on a beach next to a boat
2393315.jpg,dog,trees,a dog in the water with a frisbee in its mouth
2338393.jpg,dog,trees,a dog running in the grass with a frisbee in its mouth
2376054.jpg,dog,trees,a man walking across a snow covered road with a dog
2366353.jpg,dog,trees,a man and a dog playing frisbee in a park
2401902.jpg,dog,trees,a woman walking a dog with an umbrella
2406301.jpg,dog,trees,a person walking down a road with a dog
2398376.jpg,dog,trees,a herd of sheep grazing in a grassy field
2402346.jpg,dog,trees,a dog catching a frisbee in a park
2366037.jpg,dog,trees,a large brown dog sitting on a wooden bench
1592443.jpg,dog,trees,a herd of cattle standing on top of a sandy beach
2376444.jpg,dog,trees,a dog catching a frisbee in a park
2368914.jpg,dog,trees,a dog standing on a dock next to a boat
2361561.jpg,dog,trees,a man and a dog on skis in the snow
2365524.jpg,dog,trees,a row of benches near a body of water
2374749.jpg,dog,trees,a dog that is standing in the back of a truck
2355865.jpg,dog,trees,a dog sitting on the edge of a white bathtub
2316137.jpg,dog,trees,a man holding a dog in his right hand
2398609.jpg,dog,trees,a dog on a boat in the water
2352484.jpg,dog,trees,people on a boat in the water
2359982.jpg,dog,trees,a man is sitting on a bench in the woods
2318961.jpg,dog,trees,a dog is swimming in the river
2405103.jpg,dog,trees,a man sitting on a bench next to a dog
2412325.jpg,dog,trees,people standing in a field with umbrellas
2415911.jpg,dog,trees,a person riding a bike on a beach
2349548.jpg,dog,trees,a brown and white dog sitting next to a cup of coffee
2373696.jpg,dog,trees,a man holding a sign with a dog on it
2397203.jpg,dog,trees,a person riding a boat on top of a body of water
2320795.jpg,dog,trees,a black dog standing in the water with a stick in its mouth
2354681.jpg,dog,trees,a dog catching a frisbee in a park
2365207.jpg,dog,trees,a man riding a skateboard on top of a cement ramp
2337587.jpg,dog,trees,a man sitting on a bench with a dog
107967.jpg,dog,trees,a dog sitting in the driver's seat of a truck
2403329.jpg,dog,trees,a cat sitting on the floor looking at a tv
2403836.jpg,dog,trees,a brown and white horse standing next to a fence
2410952.jpg,dog,trees,a fire hydrant in the middle of a snowy field
2387995.jpg,dog,trees,a woman and a child standing near a bus
2383663.jpg,dog,trees,a brown horse standing next to a black horse
2363272.jpg,dog,trees,a small boat is docked in the water
2394079.jpg,dog,trees,a dog laying in the grass with a frisbee
286019.jpg,dog,trees,a man and a woman sitting on a park bench
2403975.jpg,dog,trees,a dog that is standing on top of a body of water
2395217.jpg,dog,trees,a man walking a dog on a leash near a body of water
2350616.jpg,dog,trees,a dog catching a frisbee in a field
2351612.jpg,dog,trees,a dog laying on the grass next to a body of water
2395809.jpg,dog,trees,a brown and white dog laying on the sidewalk
2387137.jpg,dog,trees,a woman sitting on a boat with a dog
2402417.jpg,dog,trees,a number of people riding horses down a trail
2404204.jpg,dog,trees,a brown dog laying on a park bench
2377871.jpg,dog,trees,people flying kites in a field
2394992.jpg,dog,trees,a man standing next to a dog in a field
2377932.jpg,dog,trees,a man sitting on a bench with a dog
2344063.jpg,dog,trees,a dog standing in the grass next to a tree
2363682.jpg,dog,trees,a dog jumping in the air to catch a frisbee
2391743.jpg,dog,trees,a black dog sitting on top of a wooden boat
2350986.jpg,dog,trees,a herd of sheep grazing in a grassy field
2378475.jpg,dog,trees,a man and a little girl playing frisbee in a park
2414629.jpg,dog,trees,a woman standing next to a red pick up truck
2384866.jpg,dog,trees,a black dog standing next to a fire hydrant
2369591.jpg,dog,trees,a young boy holding a dog in his arms
2387231.jpg,dog,trees,people standing in the snow with a kite
2380787.jpg,dog,trees,a dog standing on top of a dock next to a body of water
2351477.jpg,dog,trees,a herd of sheep standing on top of a lush green field
2403537.jpg,dog,trees,a dog standing in the grass with a frisbee
2358758.jpg,dog,trees,a man riding a skateboard with a dog
2393780.jpg,dog,trees,a black dog sitting on top of a wooden bench
2329347.jpg,dog,trees,a woman sitting on a paddle boat in the water
2338473.jpg,dog,trees,a large elephant standing next to a small elephant
2350157.jpg,dog,trees,a man riding skis down a snow covered slope
2381721.jpg,dog,trees,a herd of cattle grazing on a lush green field
2365756.jpg,dog,trees,a brown dog sitting in the back seat of a car
2399812.jpg,dog,trees,a dog running after a frisbee in a field
2341260.jpg,dog,trees,a black and white cow standing in a field
2381084.jpg,dog,trees,a dog sitting on top of a boat in the water
2407271.jpg,dog,trees,a train on a track near a fence
2322293.jpg,dog,trees,a dog playing with a frisbee in the snow
2397739.jpg,dog,trees,a black and white dog standing next to a motorcycle
2358799.jpg,dog,trees,a dog running in the water with a frisbee in its mouth
2411944.jpg,dog,trees,a black and white dog standing next to a fence
2360562.jpg,dog,trees,two people on skis in the snow
2343165.jpg,dog,trees,a dog jumping in the air to catch a frisbee
2356116.jpg,dog,trees,a dog playing with a frisbee in a field
2390732.jpg,dog,trees,a car is driving down the road in the woods
2362379.jpg,dog,trees,people sitting on a grass covered field
2410321.jpg,dog,trees,a brown and white cow standing next to a fence
2376396.jpg,dog,trees,a black and white dog standing on a sidewalk
1592658.jpg,dog,trees,a woman and a dog are playing frisbee in a park
2359950.jpg,dog,trees,a man riding a bike down a path next to a lake
2366211.jpg,dog,trees,a dog jumping in the air to catch a frisbee
2392565.jpg,dog,trees,a dog sitting on top of a boat in the water
2380923.jpg,dog,trees,a brown and white dog laying on a bed next to a window
2363601.jpg,dog,trees,a person cross country skiing in the snow
2334891.jpg,dog,trees,a woman and her dog on skis in the snow
2386802.jpg,dog,trees,a colorful kite on a beach near the ocean
2390585.jpg,dog,trees,a herd of sheep standing on top of a lush green field
2401465.jpg,dog,trees,a person walking a dog on a trail
2400993.jpg,dog,trees,a black and white dog sitting on a bench
2343526.jpg,dog,trees,a person riding a surfboard on top of a body of water
2368054.jpg,dog,trees,two dogs sitting on a boat in the water
2402211.jpg,dog,trees,a man walking down a path with a park bench
2366676.jpg,dog,trees,a black dog jumping up to catch a frisbee
2393918.jpg,dog,trees,a dog sitting in the back of a pickup truck
2359221.jpg,dog,trees,a bus is parked on the side of the road
2397742.jpg,dog,trees,a brown dog laying on the floor next to a table
2324642.jpg,dog,trees,a boy and a dog playing frisbee in the woods
2405157.jpg,dog,trees,a boy jumping up into the air to catch a frisbee
2361821.jpg,dog,trees,a man and a woman on surfboards in the water
2393332.jpg,dog,trees,a man standing on a beach with a dog
2378582.jpg,dog,trees,a person flying a kite in a grassy field
2333478.jpg,dog,trees,a large group of people in the ocean with surfboards
2382301.jpg,dog,trees,a woman walking her dog down a snow covered slope
2400563.jpg,dog,trees,a man in a cowboy hat is leading a herd of cattle
2392115.jpg,dog,trees,a woman and a dog playing frisbee in a park
2412342.jpg,dog,trees,a person walking on a beach with a surfboard
2380956.jpg,dog,trees,a dog sitting in the back of a pickup truck
2355304.jpg,dog,trees,a dog standing on top of a boat in the water
2372055.jpg,dog,trees,a dog that is sitting on a boat
2414354.jpg,dog,trees,a man holding a skateboard while holding a dog
107926.jpg,dog,trees,a herd of cattle walking down a dirt road
2365446.jpg,dog,trees,a man and a dog playing frisbee in a park
2362696.jpg,dog,trees,a cow standing next to a motorcycle in a field
2322607.jpg,dog,trees,a dog jumping in the air to catch a frisbee
2320693.jpg,dog,trees,a dog holding a frisbee in its mouth
2391432.jpg,dog,trees,a dog and a man on a river bank
2376547.jpg,dog,trees,a white dog sitting on top of a lush green field
2387472.jpg,dog,trees,a woman taking a picture of herself in a car mirror
2371836.jpg,dog,trees,a dog jumping in the air to catch a frisbee
2398862.jpg,dog,trees,a young boy holding a dog on a boat
2411487.jpg,dog,trees,two people riding on the backs of elephants on a city street
2347508.jpg,dog,trees,a woman and a horse standing next to each other
2416855.jpg,dog,trees,a dog sitting in the back of a truck
2392123.jpg,dog,trees,a man throwing a frisbee in a park
2397787.jpg,dog,trees,a dog jumping in the air to catch a frisbee
2406744.jpg,dog,trees,a black dog standing on top of a picnic table
2334958.jpg,dog,trees,a man riding a bike with a cart on the back
2325485.jpg,dog,trees,a woman sitting on the sidewalk with a dog
2394272.jpg,dog,trees,a woman catching a frisbee with a dog
2324476.jpg,dog,trees,a man standing in a field with a dog
2397149.jpg,dog,trees,a man sitting in the snow with a dog
2417154.jpg,dog,trees,a dog running with a frisbee in its mouth
713615.jpg,dog,trees,three people are walking in the snow with their skis
2357995.jpg,dog,trees,a train on a track near a bridge
2367331.jpg,dog,trees,a man riding a skateboard next to a dog
2361813.jpg,dog,trees,a woman taking a picture of herself in a car mirror
2347300.jpg,dog,trees,people riding horses down a road
2322281.jpg,dog,trees,a man holding a frisbee in his right hand
2333842.jpg,dog,trees,a number of people in a field with a dog
2318030.jpg,dog,trees,a dog sitting next to a man on a motorcycle
2363495.jpg,dog,trees,giraffes are standing in a field
2411786.jpg,dog,trees,a dog chasing a frisbee in a park
2392690.jpg,dog,trees,a black and white dog is sniffing a hose
2343283.jpg,dog,trees,a man walking a dog on a leash on a sidewalk
2395104.jpg,dog,trees,a woman holding a frisbee on a park bench
2347373.jpg,dog,trees,a young boy standing in the grass with a kite in his hand
2321501.jpg,dog,trees,two dogs standing next to a wooden fence
2346513.jpg,dog,trees,a dog that is sitting in a chair
2382612.jpg,dog,trees,a herd of sheep standing on top of a lush green field
2395632.jpg,dog,trees,a dog swimming in a pool of water
2345544.jpg,dog,trees,a man and a woman standing on a sidewalk with a skateboard
2378872.jpg,dog,trees,a dog and a cat sitting in the back of a truck
2382489.jpg,dog,trees,a white dog laying in the grass next to a bunch of sheep
2370145.jpg,dog,trees,a dog laying in the middle of a flooded street
2329851.jpg,dog,trees,a dog standing next to a group of sheep
2352866.jpg,dog,trees,people are flying kites in a field
2357609.jpg,dog,trees,a brown and white horse standing next to a fence
2388607.jpg,dog,trees,a young child holding an umbrella in the rain
2384109.jpg,dog,trees,a man riding a bike with a dog on a leash
2355465.jpg,dog,trees,a dog walking across a snow covered slope
2315716.jpg,dog,trees,a motorcycle is parked on the grass in front of a crowd of people
2364603.jpg,dog,trees,a street scene with a car and a dog
2387928.jpg,dog,trees,a tree in the middle of a grassy field
2325492.jpg,dog,trees,a man standing on a beach with a frisbee
2373288.jpg,dog,trees,a person sitting on a bench in a park
2342008.jpg,dog,trees,a beach with umbrellas on the beach
2339161.jpg,dog,trees,a man and a woman standing on a beach with a frisbee
2343674.jpg,dog,trees,a large elephant standing next to a fence
2384885.jpg,dog,trees,a dog sitting in the driver's seat of a car
2316174.jpg,dog,boat,a seagull sitting on top of a boat in the water
2411620.jpg,dog,boat,a wooden boat sitting on top of a sandy beach
2359938.jpg,dog,boat,a collage of photos showing different types of food
2316469.jpg,dog,boat,a dog that is sitting on a leash
2417732.jpg,dog,boat,a man holding a dog on top of a boat
2373351.jpg,dog,boat,two women sitting on a boat in the water
2347233.jpg,dog,boat,a dog that is standing on a ledge
2345272.jpg,dog,boat,a dog and a man on a boat
2352547.jpg,dog,boat,a black and white dog standing on top of a boat
2417914.jpg,dog,boat,a dog standing on a beach next to a boat
2334236.jpg,dog,boat,a dog sitting on the beach next to a boat
2400930.jpg,dog,boat,a woman and a dog are playing frisbee in the water
2350379.jpg,dog,boat,a boat that is sitting in the water
2400608.jpg,dog,boat,a dog laying on the ground next to a boat
2361103.jpg,dog,boat,a man standing next to a dog on a boat
2356920.jpg,dog,boat,a man and a dog on a boat in the water
2358663.jpg,dog,boat,a dog standing in the water with a frisbee in its mouth
2382157.jpg,dog,boat,a dog riding on top of a boat in the water
2368914.jpg,dog,boat,a dog standing on a dock next to a boat
2362804.jpg,dog,boat,a dog that is standing in the water
2361492.jpg,dog,boat,a sailboat sailing on a body of water
2320476.jpg,dog,boat,a little girl walking with a dog on a beach
2371137.jpg,dog,boat,a dog standing on top of a boat in the water
2408081.jpg,dog,boat,two children are playing in a pool of water
2398609.jpg,dog,boat,a dog on a boat in the water
2352484.jpg,dog,boat,people on a boat in the water
2405103.jpg,dog,boat,a man sitting on a bench next to a dog
2397203.jpg,dog,boat,a person riding a boat on top of a body of water
713048.jpg,dog,boat,people sitting on a boat with a dog
2340500.jpg,dog,boat,a man and a dog on a boat in the water
2363272.jpg,dog,boat,a small boat is docked in the water
2319347.jpg,dog,boat,a dog that is standing on top of a boat
2357802.jpg,dog,boat,a woman holding a dog while sitting on a boat
2387137.jpg,dog,boat,a woman sitting on a boat with a dog
2391743.jpg,dog,boat,a black dog sitting on top of a wooden boat
2388648.jpg,dog,boat,a dog laying on the ground next to a boat
2329347.jpg,dog,boat,a woman sitting on a paddle boat in the water
2334367.jpg,dog,boat,a small boat with a dog on top of it
2335060.jpg,dog,boat,a bicycle parked on the side of a road near a body of water
2382950.jpg,dog,boat,a man on a boat in the middle of a river
2381084.jpg,dog,boat,a dog sitting on top of a boat in the water
2358799.jpg,dog,boat,a dog running in the water with a frisbee in its mouth
2321730.jpg,dog,boat,a man and a dog on a surfboard in the ocean
2349616.jpg,dog,boat,a dog laying on top of a white boat
2412384.jpg,dog,boat,a dog is standing in the water near a boat
2392565.jpg,dog,boat,a dog sitting on top of a boat in the water
2351083.jpg,dog,boat,a brown dog laying on top of a blue rug
2395520.jpg,dog,boat,a man standing next to a dog on a beach
2315354.jpg,dog,boat,a bird standing on top of a rock near the ocean
2368054.jpg,dog,boat,two dogs sitting on a boat in the water
2376794.jpg,dog,boat,a young boy standing in front of a body of water
2361821.jpg,dog,boat,a man and a woman on surfboards in the water
2364424.jpg,dog,boat,a young boy and a young girl on a skateboard
2337026.jpg,dog,boat,a man and a dog on a boat in the water
2372055.jpg,dog,boat,a dog that is sitting on a boat
2345532.jpg,dog,boat,a man and a dog on a boat in the water
2353801.jpg,dog,boat,a man on a boat in the water
2367136.jpg,dog,boat,a building with a statue of a man on top of it
285707.jpg,dog,boat,a dog and a man on a boat in the water
2379774.jpg,dog,boat,a dog on a boat in the water
2376547.jpg,dog,boat,a white dog sitting on top of a lush green field
2398862.jpg,dog,boat,a young boy holding a dog on a boat
2364766.jpg,dog,boat,a row of boats sitting on top of a beach
2358936.jpg,dog,boat,a woman sitting on a boat with a dog
2417150.jpg,dog,boat,a boat that is sitting in the water
2363815.jpg,dog,boat,people on a boat in the water
2346788.jpg,dog,boat,giraffes and zebras in a zoo
2317126.jpg,dog,boat,a red and white boat traveling down a river
2326800.jpg,dog,boat,a dog sitting on a boat in the water
1159281.jpg,dog,boat,a man and a dog on a boat in the water
2353398.jpg,dog,boat,a white dog standing on top of a white boat
2410152.jpg,dog,boat,a man and a dog on a surfboard in the water
2326242.jpg,dog,boat,a dog standing next to a boat on the water
2393366.jpg,dog,boat,a black dog sitting on top of a boat
2324106.jpg,dog,boat,people on surfboards in the water
1160209.jpg,dog,boat,a dog standing on top of a boat in the water
2364024.jpg,dog,boat,a man and a dog on a boat in the water
2368415.jpg,dog,boat,a dog standing on top of a boat in the water
2342008.jpg,dog,boat,a beach with umbrellas on the beach
713207.jpg,dog,bandana,a dog on a surfboard in the water
2404080.jpg,dog,bandana,a brown and white dog standing next to a brown and white dog
2335618.jpg,dog,bandana,a dog that is sitting on a log
2358936.jpg,dog,bandana,a woman sitting on a boat with a dog
2413634.jpg,dog,bandana,a black and white dog standing in a yard with a frisbee
2362530.jpg,dog,bandana,a woman throwing a frisbee to a dog
2369450.jpg,dog,bandana,a dog jumping in the air to catch a frisbee
2366038.jpg,dog,bandana,two dogs eating food from a plate on a table
2357815.jpg,dog,bandana,a dog standing in the back of a truck
2399686.jpg,dog,bandana,a brown and white dog wearing a red bow tie
2350646.jpg,dog,bandana,a dog sitting on top of a motorcycle
2386795.jpg,dog,bandana,a woman riding skis down a snow covered slope
2393574.jpg,dog,bandana,a white dog laying on the floor in a living room
2364253.jpg,dog,bandana,a dog wearing a bow tie standing in a kitchen
2358851.jpg,dog,bandana,a man sitting on the ground holding a guitar
2356713.jpg,dog,bandana,a dog and a person on a surfboard in the water
2323250.jpg,dog,bandana,a man is looking at a dog on a leash
2397731.jpg,dog,bandana,a dog standing under an umbrella in the grass
2391742.jpg,dog,bandana,a dog sitting on top of a motorcycle
2373502.jpg,dog,bandana,a horse pulling a wagon full of hay
2342431.jpg,dog,bandana,a dog sitting on top of a motorcycle
2386001.jpg,dog,bandana,a dog standing next to a table in a room
2378013.jpg,dog,bandana,a large brown dog laying on a carpet
2407510.jpg,dog,bandana,a man riding a skateboard next to a dog
2352355.jpg,dog,bandana,a dog sitting in front of a tv
2341204.jpg,dog,bandana,a small dog on a leash on a skateboard
2413278.jpg,dog,bandana,a person on a motorcycle with a dog on it
2322516.jpg,dog,clothes,a dog laying on top of a couch
2397203.jpg,dog,clothes,a person riding a boat on top of a body of water
2408641.jpg,dog,clothes,a dog laying on the floor in a room
2360679.jpg,dog,clothes,a bed with a stuffed animal on top of it
2344635.jpg,dog,clothes,a dog sitting in a suitcase with a stuffed animal
2317093.jpg,dog,clothes,a man and a woman are petting a dog
2412854.jpg,dog,clothes,a man and a woman playing a video game
2397149.jpg,dog,clothes,a man sitting in the snow with a dog
2391558.jpg,dog,clothes,a dog that is laying down on the floor
2387897.jpg,dog,clothes,a black and white cat standing next to a window
2319347.jpg,dog,clothes,a dog that is standing on top of a boat
2387315.jpg,dog,clothes,a dog and a cat laying on a bed
2347373.jpg,dog,clothes,a young boy standing in the grass with a kite in his hand
2406977.jpg,dog,clothes,a dog sitting in front of a mirror in a store
2399560.jpg,dog,clothes,a black dog laying on top of a bed
2360647.jpg,dog,clothes,a small dog eating a slice of pizza
2401362.jpg,dog,clothes,a black and white dog laying in a suitcase
2413586.jpg,dog,clothes,a kitchen filled with lots of food and people
2393935.jpg,dog,clothes,a small dog laying on top of a pile of books
2359215.jpg,dog,clothes,a woman sitting in a car looking out the window
2396422.jpg,dog,clothes,two dogs laying on a bed next to each other
2391742.jpg,dog,clothes,a dog sitting on top of a motorcycle
2400986.jpg,dog,clothes,a white and black dog running across a dirt field
2375910.jpg,dog,clothes,a police officer riding on the back of a motorcycle
2361561.jpg,dog,clothes,a man and a dog on skis in the snow
2339807.jpg,dog,clothes,a woman in a kitchen preparing food in a kitchen
2399233.jpg,dog,clothes,a man and a dog are walking in the snow
2356036.jpg,dog,clothes,a woman walking down a street with a dog
2316137.jpg,dog,clothes,a man holding a dog in his right hand
2377314.jpg,dog,clothes,a dog on a leash next to a bike
2383956.jpg,dog,clothes,a woman standing in front of a mirror looking at her phone
2401870.jpg,dog,clothes,a black and white dog laying on a bed
2350075.jpg,dog,clothes,a dog walking through a hallway in a house
2384917.jpg,dog,motorcycle,a dog wearing a hat on top of his head
2364719.jpg,dog,motorcycle,a dog and a person on a scooter
2339698.jpg,dog,motorcycle,a man riding a motorcycle on a city street
2376812.jpg,dog,motorcycle,a man riding on the back of a motorcycle
2403205.jpg,dog,motorcycle,a person on a motorcycle with a dog
2383170.jpg,dog,motorcycle,a row of motorcycles parked in a parking lot
2391328.jpg,dog,motorcycle,a police officer riding a motorcycle on a city street
2382098.jpg,dog,motorcycle,a black and white dog wearing a helmet
2392426.jpg,dog,motorcycle,a dog sitting on top of a motorcycle
2377018.jpg,dog,motorcycle,a crowd of people standing around a motorcycle
2411201.jpg,dog,motorcycle,a dog sitting on the back of a motorcycle
2376697.jpg,dog,motorcycle,a woman walking down the street with an umbrella
2397422.jpg,dog,motorcycle,a dog sitting on a motorcycle in a parking lot
2382466.jpg,dog,motorcycle,a man standing next to a parked motorcycle
2330843.jpg,dog,motorcycle,a motorcycle is parked on the side of the road
723.jpg,dog,motorcycle,a large white van parked in front of a building
2335788.jpg,dog,motorcycle,a man in a blue shirt is standing next to a blue motorcycle
2388319.jpg,dog,motorcycle,a brown dog standing next to a motorcycle
2393598.jpg,dog,motorcycle,a motorcycle parked on the side of the road
2337403.jpg,dog,motorcycle,a dog on a motorcycle next to a group of cows
2338721.jpg,dog,motorcycle,a man riding a motorcycle with a dog
2392197.jpg,dog,motorcycle,a woman riding on the back of a motorcycle
2351815.jpg,dog,motorcycle,a dog standing in the back of a pick up truck
2341368.jpg,dog,motorcycle,a woman walking down the street with a horse
2396392.jpg,dog,motorcycle,a man riding on the back of a motorcycle
2417119.jpg,dog,motorcycle,motorcyclists are riding down the street
2350312.jpg,dog,motorcycle,a man and woman on a motorcycle with a dog
2391742.jpg,dog,motorcycle,a dog sitting on top of a motorcycle
2361824.jpg,dog,motorcycle,a person riding a bicycle on a city street
2344149.jpg,dog,motorcycle,people walking down a sidewalk near a store
2348263.jpg,dog,motorcycle,people crossing the street at an intersection
2341652.jpg,dog,motorcycle,a dog that is sitting on the back of a motorcycle
2342431.jpg,dog,motorcycle,a dog sitting on top of a motorcycle
2316952.jpg,dog,motorcycle,a man riding on the back of a motorcycle with a dog on it
2375910.jpg,dog,motorcycle,a police officer riding on the back of a motorcycle
2393921.jpg,dog,motorcycle,a dog wearing a helmet on a motorcycle
2384862.jpg,dog,motorcycle,a dog and a cat walking down a sidewalk
2402737.jpg,dog,motorcycle,motorcycles are parked in a parking lot
2316809.jpg,dog,motorcycle,a man sitting on a motorcycle in front of a building
2413278.jpg,dog,motorcycle,a person on a motorcycle with a dog on it
2397739.jpg,dog,motorcycle,a black and white dog standing next to a motorcycle
2384917.jpg,dog,helmet,a dog wearing a hat on top of his head
2332528.jpg,dog,helmet,a man holding a dog in his right hand
2334958.jpg,dog,helmet,a man riding a bike with a cart on the back
2384081.jpg,dog,helmet,a man riding a bike with a dog
2339453.jpg,dog,helmet,a man riding a bike with a dog on a leash
2365821.jpg,dog,helmet,a man and a dog on skis in the snow
2322764.jpg,dog,helmet,a dog sitting on top of a scooter on the beach
2403205.jpg,dog,helmet,a person on a motorcycle with a dog
2386512.jpg,dog,helmet,a dog that is sitting on the back of a motorcycle
2386134.jpg,dog,helmet,a woman riding a bike with a dog on a leash
2391328.jpg,dog,helmet,a police officer riding a motorcycle on a city street
2324642.jpg,dog,helmet,a boy and a dog playing frisbee in the woods
2318030.jpg,dog,helmet,a dog sitting next to a man on a motorcycle
2385923.jpg,dog,helmet,a young boy holding a baseball bat on a field
2381489.jpg,dog,helmet,a man and a dog standing on a surfboard
2377018.jpg,dog,helmet,a crowd of people standing around a motorcycle
2372773.jpg,dog,helmet,a man sitting on a bench reading a book
2382466.jpg,dog,helmet,a man standing next to a parked motorcycle
2414767.jpg,dog,helmet,people standing around a tent with a horse
2337403.jpg,dog,helmet,a dog on a motorcycle next to a group of cows
2365586.jpg,dog,helmet,a laptop computer sitting on top of a wooden table
2345151.jpg,dog,helmet,a crowd of people with umbrellas walking down a street
2392197.jpg,dog,helmet,a woman riding on the back of a motorcycle
2341368.jpg,dog,helmet,a woman walking down the street with a horse
2396392.jpg,dog,helmet,a man riding on the back of a motorcycle
2340687.jpg,dog,helmet,a person on a leash with a dog
2409085.jpg,dog,helmet,a man riding on the back of a motorcycle
2344149.jpg,dog,helmet,people walking down a sidewalk near a store
2341652.jpg,dog,helmet,a dog that is sitting on the back of a motorcycle
2375910.jpg,dog,helmet,a police officer riding on the back of a motorcycle
2319334.jpg,dog,helmet,a person riding a bike on a city street
2316952.jpg,dog,helmet,a man riding on the back of a motorcycle with a dog on it
2355347.jpg,dog,helmet,a man riding a bike with a dog in a basket
2402737.jpg,dog,helmet,motorcycles are parked in a parking lot
2360774.jpg,dog,helmet,a woman is sitting on a scooter in the middle of the street
2366841.jpg,dog,helmet,a number of people on horses in a field
2368196.jpg,dog,helmet,a man on a leash carrying a dog on a trail
2391053.jpg,dog,person,a man and a woman sitting on a bench with a dog
2337205.jpg,dog,person,a black and white dog laying in the grass with a water bottle
2383550.jpg,dog,person,a dog standing on top of a body of water
2378740.jpg,dog,person,a man on a boat with a dog in the ocean
2369270.jpg,dog,person,a black and white dog with a frisbee in its mouth
2339698.jpg,dog,person,a man riding a motorcycle on a city street
2359938.jpg,dog,person,a collage of photos showing different types of food
2348603.jpg,dog,person,a herd of sheep standing on top of a grass covered field
2394499.jpg,dog,person,a brown and white dog wearing a hat
2325645.jpg,dog,person,a dog jumping in the air to catch a frisbee
2410817.jpg,dog,person,a dog jumping in the air to catch a frisbee
285910.jpg,dog,person,surfers posing for a picture on the beach
2331063.jpg,dog,person,a dog standing on top of a surfboard on the beach
2319590.jpg,dog,person,a black dog playing with a frisbee in the grass
2403391.jpg,dog,person,people on a beach with surfboards
2393152.jpg,dog,person,kites flying in the air on a beach
2388671.jpg,dog,person,a black and white dog laying on the ground next to a book
2323367.jpg,dog,person,a woman and her dog are in the water
2366.jpg,dog,person,a street scene with graffiti on the side of a building
2318441.jpg,dog,person,a woman sitting in a car looking out the window
2322259.jpg,dog,person,a car that is driving down the street
2361385.jpg,dog,person,a dog in a basket holding a hose
2407359.jpg,dog,person,a man and a little girl on a beach with surfboards
713697.jpg,dog,person,people riding skis down a snow covered slope
2386233.jpg,dog,person,a man riding a skateboard on top of a dirt road
2367813.jpg,dog,person,a man and a dog playing frisbee in a field
2316030.jpg,dog,person,a dog on a surfboard in the water
2387128.jpg,dog,person,a woman and two dogs are walking down the street
2379316.jpg,dog,person,a dog that is laying down in a bag
2374386.jpg,dog,person,a crowd of people walking down a street with umbrellas
2372605.jpg,dog,person,a brown and white dog sitting in a chair
2337303.jpg,dog,person,a man sitting on a bench talking on a cell phone
2375883.jpg,dog,person,a woman walking a dog on a city sidewalk
2341172.jpg,dog,person,a brown and white dog sitting on top of a grass covered field
2324546.jpg,dog,person,baseball players are playing baseball on a field
2372148.jpg,dog,person,a cat that is looking out of a window
2391849.jpg,dog,person,a crowd of people walking down a street with umbrellas
2402353.jpg,dog,person,a woman sitting on a bench next to a man
2345151.jpg,dog,person,a crowd of people with umbrellas walking down a street
2346815.jpg,dog,person,people are flying kites on the beach
2394144.jpg,dog,person,a herd of sheep standing on top of a lush green field
2400608.jpg,dog,person,a dog laying on the ground next to a boat
2335375.jpg,dog,person,a large group of people flying kites in a park
2406301.jpg,dog,person,a person walking down a road with a dog
588.jpg,dog,person,people walking down a street with a dog
2402079.jpg,dog,person,a cat sitting on top of a wooden bench
2403772.jpg,dog,person,a person petting a dog on a bed
2353948.jpg,dog,person,a dog on a leash on a skateboard
2331177.jpg,dog,person,a woman cutting a cake on a table
2380237.jpg,dog,person,a dog with a frisbee in its mouth
2320517.jpg,dog,person,a cat laying on top of a woman's legs
2316688.jpg,dog,person,a woman walking down a path with an umbrella
2393339.jpg,dog,person,a person on a snow covered ground with a cat
497913.jpg,dog,person,a dog jumping in the air to catch a frisbee
2406798.jpg,dog,person,a crowd of people riding bikes down a street
1592443.jpg,dog,person,a herd of cattle standing on top of a sandy beach
2362804.jpg,dog,person,a dog that is standing in the water
2344149.jpg,dog,person,people walking down a sidewalk near a store
2361492.jpg,dog,person,a sailboat sailing on a body of water
2361561.jpg,dog,person,a man and a dog on skis in the snow
2405325.jpg,dog,person,a dog looking through a glass door
2355519.jpg,dog,person,a dog holding a frisbee in it's mouth
2377200.jpg,dog,person,a bus that is parked on the side of the road
2351380.jpg,dog,person,a black and white dog standing next to a white and brown dog
2339803.jpg,dog,person,a dog looking out the window of a car
2360774.jpg,dog,person,a woman is sitting on a scooter in the middle of the street
2363530.jpg,dog,person,a beach with people on the sand and a kite flying in the air
308.jpg,dog,person,people walking on a sidewalk near a body of water
2316242.jpg,dog,person,a dog wearing a hat and a hat hat
2398532.jpg,dog,person,a herd of horses running along a dirt road
2377573.jpg,dog,person,a dog jumping in the air to catch a frisbee
2383220.jpg,dog,person,a brown dog standing next to a brown and white dog
2343433.jpg,dog,person,a man and woman sitting on a park bench
2394449.jpg,dog,person,a woman and a dog standing on a sidewalk
2354475.jpg,dog,person,two people on a beach flying a kite
2369480.jpg,dog,person,a white dog sitting on top of a white bench
2412325.jpg,dog,person,people standing in a field with umbrellas
2349548.jpg,dog,person,a brown and white dog sitting next to a cup of coffee
2346772.jpg,dog,person,a cat sitting on a chair in front of a television
1592440.jpg,dog,person,a woman sitting at a table with a laptop in front of her
2332528.jpg,dog,person,a man holding a dog in his right hand
2349281.jpg,dog,person,two horses pulling a carriage down a street
2385539.jpg,dog,person,a man jumping to catch a frisbee in a park
2397203.jpg,dog,person,a person riding a boat on top of a body of water
2350300.jpg,dog,person,a person holding a hot dog in a bun
2357994.jpg,dog,person,a dog sitting on a table in a factory
2352998.jpg,dog,person,a black and white dog laying on the floor
2393305.jpg,dog,person,a dog jumping in the air to catch a frisbee
2407878.jpg,dog,person,a bus full of people sitting on the seats
2409920.jpg,dog,person,a brown dog sitting on top of a luggage bag
2383945.jpg,dog,person,people standing around a table covered in fruits and vegetables
2321557.jpg,dog,person,a crowd of people standing on the side of a road
2355266.jpg,dog,person,a woman standing on top of a field with a frisbee
2406607.jpg,dog,person,a man sitting on a bench with a surfboard
2406596.jpg,dog,person,a woman walking her dog across a snow covered street
2322034.jpg,dog,person,a man and a woman walking down the street with an umbrella
2368671.jpg,dog,person,a man walking down a street next to a building
2317781.jpg,dog,person,people walking around on a beach
2377704.jpg,dog,person,a man and a woman petting a dog on a leash
2416475.jpg,dog,person,a black and white photo of a black and white dog
2342372.jpg,dog,person,a man sitting on a couch with a small dog
2395227.jpg,dog,person,a little girl standing in the grass with a dog
2402417.jpg,dog,person,a number of people riding horses down a trail
2320868.jpg,dog,person,a crowd of people flying kites on a beach
1592975.jpg,dog,person,a dog catching a frisbee in its mouth
2340216.jpg,dog,person,a woman standing next to a dog eating food
2366850.jpg,dog,person,a dog sitting on a chair in a park
497973.jpg,dog,person,a crowd of people standing around a park with a dog
2372332.jpg,dog,person,a woman kneeling down to pet a sheep
2372773.jpg,dog,person,a man sitting on a bench reading a book
498019.jpg,dog,person,a man sitting on a couch with a cat
2353197.jpg,dog,person,a small white dog standing next to a person on a leash
2344234.jpg,dog,person,a shoe is laying on the ground in the sand
2320410.jpg,dog,person,two women sitting under an umbrella at a park
2386620.jpg,dog,person,two dogs playing with each other in a field
1593035.jpg,dog,person,a statue of a bear on top of a skateboard
2348310.jpg,dog,person,a dog standing next to a man on a sidewalk
2410104.jpg,dog,person,a crowd of people standing around a food truck
2358221.jpg,dog,person,a dog jumping in the air to catch a frisbee
2361220.jpg,dog,person,a man with a surfboard and a dog on the beach
2330171.jpg,dog,person,a person walking with an umbrella in the rain
2336234.jpg,dog,person,a man and a dog standing next to each other
2401611.jpg,dog,person,a dog laying on the ground with a book
2336257.jpg,dog,person,a polar bear swimming in a body of water
2351477.jpg,dog,person,a herd of sheep standing on top of a lush green field
2367721.jpg,dog,person,a black dog running in the grass with a frisbee
2336027.jpg,dog,person,a person holding a surfboard on a beach
2388985.jpg,dog,person,a person riding a skateboard down a street
2398065.jpg,dog,person,a woman holding a dog in front of a cake
2382950.jpg,dog,person,a man on a boat in the middle of a river
2402737.jpg,dog,person,motorcycles are parked in a parking lot
2315606.jpg,dog,person,a person riding a skateboard on a sidewalk
2339336.jpg,dog,person,a person walking in the snow with a snowboard
2417872.jpg,dog,person,a black and white cat laying on a person's lap
2397731.jpg,dog,person,a dog standing under an umbrella in the grass
2398334.jpg,dog,person,a dog standing in the snow with a frisbee in its mouth
2341401.jpg,dog,person,a dog jumping in the air to catch a frisbee
2355579.jpg,dog,person,a large group of people skiing down a snow covered slope
2417873.jpg,dog,person,a dog standing on top of a soccer field
2332540.jpg,dog,person,a person flying a kite in a field
2384917.jpg,dog,person,a dog wearing a hat on top of his head
2338125.jpg,dog,person,a dog that is standing in the water with a frisbee
2360407.jpg,dog,person,a man in a suit and tie posing for a picture
2362379.jpg,dog,person,people sitting on a grass covered field
2367842.jpg,dog,person,people walking down a street with umbrellas
2367250.jpg,dog,person,a black and white dog sniffing a fire hydrant
2317971.jpg,dog,person,a little girl holding an umbrella in the snow
2325354.jpg,dog,person,a number of people in a field with a number of dogs
2376639.jpg,dog,person,people riding horses on the beach
2361800.jpg,dog,person,a small dog sitting on a sidewalk next to a man
2363601.jpg,dog,person,a person cross country skiing in the snow
2365821.jpg,dog,person,a man and a dog on skis in the snow
2408366.jpg,dog,person,a person walking a dog down a sidewalk
2366975.jpg,dog,person,a dog catching a frisbee in its mouth
2401465.jpg,dog,person,a person walking a dog on a trail
2414764.jpg,dog,person,a woman sitting on the grass holding a cell phone
2402211.jpg,dog,person,a man walking down a path with a park bench
1592139.jpg,dog,person,a man sitting on a boat in the water
2392202.jpg,dog,person,a dog and a man walking along a beach
285822.jpg,dog,person,a woman riding a bike with a basket on her head
2385923.jpg,dog,person,a young boy holding a baseball bat on a field
2380115.jpg,dog,person,a man on a horse with a herd of cattle
2315773.jpg,dog,person,a brown and white dog on a skateboard
2369464.jpg,dog,person,a man riding on the back of a brown horse
2380064.jpg,dog,person,a living room filled with furniture and a tv
2416114.jpg,dog,person,a woman walking with an umbrella in the grass
2333478.jpg,dog,person,a large group of people in the ocean with surfboards
2342591.jpg,dog,person,a person walking a dog next to a group of people
2318635.jpg,dog,person,a parking meter sitting on the side of a street
2365964.jpg,dog,person,surfers standing on top of a beach
2338833.jpg,dog,person,a dog sitting in front of a window in a store
2382466.jpg,dog,person,a man standing next to a parked motorcycle
2367771.jpg,dog,person,two people on skis and a dog in the snow
2362606.jpg,dog,person,two dogs are sitting on a bench
2414082.jpg,dog,person,a person with a dog on a leash
2409245.jpg,dog,person,a car that has a bike on top of it
2320542.jpg,dog,person,a person sitting on a bench on a beach
2405708.jpg,dog,person,a brown and white dog sitting next to a table with a table cloth
2411557.jpg,dog,person,a man catching a frisbee in a park
2400362.jpg,dog,person,a man holding a cat in his hand
2365164.jpg,dog,person,a woman and a dog are walking down the street
2356713.jpg,dog,person,a dog and a person on a surfboard in the water
2362554.jpg,dog,person,a man sitting on the floor with two dogs
2349742.jpg,dog,person,a dog sitting in the driver's seat of a bus
2358778.jpg,dog,person,a dog jumping in the air to catch a frisbee
2369.jpg,dog,person,people walking down a street with a dog
2359049.jpg,dog,person,a large group of girls posing for a picture
2322607.jpg,dog,person,a dog jumping in the air to catch a frisbee
2353581.jpg,dog,person,a dog that is sitting in the grass with a frisbee
2373502.jpg,dog,person,a horse pulling a wagon full of hay
2367662.jpg,dog,person,a woman walking her dog down a sidewalk
2353801.jpg,dog,person,a man on a boat in the water
2348134.jpg,dog,person,a person and a dog on a leash
2382399.jpg,dog,person,a dog jumping in the air to catch a frisbee
2351028.jpg,dog,person,a woman and a dog on a surfboard in the water
2411533.jpg,dog,person,a black and white cat and a brown and white dog on a leash
2321819.jpg,dog,person,a woman petting a dog on the sidewalk
2371647.jpg,dog,person,a woman walking a dog down a sidewalk
2362161.jpg,dog,person,three people on surfboards in the middle of the ocean
2345947.jpg,dog,person,a person on a skateboard with a dog
2357556.jpg,dog,person,a woman riding a horse in a field with a dog
2373693.jpg,dog,person,a dog laying on top of a bed next to a stuffed animal
2387950.jpg,dog,person,a car is parked on the side of the road
2402597.jpg,dog,person,a man and a woman are sitting in a pickup truck
2330531.jpg,dog,person,a birthday cake with a bear on top of it
2820.jpg,dog,person,a city street at night with a traffic light
2345976.jpg,dog,person,a person and a dog are playing in the snow
2392123.jpg,dog,person,a man throwing a frisbee in a park
2336716.jpg,dog,person,a dog jumping in the air to catch a frisbee
713615.jpg,dog,person,three people are walking in the snow with their skis
2322764.jpg,dog,person,a dog sitting on top of a scooter on the beach
497940.jpg,dog,person,a man walking down a sidewalk with a dog
2319335.jpg,dog,person,a black and white dog laying on a person's lap
2368944.jpg,dog,person,a dog chasing a group of people on a surfboard
2326569.jpg,dog,person,a white dog standing on the side of a road next to a car
2351887.jpg,dog,person,a dog laying on top of a bed in a room
2347300.jpg,dog,person,people riding horses down a road
2337084.jpg,dog,person,people standing in a living room playing a video game
2350609.jpg,dog,person,a dog standing on a sidewalk next to a person
2403075.jpg,dog,person,people on a beach flying kites
2367272.jpg,dog,person,a woman riding a bike with a basket on her head
2363026.jpg,dog,person,a man laying on a bed with a dog
1160042.jpg,dog,person,bunches of bananas on display at a market
2337254.jpg,dog,person,a dog sniffing a water bottle on a beach
2381489.jpg,dog,person,a man and a dog standing on a surfboard
1592176.jpg,dog,person,a dog standing on a sidewalk next to a man
2395888.jpg,dog,person,a dog that is standing next to a fire hydrant
2328885.jpg,dog,person,a black and white dog jumping in the air to catch a frisbee
2335189.jpg,dog,person,a man and a woman walking a dog on a city street
2385853.jpg,dog,person,a dog wearing a hat standing next to a person
2350211.jpg,dog,person,a teddy bear sitting on a park bench
2330759.jpg,dog,person,people sitting on couches in a living room
2367636.jpg,dog,person,a crowd of people flying kites in a field
2374180.jpg,dog,person,a man sitting in front of a tv watching a dog
2344629.jpg,dog,person,a man riding a bike with a dog on a leash
2321501.jpg,dog,person,two dogs standing next to a wooden fence
2395632.jpg,dog,person,a dog swimming in a pool of water
619.jpg,dog,person,a street corner with a street sign on it
1159281.jpg,dog,person,a man and a dog on a boat in the water
2330660.jpg,dog,person,a dog jumping in the air to catch a frisbee
2360290.jpg,dog,person,a man is walking his dog down the street
2388780.jpg,dog,person,a man standing in a field with a herd of sheep
2352866.jpg,dog,person,people are flying kites in a field
2368507.jpg,dog,person,a woman riding a bike down a street with a dog
2388607.jpg,dog,person,a young child holding an umbrella in the rain
2397768.jpg,dog,person,a number of dogs on a beach near a body of water
2341743.jpg,dog,person,a man playing frisbee with a group of people
2382138.jpg,dog,person,a man and a dog standing next to each other
2324192.jpg,dog,person,a large jetliner sitting on top of an airport runway
2372091.jpg,dog,person,a brown dog sitting on a wooden bench
2359215.jpg,dog,person,a woman sitting in a car looking out the window
2356904.jpg,dog,person,a man and a dog standing next to each other
2351872.jpg,dog,person,a man standing on a park bench next to a group of people
2392586.jpg,dog,person,a dog carrying a backpack and a bag on a leash
2408302.jpg,dog,person,a person sitting at a table with a plate of food
2324106.jpg,dog,person,people on surfboards in the water
2341652.jpg,dog,person,a dog that is sitting on the back of a motorcycle
2362928.jpg,dog,person,a table topped with plates filled with cakes and drinks
2374195.jpg,dog,person,a large white umbrella sitting on top of a palm tree
2373288.jpg,dog,person,a person sitting on a bench in a park
2395166.jpg,dog,person,a dog jumping up to catch a frisbee
2360637.jpg,dog,person,a woman swinging a bat at a ball on a beach
2392675.jpg,dog,person,a man and a woman are playing in the water
2328158.jpg,dog,person,a man riding a surfboard on top of a body of water
2329840.jpg,dog,person,a person laying on a bed with a dog
2336458.jpg,dog,person,a large group of people in a body of water
2371670.jpg,dog,person,a person riding a surfboard on top of a wave
2343165.jpg,dog,boy,a dog jumping in the air to catch a frisbee
2393911.jpg,dog,boy,a man and a woman sitting on a couch playing a video game
2413539.jpg,dog,boy,a man and a boy skateboarding down a street
2323342.jpg,dog,boy,a little boy that is standing in the sand
2360407.jpg,dog,boy,a man in a suit and tie posing for a picture
2317257.jpg,dog,boy,two women and a dog laying on a bed
2326204.jpg,dog,boy,a young boy eating a piece of cake with a dog
2395551.jpg,dog,boy,a young boy is playing with a toy in a living room
2388411.jpg,dog,boy,a woman standing next to a group of people on a sidewalk
2365207.jpg,dog,boy,a man riding a skateboard on top of a cement ramp
2329292.jpg,dog,boy,people walking down a street
2358650.jpg,dog,boy,a woman walking a dog on a leash in the snow
2382139.jpg,dog,boy,two boys sitting on a bunk bed reading a book
2329885.jpg,dog,boy,a little boy sitting on a couch holding a toothbrush
2325645.jpg,dog,boy,a dog jumping in the air to catch a frisbee
2368737.jpg,dog,boy,a boy and a dog standing next to a body of water
2326452.jpg,dog,boy,a dog jumping in the air to catch a frisbee
2324642.jpg,dog,boy,a boy and a dog playing frisbee in the woods
2417829.jpg,dog,boy,a man riding a skateboard down a street
2317781.jpg,dog,boy,people walking around on a beach
2366052.jpg,dog,boy,a man selling oranges at a fruit stand
2362446.jpg,dog,boy,a pile of stuffed animals sitting on top of each other
2364424.jpg,dog,boy,a young boy and a young girl on a skateboard
2411201.jpg,dog,boy,a dog sitting on the back of a motorcycle
2377704.jpg,dog,boy,a man and a woman petting a dog on a leash
2406520.jpg,dog,boy,a dog and a girl sitting on a bench
2345520.jpg,dog,boy,a birthday party for a little girl with a birthday cake
2391800.jpg,dog,boy,a person jumping in the air to catch a frisbee
2357802.jpg,dog,boy,a woman holding a dog while sitting on a boat
2350211.jpg,dog,boy,a teddy bear sitting on a park bench
497973.jpg,dog,boy,a crowd of people standing around a park with a dog
2392115.jpg,dog,boy,a woman and a dog playing frisbee in a park
2324546.jpg,dog,boy,baseball players are playing baseball on a field
2340216.jpg,dog,boy,a woman standing next to a dog eating food
2400930.jpg,dog,boy,a woman and a dog are playing frisbee in the water
2351210.jpg,dog,boy,a little girl holding a teddy bear in her arms
2406100.jpg,dog,boy,a dog laying on the floor next to a man
2345544.jpg,dog,boy,a man and a woman standing on a sidewalk with a skateboard
2411557.jpg,dog,boy,a man catching a frisbee in a park
2369591.jpg,dog,boy,a young boy holding a dog in his arms
2400362.jpg,dog,boy,a man holding a cat in his hand
2318692.jpg,dog,boy,a black and white dog jumping up to catch a frisbee
2384424.jpg,dog,boy,a dog that is sitting on the back of a motorcycle
2414515.jpg,dog,boy,a man riding a skateboard up the side of a ramp
2335375.jpg,dog,boy,a large group of people flying kites in a park
2358897.jpg,dog,boy,a man standing next to a dog in the water
2318999.jpg,dog,boy,a young boy sitting on a bench with a dog
2341743.jpg,dog,boy,a man playing frisbee with a group of people
2353948.jpg,dog,boy,a dog on a leash on a skateboard
2388468.jpg,dog,boy,people standing next to each other
2395889.jpg,dog,boy,a man holding a frisbee on top of a lush green field
2339367.jpg,dog,boy,a woman sitting on the floor with a dog in front of her
2344149.jpg,dog,boy,people walking down a sidewalk near a store
2396028.jpg,dog,boy,a dog standing next to a woman in a living room
2341651.jpg,dog,boy,a little boy eating a piece of pizza
2383771.jpg,dog,boy,two little girls standing next to each other
2361415.jpg,dog,boy,a family posing for a picture
2382399.jpg,dog,boy,a dog jumping in the air to catch a frisbee
2381209.jpg,dog,boy,a man and a dog playing with a frisbee
2409092.jpg,dog,boy,a man sitting on a bench with a dog
2315606.jpg,dog,boy,a person riding a skateboard on a sidewalk
2315773.jpg,dog,boy,a brown and white dog on a skateboard
2407605.jpg,dog,boy,a man riding a bike on top of a bench
2337466.jpg,dog,boy,a man eating a slice of pizza
2398862.jpg,dog,boy,a young boy holding a dog on a boat
2390506.jpg,dog,pole,a person walking down a street with an umbrella
2337324.jpg,dog,pole,a dog sitting in the drivers seat of a car
2339698.jpg,dog,pole,a man riding a motorcycle on a city street
2348603.jpg,dog,pole,a herd of sheep standing on top of a grass covered field
2410503.jpg,dog,pole,a person with skis and a dog on a snow covered slope
2325645.jpg,dog,pole,a dog jumping in the air to catch a frisbee
2395684.jpg,dog,pole,a person riding a skateboard on a city street
2354002.jpg,dog,pole,a man is walking with an elephant in the street
2345384.jpg,dog,pole,a fire hydrant and a dog on a beach
713697.jpg,dog,pole,people riding skis down a snow covered slope
2352547.jpg,dog,pole,a black and white dog standing on top of a boat
2413619.jpg,dog,pole,a brown dog standing on top of a lush green field
723.jpg,dog,pole,a large white van parked in front of a building
2407463.jpg,dog,pole,a man riding a horse drawn carriage down a street
2401902.jpg,dog,pole,a woman walking a dog with an umbrella
2353702.jpg,dog,pole,a person on skis in the snow
2320932.jpg,dog,pole,a dog on a boat in the water
2361824.jpg,dog,pole,a person riding a bicycle on a city street
2362804.jpg,dog,pole,a dog that is standing in the water
2344149.jpg,dog,pole,people walking down a sidewalk near a store
2382687.jpg,dog,pole,a white dog laying on top of a white bike
2361561.jpg,dog,pole,a man and a dog on skis in the snow
2317995.jpg,dog,pole,a collage of photos of animals and people
2378865.jpg,dog,pole,a dog standing on a leash next to a red and white fire hydrant
2324942.jpg,dog,pole,a man walking down a street next to a street sign
2407605.jpg,dog,pole,a man riding a bike on top of a bench
2363530.jpg,dog,pole,a beach with people on the sand and a kite flying in the air
2342220.jpg,dog,pole,a dog standing next to a fire hydrant
308.jpg,dog,pole,people walking on a sidewalk near a body of water
2368813.jpg,dog,pole,a white polar bear laying on top of a pile of hay
2343433.jpg,dog,pole,a man and woman sitting on a park bench
2373141.jpg,dog,pole,a man laying on the ground with a dog
2385539.jpg,dog,pole,a man jumping to catch a frisbee in a park
2406272.jpg,dog,pole,a woman standing next to a dog in a car
2379893.jpg,dog,pole,a dog jumping in the air to catch a frisbee
2407878.jpg,dog,pole,a bus full of people sitting on the seats
2409920.jpg,dog,pole,a brown dog sitting on top of a luggage bag
2355266.jpg,dog,pole,a woman standing on top of a field with a frisbee
2388214.jpg,dog,pole,a dog standing next to a fire hydrant
2406607.jpg,dog,pole,a man sitting on a bench with a surfboard
2343674.jpg,dog,pole,a large elephant standing next to a fence
2406596.jpg,dog,pole,a woman walking her dog across a snow covered street
2377113.jpg,dog,pole,a man holding a surfboard next to a dog on a beach
2363272.jpg,dog,pole,a small boat is docked in the water
2395809.jpg,dog,pole,a brown and white dog laying on the sidewalk
2404204.jpg,dog,pole,a brown dog laying on a park bench
2379476.jpg,dog,pole,a black and white dog and a brown and white dog
2333815.jpg,dog,pole,sheep are standing in a grassy field
2363682.jpg,dog,pole,a dog jumping in the air to catch a frisbee
2367545.jpg,dog,pole,a man standing next to a pile of oranges
2363038.jpg,dog,pole,a brown dog standing next to a red bike
2324410.jpg,dog,pole,people riding skis down a snow covered slope
2417890.jpg,dog,pole,a truck is parked on the side of the road
2369919.jpg,dog,pole,a dog laying on top of a bed
2319449.jpg,dog,pole,a black and white cat sitting on a mirror
2378475.jpg,dog,pole,a man and a little girl playing frisbee in a park
2320410.jpg,dog,pole,two women sitting under an umbrella at a park
2365847.jpg,dog,pole,a dog jumping up to catch a frisbee
2365030.jpg,dog,pole,a brown and white dog on a skateboard
2410306.jpg,dog,pole,a white pick up truck driving down a road
2396020.jpg,dog,pole,a dog looking out the window of a car
2365756.jpg,dog,pole,a brown dog sitting in the back seat of a car
2407271.jpg,dog,pole,a train on a track near a fence
2399233.jpg,dog,pole,a man and a dog are walking in the snow
2401124.jpg,dog,pole,a dog looking out the window of a car
2391488.jpg,dog,pole,a man walking down the street with a dog
2349682.jpg,dog,pole,a parking meter on the side of the street
2358535.jpg,dog,pole,a man sitting on a bench with a dog
2360562.jpg,dog,pole,two people on skis in the snow
2384917.jpg,dog,pole,a dog wearing a hat on top of his head
2410321.jpg,dog,pole,a brown and white cow standing next to a fence
2347851.jpg,dog,pole,a fire hydrant and a sign on the side of a road
2347413.jpg,dog,pole,a clock on the side of a building
2412384.jpg,dog,pole,a dog is standing in the water near a boat
2377075.jpg,dog,pole,a small dog sitting in the back of a car
2413346.jpg,dog,pole,three women sitting on a bench next to a bear
2323635.jpg,dog,pole,a parking lot filled with lots of parked cars
2334891.jpg,dog,pole,a woman and her dog on skis in the snow
2409069.jpg,dog,pole,a brown dog standing on a sidewalk next to a fire hydrant
2416819.jpg,dog,pole,a street sign on a pole in a city
2401465.jpg,dog,pole,a person walking a dog on a trail
2367351.jpg,dog,pole,a woman is petting a black and white dog
2412049.jpg,dog,pole,a brown and white dog standing next to a fence
2361821.jpg,dog,pole,a man and a woman on surfboards in the water
2417191.jpg,dog,pole,a man riding a skateboard on top of a city street
2370710.jpg,dog,pole,two white dogs sitting on a park bench
2380929.jpg,dog,pole,a dog sitting in the back seat of a car
2327579.jpg,dog,pole,a dog jumping in the air to catch a frisbee
2414767.jpg,dog,pole,people standing around a tent with a horse
2386031.jpg,dog,pole,a small brown dog standing next to a flower pot
2318046.jpg,dog,pole,a dog catching a frisbee in its mouth
2370660.jpg,dog,pole,a dog is looking out the window of a truck
2328037.jpg,dog,pole,a white dog standing on a sidewalk next to a fire hydrant
2366845.jpg,dog,pole,a black and white dog standing next to a group of sheep
2368734.jpg,dog,pole,a person sitting on a bike in the street
2366619.jpg,dog,pole,a dog standing next to a parking meter
2320636.jpg,dog,pole,a man riding on the back of a brown horse
2388375.jpg,dog,pole,a blue and white cat sitting in front of a window
2412423.jpg,dog,pole,a woman is petting a brown and white cow
2318372.jpg,dog,pole,a man riding on the back of a brown horse
2395277.jpg,dog,pole,a large truck with a dog on the back of it
1592064.jpg,dog,pole,two dogs are sitting on a bench by the water
2405063.jpg,dog,pole,a dog sitting in the driver's seat of a car
2380298.jpg,dog,pole,a brown horse standing on top of a lush green field
2371268.jpg,dog,pole,a black dog with a red collar sitting in the grass
2365556.jpg,dog,pole,a dog sitting on the side of the road
2394687.jpg,dog,pole,a truck that is sitting on the side of the road
2393779.jpg,dog,pole,a person riding skis on top of a snow covered slope
2396762.jpg,dog,pole,two dogs playing with a frisbee in the snow
2396753.jpg,dog,pole,a man sitting on a bench with a dog
2318384.jpg,dog,pole,a woman holding a dog in her hand
2387950.jpg,dog,pole,a car is parked on the side of the road
2380409.jpg,dog,pole,a man standing next to a dog on the side of a road
2329292.jpg,dog,pole,people walking down a street
2316133.jpg,dog,pole,a man sitting in a chair with a dog under an umbrella
2359181.jpg,dog,pole,a man is looking at birds on a street
2349275.jpg,dog,pole,a black and white dog standing next to a wooden crate
2379667.jpg,dog,pole,a woman sitting on a bench next to a dog
2397149.jpg,dog,pole,a man sitting in the snow with a dog
2355727.jpg,dog,pole,a dog jumping in the air to catch a frisbee
2336693.jpg,dog,pole,a black and white dog jumping in the air to catch a frisbee
2383170.jpg,dog,pole,a row of motorcycles parked in a parking lot
2316789.jpg,dog,pole,a dog standing next to a parking meter
2316980.jpg,dog,pole,a man and a dog are walking in the snow
2372618.jpg,dog,pole,a dog sitting in the driver's seat of a car
2413880.jpg,dog,pole,three young people riding skateboards down a city street
2319295.jpg,dog,pole,a man on a surfboard in the water with a dog
2371675.jpg,dog,pole,a dog is standing on the back of a truck
2413820.jpg,dog,pole,a woman sitting on a bench with a dog
2360443.jpg,dog,pole,a woman and her dog playing frisbee in a field
2350951.jpg,dog,pole,a dog is looking out the window of a car
2335189.jpg,dog,pole,a man and a woman walking a dog on a city street
2343283.jpg,dog,pole,a man walking a dog on a leash on a sidewalk
2352572.jpg,dog,pole,a dog running in the grass with a frisbee in its mouth
2370145.jpg,dog,pole,a dog laying in the middle of a flooded street
2357609.jpg,dog,pole,a brown and white horse standing next to a fence
2358659.jpg,dog,pole,a woman catching a frisbee in a park
2326242.jpg,dog,pole,a dog standing next to a boat on the water
2351872.jpg,dog,pole,a man standing on a park bench next to a group of people
2393366.jpg,dog,pole,a black dog sitting on top of a boat
2348263.jpg,dog,pole,people crossing the street at an intersection
2387862.jpg,dog,pole,a person jumping a horse over a jump
2336673.jpg,dog,pole,a dog with a frisbee in its mouth
2355465.jpg,dog,pole,a dog walking across a snow covered slope
1160209.jpg,dog,pole,a dog standing on top of a boat in the water
2367595.jpg,dog,pole,a woman sitting on a bench with a dog
2376475.jpg,dog,pole,a man in a red shirt is holding a dog
2356431.jpg,dog,pole,a window with a bird sitting on it next to a tree
2409228.jpg,dog,pole,a white dog standing on a sidewalk next to a building
2395166.jpg,dog,pole,a dog jumping up to catch a frisbee
2348342.jpg,dog,pole,a dog jumping up to catch a frisbee
2342008.jpg,dog,pole,a beach with umbrellas on the beach
2414213.jpg,dog,pole,a man driving a truck with a dog on top of it
2400105.jpg,dog,dresser,a dog sleeping on a bed next to a laptop
2416953.jpg,dog,dresser,a man laying on a bed with two dogs
2392560.jpg,dog,dresser,a white dog laying on top of a white bed
2382256.jpg,dog,dresser,a brown dog sitting in front of a wooden door
2386116.jpg,dog,dresser,a dog sitting in a suitcase on the floor
2377830.jpg,dog,dresser,a white dog sitting on top of a bed next to a person
2330381.jpg,dog,dresser,a living room filled with furniture and a tv
2398985.jpg,dog,dresser,a dog laying on a blanket on a bed
2342235.jpg,dog,dresser,a dog laying on top of a bed next to a tv
2367068.jpg,dog,dresser,a small white dog standing in front of a door
2352588.jpg,dog,dresser,a black dog laying on top of a bed
2396422.jpg,dog,dresser,two dogs laying on a bed next to each other
2371402.jpg,dog,dresser,a woman sitting on a bed in front of a mirror
2345543.jpg,dog,cake,a dog that is eating a cake on a table
2350677.jpg,dog,cake,a woman standing next to a table with a cake
2359349.jpg,dog,cake,a dog eating a piece of cake on a plate
2326204.jpg,dog,cake,a young boy eating a piece of cake with a dog
2366038.jpg,dog,cake,two dogs eating food from a plate on a table
2398065.jpg,dog,cake,a woman holding a dog in front of a cake
2402933.jpg,dog,cake,a small white dog sitting on a couch next to a laptop
2382042.jpg,dog,cake,a woman and a man are looking at a cake
2345520.jpg,dog,cake,a birthday party for a little girl with a birthday cake
2323429.jpg,dog,cake,a cake with a stuffed animal on top of it
2357723.jpg,dog,cake,a birthday cake with a train on top of it
285650.jpg,dog,cake,a woman holding a cake in front of a stove
2417584.jpg,dog,cake,a dog standing in front of a cake on a counter
2321821.jpg,dog,cake,a dog eating a donut in a living room
2331395.jpg,dog,cake,a dog sitting on top of a bed next to a cake
2405708.jpg,dog,cake,a brown and white dog sitting next to a table with a table cloth
2410321.jpg,dog,cow,a brown and white cow standing next to a fence
2416861.jpg,dog,cow,a cow standing on top of a lush green field
2330389.jpg,dog,cow,a dog chasing after a cow in a field
2404933.jpg,dog,cow,a herd of sheep standing on top of a dirt road
2359012.jpg,dog,cow,a baby calf standing next to a larger calf
2350325.jpg,dog,cow,a brown and white cow and a black and white cow
2391905.jpg,dog,cow,a dog and a cow are standing in a field
2369968.jpg,dog,cow,a truck and a horse in a field
2398189.jpg,dog,cow,a herd of cattle on a grassy field
2339341.jpg,dog,cow,two dogs running on the beach with a cow
2346042.jpg,dog,cow,cows walking down a dirt road
2394992.jpg,dog,cow,a man standing next to a dog in a field
2352946.jpg,dog,cow,a herd of sheep standing on top of a dry grass field
2354516.jpg,dog,cow,a dog and a cow standing next to each other
2417648.jpg,dog,cow,a herd of cattle grazing on a lush green hillside
2361973.jpg,dog,cow,a herd of cows walking down a street next to a building
107926.jpg,dog,cow,a herd of cattle walking down a dirt road
2362696.jpg,dog,cow,a cow standing next to a motorcycle in a field
2388428.jpg,dog,cow,a herd of cattle standing in a grassy field
2412423.jpg,dog,cow,a woman is petting a brown and white cow
2364208.jpg,dog,cow,a brown and white cow looking at the camera
2345710.jpg,dog,cow,a herd of cattle standing on top of a dry grass covered field
2381721.jpg,dog,cow,a herd of cattle grazing on a lush green field
2328085.jpg,dog,cow,two people walking down a path with a dog
2356473.jpg,dog,cow,a man standing in a field with a herd of cattle
2341260.jpg,dog,cow,a black and white cow standing in a field
2404956.jpg,dog,cow,a cow standing on the side of a road next to a building
2416340.jpg,dog,cow,a herd of cattle standing on top of a lush green field
2416400.jpg,dog,cat,a dog and a cat sitting on a surfboard
2346772.jpg,dog,cat,a cat sitting on a chair in front of a television
2344881.jpg,dog,cat,a cat sitting on a table next to a bottle of water
2317705.jpg,dog,cat,a dog laying on a blanket next to a sign
2359938.jpg,dog,cat,a collage of photos showing different types of food
2324062.jpg,dog,cat,a brown and white dog and a black and white cat
2392688.jpg,dog,cat,a cat sitting on top of a tv next to a television
2327653.jpg,dog,cat,a cat sitting on top of a tv screen
2368434.jpg,dog,cat,a dog and a cat are playing in the grass
2394168.jpg,dog,cat,a dog laying on top of a bed in a room
2403329.jpg,dog,cat,a cat sitting on the floor looking at a tv
2402100.jpg,dog,cat,a cat standing on top of a bicycle
2397167.jpg,dog,cat,a woman sitting on a bed with a cat
2322897.jpg,dog,cat,a girl laying on the floor next to a dog
2416154.jpg,dog,cat,a dog laying on the ground next to a cat
2355278.jpg,dog,cat,a cat sitting under an umbrella on the floor
2339137.jpg,dog,cat,a dog laying in the grass next to other dogs
2330184.jpg,dog,cat,a dog and a cat laying on a bed
2359073.jpg,dog,cat,a cat laying on the ground next to a dog
2316968.jpg,dog,cat,a cat laying on the floor next to a dog
2339511.jpg,dog,cat,a black and white dog and a black and white cat
2400368.jpg,dog,cat,a dog is looking out of a window
2336077.jpg,dog,cat,a black and white cat and a black and white dog
2387315.jpg,dog,cat,a dog and a cat laying on a bed
2391586.jpg,dog,cat,a white dog laying on top of a stone wall
2344063.jpg,dog,cat,a dog standing in the grass next to a tree
2377255.jpg,dog,cat,a cat standing on a kitchen counter next to a dog
2408383.jpg,dog,cat,a dog sitting on a bed next to a cat
2319449.jpg,dog,cat,a black and white cat sitting on a mirror
2324518.jpg,dog,cat,a dog and a cat are standing in a living room
2396989.jpg,dog,cat,two children laying on a couch with a dog
2367226.jpg,dog,cat,a dog laying on a blanket on the floor
2319723.jpg,dog,cat,a cat is looking at a computer screen
2365600.jpg,dog,cat,a man and a dog laying on a couch
2402079.jpg,dog,cat,a cat sitting on top of a wooden bench
2397277.jpg,dog,cat,a dog laying on the floor next to a couch
2320517.jpg,dog,cat,a cat laying on top of a woman's legs
2414023.jpg,dog,cat,a black and white cat and a brown and white dog
2346853.jpg,dog,cat,a living room filled with furniture and a kitchen
2368563.jpg,dog,cat,a black and white cat and a black and white dog
2382789.jpg,dog,cat,a cat that is laying down on the floor
2381433.jpg,dog,cat,a cat sitting on top of a red fire hydrant
2353191.jpg,dog,cat,a teddy bear sitting on top of a white plate
2416435.jpg,dog,cat,a cat sitting on top of a table next to an orange
2374046.jpg,dog,cat,a cat and a dog laying on a bed
713943.jpg,dog,cat,a dog eating food from a plate on a table
2353942.jpg,dog,cat,a black and white cat and a black and white dog
2373581.jpg,dog,cat,a cat sitting in a kitchen sink
2395369.jpg,dog,cat,a black and white dog standing next to a black and white cat
2416465.jpg,dog,cat,a black and white cat sitting in front of a window
2411533.jpg,dog,cat,a black and white cat and a brown and white dog on a leash
2330381.jpg,dog,cat,a living room filled with furniture and a tv
2344455.jpg,dog,cat,a man and a dog sleeping on a bed
2386317.jpg,dog,cat,a dog sitting in front of a birthday cake
2330673.jpg,dog,cat,a display case filled with lots of stuffed animals
2398449.jpg,dog,cat,a black and white dog laying in a bed
2318872.jpg,dog,cat,a dog and a cat playing together in a parking lot
2317863.jpg,dog,cat,a black cat sitting in a suitcase
3753.jpg,dog,cat,a cat that is standing on the ground
2371528.jpg,dog,cat,a black and white dog laying on top of a couch
2320118.jpg,dog,cat,a person holding an umbrella on a sidewalk
2415707.jpg,dog,tray,a woman sitting on a couch with two dogs
2345543.jpg,dog,tray,a dog that is eating a cake on a table
2416154.jpg,dog,tray,a dog laying on the ground next to a cat
2362928.jpg,dog,tray,a table topped with plates filled with cakes and drinks
2409292.jpg,dog,tray,a hot dog on a bun with mustard and ketchup
2321114.jpg,dog,tray,a hot dog with mustard and ketchup on a tray
2364637.jpg,dog,tray,a black and white dog standing next to a pizza
2377864.jpg,dog,tray,a small dog sitting on a wooden bench
2342959.jpg,dog,tray,a man cutting a cake on a table
2357723.jpg,dog,tray,a birthday cake with a train on top of it
2343212.jpg,dog,tray,a dog sitting on a desk in front of a window
2394890.jpg,dog,tray,a person sitting at a table with a laptop
2374180.jpg,dog,tray,a man sitting in front of a tv watching a dog
2411601.jpg,dog,tray,a black and white cat laying on top of a bed
2405708.jpg,dog,tray,a brown and white dog sitting next to a table with a table cloth
2369270.jpg,dog,dirt,a black and white dog with a frisbee in its mouth
2379956.jpg,dog,dirt,two dogs playing with a frisbee in the grass
2351824.jpg,dog,dirt,a bicycle parked next to a train on a track
2407359.jpg,dog,dirt,a man and a little girl on a beach with surfboards
2346042.jpg,dog,dirt,cows walking down a dirt road
2330843.jpg,dog,dirt,a motorcycle is parked on the side of the road
2368907.jpg,dog,dirt,a sandwich on a paper towel with a bite taken out of it
2317373.jpg,dog,dirt,a black and white dog and some sheep in a field
2320708.jpg,dog,dirt,a dog with a baseball bat in its mouth
2372598.jpg,dog,dirt,a brown and white dog standing on the side of a road
2365905.jpg,dog,dirt,a herd of sheep standing on top of a lush green field
2394945.jpg,dog,dirt,a herd of sheep in a pen with a dog
2375845.jpg,dog,dirt,a dog sitting on a leash on a dirt road
2379263.jpg,dog,dirt,a black and white dog standing on a dirt path
2355607.jpg,dog,dirt,a dog and a cat playing frisbee in a field
2371440.jpg,dog,dirt,a white dog sitting on top of a white board
2368737.jpg,dog,dirt,a boy and a dog standing next to a body of water
2355266.jpg,dog,dirt,a woman standing on top of a field with a frisbee
2416154.jpg,dog,dirt,a dog laying on the ground next to a cat
2383663.jpg,dog,dirt,a brown horse standing next to a black horse
2409022.jpg,dog,dirt,a flock of sheep standing on top of a lush green field
2351612.jpg,dog,dirt,a dog laying on the grass next to a body of water
2380834.jpg,dog,dirt,a herd of sheep walking across a dirt road
2395227.jpg,dog,dirt,a little girl standing in the grass with a dog
2377282.jpg,dog,dirt,elephants are standing in the middle of a river
2347332.jpg,dog,dirt,a small dog sitting on a park bench
2317786.jpg,dog,dirt,a dog laying on the ground with a pink frisbee
2340860.jpg,dog,dirt,a man standing next to a train on a track
2388648.jpg,dog,dirt,a dog laying on the ground next to a boat
2317153.jpg,dog,dirt,two dogs standing next to each other on a bench
2376453.jpg,dog,dirt,two dogs are playing with each other in the yard
2357485.jpg,dog,dirt,a dog running on the beach with a ball in its mouth
2366945.jpg,dog,dirt,a polar bear playing with a ball in the water
2337260.jpg,dog,dirt,a dog with a frisbee in its mouth
2380923.jpg,dog,dirt,a brown and white dog laying on a bed next to a window
2386802.jpg,dog,dirt,a colorful kite on a beach near the ocean
2366946.jpg,dog,dirt,a man standing on a beach flying a kite
2392212.jpg,dog,dirt,a dog running in the grass with a frisbee in its mouth
2390585.jpg,dog,dirt,a herd of sheep standing on top of a lush green field
2325561.jpg,dog,dirt,a brown dog and a black dog standing next to each other
2385757.jpg,dog,dirt,a dog laying on the ground next to a rock
2367351.jpg,dog,dirt,a woman is petting a black and white dog
2406932.jpg,dog,dirt,a dog catching a frisbee in its mouth
2337501.jpg,dog,dirt,a dog with a frisbee in its mouth
2332607.jpg,dog,dirt,a black dog standing on top of a sandy beach
2365964.jpg,dog,dirt,surfers standing on top of a beach
2375856.jpg,dog,dirt,a brown dog standing next to a bike
2364208.jpg,dog,dirt,a brown and white cow looking at the camera
2411937.jpg,dog,dirt,a dog laying in the grass next to a frisbee
2380298.jpg,dog,dirt,a brown horse standing on top of a lush green field
2328085.jpg,dog,dirt,two people walking down a path with a dog
2405432.jpg,dog,dirt,a dog jumping in the air to catch a frisbee
2362161.jpg,dog,dirt,three people on surfboards in the middle of the ocean
2321145.jpg,dog,dirt,a dog with a frisbee in its mouth
2403124.jpg,dog,dirt,two brown and white dogs and a man
2406744.jpg,dog,dirt,a black dog standing on top of a picnic table
2417154.jpg,dog,dirt,a dog running with a frisbee in its mouth
2322281.jpg,dog,dirt,a man holding a frisbee in his right hand
2389470.jpg,dog,dirt,elephants standing in a grassy area
2363495.jpg,dog,dirt,giraffes are standing in a field
2364372.jpg,dog,dirt,a woman riding on the back of a brown horse
2327364.jpg,dog,dirt,a white dog holding a frisbee in its mouth
2363267.jpg,dog,dirt,a man and a dog sitting on a bench
2393598.jpg,dog,dirt,a motorcycle parked on the side of the road
2384424.jpg,dog,dirt,a dog that is sitting on the back of a motorcycle
2397768.jpg,dog,dirt,a number of dogs on a beach near a body of water
2344583.jpg,dog,dirt,a man and a dog are playing frisbee in a park
2397828.jpg,dog,dirt,a dog laying on the ground next to a brick wall
2377179.jpg,dog,dirt,a cat that is laying down on a chair
2397193.jpg,dog,dirt,a dog standing on top of a log in the woods
2387928.jpg,dog,dirt,a tree in the middle of a grassy field
2395775.jpg,dog,dirt,two dogs standing next to each other on a dirt road
2389743.jpg,dog,dirt,a man and a dog standing in front of a pickup truck
2343674.jpg,dog,dirt,a large elephant standing next to a fence
2411951.jpg,dog,dirt,a man sitting on a bench next to a dog
2370647.jpg,dog,tag,a black dog wearing a hat
2337205.jpg,dog,tag,a black and white dog laying in the grass with a water bottle
2355329.jpg,dog,tag,a dog laying on top of a bed
2323699.jpg,dog,tag,a woman holding a dog in her arms
2347801.jpg,dog,tag,a dog standing on a desk next to a laptop computer
107970.jpg,dog,tag,a black dog sitting on top of a bicycle
2404687.jpg,dog,tag,a dog sitting on a couch watching tv
2417574.jpg,dog,tag,a man standing next to a herd of sheep
2319590.jpg,dog,tag,a black dog playing with a frisbee in the grass
1592123.jpg,dog,tag,snowboarders and snowboarders in the snow
2328105.jpg,dog,tag,a cat laying on top of a laptop computer
2346042.jpg,dog,tag,cows walking down a dirt road
1386.jpg,dog,tag,a dog sitting on a chair in a room
2415243.jpg,dog,tag,a dog laying on a couch next to a remote control
2342671.jpg,dog,tag,a dog that is laying down in a suitcase
2393574.jpg,dog,tag,a white dog laying on the floor in a living room
2353468.jpg,dog,tag,a black and white dog standing next to a group of people
2340388.jpg,dog,tag,a dog laying on the ground next to a dirt road
2353191.jpg,dog,tag,a teddy bear sitting on top of a white plate
2321237.jpg,dog,tag,a brown dog sitting on a couch
2402059.jpg,dog,tag,a dog wearing a bow tie sitting on a bed
2391621.jpg,dog,tag,a woman holding a small dog in a room
2368621.jpg,dog,tag,a white and brown dog sitting next to a woman
2378865.jpg,dog,tag,a dog standing on a leash next to a red and white fire hydrant
2377200.jpg,dog,tag,a bus that is parked on the side of the road
2382042.jpg,dog,tag,a woman and a man are looking at a cake
2381777.jpg,dog,tag,a dog with a leash on walking on a path
2353465.jpg,dog,tag,two dogs are sitting on a wooden bench
2391972.jpg,dog,tag,a dog standing on top of a fire hydrant
2367488.jpg,dog,tag,a dog sitting in the back seat of a car
2375845.jpg,dog,tag,a dog sitting on a leash on a dirt road
2328720.jpg,dog,tag,a dog sitting in the passenger seat of a boat
2322086.jpg,dog,tag,a black and white dog laying on the floor
2339493.jpg,dog,tag,a brown and white dog standing on a beach
2357994.jpg,dog,tag,a dog sitting on a table in a factory
2409920.jpg,dog,tag,a brown dog sitting on top of a luggage bag
2345068.jpg,dog,tag,a brown and white dog laying on top of a blanket
2400727.jpg,dog,tag,a small black and white dog playing with a frisbee
2376104.jpg,dog,tag,a woman and a dog sitting next to each other
2377704.jpg,dog,tag,a man and a woman petting a dog on a leash
2390039.jpg,dog,tag,a dog laying on a bed next to a person
2380043.jpg,dog,tag,a cat laying on top of a blanket on the floor
2380220.jpg,dog,tag,a dog laying on a couch with a stuffed animal
2363386.jpg,dog,tag,a dog sitting on a chair in front of a desk
2324410.jpg,dog,tag,people riding skis down a snow covered slope
2415851.jpg,dog,tag,a black dog sitting in a kitchen next to a refrigerator
2338060.jpg,dog,tag,a dog sitting in the grass next to a tree
2401273.jpg,dog,tag,a dog sitting on top of a skateboard
2396329.jpg,dog,tag,a black and white dog is looking at a book
2318934.jpg,dog,tag,a small white dog wearing a blue and white striped shirt
2403057.jpg,dog,tag,a brown dog laying on a blue lawn chair
2376453.jpg,dog,tag,two dogs are playing with each other in the yard
2410967.jpg,dog,tag,a dog and a cat are playing together
2403710.jpg,dog,tag,a number of people on a paddle board in the water
2356015.jpg,dog,tag,a black and white dog standing in front of a frisbee
2357190.jpg,dog,tag,a man and a dog laying on a bed
2353942.jpg,dog,tag,a black and white cat and a black and white dog
2400114.jpg,dog,tag,a black and white dog wearing a hat
2367714.jpg,dog,tag,a black dog is laying on a couch
2408633.jpg,dog,tag,a black dog with a frisbee in its mouth
2356836.jpg,dog,tag,a black dog running with a black dog in a parking lot
2330673.jpg,dog,tag,a display case filled with lots of stuffed animals
2398334.jpg,dog,tag,a dog standing in the snow with a frisbee in its mouth
2400958.jpg,dog,tag,a dog and a man standing next to each other
2362525.jpg,dog,tag,a dog that is wearing a backpack
2330218.jpg,dog,tag,a dog carrying a backpack on its back
2410321.jpg,dog,tag,a brown and white cow standing next to a fence
2372715.jpg,dog,tag,a brown dog standing next to a black dog
2367250.jpg,dog,tag,a black and white dog sniffing a fire hydrant
2377864.jpg,dog,tag,a small dog sitting on a wooden bench
2401465.jpg,dog,tag,a person walking a dog on a trail
2413160.jpg,dog,tag,a black and white dog laying on top of a bed
2383244.jpg,dog,tag,a person holding a stuffed animal on a bed
2408110.jpg,dog,tag,a street scene with a building and a bicycle
2385466.jpg,dog,tag,a black dog sitting in the back of a car
2334734.jpg,dog,tag,a black dog standing on top of a beach
2380606.jpg,dog,tag,a dog with a backpack is walking in the parking lot
2400793.jpg,dog,tag,a brown dog standing on top of a lush green field
2402907.jpg,dog,tag,a brown and white dog standing on a rug
2409245.jpg,dog,tag,a car that has a bike on top of it
2380956.jpg,dog,tag,a dog sitting in the back of a pickup truck
2400362.jpg,dog,tag,a man holding a cat in his hand
2372055.jpg,dog,tag,a dog that is sitting on a boat
2342762.jpg,dog,tag,a brown and white dog sitting on top of a skateboard
2364208.jpg,dog,tag,a brown and white cow looking at the camera
2338103.jpg,dog,tag,a man in a suit and tie sitting next to a dog
2361529.jpg,dog,tag,a woman and her dog are in the field with sheep
2383524.jpg,dog,tag,a brown and white dog laying on the floor
2362196.jpg,dog,tag,a dog with a frisbee in its mouth
2365318.jpg,dog,tag,a black dog with a frisbee in its mouth
2410147.jpg,dog,tag,a small dog sitting inside of an oven
2322093.jpg,dog,tag,a black and white dog looking out of a window
2347254.jpg,dog,tag,a herd of sheep standing on top of a dry grass covered field
2321901.jpg,dog,tag,a brown and white dog laying on a rug
2331525.jpg,dog,tag,a man sitting in a car with a dog on his lap
2405633.jpg,dog,tag,a dog sitting in a suitcase on the floor
2337254.jpg,dog,tag,a dog sniffing a water bottle on a beach
2350951.jpg,dog,tag,a dog is looking out the window of a car
2371220.jpg,dog,tag,a herd of sheep standing on top of a lush green field
2346513.jpg,dog,tag,a dog that is sitting in a chair
2378738.jpg,dog,tag,a black and white dog wearing a collar
2386600.jpg,dog,tag,a dog laying on the grass next to a frisbee
2326242.jpg,dog,tag,a dog standing next to a boat on the water
2334171.jpg,dog,tag,a man carrying a bag of luggage down a sidewalk
2389636.jpg,dog,tag,a white dog sitting in a car seat
2393895.jpg,dog,tag,a brown dog laying next to a christmas tree
2399913.jpg,dog,tag,a dog sitting in the back seat of a truck
2364603.jpg,dog,tag,a street scene with a car and a dog
2416340.jpg,dog,tag,a herd of cattle standing on top of a lush green field
2411951.jpg,dog,tag,a man sitting on a bench next to a dog
2346637.jpg,dog,life jacket,a man and a dog on a beach with a surfboard
2368944.jpg,dog,life jacket,a dog chasing a group of people on a surfboard
2325500.jpg,dog,life jacket,a dog on a surfboard in the water
2381489.jpg,dog,life jacket,a man and a dog standing on a surfboard
2349993.jpg,dog,life jacket,a dog riding a surfboard on top of a wave
2361883.jpg,dog,life jacket,a man and a woman on a surfboard in the ocean
2357191.jpg,dog,life jacket,a man riding a surfboard on top of a wave
2387137.jpg,dog,life jacket,a woman sitting on a boat with a dog
2370415.jpg,dog,life jacket,a dog riding a surfboard on top of a wave
2331118.jpg,dog,life jacket,a dog on a surfboard in the water
2377944.jpg,dog,life jacket,a dog that is on a surfboard in the water
2370845.jpg,dog,life jacket,a dog riding a surfboard on top of a wave
2403710.jpg,dog,life jacket,a number of people on a paddle board in the water
2329347.jpg,dog,life jacket,a woman sitting on a paddle boat in the water
2378073.jpg,dog,life jacket,a dog that is in the water with a surfboard
2324106.jpg,dog,life jacket,people on surfboards in the water
2317661.jpg,dog,life jacket,a woman on a surfboard with a dog in the water
2336458.jpg,dog,life jacket,a large group of people in a body of water
2379063.jpg,dog,life jacket,a man and a dog on a paddle board in the water
2334564.jpg,dog,surfboard,a person riding a surfboard on top of a body of water
2346637.jpg,dog,surfboard,a man and a dog on a beach with a surfboard
2359938.jpg,dog,surfboard,a collage of photos showing different types of food
2414707.jpg,dog,surfboard,a large group of people on a beach with a dog
2322792.jpg,dog,surfboard,a dog on a surfboard in the water
2330356.jpg,dog,surfboard,a man standing next to a wooden table with a dog
2372581.jpg,dog,surfboard,a dog and a man on a surfboard in the water
2405419.jpg,dog,surfboard,a woman sitting on a beach next to a dog
2331063.jpg,dog,surfboard,a dog standing on top of a surfboard on the beach
2338165.jpg,dog,surfboard,a dog on a surfboard in the water
2320130.jpg,dog,surfboard,a dog on a surfboard in the water
2342016.jpg,dog,surfboard,a man and a dog on a surfboard in the ocean
2406607.jpg,dog,surfboard,a man sitting on a bench with a surfboard
2377113.jpg,dog,surfboard,a man holding a surfboard next to a dog on a beach
2357191.jpg,dog,surfboard,a man riding a surfboard on top of a wave
2409740.jpg,dog,surfboard,a man riding a bike down a street next to a group of people
2395395.jpg,dog,surfboard,a dog on a surfboard in the water
2391307.jpg,dog,surfboard,a man riding a surfboard on top of a body of water
2404065.jpg,dog,surfboard,two people on surfboards in the water
2402984.jpg,dog,surfboard,surfboards are lined up on the beach
2345562.jpg,dog,surfboard,a woman riding a surfboard on top of a wave in the ocean
2365964.jpg,dog,surfboard,surfers standing on top of a beach
2417801.jpg,dog,surfboard,a man riding a surfboard on top of a wave
2412342.jpg,dog,surfboard,a person walking on a beach with a surfboard
2363292.jpg,dog,surfboard,a man sitting on a surfboard in the water
2371922.jpg,dog,surfboard,surfers on a beach near the ocean
2370415.jpg,dog,surfboard,a dog riding a surfboard on top of a wave
2349591.jpg,dog,surfboard,two people on surfboards in the water
2379063.jpg,dog,surfboard,a man and a dog on a paddle board in the water
2379710.jpg,dog,surfboard,a dog riding a surfboard on top of a wave
2354569.jpg,dog,surfboard,a man walking on the beach with a surfboard
2356713.jpg,dog,surfboard,a dog and a person on a surfboard in the water
2331118.jpg,dog,surfboard,a dog on a surfboard in the water
2361220.jpg,dog,surfboard,a man with a surfboard and a dog on the beach
2377944.jpg,dog,surfboard,a dog that is on a surfboard in the water
2381403.jpg,dog,surfboard,a dog that is on a surfboard in the water
2362620.jpg,dog,surfboard,a man riding a surfboard on top of a dog
2370845.jpg,dog,surfboard,a dog riding a surfboard on top of a wave
2348946.jpg,dog,surfboard,a dog on a surfboard in the water
2378073.jpg,dog,surfboard,a dog that is in the water with a surfboard
2316215.jpg,dog,surfboard,two surfers and a dog in the ocean
2326052.jpg,dog,surfboard,a woman and a dog on a surfboard in the water
2347131.jpg,dog,surfboard,a number of dogs on a raft in the water
713188.jpg,dog,surfboard,a woman and a dog on a surfboard in the water
2362815.jpg,dog,surfboard,a woman and a dog on a surfboard in the ocean
2336027.jpg,dog,surfboard,a person holding a surfboard on a beach
2396084.jpg,dog,surfboard,a man and a woman walking with a surfboard in the water
2351028.jpg,dog,surfboard,a woman and a dog on a surfboard in the water
2392036.jpg,dog,surfboard,a person on a surfboard in the water
2398619.jpg,dog,surfboard,two surfers carrying their surfboards into the ocean
2377469.jpg,dog,surfboard,a man riding a wave on top of a surfboard
2366640.jpg,dog,surfboard,a dog on a surfboard in the water
2363024.jpg,dog,surfboard,a man with a surfboard walking into the water
2362161.jpg,dog,surfboard,three people on surfboards in the middle of the ocean
2377474.jpg,dog,surfboard,a person on a paddle board in the water
2352573.jpg,dog,surfboard,a man and a woman walking with a dog on the beach
2370923.jpg,dog,surfboard,a dog riding a surfboard on top of a wave
2392675.jpg,dog,surfboard,a man and a woman are playing in the water
2371670.jpg,dog,surfboard,a person riding a surfboard on top of a wave
2349281.jpg,dog,horse,two horses pulling a carriage down a street
2321511.jpg,dog,horse,a man sitting on a horse next to a dog
2376639.jpg,dog,horse,people riding horses on the beach
2336712.jpg,dog,horse,a man on a horse with a herd of sheep
2387430.jpg,dog,horse,a man riding on the back of a brown horse
2374739.jpg,dog,horse,a person riding a horse on the beach
2404933.jpg,dog,horse,a herd of sheep standing on top of a dirt road
2388328.jpg,dog,horse,a brown horse and a black horse in a fenced in area
2398506.jpg,dog,horse,a brown and white dog standing next to a white horse
2403836.jpg,dog,horse,a brown and white horse standing next to a fence
2360206.jpg,dog,horse,a horse pulling a carriage down a street
2347300.jpg,dog,horse,people riding horses down a road
2383663.jpg,dog,horse,a brown horse standing next to a black horse
2363247.jpg,dog,horse,a brown horse eating grass next to a fence
2398189.jpg,dog,horse,a herd of cattle on a grassy field
713697.jpg,dog,horse,people riding skis down a snow covered slope
2369464.jpg,dog,horse,a man riding on the back of a brown horse
2402417.jpg,dog,horse,a number of people riding horses down a trail
2370727.jpg,dog,horse,a man riding on the back of a brown horse
2364372.jpg,dog,horse,a woman riding on the back of a brown horse
2394611.jpg,dog,horse,a person jumping in the air to catch a frisbee
2339782.jpg,dog,horse,a dog laying on a bed next to a mirror
2414767.jpg,dog,horse,people standing around a tent with a horse
2407463.jpg,dog,horse,a man riding a horse drawn carriage down a street
2365888.jpg,dog,horse,a man riding a horse next to a dog
2391492.jpg,dog,horse,two horses pulling a carriage down a street
107926.jpg,dog,horse,a herd of cattle walking down a dirt road
2394117.jpg,dog,horse,a dog and a horse grazing in a field
2340860.jpg,dog,horse,a man standing next to a train on a track
2320636.jpg,dog,horse,a man riding on the back of a brown horse
2357609.jpg,dog,horse,a brown and white horse standing next to a fence
2353644.jpg,dog,horse,a variety of cakes are displayed on a table
2354373.jpg,dog,horse,a brown horse running through a grassy field
2328838.jpg,dog,horse,a person riding a horse in a field with a dog
2318372.jpg,dog,horse,a man riding on the back of a brown horse
2369860.jpg,dog,horse,a horse pulling a carriage down a street
2356259.jpg,dog,horse,two people riding horses on top of a sandy beach
2386876.jpg,dog,horse,a person and a dog on a leash on the side of a road
2398018.jpg,dog,horse,people standing around a house
2380298.jpg,dog,horse,a brown horse standing on top of a lush green field
2330479.jpg,dog,horse,a man riding a horse with a dog
2373502.jpg,dog,horse,a horse pulling a wagon full of hay
2344218.jpg,dog,horse,horses grazing in a grassy field next to a body of water
2387862.jpg,dog,horse,a person jumping a horse over a jump
2415110.jpg,dog,horse,a black and white dog standing next to a brick building
2403359.jpg,dog,horse,a brown and white dog and a black and white dog
2357556.jpg,dog,horse,a woman riding a horse in a field with a dog
2398532.jpg,dog,horse,a herd of horses running along a dirt road
2371420.jpg,dog,horse,a woman and a child playing a video game
2379786.jpg,dog,horse,a brown and white horse and a black and white dog
2347508.jpg,dog,horse,a woman and a horse standing next to each other
2337205.jpg,dog,cap,a black and white dog laying in the grass with a water bottle
2370023.jpg,dog,cap,a computer desk with a mouse and keyboard
2325645.jpg,dog,cap,a dog jumping in the air to catch a frisbee
2397138.jpg,dog,cap,two people on a boat in the water
2342016.jpg,dog,cap,a man and a dog on a surfboard in the ocean
2338275.jpg,dog,cap,a dog laying on the floor next to a laptop
2370.jpg,dog,cap,a city street filled with lots of traffic
2374386.jpg,dog,cap,a crowd of people walking down a street with umbrellas
2384517.jpg,dog,cap,a woman walking a dog down a sidewalk
2367018.jpg,dog,cap,a man riding a skateboard up the side of a ramp
2400930.jpg,dog,cap,a woman and a dog are playing frisbee in the water
2366353.jpg,dog,cap,a man and a dog playing frisbee in a park
2404534.jpg,dog,cap,a horse pulling a cart full of hay
2323280.jpg,dog,cap,a crowd of people standing around a dog at a dog show
2370216.jpg,dog,cap,a woman petting a brown and white dog
2362620.jpg,dog,cap,a man riding a surfboard on top of a dog
1831.jpg,dog,cap,a dog jumping in the air to catch a frisbee
2374749.jpg,dog,cap,a dog that is standing in the back of a truck
2318379.jpg,dog,cap,a black and white dog wearing a pirate hat
2352484.jpg,dog,cap,people on a boat in the water
2412325.jpg,dog,cap,people standing in a field with umbrellas
2354681.jpg,dog,cap,a dog catching a frisbee in a park
2345905.jpg,dog,cap,a man and a woman walking down the street with a dog
2361109.jpg,dog,cap,a man and a dog are on the back of a truck
2355266.jpg,dog,cap,a woman standing on top of a field with a frisbee
2318448.jpg,dog,cap,a black and white dog standing on a kitchen counter
2406520.jpg,dog,cap,a dog and a girl sitting on a bench
2402417.jpg,dog,cap,a number of people riding horses down a trail
2323585.jpg,dog,cap,a black dog sitting on top of a wooden desk
2409721.jpg,dog,cap,a man and a dog on the beach flying a kite
2387231.jpg,dog,cap,people standing in the snow with a kite
2324645.jpg,dog,cap,a man and a dog sitting on a bench
2399233.jpg,dog,cap,a man and a dog are walking in the snow
2360562.jpg,dog,cap,two people on skis in the snow
2360407.jpg,dog,cap,a man in a suit and tie posing for a picture
2317971.jpg,dog,cap,a little girl holding an umbrella in the snow
2351083.jpg,dog,cap,a brown dog laying on top of a blue rug
2322354.jpg,dog,cap,a woman and a dog on a surfboard in the ocean
1592395.jpg,dog,cap,a man and a woman sitting on a couch
2321342.jpg,dog,cap,a dog jumping in the air to catch a frisbee
2369464.jpg,dog,cap,a man riding on the back of a brown horse
2364424.jpg,dog,cap,a young boy and a young girl on a skateboard
2382890.jpg,dog,cap,a black and white dog wearing a hat
2414082.jpg,dog,cap,a person with a dog on a leash
2337026.jpg,dog,cap,a man and a dog on a boat in the water
2409245.jpg,dog,cap,a car that has a bike on top of it
2356713.jpg,dog,cap,a dog and a person on a surfboard in the water
2359049.jpg,dog,cap,a large group of girls posing for a picture
2396988.jpg,dog,cap,a man sitting on a bench next to a dog
2344769.jpg,dog,cap,a man riding a skateboard with a dog
2361415.jpg,dog,cap,a family posing for a picture
2382399.jpg,dog,cap,a dog jumping in the air to catch a frisbee
2396753.jpg,dog,cap,a man sitting on a bench with a dog
2335823.jpg,dog,cap,a man and a dog on a beach with a dog on a leash
2318384.jpg,dog,cap,a woman holding a dog in her hand
2324950.jpg,dog,cap,a dog catching a frisbee in a park
2402597.jpg,dog,cap,a man and a woman are sitting in a pickup truck
2347508.jpg,dog,cap,a woman and a horse standing next to each other
2412794.jpg,dog,cap,a woman and a man walking on the beach with a dog
2414707.jpg,dog,cap,a large group of people on a beach with a dog
2350109.jpg,dog,cap,a dog jumping up to catch a frisbee
2397149.jpg,dog,cap,a man sitting in the snow with a dog
2386512.jpg,dog,cap,a dog that is sitting on the back of a motorcycle
2322281.jpg,dog,cap,a man holding a frisbee in his right hand
2386631.jpg,dog,cap,a man on a surfboard with a dog
2350595.jpg,dog,cap,a dog wearing a hat on a beach
2341651.jpg,dog,cap,a little boy eating a piece of pizza
2385853.jpg,dog,cap,a dog wearing a hat standing next to a person
2357063.jpg,dog,cap,a man standing in a kitchen with a dog
2317615.jpg,dog,cap,a man catching a frisbee with a dog
2382854.jpg,dog,cap,a sandwich sitting on top of a table next to a bottle of beer
2317981.jpg,dog,cap,a man riding a bike with a dog on a leash
2416953.jpg,dog,cap,a man laying on a bed with two dogs
2341743.jpg,dog,cap,a man playing frisbee with a group of people
2388468.jpg,dog,cap,people standing next to each other
2346086.jpg,dog,cap,a dog wearing a hat on top of a table
2326052.jpg,dog,cap,a woman and a dog on a surfboard in the water
2373581.jpg,dog,cap,a cat sitting in a kitchen sink
2376475.jpg,dog,cap,a man in a red shirt is holding a dog
2339161.jpg,dog,cap,a man and a woman standing on a beach with a frisbee
2389743.jpg,dog,cap,a man and a dog standing in front of a pickup truck
2392675.jpg,dog,cap,a man and a woman are playing in the water
2383550.jpg,dog,snow,a dog standing on top of a body of water
2317971.jpg,dog,snow,a little girl holding an umbrella in the snow
2358650.jpg,dog,snow,a woman walking a dog on a leash in the snow
2325354.jpg,dog,snow,a number of people in a field with a number of dogs
2316635.jpg,dog,snow,a dog running in the snow with a frisbee in its mouth
2378957.jpg,dog,snow,a woman sitting on a bench next to a dog
2410503.jpg,dog,snow,a person with skis and a dog on a snow covered slope
2397149.jpg,dog,snow,a man sitting in the snow with a dog
2327030.jpg,dog,snow,a woman on skis and a dog on a leash
2365821.jpg,dog,snow,a man and a dog on skis in the snow
713615.jpg,dog,snow,three people are walking in the snow with their skis
2392521.jpg,dog,snow,two brown and white dogs wearing hats on their heads
2380827.jpg,dog,snow,a man holding a snowboard next to a snow covered mountain
1592123.jpg,dog,snow,snowboarders and snowboarders in the snow
2316980.jpg,dog,snow,a man and a dog are walking in the snow
2378038.jpg,dog,snow,a dog laying on the side of a train track
2393666.jpg,dog,snow,a large building with a clock on top of it
2386795.jpg,dog,snow,a woman riding skis down a snow covered slope
2400374.jpg,dog,snow,a man riding a snowboard down a snow covered slope
2367771.jpg,dog,snow,two people on skis and a dog in the snow
2324410.jpg,dog,snow,people riding skis down a snow covered slope
2393247.jpg,dog,snow,a woman holding a pair of skis standing on top of a snow covered
2338674.jpg,dog,snow,a man with a dog in the snow
2357646.jpg,dog,snow,a dog looking out the window of a car
2376054.jpg,dog,snow,a man walking across a snow covered road with a dog
2337125.jpg,dog,snow,a man walking across a snow covered field with a dog
2353702.jpg,dog,snow,a person on skis in the snow
2383227.jpg,dog,snow,a dog jumping in the air to catch a frisbee
2340687.jpg,dog,snow,a person on a leash with a dog
2340219.jpg,dog,snow,a brown dog holding a red frisbee in its mouth
2362093.jpg,dog,snow,a man riding skis down a snow covered slope
2393339.jpg,dog,snow,a person on a snow covered ground with a cat
2345710.jpg,dog,snow,a herd of cattle standing on top of a dry grass covered field
2396875.jpg,dog,snow,two dogs sitting on a bench in the snow
2350157.jpg,dog,snow,a man riding skis down a snow covered slope
2384109.jpg,dog,snow,a man riding a bike with a dog on a leash
2361561.jpg,dog,snow,a man and a dog on skis in the snow
2393779.jpg,dog,snow,a person riding skis on top of a snow covered slope
2377200.jpg,dog,snow,a bus that is parked on the side of the road
2389381.jpg,dog,snow,a dog chasing a frisbee in the snow
2399233.jpg,dog,snow,a man and a dog are walking in the snow
2325910.jpg,dog,snow,a dog sitting in the snow with a frisbee
2376077.jpg,dog,snow,a train that is stopped at a train station
2322293.jpg,dog,snow,a dog playing with a frisbee in the snow
2387472.jpg,dog,snow,a woman taking a picture of herself in a car mirror
2377314.jpg,dog,snow,a dog on a leash next to a bike
2342562.jpg,dog,snow,a dog and a frisbee in the snow
2360562.jpg,dog,snow,two people on skis in the snow
2363601.jpg,dog,snow,a person cross country skiing in the snow
2384917.jpg,dog,scarf,a dog wearing a hat on top of his head
2353510.jpg,dog,scarf,a black and white dog wearing a red and white dress
2338677.jpg,dog,scarf,a man holding a wii game controller in a living room
2325645.jpg,dog,scarf,a dog jumping in the air to catch a frisbee
2348791.jpg,dog,scarf,a woman walking a dog on a leash
2322897.jpg,dog,scarf,a girl laying on the floor next to a dog
2339137.jpg,dog,scarf,a dog laying in the grass next to other dogs
2384517.jpg,dog,scarf,a woman walking a dog down a sidewalk
2405307.jpg,dog,scarf,a toy dog standing next to a cell phone
2387231.jpg,dog,scarf,people standing in the snow with a kite
2373754.jpg,dog,scarf,a woman and a dog on a bus
2318934.jpg,dog,scarf,a small white dog wearing a blue and white striped shirt
2371798.jpg,dog,scarf,a dog that is standing next to a fire hydrant
2370711.jpg,dog,scarf,a dog wearing a hat and bow tie
2397601.jpg,dog,scarf,a woman taking a picture of a dog in a mirror
2369147.jpg,dog,scarf,a man holding a nintendo wii game controller
2409085.jpg,dog,scarf,a man riding on the back of a motorcycle
2371249.jpg,dog,scarf,a woman wearing a hat and holding a dog
2400114.jpg,dog,scarf,a black and white dog wearing a hat
2399233.jpg,dog,scarf,a man and a dog are walking in the snow
2383956.jpg,dog,scarf,a woman standing in front of a mirror looking at her phone
713723.jpg,dog,basket,a man sitting on a chair with a dog
2344635.jpg,dog,basket,a dog sitting in a suitcase with a stuffed animal
2339453.jpg,dog,basket,a man riding a bike with a dog on a leash
2328975.jpg,dog,basket,a person holding a hot dog in a bun
107970.jpg,dog,basket,a black dog sitting on top of a bicycle
2368409.jpg,dog,basket,people sitting around a table with a cake
2383945.jpg,dog,basket,people standing around a table covered in fruits and vegetables
2402100.jpg,dog,basket,a cat standing on top of a bicycle
2369749.jpg,dog,basket,a person laying on a couch with a dog
2347216.jpg,dog,basket,a woman sitting on a couch using a laptop
2386134.jpg,dog,basket,a woman riding a bike with a dog on a leash
2367272.jpg,dog,basket,a woman riding a bike with a basket on her head
2351824.jpg,dog,basket,a bicycle parked next to a train on a track
2387140.jpg,dog,basket,a dog standing next to a bicycle in front of a store
2333815.jpg,dog,basket,sheep are standing in a grassy field
2366850.jpg,dog,basket,a dog sitting on a chair in a park
2416699.jpg,dog,basket,a man standing next to a dog on a bicycle
2344629.jpg,dog,basket,a man riding a bike with a dog on a leash
2320655.jpg,dog,basket,a man riding a bike down a street with a small child
2335788.jpg,dog,basket,a man in a blue shirt is standing next to a blue motorcycle
2372968.jpg,dog,basket,a dog laying on top of a desk next to a computer
2380956.jpg,dog,basket,a dog sitting in the back of a pickup truck
2324193.jpg,dog,basket,a woman sitting on the floor with a dog
2395207.jpg,dog,basket,a woman standing in a kitchen preparing food
2353501.jpg,dog,basket,a dog and a cat sitting on a bike
2366619.jpg,dog,basket,a dog standing next to a parking meter
2324234.jpg,dog,basket,a woman riding a bicycle with a bag on her head
2384424.jpg,dog,basket,a dog that is sitting on the back of a motorcycle
2368507.jpg,dog,basket,a woman riding a bike down a street with a dog
2362696.jpg,dog,basket,a cow standing next to a motorcycle in a field
2404482.jpg,dog,basket,a dog laying on top of a bed
2370711.jpg,dog,basket,a dog wearing a hat and bow tie
2345594.jpg,dog,basket,a woman sitting at a table with a dog
2415276.jpg,dog,basket,a man riding a sled down a snow covered slope
2334367.jpg,dog,basket,a small boat with a dog on top of it
2329428.jpg,dog,basket,a person riding a bike with a dog
1591911.jpg,dog,basket,people standing around a table covered in fruits and vegetables
2384105.jpg,dog,basket,a dog laying on a couch with a stuffed animal
2402657.jpg,dog,basket,a dog sitting in the driver's seat of a car
2373581.jpg,dog,basket,a cat sitting in a kitchen sink
2355347.jpg,dog,basket,a man riding a bike with a dog in a basket
2347660.jpg,dog,basket,a person standing in a bathroom next to a toilet
2379774.jpg,dog,basket,a dog on a boat in the water
2343625.jpg,dog,basket,a dog laying in a tub filled with water
2329456.jpg,dog,basket,a dog that is standing in front of a store
2409618.jpg,dog,basket,a person riding a bike with a dog on a leash
2330381.jpg,dog,basket,a living room filled with furniture and a tv
2319745.jpg,dog,basket,two bicycles parked next to each other near a body of water
2371647.jpg,dog,basket,a woman walking a dog down a sidewalk
2324478.jpg,dog,basket,a dog laying on a couch in a living room
2406821.jpg,dog,bus,a blue and white bus stopped at a bus stop
2339453.jpg,dog,bus,a man riding a bike with a dog on a leash
2361504.jpg,dog,bus,a large brown dog laying on top of a wooden floor
2407878.jpg,dog,bus,a bus full of people sitting on the seats
2341324.jpg,dog,bus,a city bus is stopped at a bus stop
2387995.jpg,dog,bus,a woman and a child standing near a bus
2359221.jpg,dog,bus,a bus is parked on the side of the road
285822.jpg,dog,bus,a woman riding a bike with a basket on her head
2317067.jpg,dog,bus,a dog is standing in front of a bus
2347373.jpg,dog,bus,a young boy standing in the grass with a kite in his hand
2353644.jpg,dog,bus,a variety of cakes are displayed on a table
2349742.jpg,dog,bus,a dog sitting in the driver's seat of a bus
2361824.jpg,dog,bus,a person riding a bicycle on a city street
2384849.jpg,dog,bus,a woman standing in front of a blue and white bus
2375910.jpg,dog,bus,a police officer riding on the back of a motorcycle
2319334.jpg,dog,bus,a person riding a bike on a city street
2410366.jpg,dog,bus,a dog is looking out the window of a car
2377200.jpg,dog,bus,a bus that is parked on the side of the road
2356836.jpg,dog,bus,a black dog running with a black dog in a parking lot
2352588.jpg,dog,bus,a black dog laying on top of a bed
2400408.jpg,dog,bus,a woman sitting on a bench talking on a cell phone
2820.jpg,dog,bus,a city street at night with a traffic light
2385539.jpg,dog,flag,a man jumping to catch a frisbee in a park
2316469.jpg,dog,flag,a dog that is sitting on a leash
722.jpg,dog,flag,a man walking down the street with a skateboard
2325645.jpg,dog,flag,a dog jumping in the air to catch a frisbee
2336693.jpg,dog,flag,a black and white dog jumping in the air to catch a frisbee
2340353.jpg,dog,flag,a dog sitting in the back of a pickup truck
2321557.jpg,dog,flag,a crowd of people standing on the side of a road
1592123.jpg,dog,flag,snowboarders and snowboarders in the snow
2377113.jpg,dog,flag,a man holding a surfboard next to a dog on a beach
2413880.jpg,dog,flag,three young people riding skateboards down a city street
2388066.jpg,dog,flag,a dog jumping in the air to catch a frisbee
2359073.jpg,dog,flag,a cat laying on the ground next to a dog
2376794.jpg,dog,flag,a young boy standing in front of a body of water
2382269.jpg,dog,flag,a man flying through the air while riding a skateboard
2315773.jpg,dog,flag,a brown and white dog on a skateboard
2328885.jpg,dog,flag,a black and white dog jumping in the air to catch a frisbee
2320868.jpg,dog,flag,a crowd of people flying kites on a beach
2333815.jpg,dog,flag,sheep are standing in a grassy field
497973.jpg,dog,flag,a crowd of people standing around a park with a dog
2364866.jpg,dog,flag,a dog catching a frisbee in a park
2366845.jpg,dog,flag,a black and white dog standing next to a group of sheep
2345151.jpg,dog,flag,a crowd of people with umbrellas walking down a street
2318372.jpg,dog,flag,a man riding on the back of a brown horse
2358778.jpg,dog,flag,a dog jumping in the air to catch a frisbee
2367060.jpg,dog,flag,a black dog standing on top of a grass covered field
2353801.jpg,dog,flag,a man on a boat in the water
2334367.jpg,dog,flag,a small boat with a dog on top of it
2382687.jpg,dog,flag,a white dog laying on top of a white bike
2363530.jpg,dog,flag,a beach with people on the sand and a kite flying in the air
2395166.jpg,dog,flag,a dog jumping up to catch a frisbee
2359938.jpg,dog,people,a collage of photos showing different types of food
2409697.jpg,dog,people,a young girl is flying a kite in a field
2390441.jpg,dog,people,a man in a blue shirt is talking on a cell phone
285910.jpg,dog,people,surfers posing for a picture on the beach
2405419.jpg,dog,people,a woman sitting on a beach next to a dog
2360206.jpg,dog,people,a horse pulling a carriage down a street
2393152.jpg,dog,people,kites flying in the air on a beach
2386233.jpg,dog,people,a man riding a skateboard on top of a dirt road
2362446.jpg,dog,people,a pile of stuffed animals sitting on top of each other
2341071.jpg,dog,people,a man riding a skateboard up the side of a ramp
2402842.jpg,dog,people,a dog sitting in front of a tv
2397585.jpg,dog,people,a man flying a kite in a park
2337303.jpg,dog,people,a man sitting on a bench talking on a cell phone
2393315.jpg,dog,people,a dog in the water with a frisbee in its mouth
2394611.jpg,dog,people,a person jumping in the air to catch a frisbee
723.jpg,dog,people,a large white van parked in front of a building
2391849.jpg,dog,people,a crowd of people walking down a street with umbrellas
2324234.jpg,dog,people,a woman riding a bicycle with a bag on her head
2346815.jpg,dog,people,people are flying kites on the beach
2388197.jpg,dog,people,people standing on top of a beach
2400608.jpg,dog,people,a dog laying on the ground next to a boat
2327076.jpg,dog,people,a dog sitting in front of a window
2341368.jpg,dog,people,a woman walking down the street with a horse
2376950.jpg,dog,people,a man standing on top of a sandy beach next to a truck
2323280.jpg,dog,people,a crowd of people standing around a dog at a dog show
1592443.jpg,dog,people,a herd of cattle standing on top of a sandy beach
2368914.jpg,dog,people,a dog standing on a dock next to a boat
2370107.jpg,dog,people,a white dog standing on a lush green field
2324236.jpg,dog,people,a woman riding a skateboard with a dog
2377200.jpg,dog,people,a bus that is parked on the side of the road
2379484.jpg,dog,people,a man and a dog sitting on a trail in the woods
2324942.jpg,dog,people,a man walking down a street next to a street sign
2363530.jpg,dog,people,a beach with people on the sand and a kite flying in the air
2394945.jpg,dog,people,a herd of sheep in a pen with a dog
2335576.jpg,dog,people,a flock of birds flying over a body of water
2393911.jpg,dog,people,a man and a woman sitting on a couch playing a video game
2345905.jpg,dog,people,a man and a woman walking down the street with a dog
2409920.jpg,dog,people,a brown dog sitting on top of a luggage bag
2383945.jpg,dog,people,people standing around a table covered in fruits and vegetables
2406607.jpg,dog,people,a man sitting on a bench with a surfboard
2377113.jpg,dog,people,a man holding a surfboard next to a dog on a beach
2369004.jpg,dog,people,a woman holding a frisbee next to a dog
286019.jpg,dog,people,a man and a woman sitting on a park bench
2377704.jpg,dog,people,a man and a woman petting a dog on a leash
2416740.jpg,dog,people,a teddy bear sitting on top of a park bench
2357802.jpg,dog,people,a woman holding a dog while sitting on a boat
2404204.jpg,dog,people,a brown dog laying on a park bench
2370727.jpg,dog,people,a man riding on the back of a brown horse
2377932.jpg,dog,people,a man sitting on a bench with a dog
498019.jpg,dog,people,a man sitting on a couch with a cat
2324410.jpg,dog,people,people riding skis down a snow covered slope
2372046.jpg,dog,people,a man sitting on a couch with a dog
2409721.jpg,dog,people,a man and a dog on the beach flying a kite
2405623.jpg,dog,people,a dog riding a skateboard on top of a sidewalk
2387231.jpg,dog,people,people standing in the snow with a kite
2366156.jpg,dog,people,a brown horse standing next to a red horse
2340860.jpg,dog,people,a man standing next to a train on a track
2361220.jpg,dog,people,a man with a surfboard and a dog on the beach
4592.jpg,dog,people,a car parked on the side of a road
2351477.jpg,dog,people,a herd of sheep standing on top of a lush green field
2365030.jpg,dog,people,a brown and white dog on a skateboard
2408785.jpg,dog,people,stuffed animals in a box
2388985.jpg,dog,people,a person riding a skateboard down a street
2353942.jpg,dog,people,a black and white cat and a black and white dog
2315606.jpg,dog,people,a person riding a skateboard on a sidewalk
2376395.jpg,dog,people,a black and white cow standing next to a group of people
2377469.jpg,dog,people,a man riding a wave on top of a surfboard
2339336.jpg,dog,people,a person walking in the snow with a snowboard
2341401.jpg,dog,people,a dog jumping in the air to catch a frisbee
2355579.jpg,dog,people,a large group of people skiing down a snow covered slope
2417873.jpg,dog,people,a dog standing on top of a soccer field
2360562.jpg,dog,people,two people on skis in the snow
2330218.jpg,dog,people,a dog carrying a backpack on its back
2349616.jpg,dog,people,a dog laying on top of a white boat
2325354.jpg,dog,people,a number of people in a field with a number of dogs
2376639.jpg,dog,people,people riding horses on the beach
722.jpg,dog,people,a man walking down the street with a skateboard
2366946.jpg,dog,people,a man standing on a beach flying a kite
2343526.jpg,dog,people,a person riding a surfboard on top of a body of water
2414764.jpg,dog,people,a woman sitting on the grass holding a cell phone
2324536.jpg,dog,people,a person on a beach flying a kite
2404537.jpg,dog,people,a man sitting on a beach with a dog
2380064.jpg,dog,people,a living room filled with furniture and a tv
2370710.jpg,dog,people,two white dogs sitting on a park bench
2382466.jpg,dog,people,a man standing next to a parked motorcycle
2371402.jpg,dog,people,a woman sitting on a bed in front of a mirror
2320542.jpg,dog,people,a person sitting on a bench on a beach
2412342.jpg,dog,people,a person walking on a beach with a surfboard
2366845.jpg,dog,people,a black and white dog standing next to a group of sheep
2413579.jpg,dog,people,a white bus parked on the side of the road
713715.jpg,dog,people,a herd of sheep standing on top of a lush green field
2356259.jpg,dog,people,two people riding horses on top of a sandy beach
2369.jpg,dog,people,people walking down a street with a dog
2367662.jpg,dog,people,a woman walking her dog down a sidewalk
2375910.jpg,dog,people,a police officer riding on the back of a motorcycle
2320693.jpg,dog,people,a dog holding a frisbee in its mouth
2393779.jpg,dog,people,a person riding skis on top of a snow covered slope
2348134.jpg,dog,people,a person and a dog on a leash
2382399.jpg,dog,people,a dog jumping in the air to catch a frisbee
2392036.jpg,dog,people,a person on a surfboard in the water
2411533.jpg,dog,people,a black and white cat and a brown and white dog on a leash
2396753.jpg,dog,people,a man sitting on a bench with a dog
2319880.jpg,dog,people,a police dog standing in front of a truck
2402597.jpg,dog,people,a man and a woman are sitting in a pickup truck
2358192.jpg,dog,people,a man sitting at a table with a glass of wine
2380409.jpg,dog,people,a man standing next to a dog on the side of a road
2397204.jpg,dog,people,people standing on a beach near the ocean
2355727.jpg,dog,people,a dog jumping in the air to catch a frisbee
2357995.jpg,dog,people,a train on a track near a bridge
2386512.jpg,dog,people,a dog that is sitting on the back of a motorcycle
2320130.jpg,dog,people,a dog on a surfboard in the water
2363815.jpg,dog,people,people on a boat in the water
2409740.jpg,dog,people,a man riding a bike down a street next to a group of people
2391800.jpg,dog,people,a person jumping in the air to catch a frisbee
2367636.jpg,dog,people,a crowd of people flying kites in a field
2347373.jpg,dog,people,a young boy standing in the grass with a kite in his hand
2363267.jpg,dog,people,a man and a dog sitting on a bench
2384455.jpg,dog,people,a man riding a horse on top of a beach
2317573.jpg,dog,people,a woman swinging a tennis racquet on a tennis court
2345544.jpg,dog,people,a man and a woman standing on a sidewalk with a skateboard
2361973.jpg,dog,people,a herd of cows walking down a street next to a building
2345931.jpg,dog,people,a man and a woman flying a kite on a beach
2416234.jpg,dog,people,a woman and two dogs are walking along a riverbank
2370145.jpg,dog,people,a dog laying in the middle of a flooded street
2341743.jpg,dog,people,a man playing frisbee with a group of people
2416883.jpg,dog,people,a woman holding a frisbee in a park
2323250.jpg,dog,people,a man is looking at a dog on a leash
2382138.jpg,dog,people,a man and a dog standing next to each other
2324192.jpg,dog,people,a large jetliner sitting on top of an airport runway
2373751.jpg,dog,people,a man holding a frisbee in front of a group of people
3424.jpg,dog,people,an old building with a statue of a man on top of it
2324106.jpg,dog,people,people on surfboards in the water
2315716.jpg,dog,people,a motorcycle is parked on the grass in front of a crowd of people
2373288.jpg,dog,people,a person sitting on a bench in a park
2367710.jpg,dog,people,a man sitting on a bench next to a woman
2348342.jpg,dog,people,a dog jumping up to catch a frisbee
2397787.jpg,dog,people,a dog jumping in the air to catch a frisbee
2336458.jpg,dog,people,a large group of people in a body of water
2392675.jpg,dog,people,a man and a woman are playing in the water
2407435.jpg,dog,rope,a woman riding a bike with a dog on a leash
2330218.jpg,dog,rope,a dog carrying a backpack on its back
2399674.jpg,dog,rope,a man sitting on a bench with a dog
2385539.jpg,dog,rope,a man jumping to catch a frisbee in a park
2349275.jpg,dog,rope,a black and white dog standing next to a wooden crate
2392565.jpg,dog,rope,a dog sitting on top of a boat in the water
2325645.jpg,dog,rope,a dog jumping in the air to catch a frisbee
2336693.jpg,dog,rope,a black and white dog jumping in the air to catch a frisbee
2391472.jpg,dog,rope,a dog and a sheep in a fenced in area
2331063.jpg,dog,rope,a dog standing on top of a surfboard on the beach
2369089.jpg,dog,rope,a dog sitting in the back of a pick up truck
2364444.jpg,dog,rope,a man in a field with a frisbee
2388066.jpg,dog,rope,a dog jumping in the air to catch a frisbee
2381489.jpg,dog,rope,a man and a dog standing on a surfboard
2347233.jpg,dog,rope,a dog that is standing on a ledge
2328885.jpg,dog,rope,a black and white dog jumping in the air to catch a frisbee
2417914.jpg,dog,rope,a dog standing on a beach next to a boat
2344063.jpg,dog,rope,a dog standing in the grass next to a tree
2346513.jpg,dog,rope,a dog that is sitting in a chair
2353398.jpg,dog,rope,a white dog standing on top of a white boat
2350379.jpg,dog,rope,a boat that is sitting in the water
2331954.jpg,dog,rope,a dog laying on a bed with a person
2372055.jpg,dog,rope,a dog that is sitting on a boat
2410104.jpg,dog,rope,a crowd of people standing around a food truck
2380787.jpg,dog,rope,a dog standing on top of a dock next to a body of water
2363861.jpg,dog,rope,a man jumping in the air to catch a frisbee
2354569.jpg,dog,rope,a man walking on the beach with a surfboard
2340457.jpg,dog,rope,a dog standing on top of a fire hydrant
2403057.jpg,dog,rope,a brown dog laying on a blue lawn chair
2320102.jpg,dog,rope,a dog and a cat standing next to each other
2329347.jpg,dog,rope,a woman sitting on a paddle boat in the water
2381433.jpg,dog,rope,a cat sitting on top of a red fire hydrant
2361492.jpg,dog,rope,a sailboat sailing on a body of water
2381952.jpg,dog,rope,a dog standing next to a sheep in a field
1160209.jpg,dog,rope,a dog standing on top of a boat in the water
2364024.jpg,dog,rope,a man and a dog on a boat in the water
2379774.jpg,dog,rope,a dog on a boat in the water
2355865.jpg,dog,rope,a dog sitting on the edge of a white bathtub
2386037.jpg,dog,rope,a black and white dog catching a frisbee in its mouth
2391972.jpg,dog,rope,a dog standing on top of a fire hydrant
2406596.jpg,dog,skis,a woman walking her dog across a snow covered street
2361561.jpg,dog,skis,a man and a dog on skis in the snow
2401465.jpg,dog,skis,a person walking a dog on a trail
2393779.jpg,dog,skis,a person riding skis on top of a snow covered slope
2381402.jpg,dog,skis,three people on skis and a dog in the snow
2360562.jpg,dog,skis,two people on skis in the snow
713697.jpg,dog,skis,people riding skis down a snow covered slope
2410503.jpg,dog,skis,a person with skis and a dog on a snow covered slope
2327030.jpg,dog,skis,a woman on skis and a dog on a leash
2339336.jpg,dog,skis,a person walking in the snow with a snowboard
2365821.jpg,dog,skis,a man and a dog on skis in the snow
2353922.jpg,dog,skis,two people sitting on a snow covered slope on skis
2362093.jpg,dog,skis,a man riding skis down a snow covered slope
2355579.jpg,dog,skis,a large group of people skiing down a snow covered slope
1592123.jpg,dog,skis,snowboarders and snowboarders in the snow
2350157.jpg,dog,skis,a man riding skis down a snow covered slope
2363601.jpg,dog,skis,a person cross country skiing in the snow
2408746.jpg,dog,stove,a little boy sitting at a table with a plate of food
2360497.jpg,dog,stove,a dog standing on the floor next to a person
2343907.jpg,dog,stove,a white dog laying on the floor in a kitchen
2385858.jpg,dog,stove,two men standing in a kitchen next to a sink
1592815.jpg,dog,stove,a man and a dog standing in a kitchen
2347727.jpg,dog,stove,a cat standing on top of a kitchen counter
2318308.jpg,dog,stove,a woman holding a dog over a bowl of food
2335936.jpg,dog,stove,a woman standing in a kitchen with a dog
2387784.jpg,dog,stove,two dogs are playing together in the kitchen
2357063.jpg,dog,stove,a man standing in a kitchen with a dog
2394191.jpg,dog,stove,a living room filled with lots of furniture
2320097.jpg,dog,stove,a counter top with a bunch of food on top of it
61571.jpg,dog,stove,a small dog standing in a kitchen next to a stove
2341937.jpg,dog,stove,a kitchen with a dog sitting on the floor
2332528.jpg,dog,can,a man holding a dog in his right hand
2359181.jpg,dog,can,a man is looking at birds on a street
2346157.jpg,dog,can,a man sitting on the ground next to a bunch of bananas
2321114.jpg,dog,can,a hot dog with mustard and ketchup on a tray
2360206.jpg,dog,can,a horse pulling a carriage down a street
2322034.jpg,dog,can,a man and a woman walking down the street with an umbrella
2318308.jpg,dog,can,a woman holding a dog over a bowl of food
2405708.jpg,dog,can,a brown and white dog sitting next to a table with a table cloth
2366353.jpg,dog,can,a man and a dog playing frisbee in a park
2372176.jpg,dog,can,a man and a woman sitting on a couch playing a video game
2342959.jpg,dog,can,a man cutting a cake on a table
2354494.jpg,dog,can,a person laying on a couch with a dog
2316886.jpg,dog,can,a dog chewing on a piece of food
2340457.jpg,dog,can,a dog standing on top of a fire hydrant
2339015.jpg,dog,can,a hot dog on a bun with mustard and ketchup
2360497.jpg,dog,can,a dog standing on the floor next to a person
2352717.jpg,dog,can,a hot dog with mustard and ketchup on a wooden table
2335060.jpg,dog,can,a bicycle parked on the side of a road near a body of water
2369174.jpg,dog,can,a man sitting on a toilet in a bathroom
2388985.jpg,dog,stroller,a person riding a skateboard down a street
2387231.jpg,dog,stroller,people standing in the snow with a kite
2318692.jpg,dog,stroller,a black and white dog jumping up to catch a frisbee
2382399.jpg,dog,stroller,a dog jumping in the air to catch a frisbee
2364603.jpg,dog,stroller,a street scene with a car and a dog
2377704.jpg,dog,stroller,a man and a woman petting a dog on a leash
2331500.jpg,dog,stroller,a large group of people flying kites in a field
2395227.jpg,dog,stroller,a little girl standing in the grass with a dog
1592252.jpg,dog,stroller,a small dog standing on a sidewalk next to a woman
713331.jpg,dog,stroller,a crowd of people flying kites in a field
2341324.jpg,dog,stroller,a city bus is stopped at a bus stop
2395632.jpg,dog,stroller,a dog swimming in a pool of water
2332528.jpg,dog,child,a man holding a dog in his right hand
2359938.jpg,dog,child,a collage of photos showing different types of food
2409697.jpg,dog,child,a young girl is flying a kite in a field
2383945.jpg,dog,child,people standing around a table covered in fruits and vegetables
2412108.jpg,dog,child,a dog that is standing in the grass with a frisbee
713048.jpg,dog,child,people sitting on a boat with a dog
2354002.jpg,dog,child,a man is walking with an elephant in the street
2367512.jpg,dog,child,a man and a dog walking down a street
2385923.jpg,dog,child,a young boy holding a baseball bat on a field
2372493.jpg,dog,child,a large truck parked on the side of a road
2315773.jpg,dog,child,a brown and white dog on a skateboard
2342372.jpg,dog,child,a man sitting on a couch with a small dog
2395227.jpg,dog,child,a little girl standing in the grass with a dog
2345520.jpg,dog,child,a birthday party for a little girl with a birthday cake
2318152.jpg,dog,child,a woman holding a dog in her arms
1592252.jpg,dog,child,a small dog standing on a sidewalk next to a woman
2377871.jpg,dog,child,people flying kites in a field
2397585.jpg,dog,child,a man flying a kite in a park
2412342.jpg,dog,child,a person walking on a beach with a surfboard
2320542.jpg,dog,child,a person sitting on a bench on a beach
2395632.jpg,dog,child,a dog swimming in a pool of water
2371922.jpg,dog,child,surfers on a beach near the ocean
2356877.jpg,dog,child,a dog jumping up to catch a frisbee
2320410.jpg,dog,child,two women sitting under an umbrella at a park
2349696.jpg,dog,child,two women walking down a street holding umbrellas
2408562.jpg,dog,child,a dog catching a frisbee in its mouth
2388197.jpg,dog,child,people standing on top of a beach
2416234.jpg,dog,child,a woman and two dogs are walking along a riverbank
2356330.jpg,dog,child,a man and a woman petting a dog on a bench
2417119.jpg,dog,child,motorcyclists are riding down the street
2388607.jpg,dog,child,a young child holding an umbrella in the rain
2353948.jpg,dog,child,a dog on a leash on a skateboard
2340687.jpg,dog,child,a person on a leash with a dog
3424.jpg,dog,child,an old building with a statue of a man on top of it
2363971.jpg,dog,child,a man and a woman are sitting on a couch together
2398018.jpg,dog,child,people standing around a house
2409085.jpg,dog,child,a man riding on the back of a motorcycle
2361415.jpg,dog,child,a family posing for a picture
2382399.jpg,dog,child,a dog jumping in the air to catch a frisbee
2320476.jpg,dog,child,a little girl walking with a dog on a beach
2360774.jpg,dog,child,a woman is sitting on a scooter in the middle of the street
2397787.jpg,dog,child,a dog jumping in the air to catch a frisbee
2341401.jpg,dog,child,a dog jumping in the air to catch a frisbee
2358535.jpg,dog,child,a man sitting on a bench with a dog
2367250.jpg,dog,vehicle,a black and white dog sniffing a fire hydrant
2385539.jpg,dog,vehicle,a man jumping to catch a frisbee in a park
722.jpg,dog,vehicle,a man walking down the street with a skateboard
2371032.jpg,dog,vehicle,a woman walking down the street with a dog
2413634.jpg,dog,vehicle,a black and white dog standing in a yard with a frisbee
2391328.jpg,dog,vehicle,a police officer riding a motorcycle on a city street
2371675.jpg,dog,vehicle,a dog is standing on the back of a truck
2328885.jpg,dog,vehicle,a black and white dog jumping in the air to catch a frisbee
2348277.jpg,dog,vehicle,a dog is looking out the window of a car
2382466.jpg,dog,vehicle,a man standing next to a parked motorcycle
2367018.jpg,dog,vehicle,a man riding a skateboard up the side of a ramp
2338535.jpg,dog,vehicle,a dog sitting in the drivers seat of a car
2342900.jpg,dog,vehicle,a man and a woman walking down a street with a dog
2399207.jpg,dog,vehicle,a dog sitting in the driver's seat of a car
2417556.jpg,dog,vehicle,a street corner with a store on the corner
2366156.jpg,dog,vehicle,a brown horse standing next to a red horse
2316075.jpg,dog,vehicle,a man sitting on the back of a truck in a field
2351205.jpg,dog,vehicle,a man and a dog playing frisbee in the grass
2350677.jpg,dog,vehicle,a woman standing next to a table with a cake
2402657.jpg,dog,vehicle,a dog sitting in the driver's seat of a car
2364603.jpg,dog,vehicle,a street scene with a car and a dog
2349786.jpg,dog,vehicle,two dogs standing next to each other in a garage
2390566.jpg,dog,vehicle,a dog sitting in the driver's seat of a car
2414213.jpg,dog,vehicle,a man driving a truck with a dog on top of it
2367842.jpg,dog,fire hydrant,people walking down a street with umbrellas
2347851.jpg,dog,fire hydrant,a fire hydrant and a sign on the side of a road
1592878.jpg,dog,fire hydrant,a red fire hydrant sitting next to a fence
2367250.jpg,dog,fire hydrant,a black and white dog sniffing a fire hydrant
2353822.jpg,dog,fire hydrant,a brown and white dog standing next to a man on a leash
2331072.jpg,dog,fire hydrant,a black and white dog is sniffing a fire hydrant
2329647.jpg,dog,fire hydrant,a little girl and a little boy playing with a fire hydrant
2384596.jpg,dog,fire hydrant,a man walking down a street next to a train
2410952.jpg,dog,fire hydrant,a fire hydrant in the middle of a snowy field
2369718.jpg,dog,fire hydrant,a black and white cat sitting next to a fire hydrant
2370.jpg,dog,fire hydrant,a city street filled with lots of traffic
2370344.jpg,dog,fire hydrant,a white fire hydrant sitting on the side of a sidewalk
2345384.jpg,dog,fire hydrant,a fire hydrant and a dog on a beach
2395888.jpg,dog,fire hydrant,a dog that is standing next to a fire hydrant
2384866.jpg,dog,fire hydrant,a black dog standing next to a fire hydrant
2328037.jpg,dog,fire hydrant,a white dog standing on a sidewalk next to a fire hydrant
2368734.jpg,dog,fire hydrant,a person sitting on a bike in the street
2371798.jpg,dog,fire hydrant,a dog that is standing next to a fire hydrant
2339890.jpg,dog,fire hydrant,a woman walking down a street with a dog
2389474.jpg,dog,fire hydrant,a dog looking out the window of a car
2355950.jpg,dog,fire hydrant,a man holding a fire hydrant next to a parked car
2348263.jpg,dog,fire hydrant,people crossing the street at an intersection
2324942.jpg,dog,fire hydrant,a man walking down a street next to a street sign
2354835.jpg,dog,fire hydrant,a dog looking out the window of a car
2342220.jpg,dog,fire hydrant,a dog standing next to a fire hydrant
2322173.jpg,dog,fire hydrant,a white dog laying on the side of the road
2391488.jpg,dog,fire hydrant,a man walking down the street with a dog
2406866.jpg,dog,fire hydrant,a yellow fire hydrant next to a parking lot
2379464.jpg,dog,trash can,a white cat laying on the floor next to a white refrigerator
2362379.jpg,dog,trash can,people sitting on a grass covered field
2383950.jpg,dog,trash can,a dog jumping in the air to catch a frisbee
2379667.jpg,dog,trash can,a woman sitting on a bench next to a dog
2347727.jpg,dog,trash can,a cat standing on top of a kitchen counter
2359753.jpg,dog,trash can,a man riding a skateboard next to a fence
2397926.jpg,dog,trash can,a dog standing on top of a kitchen counter
2403205.jpg,dog,trash can,a person on a motorcycle with a dog
2393152.jpg,dog,trash can,kites flying in the air on a beach
2370203.jpg,dog,trash can,a large white dog laying on top of a wooden floor
2341937.jpg,dog,trash can,a kitchen with a dog sitting on the floor
2377113.jpg,dog,trash can,a man holding a surfboard next to a dog on a beach
2370.jpg,dog,trash can,a city street filled with lots of traffic
2391682.jpg,dog,trash can,a white dog laying on the floor next to a white refrigerator
2386233.jpg,dog,trash can,a man riding a skateboard on top of a dirt road
2377704.jpg,dog,trash can,a man and a woman petting a dog on a leash
2379316.jpg,dog,trash can,a dog that is laying down in a bag
2377932.jpg,dog,trash can,a man sitting on a bench with a dog
2380863.jpg,dog,trash can,a food truck is parked in front of a building
2406283.jpg,dog,trash can,a woman sitting at a table with two dogs
2363804.jpg,dog,trash can,a white dog laying on the floor next to a stove
2413586.jpg,dog,trash can,a kitchen filled with lots of food and people
2406003.jpg,dog,trash can,a dog and a cat standing in a kitchen
2344583.jpg,dog,trash can,a man and a dog are playing frisbee in a park
2372091.jpg,dog,trash can,a brown dog sitting on a wooden bench
2403537.jpg,dog,trash can,a dog standing in the grass with a frisbee
2398065.jpg,dog,trash can,a woman holding a dog in front of a cake
2412702.jpg,dog,trash can,a person walking down a sidewalk with a dog
2384917.jpg,dog,goggles,a dog wearing a hat on top of his head
2391328.jpg,dog,goggles,a police officer riding a motorcycle on a city street
713207.jpg,dog,goggles,a dog on a surfboard in the water
2364719.jpg,dog,goggles,a dog and a person on a scooter
2392426.jpg,dog,goggles,a dog sitting on top of a motorcycle
2353702.jpg,dog,goggles,a person on skis in the snow
2413278.jpg,dog,goggles,a person on a motorcycle with a dog on it
1592123.jpg,dog,goggles,snowboarders and snowboarders in the snow
2404746.jpg,dog,sheep,a dog standing on top of a lush green field
2348603.jpg,dog,sheep,a herd of sheep standing on top of a grass covered field
2361109.jpg,dog,sheep,a man and a dog are on the back of a truck
2350150.jpg,dog,sheep,a man riding a bike down a road with a dog
2347254.jpg,dog,sheep,a herd of sheep standing on top of a dry grass covered field
2351907.jpg,dog,sheep,a herd of sheep standing on top of a lush green hillside
2391472.jpg,dog,sheep,a dog and a sheep in a fenced in area
2404933.jpg,dog,sheep,a herd of sheep standing on top of a dirt road
2417574.jpg,dog,sheep,a man standing next to a herd of sheep
2390585.jpg,dog,sheep,a herd of sheep standing on top of a lush green field
2352358.jpg,dog,sheep,a dog looking at a sheep in a field
2374958.jpg,dog,sheep,a herd of sheep standing on top of a snow covered field
2389746.jpg,dog,sheep,a white dog laying on top of a lush green field
2323208.jpg,dog,sheep,a herd of sheep standing on top of a lush green field
2410190.jpg,dog,sheep,a dog laying in the grass next to a sheep
2409022.jpg,dog,sheep,a flock of sheep standing on top of a lush green field
2380115.jpg,dog,sheep,a man on a horse with a herd of cattle
2358622.jpg,dog,sheep,a man standing next to a cow in a field
2380834.jpg,dog,sheep,a herd of sheep walking across a dirt road
2352783.jpg,dog,sheep,a herd of sheep standing on top of a lush green field
2323850.jpg,dog,sheep,a black and white dog standing in a grassy field
2371220.jpg,dog,sheep,a herd of sheep standing on top of a lush green field
2386721.jpg,dog,sheep,a herd of sheep standing on top of a dry grass field
2333815.jpg,dog,sheep,sheep are standing in a grassy field
2351550.jpg,dog,sheep,a black and white dog and a black and white sheep in a pen
2341856.jpg,dog,sheep,a herd of sheep standing on top of a lush green field
2350986.jpg,dog,sheep,a herd of sheep grazing in a grassy field
2382612.jpg,dog,sheep,a herd of sheep standing on top of a lush green field
2351991.jpg,dog,sheep,a herd of sheep standing on top of a lush green field
2374745.jpg,dog,sheep,a dog standing next to a sheep in a field
2394144.jpg,dog,sheep,a herd of sheep standing on top of a lush green field
2382281.jpg,dog,sheep,a herd of sheep standing on top of a muddy field
2317373.jpg,dog,sheep,a black and white dog and some sheep in a field
2382489.jpg,dog,sheep,a white dog laying in the grass next to a bunch of sheep
2338171.jpg,dog,sheep,a herd of sheep grazing on a lush green field
2388780.jpg,dog,sheep,a man standing in a field with a herd of sheep
2329851.jpg,dog,sheep,a dog standing next to a group of sheep
2378801.jpg,dog,sheep,sheep are standing in a field
713715.jpg,dog,sheep,a herd of sheep standing on top of a lush green field
2351477.jpg,dog,sheep,a herd of sheep standing on top of a lush green field
2398376.jpg,dog,sheep,a herd of sheep grazing in a grassy field
2381952.jpg,dog,sheep,a dog standing next to a sheep in a field
2361529.jpg,dog,sheep,a woman and her dog are in the field with sheep
2417487.jpg,dog,sheep,a herd of sheep standing on top of a dirt field
2387864.jpg,dog,sheep,a white sheep is grazing in a field
2320581.jpg,dog,sheep,sheep standing in a fenced in area
2365905.jpg,dog,sheep,a herd of sheep standing on top of a lush green field
2331238.jpg,dog,sheep,a herd of sheep standing on top of a lush green field
2394945.jpg,dog,sheep,a herd of sheep in a pen with a dog
2333895.jpg,dog,sheep,a person petting a sheep with a dog
2408788.jpg,dog,cart,a small white dog standing on a hard wood floor
2336693.jpg,dog,cart,a black and white dog jumping in the air to catch a frisbee
2366052.jpg,dog,cart,a man selling oranges at a fruit stand
2387128.jpg,dog,cart,a woman and two dogs are walking down the street
2330843.jpg,dog,cart,a motorcycle is parked on the side of the road
2349696.jpg,dog,cart,two women walking down a street holding umbrellas
2366619.jpg,dog,cart,a dog standing next to a parking meter
2365164.jpg,dog,cart,a woman and a dog are walking down the street
2404534.jpg,dog,cart,a horse pulling a cart full of hay
2362696.jpg,dog,cart,a cow standing next to a motorcycle in a field
2404482.jpg,dog,cart,a dog laying on top of a bed
2369860.jpg,dog,cart,a horse pulling a carriage down a street
2343907.jpg,dog,cart,a white dog laying on the floor in a kitchen
2334171.jpg,dog,cart,a man carrying a bag of luggage down a sidewalk
2373502.jpg,dog,cart,a horse pulling a wagon full of hay
2393921.jpg,dog,cart,a dog wearing a helmet on a motorcycle
2355347.jpg,dog,cart,a man riding a bike with a dog in a basket
2376395.jpg,dog,cart,a black and white cow standing next to a group of people
2366230.jpg,dog,cart,a dog laying on the floor next to a cat
2364202.jpg,dog,deck,a dog standing in front of a door
2416154.jpg,dog,deck,a dog laying on the ground next to a cat
2381549.jpg,dog,deck,two dogs are standing in a room with wooden floors
2411620.jpg,dog,deck,a wooden boat sitting on top of a sandy beach
1160209.jpg,dog,deck,a dog standing on top of a boat in the water
2323804.jpg,dog,deck,a row of dogs sitting on a dock next to a body of water
2321511.jpg,dog,deck,a man sitting on a horse next to a dog
2416178.jpg,dog,deck,a black and white dog wearing a red bow tie
2381777.jpg,dog,deck,a dog with a leash on walking on a path
2354471.jpg,dog,deck,a beach with a row of benches on it
2326242.jpg,dog,deck,a dog standing next to a boat on the water
2317126.jpg,dog,deck,a red and white boat traveling down a river
2396875.jpg,dog,deck,two dogs sitting on a bench in the snow
2343674.jpg,dog,deck,a large elephant standing next to a fence
2346513.jpg,dog,deck,a dog that is sitting in a chair
2400930.jpg,dog,deck,a woman and a dog are playing frisbee in the water
2394882.jpg,dog,mug,a man standing next to a black dog in a living room
2374180.jpg,dog,mug,a man sitting in front of a tv watching a dog
713479.jpg,dog,mug,a man and woman sitting at a table with a dog
2396549.jpg,dog,mug,a plate of hot dogs and french fries on a table
2335936.jpg,dog,mug,a woman standing in a kitchen with a dog
2363811.jpg,dog,mug,stuffed animals sitting on a table
2416154.jpg,dog,stuffed animal,a dog laying on the ground next to a cat
2383244.jpg,dog,stuffed animal,a person holding a stuffed animal on a bed
2395473.jpg,dog,stuffed animal,two dogs laying on the floor next to each other
2349122.jpg,dog,stuffed animal,a black and white dog playing with a toy
2415422.jpg,dog,stuffed animal,a woman sitting on a bed next to a dog
2362446.jpg,dog,stuffed animal,a pile of stuffed animals sitting on top of each other
2328105.jpg,dog,stuffed animal,a cat laying on top of a laptop computer
2403516.jpg,dog,stuffed animal,a small dog laying on a blanket next to a teddy bear
2385630.jpg,dog,stuffed animal,two dogs sitting on a window sill looking out
2330673.jpg,dog,stuffed animal,a display case filled with lots of stuffed animals
2373693.jpg,dog,stuffed animal,a dog laying on top of a bed next to a stuffed animal
2380220.jpg,dog,stuffed animal,a dog laying on a couch with a stuffed animal
2382572.jpg,dog,stuffed animal,a kitchen with a sink and a microwave
1592123.jpg,dog,stuffed animal,snowboarders and snowboarders in the snow
2348690.jpg,dog,stuffed animal,a black and white dog laying on the floor with a toy
2385897.jpg,dog,cone,a dog jumping in the air to catch a frisbee
2377573.jpg,dog,cone,a dog jumping in the air to catch a frisbee
2353381.jpg,dog,cone,a woman sitting on a couch with a dog
2369450.jpg,dog,cone,a dog jumping in the air to catch a frisbee
2417829.jpg,dog,cone,a man riding a skateboard down a street
2363038.jpg,dog,cone,a brown dog standing next to a red bike
2411557.jpg,dog,cone,a man catching a frisbee in a park
2368734.jpg,dog,cone,a person sitting on a bike in the street
2374798.jpg,dog,cone,a man sitting on a couch with a dog
2380237.jpg,dog,cone,a dog with a frisbee in its mouth
2376444.jpg,dog,cone,a dog catching a frisbee in a park
2388985.jpg,dog,cone,a person riding a skateboard down a street
2360357.jpg,dog,cone,a brown and white dog standing in front of a mirror
2397787.jpg,dog,cone,a dog jumping in the air to catch a frisbee
2394945.jpg,dog,cone,a herd of sheep in a pen with a dog
2341401.jpg,dog,cone,a dog jumping in the air to catch a frisbee
2355579.jpg,dog,cone,a large group of people skiing down a snow covered slope
2375173.jpg,dog,elephant,a large elephant walking through a grassy field
2357696.jpg,dog,elephant,a large elephant standing next to a group of people
2389470.jpg,dog,elephant,elephants standing in a grassy area
2338473.jpg,dog,elephant,a large elephant standing next to a small elephant
2371467.jpg,dog,elephant,a black and white photo of a black and white elephant and a black and
2412325.jpg,dog,tent,people standing in a field with umbrellas
2364444.jpg,dog,tent,a man in a field with a frisbee
2388197.jpg,dog,tent,people standing on top of a beach
2387231.jpg,dog,tent,people standing in the snow with a kite
2385897.jpg,dog,tent,a dog jumping in the air to catch a frisbee
2348134.jpg,dog,tent,a person and a dog on a leash
2366353.jpg,dog,tent,a man and a dog playing frisbee in a park
2345272.jpg,dog,tent,a dog and a man on a boat
2397204.jpg,dog,tent,people standing on a beach near the ocean
2326904.jpg,dog,tent,a dog jumping in the air to catch a frisbee
2395166.jpg,dog,tent,a dog jumping up to catch a frisbee
2348342.jpg,dog,tent,a dog jumping up to catch a frisbee
2331063.jpg,dog,tent,a dog standing on top of a surfboard on the beach
2345635.jpg,dog,tent,a cat standing on top of a sandy beach
2367636.jpg,dog,tent,a crowd of people flying kites in a field
2355266.jpg,dog,tent,a woman standing on top of a field with a frisbee
2389777.jpg,dog,oven,a small dog standing in a kitchen next to a stove
2318448.jpg,dog,oven,a black and white dog standing on a kitchen counter
2339807.jpg,dog,oven,a woman in a kitchen preparing food in a kitchen
2362048.jpg,dog,oven,hot dogs are being cooked on a grill
2413586.jpg,dog,oven,a kitchen filled with lots of food and people
2410147.jpg,dog,oven,a small dog sitting inside of an oven
61571.jpg,dog,oven,a small dog standing in a kitchen next to a stove
2327346.jpg,dog,oven,a man standing in front of a stove in a kitchen
2372148.jpg,dog,oven,a cat that is looking out of a window
